{"boeck2015\/tempodetector2016_default":{"boeck2015\/tempodetector2016_default":1.0,"davies2009\/mirex_qm_tempotracker":9.97047973e-29,"echonest\/version_3_2_1":0.0955284561,"gkiokas2012\/default":0.0925237618,"klapuri2006\/percival2014":0.7843588718,"oliveira2010\/ibt":0.4103417115,"percival2014\/stem":0.7646727051,"scheirer1998\/percival2014":0.0,"schreiber2014\/default":0.0000003317,"schreiber2017\/ismir2017":0.1755160434,"schreiber2017\/mirex2017":0.0400860094,"schreiber2018\/cnn":0.9844517088,"schreiber2018\/fcn":0.2850377781,"schreiber2018\/ismir2018":0.0133774896,"zplane\/auftakt_v3":0.0008121871},"davies2009\/mirex_qm_tempotracker":{"boeck2015\/tempodetector2016_default":9.97047973e-29,"davies2009\/mirex_qm_tempotracker":1.0,"echonest\/version_3_2_1":3.613115617e-22,"gkiokas2012\/default":9.7022039e-35,"klapuri2006\/percival2014":5.051544169e-33,"oliveira2010\/ibt":8.792010159e-29,"percival2014\/stem":2.617905481e-26,"scheirer1998\/percival2014":0.0807564085,"schreiber2014\/default":3.51960033e-43,"schreiber2017\/ismir2017":1.355728755e-29,"schreiber2017\/mirex2017":3.91148714e-31,"schreiber2018\/cnn":1.042674994e-29,"schreiber2018\/fcn":2.794870527e-31,"schreiber2018\/ismir2018":4.06068477e-38,"zplane\/auftakt_v3":2.054874997e-29},"echonest\/version_3_2_1":{"boeck2015\/tempodetector2016_default":0.0955284561,"davies2009\/mirex_qm_tempotracker":3.613115617e-22,"echonest\/version_3_2_1":1.0,"gkiokas2012\/default":0.6049897325,"klapuri2006\/percival2014":0.1602126175,"oliveira2010\/ibt":0.4190438567,"percival2014\/stem":0.062711316,"scheirer1998\/percival2014":0.0,"schreiber2014\/default":0.0095646214,"schreiber2017\/ismir2017":0.4703318091,"schreiber2017\/mirex2017":0.7794545037,"schreiber2018\/cnn":0.0942021082,"schreiber2018\/fcn":0.3147447603,"schreiber2018\/ismir2018":0.9694938919,"zplane\/auftakt_v3":0.1217635398},"gkiokas2012\/default":{"boeck2015\/tempodetector2016_default":0.0925237618,"davies2009\/mirex_qm_tempotracker":9.7022039e-35,"echonest\/version_3_2_1":0.6049897325,"gkiokas2012\/default":1.0,"klapuri2006\/percival2014":0.1796846938,"oliveira2010\/ibt":0.6698664239,"percival2014\/stem":0.0363374391,"scheirer1998\/percival2014":5.988004306e-17,"schreiber2014\/default":0.0000053775,"schreiber2017\/ismir2017":0.7719053132,"schreiber2017\/mirex2017":0.7091601967,"schreiber2018\/cnn":0.0634538028,"schreiber2018\/fcn":0.4786334566,"schreiber2018\/ismir2018":0.3920375135,"zplane\/auftakt_v3":0.0246411302},"klapuri2006\/percival2014":{"boeck2015\/tempodetector2016_default":0.7843588718,"davies2009\/mirex_qm_tempotracker":5.051544169e-33,"echonest\/version_3_2_1":0.1602126175,"gkiokas2012\/default":0.1796846938,"klapuri2006\/percival2014":1.0,"oliveira2010\/ibt":0.495286612,"percival2014\/stem":0.6074783384,"scheirer1998\/percival2014":0.0,"schreiber2014\/default":0.0000003384,"schreiber2017\/ismir2017":0.3027790378,"schreiber2017\/mirex2017":0.1051641513,"schreiber2018\/cnn":0.7862651695,"schreiber2018\/fcn":0.5353578012,"schreiber2018\/ismir2018":0.0616956938,"zplane\/auftakt_v3":0.0012785192},"oliveira2010\/ibt":{"boeck2015\/tempodetector2016_default":0.4103417115,"davies2009\/mirex_qm_tempotracker":8.792010159e-29,"echonest\/version_3_2_1":0.4190438567,"gkiokas2012\/default":0.6698664239,"klapuri2006\/percival2014":0.495286612,"oliveira2010\/ibt":1.0,"percival2014\/stem":0.3199524133,"scheirer1998\/percival2014":0.0,"schreiber2014\/default":0.0001306378,"schreiber2017\/ismir2017":0.8271756777,"schreiber2017\/mirex2017":0.4749906816,"schreiber2018\/cnn":0.4419324807,"schreiber2018\/fcn":0.9495103233,"schreiber2018\/ismir2018":0.3550568915,"zplane\/auftakt_v3":0.0103904174},"percival2014\/stem":{"boeck2015\/tempodetector2016_default":0.7646727051,"davies2009\/mirex_qm_tempotracker":2.617905481e-26,"echonest\/version_3_2_1":0.062711316,"gkiokas2012\/default":0.0363374391,"klapuri2006\/percival2014":0.6074783384,"oliveira2010\/ibt":0.3199524133,"percival2014\/stem":1.0,"scheirer1998\/percival2014":0.0,"schreiber2014\/default":0.0000000258,"schreiber2017\/ismir2017":0.1000762404,"schreiber2017\/mirex2017":0.0184699847,"schreiber2018\/cnn":0.6923594628,"schreiber2018\/fcn":0.1093855686,"schreiber2018\/ismir2018":0.0023448049,"zplane\/auftakt_v3":0.0001216511},"scheirer1998\/percival2014":{"boeck2015\/tempodetector2016_default":0.0,"davies2009\/mirex_qm_tempotracker":0.0807564085,"echonest\/version_3_2_1":0.0,"gkiokas2012\/default":5.988004306e-17,"klapuri2006\/percival2014":0.0,"oliveira2010\/ibt":0.0,"percival2014\/stem":0.0,"scheirer1998\/percival2014":1.0,"schreiber2014\/default":1.578921016e-23,"schreiber2017\/ismir2017":2.441574743e-16,"schreiber2017\/mirex2017":3.278330073e-17,"schreiber2018\/cnn":0.0,"schreiber2018\/fcn":1.940850474e-16,"schreiber2018\/ismir2018":1.833199694e-18,"zplane\/auftakt_v3":1.431695484e-19},"schreiber2014\/default":{"boeck2015\/tempodetector2016_default":0.0000003317,"davies2009\/mirex_qm_tempotracker":3.51960033e-43,"echonest\/version_3_2_1":0.0095646214,"gkiokas2012\/default":0.0000053775,"klapuri2006\/percival2014":0.0000003384,"oliveira2010\/ibt":0.0001306378,"percival2014\/stem":0.0000000258,"scheirer1998\/percival2014":1.578921016e-23,"schreiber2014\/default":1.0,"schreiber2017\/ismir2017":0.0000016484,"schreiber2017\/mirex2017":0.0000121192,"schreiber2018\/cnn":0.000000036,"schreiber2018\/fcn":0.000001312,"schreiber2018\/ismir2018":0.000194961,"zplane\/auftakt_v3":0.3381486756},"schreiber2017\/ismir2017":{"boeck2015\/tempodetector2016_default":0.1755160434,"davies2009\/mirex_qm_tempotracker":1.355728755e-29,"echonest\/version_3_2_1":0.4703318091,"gkiokas2012\/default":0.7719053132,"klapuri2006\/percival2014":0.3027790378,"oliveira2010\/ibt":0.8271756777,"percival2014\/stem":0.1000762404,"scheirer1998\/percival2014":2.441574743e-16,"schreiber2014\/default":0.0000016484,"schreiber2017\/ismir2017":1.0,"schreiber2017\/mirex2017":0.0454618445,"schreiber2018\/cnn":0.1775032344,"schreiber2018\/fcn":0.7229541636,"schreiber2018\/ismir2018":0.3567587272,"zplane\/auftakt_v3":0.005770878},"schreiber2017\/mirex2017":{"boeck2015\/tempodetector2016_default":0.0400860094,"davies2009\/mirex_qm_tempotracker":3.91148714e-31,"echonest\/version_3_2_1":0.7794545037,"gkiokas2012\/default":0.7091601967,"klapuri2006\/percival2014":0.1051641513,"oliveira2010\/ibt":0.4749906816,"percival2014\/stem":0.0184699847,"scheirer1998\/percival2014":3.278330073e-17,"schreiber2014\/default":0.0000121192,"schreiber2017\/ismir2017":0.0454618445,"schreiber2017\/mirex2017":1.0,"schreiber2018\/cnn":0.0400145735,"schreiber2018\/fcn":0.3093134787,"schreiber2018\/ismir2018":0.7411065788,"zplane\/auftakt_v3":0.0281743019},"schreiber2018\/cnn":{"boeck2015\/tempodetector2016_default":0.9844517088,"davies2009\/mirex_qm_tempotracker":1.042674994e-29,"echonest\/version_3_2_1":0.0942021082,"gkiokas2012\/default":0.0634538028,"klapuri2006\/percival2014":0.7862651695,"oliveira2010\/ibt":0.4419324807,"percival2014\/stem":0.6923594628,"scheirer1998\/percival2014":0.0,"schreiber2014\/default":0.000000036,"schreiber2017\/ismir2017":0.1775032344,"schreiber2017\/mirex2017":0.0400145735,"schreiber2018\/cnn":1.0,"schreiber2018\/fcn":0.0896204991,"schreiber2018\/ismir2018":0.0079070653,"zplane\/auftakt_v3":0.0004526626},"schreiber2018\/fcn":{"boeck2015\/tempodetector2016_default":0.2850377781,"davies2009\/mirex_qm_tempotracker":2.794870527e-31,"echonest\/version_3_2_1":0.3147447603,"gkiokas2012\/default":0.4786334566,"klapuri2006\/percival2014":0.5353578012,"oliveira2010\/ibt":0.9495103233,"percival2014\/stem":0.1093855686,"scheirer1998\/percival2014":1.940850474e-16,"schreiber2014\/default":0.000001312,"schreiber2017\/ismir2017":0.7229541636,"schreiber2017\/mirex2017":0.3093134787,"schreiber2018\/cnn":0.0896204991,"schreiber2018\/fcn":1.0,"schreiber2018\/ismir2018":0.1332950664,"zplane\/auftakt_v3":0.0052002682},"schreiber2018\/ismir2018":{"boeck2015\/tempodetector2016_default":0.0133774896,"davies2009\/mirex_qm_tempotracker":4.06068477e-38,