{"Accuracy1":{"schreiber2017\/mirex2017":0.834751773,"boeck2020\/dar":0.7843971631,"schreiber2018\/cnn":0.7645390071,"schreiber2018\/fcn":0.7631205674,"schreiber2017\/ismir2017":0.7510638298,"schreiber2018\/ismir2018":0.7163120567,"boeck2019\/multi_task":0.6936170213,"schreiber2014\/default":0.6921985816,"boeck2015\/tempodetector2016_default":0.6858156028,"boeck2019\/multi_task_hjdb":0.685106383,"echonest\/version_3_2_1":0.6765957447,"percival2014\/stem":0.670212766,"gkiokas2012\/default":0.6609929078,"zplane\/auftakt_v3":0.6460992908,"klapuri2006\/percival2014":0.6269503546,"davies2009\/mirex_qm_tempotracker":0.6085106383,"oliveira2010\/ibt":0.5794326241,"scheirer1998\/percival2014":0.4957446809},"Accuracy2":{"schreiber2017\/mirex2017":0.9078014184,"boeck2020\/dar":0.9085106383,"schreiber2018\/cnn":0.9070921986,"schreiber2018\/fcn":0.9007092199,"schreiber2017\/ismir2017":0.8936170213,"schreiber2018\/ismir2018":0.8971631206,"boeck2019\/multi_task":0.9,"schreiber2014\/default":0.8794326241,"boeck2015\/tempodetector2016_default":0.9,"boeck2019\/multi_task_hjdb":0.8971631206,"echonest\/version_3_2_1":0.8539007092,"percival2014\/stem":0.9,"gkiokas2012\/default":0.8971631206,"zplane\/auftakt_v3":0.8659574468,"klapuri2006\/percival2014":0.8865248227,"davies2009\/mirex_qm_tempotracker":0.8645390071,"oliveira2010\/ibt":0.8602836879,"scheirer1998\/percival2014":0.714893617}}