{"AOE1_MEAN":{"schreiber2017\/mirex2017":0.0957023181,"boeck2020\/dar":0.1640393248,"schreiber2018\/cnn":0.1726867065,"schreiber2018\/fcn":0.1747538713,"schreiber2017\/ismir2017":0.180833088,"schreiber2018\/ismir2018":0.2220508342,"schreiber2014\/default":0.2275457966,"echonest\/version_3_2_1":0.234193325,"boeck2019\/multi_task":0.2449912827,"boeck2019\/multi_task_hjdb":0.2522887133,"percival2014\/stem":0.2623071404,"gkiokas2012\/default":0.2745113096,"boeck2015\/tempodetector2016_default":0.2746028014,"zplane\/auftakt_v3":0.2800523215,"klapuri2006\/percival2014":0.314053426,"davies2009\/mirex_qm_tempotracker":0.3383515103,"scheirer1998\/percival2014":0.355210532,"oliveira2010\/ibt":0.3561557585},"AOE1_STDEV":{"schreiber2017\/mirex2017":0.2826484843,"boeck2020\/dar":0.3740200691,"schreiber2018\/cnn":0.3734249731,"schreiber2018\/fcn":0.3763567514,"schreiber2017\/ismir2017":0.3779812543,"schreiber2018\/ismir2018":0.4150565121,"schreiber2014\/default":0.4015127666,"echonest\/version_3_2_1":0.4086857355,"boeck2019\/multi_task":0.4251439717,"boeck2019\/multi_task_hjdb":0.4294795201,"percival2014\/stem":0.4312649656,"gkiokas2012\/default":0.4411031117,"boeck2015\/tempodetector2016_default":0.4630650342,"zplane\/auftakt_v3":0.4317844484,"klapuri2006\/percival2014":0.4651402763,"davies2009\/mirex_qm_tempotracker":0.4789031966,"scheirer1998\/percival2014":0.448824888,"oliveira2010\/ibt":0.4716721976},"AOE2_MEAN":{"schreiber2017\/mirex2017":0.0127625817,"boeck2020\/dar":0.0130637969,"schreiber2018\/cnn":0.0135775968,"schreiber2018\/fcn":0.0158642878,"schreiber2017\/ismir2017":0.0188246154,"schreiber2018\/ismir2018":0.0174952931,"schreiber2014\/default":0.0233187233,"echonest\/version_3_2_1":0.0302450353,"boeck2019\/multi_task":0.0176148726,"boeck2019\/multi_task_hjdb":0.0190698218,"percival2014\/stem":0.0158494472,"gkiokas2012\/default":0.0170052717,"boeck2015\/tempodetector2016_default":0.0176017436,"zplane\/auftakt_v3":0.0310536402,"klapuri2006\/percival2014":0.0188435913,"davies2009\/mirex_qm_tempotracker":0.0325013809,"scheirer1998\/percival2014":0.0708419887,"oliveira2010\/ibt":0.0307205907},"AOE2_STDEV":{"schreiber2017\/mirex2017":0.0364638347,"boeck2020\/dar":0.0346881669,"schreiber2018\/cnn":0.0421890742,"schreiber2018\/fcn":0.0496602449,"schreiber2017\/ismir2017":0.0607288064,"schreiber2018\/ismir2018":0.0569851006,"schreiber2014\/default":0.0740151974,"echonest\/version_3_2_1":0.0831554314,"boeck2019\/multi_task":0.0535112523,"boeck2019\/multi_task_hjdb":0.058829123,"percival2014\/stem":0.0486420039,"gkiokas2012\/default":0.0560216388,"boeck2015\/tempodetector2016_default":0.0457030053,"zplane\/auftakt_v3":0.0886157867,"klapuri2006\/percival2014":0.0551580233,"davies2009\/mirex_qm_tempotracker":0.0676072969,"scheirer1998\/percival2014":0.1375292796,"oliveira2010\/ibt":0.0758971959}}