{"boeck2015\/tempodetector2016_default":{"boeck2015\/tempodetector2016_default":1.0,"davies2009\/mirex_qm_tempotracker":0.0000000005,"echonest\/version_3_2_1":0.5030014325,"gkiokas2012\/default":0.0679684957,"klapuri2006\/percival2014":0.000008973,"oliveira2010\/ibt":0.0,"percival2014\/stem":0.2657093855,"scheirer1998\/percival2014":6.777150498e-34,"schreiber2014\/default":0.6702557467,"schreiber2017\/ismir2017":0.140394177,"schreiber2017\/mirex2017":0.1900109806,"schreiber2018\/cnn":0.0,"schreiber2018\/fcn":0.0,"schreiber2018\/ismir2018":0.0057203122,"zplane\/auftakt_v3":0.0031083121},"davies2009\/mirex_qm_tempotracker":{"boeck2015\/tempodetector2016_default":0.0000000005,"davies2009\/mirex_qm_tempotracker":1.0,"echonest\/version_3_2_1":0.0000000619,"gkiokas2012\/default":0.0000953956,"klapuri2006\/percival2014":0.0726703675,"oliveira2010\/ibt":0.0038000682,"percival2014\/stem":0.0000006575,"scheirer1998\/percival2014":0.0,"schreiber2014\/default":0.0000000003,"schreiber2017\/ismir2017":0.0000002697,"schreiber2017\/mirex2017":0.0000001019,"schreiber2018\/cnn":5.84779271e-36,"schreiber2018\/fcn":4.517194296e-29,"schreiber2018\/ismir2018":1.348539187e-19,"zplane\/auftakt_v3":0.0025499854},"echonest\/version_3_2_1":{"boeck2015\/tempodetector2016_default":0.5030014325,"davies2009\/mirex_qm_tempotracker":0.0000000619,"echonest\/version_3_2_1":1.0,"gkiokas2012\/default":0.2359784801,"klapuri2006\/percival2014":0.0000717208,"oliveira2010\/ibt":0.0,"percival2014\/stem":0.6490343491,"scheirer1998\/percival2014":2.651518037e-30,"schreiber2014\/default":0.2143265897,"schreiber2017\/ismir2017":0.455908397,"schreiber2017\/mirex2017":0.5656396552,"schreiber2018\/cnn":0.0,"schreiber2018\/fcn":0.0,"schreiber2018\/ismir2018":0.0007117411,"zplane\/auftakt_v3":0.0172375395},"gkiokas2012\/default":{"boeck2015\/tempodetector2016_default":0.0679684957,"davies2009\/mirex_qm_tempotracker":0.0000953956,"echonest\/version_3_2_1":0.2359784801,"gkiokas2012\/default":1.0,"klapuri2006\/percival2014":0.0068397781,"oliveira2010\/ibt":0.000000001,"percival2014\/stem":0.4541348487,"scheirer1998\/percival2014":8.867346533e-27,"schreiber2014\/default":0.0083766408,"schreiber2017\/ismir2017":0.6767925649,"schreiber2017\/mirex2017":0.5479453815,"schreiber2018\/cnn":9.073635762e-17,"schreiber2018\/fcn":7.032300769e-16,"schreiber2018\/ismir2018":0.000002785,"zplane\/auftakt_v3":0.2410281673},"klapuri2006\/percival2014":{"boeck2015\/tempodetector2016_default":0.000008973,"davies2009\/mirex_qm_tempotracker":0.0726703675,"echonest\/version_3_2_1":0.0000717208,"gkiokas2012\/default":0.0068397781,"klapuri2006\/percival2014":1.0,"oliveira2010\/ibt":0.0000008095,"percival2014\/stem":0.0000057447,"scheirer1998\/percival2014":7.791185388e-19,"schreiber2014\/default":0.0000000014,"schreiber2017\/ismir2017":0.000085452,"schreiber2017\/mirex2017":0.0000298076,"schreiber2018\/cnn":7.758685184e-29,"schreiber2018\/fcn":3.261903503e-24,"schreiber2018\/ismir2018":2.53815434e-17,"zplane\/auftakt_v3":0.0898758453},"oliveira2010\/ibt":{"boeck2015\/tempodetector2016_default":0.0,"davies2009\/mirex_qm_tempotracker":0.0038000682,"echonest\/version_3_2_1":0.0,"gkiokas2012\/default":0.000000001,"klapuri2006\/percival2014":0.0000008095,"oliveira2010\/ibt":1.0,"percival2014\/stem":0.0,"scheirer1998\/percival2014":0.0000000636,"schreiber2014\/default":2.384945429e-18,"schreiber2017\/ismir2017":1.906830637e-19,"schreiber2017\/mirex2017":3.10923774e-20,"schreiber2018\/cnn":1.60478342e-44,"schreiber2018\/fcn":1.291354872e-35,"schreiber2018\/ismir2018":5.693011363e-30,"zplane\/auftakt_v3":0.0000000007},"percival2014\/stem":{"boeck2015\/tempodetector2016_default":0.2657093855,"davies2009\/mirex_qm_tempotracker":0.0000006575,"echonest\/version_3_2_1":0.6490343491,"gkiokas2012\/default":0.4541348487,"klapuri2006\/percival2014":0.0000057447,"oliveira2010\/ibt":0.0,"percival2014\/stem":1.0,"scheirer1998\/percival2014":2.403610618e-30,"schreiber2014\/default":0.0210162562,"schreiber2017\/ismir2017":0.8029638744,"schreiber2017\/mirex2017":0.9497712194,"schreiber2018\/cnn":0.0,"schreiber2018\/fcn":0.0,"schreiber2018\/ismir2018":0.0000198415,"zplane\/auftakt_v3":0.0361263824},"scheirer1998\/percival2014":{"boeck2015\/tempodetector2016_default":6.777150498e-34,"davies2009\/mirex_qm_tempotracker":0.0,"echonest\/version_3_2_1":2.651518037e-30,"gkiokas2012\/default":8.867346533e-27,"klapuri2006\/percival2014":7.791185388e-19,"oliveira2010\/ibt":0.0000000636,"percival2014\/stem":2.403610618e-30,"scheirer1998\/percival2014":1.0,"schreiber2014\/default":9.390600557e-37,"schreiber2017\/ismir2017":1.294980658e-29,"schreiber2017\/mirex2017":2.216308572e-30,"schreiber2018\/cnn":9.766096096e-65,"schreiber2018\/fcn":2.709609426e-60,"schreiber2018\/ismir2018":4.244448229e-46,"zplane\/auftakt_v3":3.99784455e-22},"schreiber2014\/default":{"boeck2015\/tempodetector2016_default":0.6702557467,"davies2009\/mirex_qm_tempotracker":0.0000000003,"echonest\/version_3_2_1":0.2143265897,"gkiokas2012\/default":0.0083766408,"klapuri2006\/percival2014":0.0000000014,"oliveira2010\/ibt":2.384945429e-18,"percival2014\/stem":0.0210162562,"scheirer1998\/percival2014":9.390600557e-37,"schreiber2014\/default":1.0,"schreiber2017\/ismir2017":0.0244562329,"schreiber2017\/mirex2017":0.0392743134,"schreiber2018\/cnn":0.0000000009,"schreiber2018\/fcn":0.0000000008,"schreiber2018\/ismir2018":0.0234238877,"zplane\/auftakt_v3":0.0000139528},"schreiber2017\/ismir2017":{"boeck2015\/tempodetector2016_default":0.140394177,"davies2009\/mirex_qm_tempotracker":0.0000002697,"echonest\/version_3_2_1":0.455908397,"gkiokas2012\/default":0.6767925649,"klapuri2006\/percival2014":0.000085452,"oliveira2010\/ibt":1.906830637e-19,"percival2014\/stem":0.8029638744,"scheirer1998\/percival2014":1.294980658e-29,"schreiber2014\/default":0.0244562329,"schreiber2017\/ismir2017":1.0,"schreiber2017\/mirex2017":0.5810546875,"schreiber2018\/cnn":5.830337816e-17,"schreiber2018\/fcn":0.0,"schreiber2018\/ismir2018":0.0000053716,"zplane\/auftakt_v3":0.0736382701},"schreiber2017\/mirex2017":{"boeck2015\/tempodetector2016_default":0.1900109806,"davies2009\/mirex_qm_tempotracker":0.0000001019,"echonest\/version_3_2_1":0.5656396552,"gkiokas2012\/default":0.5479453815,"klapuri2006\/percival2014":0.0000298076,"oliveira2010\/ibt":3.10923774e-20,"percival2014\/stem":0.9497712194,"scheirer1998\/percival2014":2.216308572e-30,"schreiber2014\/default":0.0392743134,"schreiber2017\/ismir2017":0.5810546875,"schreiber2017\/mirex2017":1.0,"schreiber2018\/cnn":1.423017293e-16,"schreiber2018\/fcn":0.0,"schreiber2018\/ismir2018":0.0000098844,"zplane\/auftakt_v3":0.048099555},"schreiber2018\/cnn":{"boeck2015\/tempodetector2016_default":0.0,"davies2009\/mirex_qm_tempotracker":5.84779271e-36,"echonest\/version_3_2_1":0.0,"gkiokas2012\/default":9.073635762e-17,"klapuri2006\/percival2014":7.758685184e-29,"oliveira2010\/ibt":1.60478342e-44,"percival2014\/stem":0.0,"scheirer1998\/percival2014":9.766096096e-65,"schreiber2014\/default":0.0000000009,"schreiber2017\/ismir2017":5.830337816e-17,"schreiber2017\/mirex2017":1.423017293e-16,"schreiber2018\/cnn":1.0,"schreiber2018\/fcn":0.9361862935,"schreiber2018\/ismir2018":0.0000002351,"zplane\/auftakt_v3":1.140775644e-22},"schreiber2018\/fcn":{"boeck2015\/tempodetector2016_default":0.0,"davies2009\/mirex_qm_tempotracker":4.517194296e-29,"echonest\/version_3_2_1":0.0,"gkiokas2012\/default":7.032300769e-16,"klapuri2006\/percival2014":3.261903503e-24,"oliveira2010\/ibt":1.291354872e-35,"percival2014\/stem":0.0,"scheirer1998\/percival2014":2.709609426e-60,"schreiber2014\/default":0.0000000008,"schreiber2017\/ismir2017":0.0,"schreiber2017\/mirex2017":0.0,"schreiber2018\/cnn":0.9361862935,"schreiber2018\/fcn":1.0,"schreiber2018\/ismir2018":0.000006577,"zplane\/auftakt_v3":5.231054478e-19},"schreiber2018\/ismir2018":{"boeck2015\/tempodetector2016_default":0.0057203122,"davies2009\/mirex_qm_tempotracker":1.348539187e-19,"echonest\/version_3_2_1":0.0007117411,"gkiokas2012\/default":0.000002785,