{"OE1_MEAN":{"schreiber2018\/cnn":0.1385534734,"schreiber2018\/fcn":0.1049744144,"schreiber2018\/ismir2018":0.1355166087,"echonest\/version_3_2_1":0.0985182813,"schreiber2014\/default":-0.0012628856,"boeck2015\/tempodetector2016_default":0.2134948807,"percival2014\/stem":0.0306500898,"zplane\/auftakt_v3":0.1115580195,"schreiber2017\/mirex2017":0.1202834933,"schreiber2017\/ismir2017":0.1351771103,"gkiokas2012\/default":0.0821050157,"davies2009\/mirex_qm_tempotracker":0.2613643086,"oliveira2010\/ibt":0.2508550214,"klapuri2006\/percival2014":0.1444390137,"scheirer1998\/percival2014":0.0736119047},"OE1_STDEV":{"schreiber2018\/cnn":0.3922845327,"schreiber2018\/fcn":0.4074819073,"schreiber2018\/ismir2018":0.4572015095,"echonest\/version_3_2_1":0.4641529062,"schreiber2014\/default":0.4663635532,"boeck2015\/tempodetector2016_default":0.4982970881,"percival2014\/stem":0.5102680563,"zplane\/auftakt_v3":0.511941648,"schreiber2017\/mirex2017":0.5130643051,"schreiber2017\/ismir2017":0.5179579331,"gkiokas2012\/default":0.5199042699,"davies2009\/mirex_qm_tempotracker":0.5321050123,"oliveira2010\/ibt":0.5421106379,"klapuri2006\/percival2014":0.5489660644,"scheirer1998\/percival2014":0.5693140872},"OE2_MEAN":{"schreiber2018\/cnn":-0.004602289,"schreiber2018\/fcn":-0.0063869686,"schreiber2018\/ismir2018":-0.0088304303,"echonest\/version_3_2_1":-0.0089354598,"schreiber2014\/default":-0.0158621498,"boeck2015\/tempodetector2016_default":-0.0045715644,"percival2014\/stem":-0.0040483588,"zplane\/auftakt_v3":-0.0135728936,"schreiber2017\/mirex2017":-0.0082196805,"schreiber2017\/ismir2017":-0.0070422692,"gkiokas2012\/default":-0.0075649046,"davies2009\/mirex_qm_tempotracker":0.0220884575,"oliveira2010\/ibt":-0.0065523279,"klapuri2006\/percival2014":-0.0051135927,"scheirer1998\/percival2014":0.0301518818},"OE2_STDEV":{"schreiber2018\/cnn":0.0729093259,"schreiber2018\/fcn":0.0771985708,"schreiber2018\/ismir2018":0.0823993845,"echonest\/version_3_2_1":0.1044099282,"schreiber2014\/default":0.0956187681,"boeck2015\/tempodetector2016_default":0.0764669146,"percival2014\/stem":0.0751352595,"zplane\/auftakt_v3":0.1058719918,"schreiber2017\/mirex2017":0.0868171914,"schreiber2017\/ismir2017":0.0848612992,"gkiokas2012\/default":0.0830859682,"davies2009\/mirex_qm_tempotracker":0.0914283401,"oliveira2010\/ibt":0.0983622262,"klapuri2006\/percival2014":0.0838936136,"scheirer1998\/percival2014":0.158870945}}