{"boeck2015\/tempodetector2016_default":{"boeck2015\/tempodetector2016_default":1.0,"boeck2019\/multi_task":0.7217209802,"boeck2019\/multi_task_hjdb":0.8501632571,"davies2009\/mirex_qm_tempotracker":0.0000000003,"echonest\/version_3_2_1":0.00000015,"gkiokas2012\/default":0.9721945515,"klapuri2006\/percival2014":0.2552507039,"oliveira2010\/ibt":0.0000000327,"percival2014\/stem":0.1165121811,"scheirer1998\/percival2014":8.034754344e-35,"schreiber2014\/default":0.003601814,"schreiber2017\/ismir2017":0.4346433206,"schreiber2017\/mirex2017":0.0003048498,"schreiber2018\/cnn":0.0078297358,"schreiber2018\/fcn":0.2086453248,"schreiber2018\/ismir2018":0.8691767816,"zplane\/auftakt_v3":0.0000011384},"boeck2019\/multi_task":{"boeck2015\/tempodetector2016_default":0.7217209802,"boeck2019\/multi_task":1.0,"boeck2019\/multi_task_hjdb":0.3124440923,"davies2009\/mirex_qm_tempotracker":0.0000000002,"echonest\/version_3_2_1":0.0000000244,"gkiokas2012\/default":0.7345814185,"klapuri2006\/percival2014":0.1656995979,"oliveira2010\/ibt":0.0000000375,"percival2014\/stem":0.1753734659,"scheirer1998\/percival2014":4.424593184e-34,"schreiber2014\/default":0.0007014815,"schreiber2017\/ismir2017":0.3078612958,"schreiber2017\/mirex2017":0.0029419392,"schreiber2018\/cnn":0.0124951766,"schreiber2018\/fcn":0.3208038424,"schreiber2018\/ismir2018":0.8276231835,"zplane\/auftakt_v3":0.0000000668},"boeck2019\/multi_task_hjdb":{"boeck2015\/tempodetector2016_default":0.8501632571,"boeck2019\/multi_task":0.3124440923,"boeck2019\/multi_task_hjdb":1.0,"davies2009\/mirex_qm_tempotracker":0.0000000077,"echonest\/version_3_2_1":0.0000004608,"gkiokas2012\/default":0.8276718746,"klapuri2006\/percival2014":0.3860405276,"oliveira2010\/ibt":0.000000396,"percival2014\/stem":0.0805605861,"scheirer1998\/percival2014":2.359373245e-33,"schreiber2014\/default":0.0049819721,"schreiber2017\/ismir2017":0.5965999843,"schreiber2017\/mirex2017":0.0004200153,"schreiber2018\/cnn":0.0032264657,"schreiber2018\/fcn":0.1287570055,"schreiber2018\/ismir2018":0.7469920111,"zplane\/auftakt_v3":0.0000004198},"davies2009\/mirex_qm_tempotracker":{"boeck2015\/tempodetector2016_default":0.0000000003,"boeck2019\/multi_task":0.0000000002,"boeck2019\/multi_task_hjdb":0.0000000077,"davies2009\/mirex_qm_tempotracker":1.0,"echonest\/version_3_2_1":0.6021585681,"gkiokas2012\/default":0.0000000023,"klapuri2006\/percival2014":0.0000000105,"oliveira2010\/ibt":0.454002615,"percival2014\/stem":0.0,"scheirer1998\/percival2014":5.682485935e-19,"schreiber2014\/default":0.0028589979,"schreiber2017\/ismir2017":0.0000002045,"schreiber2017\/mirex2017":6.649985108e-20,"schreiber2018\/cnn":3.096021262e-17,"schreiber2018\/fcn":0.0,"schreiber2018\/ismir2018":0.0000000005,"zplane\/auftakt_v3":0.5308939783},"echonest\/version_3_2_1":{"boeck2015\/tempodetector2016_default":0.00000015,"boeck2019\/multi_task":0.0000000244,"boeck2019\/multi_task_hjdb":0.0000004608,"davies2009\/mirex_qm_tempotracker":0.6021585681,"echonest\/version_3_2_1":1.0,"gkiokas2012\/default":0.0000000073,"klapuri2006\/percival2014":0.0000031994,"oliveira2010\/ibt":0.8885360386,"percival2014\/stem":0.0,"scheirer1998\/percival2014":3.336668722e-18,"schreiber2014\/default":0.0013141507,"schreiber2017\/ismir2017":0.0000000227,"schreiber2017\/mirex2017":6.526366804e-16,"schreiber2018\/cnn":0.0,"schreiber2018\/fcn":0.0,"schreiber2018\/ismir2018":0.0000000194,"zplane\/auftakt_v3":0.8916159282},"gkiokas2012\/default":{"boeck2015\/tempodetector2016_default":0.9721945515,"boeck2019\/multi_task":0.7345814185,"boeck2019\/multi_task_hjdb":0.8276718746,"davies2009\/mirex_qm_tempotracker":0.0000000023,"echonest\/version_3_2_1":0.0000000073,"gkiokas2012\/default":1.0,"klapuri2006\/percival2014":0.2317116666,"oliveira2010\/ibt":0.000000052,"percival2014\/stem":0.0897808326,"scheirer1998\/percival2014":1.314426963e-34,"schreiber2014\/default":0.0008096907,"schreiber2017\/ismir2017":0.4282027999,"schreiber2017\/mirex2017":0.0019301395,"schreiber2018\/cnn":0.0052401358,"schreiber2018\/fcn":0.1812344225,"schreiber2018\/ismir2018":0.8989928812,"zplane\/auftakt_v3":0.0000002986},"klapuri2006\/percival2014":{"boeck2015\/tempodetector2016_default":0.2552507039,"boeck2019\/multi_task":0.1656995979,"boeck2019\/multi_task_hjdb":0.3860405276,"davies2009\/mirex_qm_tempotracker":0.0000000105,"echonest\/version_3_2_1":0.0000031994,"gkiokas2012\/default":0.2317116666,"klapuri2006\/percival2014":1.0,"oliveira2010\/ibt":0.0000001176,"percival2014\/stem":0.0053061712,"scheirer1998\/percival2014":1.261364337e-31,"schreiber2014\/default":0.0511089447,"schreiber2017\/ismir2017":0.6882819902,"schreiber2017\/mirex2017":0.0000284952,"schreiber2018\/cnn":0.0001468257,"schreiber2018\/fcn":0.0197891973,"schreiber2018\/ismir2018":0.2004270016,"zplane\/auftakt_v3":0.000008114},"oliveira2010\/ibt":{"boeck2015\/tempodetector2016_default":0.0000000327,"boeck2019\/multi_task":0.0000000375,"boeck2019\/multi_task_hjdb":0.000000396,"davies2009\/mirex_qm_tempotracker":0.454002615,"echonest\/version_3_2_1":0.8885360386,"gkiokas2012\/default":0.000000052,"klapuri2006\/percival2014":0.0000001176,"oliveira2010\/ibt":1.0,"percival2014\/stem":0.0,"scheirer1998\/percival2014":6.258980308e-20,"schreiber2014\/default":0.0043389201,"schreiber2017\/ismir2017":0.0000008145,"schreiber2017\/mirex2017":1.163088503e-16,"schreiber2018\/cnn":0.0,"schreiber2018\/fcn":0.0000000008,"schreiber2018\/ismir2018":0.000000017,"zplane\/auftakt_v3":0.9999741073},"percival2014\/stem":{"boeck2015\/tempodetector2016_default":0.1165121811,"boeck2019\/multi_task":0.1753734659,"boeck2019\/multi_task_hjdb":0.0805605861,"davies2009\/mirex_qm_tempotracker":0.0,"echonest\/version_3_2_1":0.0,"gkiokas2012\/default":0.0897808326,"klapuri2006\/percival2014":0.0053061712,"oliveira2010\/ibt":0.0,"percival2014\/stem":1.0,"scheirer1998\/percival2014":1.905315663e-37,"schreiber2014\/default":0.0000061452,"schreiber2017\/ismir2017":0.0266268696,"schreiber2017\/mirex2017":0.0608295385,"schreiber2018\/cnn":0.2646816059,"schreiber2018\/fcn":0.6958788121,"schreiber2018\/ismir2018":0.0906793166,"zplane\/auftakt_v3":0.0000000001},"scheirer1998\/percival2014":{"boeck2015\/tempodetector2016_default":8.034754344e-35,"boeck2019\/multi_task":4.424593184e-34,"boeck2019\/multi_task_hjdb":2.359373245e-33,"davies2009\/mirex_qm_tempotracker":5.682485935e-19,"echonest\/version_3_2_1":3.336668722e-18,"gkiokas2012\/default":1.314426963e-34,"klapuri2006\/percival2014":1.261364337e-31,"oliveira2010\/ibt":6.258980308e-20,"percival2014\/stem":1.905315663e-37,"scheirer1998\/percival2014":1.0,"schreiber2014\/default":1.588210069e-26,"schreiber2017\/ismir2017":1.247617164e-32,"schreiber2017\/mirex2017":3.833891928e-43,"schreiber2018\/cnn":2.505777453e-40,"schreiber2018\/fcn":7.965078611e-38,"schreiber2018\/ismir2018":2.583358891e-34,"zplane\/auftakt_v3":5.263031089e-19},"schreiber2014\/default":{"boeck2015\/tempodetector2016_default":0.003601814,"boeck2019\/multi_task":0.0007014815,"boeck2019\/multi_task_hjdb":0.0049819721,"davies2009\/mirex_qm_tempotracker":0.0028589979,"echonest\/version_3_2_1":0.0013141507,"gkiokas2012\/default":0.0008096907,"klapuri2006\/percival2014":0.0511089447,"oliveira2010\/ibt":0.0043389201,"percival2014\/stem":0.0000061452,"scheirer1998\/percival2014":1.588210069e-26,"schreiber2014\/default":1.0,"schreiber2017\/ismir2017":0.0007295392,"schreiber2017\/mirex2017":0.000000001,"schreiber2018\/cnn":0.0000001,"schreiber2018\/fcn":0.0000056822,"schreiber2018\/ismir2018":0.0004436857,"zplane\/auftakt_v3":0.0031409576},"schreiber2017\/ismir2017":{"boeck2015\/tempodetector2016_default":0.4346433206,"boeck2019\/multi_task":0.3078612958,"boeck2019\/multi_task_hjdb":0.5965999843,"davies2009\/mirex_qm_tempotracker":0.0000002045,"echonest\/version_3_2_1":0.0000000227,"gkiokas2012\/default":0.4282027999,"klapuri2006\/percival2014":0.6882819902,"oliveira2010\/ibt":0.0000008145,"percival2014\/stem":0.0266268696,"scheirer1998\/percival2014":1.247617164e-32,"schreiber2014\/default":0.0007295392,