{"AOE1_MEAN":{"schreiber2017\/mirex2017":0.1108980575,"schreiber2018\/cnn":0.1861643378,"schreiber2018\/fcn":0.1882491057,"schreiber2017\/ismir2017":0.1948589956,"schreiber2018\/ismir2018":0.235728988,"schreiber2014\/default":0.2415198006,"echonest\/version_3_2_1":0.2460519369,"boeck2019\/multi_task":0.2568509545,"boeck2019\/multi_task_hjdb":0.2643040035,"percival2014\/stem":0.2764389669,"boeck2015\/tempodetector2016_default":0.285872019,"gkiokas2012\/default":0.2877347624,"zplane\/auftakt_v3":0.2922311365,"klapuri2006\/percival2014":0.3267590331,"davies2009\/mirex_qm_tempotracker":0.3488346128,"scheirer1998\/percival2014":0.3613447593,"oliveira2010\/ibt":0.3671169342},"AOE1_STDEV":{"schreiber2017\/mirex2017":0.2870996419,"schreiber2018\/cnn":0.3720578704,"schreiber2018\/fcn":0.3763288544,"schreiber2017\/ismir2017":0.3771794857,"schreiber2018\/ismir2018":0.414523601,"schreiber2014\/default":0.3989545645,"echonest\/version_3_2_1":0.4057119871,"boeck2019\/multi_task":0.4226692549,"boeck2019\/multi_task_hjdb":0.427321121,"percival2014\/stem":0.4299935056,"boeck2015\/tempodetector2016_default":0.4606052983,"gkiokas2012\/default":0.4407384599,"zplane\/auftakt_v3":0.4348912572,"klapuri2006\/percival2014":0.4641711999,"davies2009\/mirex_qm_tempotracker":0.4793343914,"scheirer1998\/percival2014":0.4460574036,"oliveira2010\/ibt":0.471208385},"AOE2_MEAN":{"schreiber2017\/mirex2017":0.0261533368,"schreiber2018\/cnn":0.0270503914,"schreiber2018\/fcn":0.0289796258,"schreiber2017\/ismir2017":0.0322153707,"schreiber2018\/ismir2018":0.0307239604,"schreiber2014\/default":0.0366418672,"echonest\/version_3_2_1":0.0426755864,"boeck2019\/multi_task":0.0303800477,"boeck2019\/multi_task_hjdb":0.0312746546,"percival2014\/stem":0.0284507123,"boeck2015\/tempodetector2016_default":0.0309542606,"gkiokas2012\/default":0.0308999326,"zplane\/auftakt_v3":0.0423620457,"klapuri2006\/percival2014":0.0329253396,"davies2009\/mirex_qm_tempotracker":0.044042185,"scheirer1998\/percival2014":0.0804247697,"oliveira2010\/ibt":0.0423621135},"AOE2_STDEV":{"schreiber2017\/mirex2017":0.0650097599,"schreiber2018\/cnn":0.0678618243,"schreiber2018\/fcn":0.0718372744,"schreiber2017\/ismir2017":0.0801392237,"schreiber2018\/ismir2018":0.0769654034,"schreiber2014\/default":0.089732548,"echonest\/version_3_2_1":0.0957082539,"boeck2019\/multi_task":0.0733257172,"boeck2019\/multi_task_hjdb":0.0757359166,"percival2014\/stem":0.069658118,"boeck2015\/tempodetector2016_default":0.0700708354,"gkiokas2012\/default":0.0774964519,"zplane\/auftakt_v3":0.0979722367,"klapuri2006\/percival2014":0.0773318126,"davies2009\/mirex_qm_tempotracker":0.0831103318,"scheirer1998\/percival2014":0.140288879,"oliveira2010\/ibt":0.0890141106}}