{"AOE1_MEAN":{"schreiber2018\/cnn":0.1726867065,"schreiber2018\/fcn":0.1747538713,"schreiber2018\/ismir2018":0.2220508342,"schreiber2014\/default":0.2275457966,"echonest\/version_3_2_1":0.234193325,"percival2014\/stem":0.2623071404,"schreiber2017\/mirex2017":0.2740638778,"gkiokas2012\/default":0.2745113096,"boeck2015\/tempodetector2016_default":0.2746028014,"schreiber2017\/ismir2017":0.2793814134,"zplane\/auftakt_v3":0.2800523215,"klapuri2006\/percival2014":0.314053426,"davies2009\/mirex_qm_tempotracker":0.3383515103,"scheirer1998\/percival2014":0.355210532,"oliveira2010\/ibt":0.3561557585},"AOE1_STDEV":{"schreiber2018\/cnn":0.3734249731,"schreiber2018\/fcn":0.3763567514,"schreiber2018\/ismir2018":0.4150565121,"schreiber2014\/default":0.4015127666,"echonest\/version_3_2_1":0.4086857355,"percival2014\/stem":0.4312649656,"schreiber2017\/mirex2017":0.4449620366,"gkiokas2012\/default":0.4411031117,"boeck2015\/tempodetector2016_default":0.4630650342,"schreiber2017\/ismir2017":0.449600896,"zplane\/auftakt_v3":0.4317844484,"klapuri2006\/percival2014":0.4651402763,"davies2009\/mirex_qm_tempotracker":0.4789031966,"scheirer1998\/percival2014":0.448824888,"oliveira2010\/ibt":0.4716721976},"AOE2_MEAN":{"schreiber2018\/cnn":0.0135775968,"schreiber2018\/fcn":0.0158642878,"schreiber2018\/ismir2018":0.0174952931,"schreiber2014\/default":0.0233187233,"echonest\/version_3_2_1":0.0302450353,"percival2014\/stem":0.0158494472,"schreiber2017\/mirex2017":0.0187364556,"gkiokas2012\/default":0.0170052717,"boeck2015\/tempodetector2016_default":0.0176017436,"schreiber2017\/ismir2017":0.01814775,"zplane\/auftakt_v3":0.0310536402,"klapuri2006\/percival2014":0.0188435913,"davies2009\/mirex_qm_tempotracker":0.0325013809,"scheirer1998\/percival2014":0.0708419887,"oliveira2010\/ibt":0.0307205907},"AOE2_STDEV":{"schreiber2018\/cnn":0.0421890742,"schreiber2018\/fcn":0.0496602449,"schreiber2018\/ismir2018":0.0569851006,"schreiber2014\/default":0.0740151974,"echonest\/version_3_2_1":0.0831554314,"percival2014\/stem":0.0486420039,"schreiber2017\/mirex2017":0.0607242505,"gkiokas2012\/default":0.0560216388,"boeck2015\/tempodetector2016_default":0.0457030053,"schreiber2017\/ismir2017":0.0585599632,"zplane\/auftakt_v3":0.0886157867,"klapuri2006\/percival2014":0.0551580233,"davies2009\/mirex_qm_tempotracker":0.0676072969,"scheirer1998\/percival2014":0.1375292796,"oliveira2010\/ibt":0.0758971959}}