{"boeck2015\/tempodetector2016_default":{"boeck2015\/tempodetector2016_default":1.0,"davies2009\/mirex_qm_tempotracker":0.0000002507,"echonest\/version_3_2_1":0.0022219042,"gkiokas2012\/default":0.8944158324,"klapuri2006\/percival2014":0.0021680158,"oliveira2010\/ibt":0.0000000013,"percival2014\/stem":0.5050466008,"scheirer1998\/percival2014":0.000000175,"schreiber2014\/default":0.0013956058,"schreiber2017\/ismir2017":0.7394815179,"schreiber2017\/mirex2017":0.9586789006,"schreiber2018\/cnn":1.017673345e-19,"schreiber2018\/fcn":1.052717927e-16,"schreiber2018\/ismir2018":0.0000064958,"zplane\/auftakt_v3":0.6396646236},"davies2009\/mirex_qm_tempotracker":{"boeck2015\/tempodetector2016_default":0.0000002507,"davies2009\/mirex_qm_tempotracker":1.0,"echonest\/version_3_2_1":5.960743027e-16,"gkiokas2012\/default":0.0000068153,"klapuri2006\/percival2014":0.0221204752,"oliveira2010\/ibt":0.0468735266,"percival2014\/stem":0.0000000079,"scheirer1998\/percival2014":0.4823580798,"schreiber2014\/default":6.715072262e-16,"schreiber2017\/ismir2017":0.000000198,"schreiber2017\/mirex2017":0.0000000186,"schreiber2018\/cnn":7.963476564e-42,"schreiber2018\/fcn":1.561969165e-32,"schreiber2018\/ismir2018":3.966677003e-23,"zplane\/auftakt_v3":0.0000024941},"echonest\/version_3_2_1":{"boeck2015\/tempodetector2016_default":0.0022219042,"davies2009\/mirex_qm_tempotracker":5.960743027e-16,"echonest\/version_3_2_1":1.0,"gkiokas2012\/default":0.0008020257,"klapuri2006\/percival2014":0.0000000001,"oliveira2010\/ibt":8.424475419e-21,"percival2014\/stem":0.0121862582,"scheirer1998\/percival2014":2.530043249e-16,"schreiber2014\/default":0.6968239348,"schreiber2017\/ismir2017":0.0002806044,"schreiber2017\/mirex2017":0.0010977814,"schreiber2018\/cnn":0.0000000594,"schreiber2018\/fcn":0.0000005848,"schreiber2018\/ismir2018":0.3646757251,"zplane\/auftakt_v3":0.0001911892},"gkiokas2012\/default":{"boeck2015\/tempodetector2016_default":0.8944158324,"davies2009\/mirex_qm_tempotracker":0.0000068153,"echonest\/version_3_2_1":0.0008020257,"gkiokas2012\/default":1.0,"klapuri2006\/percival2014":0.0016695476,"oliveira2010\/ibt":0.0000000015,"percival2014\/stem":0.323814692,"scheirer1998\/percival2014":0.0000004423,"schreiber2014\/default":0.0000827268,"schreiber2017\/ismir2017":0.8399394033,"schreiber2017\/mirex2017":0.8353730846,"schreiber2018\/cnn":4.345926557e-16,"schreiber2018\/fcn":0.0,"schreiber2018\/ismir2018":0.0000157722,"zplane\/auftakt_v3":0.7064526943},"klapuri2006\/percival2014":{"boeck2015\/tempodetector2016_default":0.0021680158,"davies2009\/mirex_qm_tempotracker":0.0221204752,"echonest\/version_3_2_1":0.0000000001,"gkiokas2012\/default":0.0016695476,"klapuri2006\/percival2014":1.0,"oliveira2010\/ibt":0.0000029775,"percival2014\/stem":0.0000000958,"scheirer1998\/percival2014":0.0084342606,"schreiber2014\/default":0.0,"schreiber2017\/ismir2017":0.0002242562,"schreiber2017\/mirex2017":0.000024927,"schreiber2018\/cnn":6.581772772e-31,"schreiber2018\/fcn":3.050916023e-25,"schreiber2018\/ismir2018":1.930848366e-18,"zplane\/auftakt_v3":0.0012196294},"oliveira2010\/ibt":{"boeck2015\/tempodetector2016_default":0.0000000013,"davies2009\/mirex_qm_tempotracker":0.0468735266,"echonest\/version_3_2_1":8.424475419e-21,"gkiokas2012\/default":0.0000000015,"klapuri2006\/percival2014":0.0000029775,"oliveira2010\/ibt":1.0,"percival2014\/stem":0.0,"scheirer1998\/percival2014":0.5590474216,"schreiber2014\/default":2.121522076e-23,"schreiber2017\/ismir2017":8.540807533e-17,"schreiber2017\/mirex2017":9.106483103e-19,"schreiber2018\/cnn":1.185989297e-47,"schreiber2018\/fcn":7.044684987e-36,"schreiber2018\/ismir2018":4.198082231e-31,"zplane\/auftakt_v3":0.0},"percival2014\/stem":{"boeck2015\/tempodetector2016_default":0.5050466008,"davies2009\/mirex_qm_tempotracker":0.0000000079,"echonest\/version_3_2_1":0.0121862582,"gkiokas2012\/default":0.323814692,"klapuri2006\/percival2014":0.0000000958,"oliveira2010\/ibt":0.0,"percival2014\/stem":1.0,"scheirer1998\/percival2014":0.0000000006,"schreiber2014\/default":0.0000662646,"schreiber2017\/ismir2017":0.2347064854,"schreiber2017\/mirex2017":0.4431774079,"schreiber2018\/cnn":0.0,"schreiber2018\/fcn":0.0,"schreiber2018\/ismir2018":0.0001712017,"zplane\/auftakt_v3":0.1391108328},"scheirer1998\/percival2014":{"boeck2015\/tempodetector2016_default":0.000000175,"davies2009\/mirex_qm_tempotracker":0.4823580798,"echonest\/version_3_2_1":2.530043249e-16,"gkiokas2012\/default":0.0000004423,"klapuri2006\/percival2014":0.0084342606,"oliveira2010\/ibt":0.5590474216,"percival2014\/stem":0.0000000006,"scheirer1998\/percival2014":1.0,"schreiber2014\/default":5.050982956e-20,"schreiber2017\/ismir2017":0.0000002604,"schreiber2017\/mirex2017":0.0000000218,"schreiber2018\/cnn":1.424026103e-37,"schreiber2018\/fcn":1.359996753e-33,"schreiber2018\/ismir2018":4.271342189e-21,"zplane\/auftakt_v3":0.0000005362},"schreiber2014\/default":{"boeck2015\/tempodetector2016_default":0.0013956058,"davies2009\/mirex_qm_tempotracker":6.715072262e-16,"echonest\/version_3_2_1":0.6968239348,"gkiokas2012\/default":0.0000827268,"klapuri2006\/percival2014":0.0,"oliveira2010\/ibt":2.121522076e-23,"percival2014\/stem":0.0000662646,"scheirer1998\/percival2014":5.050982956e-20,"schreiber2014\/default":1.0,"schreiber2017\/ismir2017":0.0000267132,"schreiber2017\/mirex2017":0.0001418128,"schreiber2018\/cnn":0.0000022651,"schreiber2018\/fcn":0.0000033556,"schreiber2018\/ismir2018":0.581831641,"zplane\/auftakt_v3":0.0000008758},"schreiber2017\/ismir2017":{"boeck2015\/tempodetector2016_default":0.7394815179,"davies2009\/mirex_qm_tempotracker":0.000000198,"echonest\/version_3_2_1":0.0002806044,"gkiokas2012\/default":0.8399394033,"klapuri2006\/percival2014":0.0002242562,"oliveira2010\/ibt":8.540807533e-17,"percival2014\/stem":0.2347064854,"scheirer1998\/percival2014":0.0000002604,"schreiber2014\/default":0.0000267132,"schreiber2017\/ismir2017":1.0,"schreiber2017\/mirex2017":0.105017084,"schreiber2018\/cnn":2.109268297e-18,"schreiber2018\/fcn":0.0,"schreiber2018\/ismir2018":0.0000009107,"zplane\/auftakt_v3":0.8582561533},"schreiber2017\/mirex2017":{"boeck2015\/tempodetector2016_default":0.9586789006,"davies2009\/mirex_qm_tempotracker":0.0000000186,"echonest\/version_3_2_1":0.0010977814,"gkiokas2012\/default":0.8353730846,"klapuri2006\/percival2014":0.000024927,"oliveira2010\/ibt":9.106483103e-19,"percival2014\/stem":0.4431774079,"scheirer1998\/percival2014":0.0000000218,"schreiber2014\/default":0.0001418128,"schreiber2017\/ismir2017":0.105017084,"schreiber2017\/mirex2017":1.0,"schreiber2018\/cnn":3.279514811e-17,"schreiber2018\/fcn":0.0,"schreiber2018\/ismir2018":0.000005182,"zplane\/auftakt_v3":0.5341728495},"schreiber2018\/cnn":{"boeck2015\/tempodetector2016_default":1.017673345e-19,"davies2009\/mirex_qm_tempotracker":7.963476564e-42,"echonest\/version_3_2_1":0.0000000594,"gkiokas2012\/default":4.345926557e-16,"klapuri2006\/percival2014":6.581772772e-31,"oliveira2010\/ibt":1.185989297e-47,"percival2014\/stem":0.0,"scheirer1998\/percival2014":1.424026103e-37,"schreiber2014\/default":0.0000022651,"schreiber2017\/ismir2017":2.109268297e-18,"schreiber2017\/mirex2017":3.279514811e-17,"schreiber2018\/cnn":1.0,"schreiber2018\/fcn":0.8220055276,"schreiber2018\/ismir2018":0.0000000535,"zplane\/auftakt_v3":1.659463727e-19},"schreiber2018\/fcn":{"boeck2015\/tempodetector2016_default":1.052717927e-16,"davies2009\/mirex_qm_tempotracker":1.561969165e-32,"echonest\/version_3_2_1":0.0000005848,"gkiokas2012\/default":0.0,"klapuri2006\/percival2014":3.050916023e-25,"oliveira2010\/ibt":7.044684987e-36,"percival2014\/stem":0.0,"scheirer1998\/percival2014":1.359996753e-33,"schreiber2014\/default":0.0000033556,"schreiber2017\/ismir2017":0.0,"schreiber2017\/mirex2017":0.0,"schreiber2018\/cnn":0.8220055276,"schreiber2018\/fcn":1.0,"schreiber2018\/ismir2018":0.0000072659,"zplane\/auftakt_v3":6.240143142e-16},"schreiber2018\/ismir2018":{"boeck2015\/tempodetector2016_default":0.0000064958,"davies2009\/mirex_qm_tempotracker":3.966677003e-23,