Reference,Size,Min,Max,Avg,Stdev,Sweet Oct. Start,Sweet Oct. Coverage
1.0,1410,36.0,257.0,102.53794326241135,32.73464424766075,69.0,0.7269503546099291
2.0,1410,37.0,257.0,102.71560283687943,32.593333327331024,69.0,0.7283687943262411
