{"boeck2015\/tempodetector2016_default":{"boeck2015\/tempodetector2016_default":1.0,"boeck2019\/multi_task":0.4684201872,"boeck2019\/multi_task_hjdb":0.2677578158,"davies2009\/mirex_qm_tempotracker":9.97047973e-29,"echonest\/version_3_2_1":0.0955284561,"gkiokas2012\/default":0.0925237618,"klapuri2006\/percival2014":0.7843588718,"oliveira2010\/ibt":0.4103417115,"percival2014\/stem":0.7646727051,"scheirer1998\/percival2014":0.0,"schreiber2014\/default":0.0000003317,"schreiber2017\/ismir2017":0.008782347,"schreiber2017\/mirex2017":0.8996875949,"schreiber2018\/cnn":0.9844517088,"schreiber2018\/fcn":0.2850377781,"schreiber2018\/ismir2018":0.0133774896,"zplane\/auftakt_v3":0.0008121871},"boeck2019\/multi_task":{"boeck2015\/tempodetector2016_default":0.4684201872,"boeck2019\/multi_task":1.0,"boeck2019\/multi_task_hjdb":0.4163523972,"davies2009\/mirex_qm_tempotracker":3.72740271e-23,"echonest\/version_3_2_1":0.0244686002,"gkiokas2012\/default":0.0201239753,"klapuri2006\/percival2014":0.3980777812,"oliveira2010\/ibt":0.2037945222,"percival2014\/stem":0.649781415,"scheirer1998\/percival2014":0.0,"schreiber2014\/default":0.0000000019,"schreiber2017\/ismir2017":0.0029993495,"schreiber2017\/mirex2017":0.4887253272,"schreiber2018\/cnn":0.3942746709,"schreiber2018\/fcn":0.0561670465,"schreiber2018\/ismir2018":0.0041136162,"zplane\/auftakt_v3":0.0000539972},"boeck2019\/multi_task_hjdb":{"boeck2015\/tempodetector2016_default":0.2677578158,"boeck2019\/multi_task":0.4163523972,"boeck2019\/multi_task_hjdb":1.0,"davies2009\/mirex_qm_tempotracker":4.716672659e-21,"echonest\/version_3_2_1":0.0120151858,"gkiokas2012\/default":0.0132084897,"klapuri2006\/percival2014":0.235268304,"oliveira2010\/ibt":0.1098862147,"percival2014\/stem":0.3874002828,"scheirer1998\/percival2014":0.0,"schreiber2014\/default":0.0000000035,"schreiber2017\/ismir2017":0.0014828252,"schreiber2017\/mirex2017":0.2814159215,"schreiber2018\/cnn":0.2079175976,"schreiber2018\/fcn":0.0269416709,"schreiber2018\/ismir2018":0.0017631406,"zplane\/auftakt_v3":0.0000152152},"davies2009\/mirex_qm_tempotracker":{"boeck2015\/tempodetector2016_default":9.97047973e-29,"boeck2019\/multi_task":3.72740271e-23,"boeck2019\/multi_task_hjdb":4.716672659e-21,"davies2009\/mirex_qm_tempotracker":1.0,"echonest\/version_3_2_1":3.613115617e-22,"gkiokas2012\/default":9.7022039e-35,"klapuri2006\/percival2014":5.051544169e-33,"oliveira2010\/ibt":8.792010159e-29,"percival2014\/stem":2.617905481e-26,"scheirer1998\/percival2014":0.0807564085,"schreiber2014\/default":3.51960033e-43,"schreiber2017\/ismir2017":1.487925661e-31,"schreiber2017\/mirex2017":1.660737292e-30,"schreiber2018\/cnn":1.042674994e-29,"schreiber2018\/fcn":2.794870527e-31,"schreiber2018\/ismir2018":4.06068477e-38,"zplane\/auftakt_v3":2.054874997e-29},"echonest\/version_3_2_1":{"boeck2015\/tempodetector2016_default":0.0955284561,"boeck2019\/multi_task":0.0244686002,"boeck2019\/multi_task_hjdb":0.0120151858,"davies2009\/mirex_qm_tempotracker":3.613115617e-22,"echonest\/version_3_2_1":1.0,"gkiokas2012\/default":0.6049897325,"klapuri2006\/percival2014":0.1602126175,"oliveira2010\/ibt":0.4190438567,"percival2014\/stem":0.062711316,"scheirer1998\/percival2014":0.0,"schreiber2014\/default":0.0095646214,"schreiber2017\/ismir2017":0.9496180386,"schreiber2017\/mirex2017":0.0847386172,"schreiber2018\/cnn":0.0942021082,"schreiber2018\/fcn":0.3147447603,"schreiber2018\/ismir2018":0.9694938919,"zplane\/auftakt_v3":0.1217635398},"gkiokas2012\/default":{"boeck2015\/tempodetector2016_default":0.0925237618,"boeck2019\/multi_task":0.0201239753,"boeck2019\/multi_task_hjdb":0.0132084897,"davies2009\/mirex_qm_tempotracker":9.7022039e-35,"echonest\/version_3_2_1":0.6049897325,"gkiokas2012\/default":1.0,"klapuri2006\/percival2014":0.1796846938,"oliveira2010\/ibt":0.6698664239,"percival2014\/stem":0.0363374391,"scheirer1998\/percival2014":5.988004306e-17,"schreiber2014\/default":0.0000053775,"schreiber2017\/ismir2017":0.4085345282,"schreiber2017\/mirex2017":0.0687516289,"schreiber2018\/cnn":0.0634538028,"schreiber2018\/fcn":0.4786334566,"schreiber2018\/ismir2018":0.3920375135,"zplane\/auftakt_v3":0.0246411302},"klapuri2006\/percival2014":{"boeck2015\/tempodetector2016_default":0.7843588718,"boeck2019\/multi_task":0.3980777812,"boeck2019\/multi_task_hjdb":0.235268304,"davies2009\/mirex_qm_tempotracker":5.051544169e-33,"echonest\/version_3_2_1":0.1602126175,"gkiokas2012\/default":0.1796846938,"klapuri2006\/percival2014":1.0,"oliveira2010\/ibt":0.495286612,"percival2014\/stem":0.6074783384,"scheirer1998\/percival2014":0.0,"schreiber2014\/default":0.0000003384,"schreiber2017\/ismir2017":0.0540599117,"schreiber2017\/mirex2017":0.7113830709,"schreiber2018\/cnn":0.7862651695,"schreiber2018\/fcn":0.5353578012,"schreiber2018\/ismir2018":0.0616956938,"zplane\/auftakt_v3":0.0012785192},"oliveira2010\/ibt":{"boeck2015\/tempodetector2016_default":0.4103417115,"boeck2019\/multi_task":0.2037945222,"boeck2019\/multi_task_hjdb":0.1098862147,"davies2009\/mirex_qm_tempotracker":8.792010159e-29,"echonest\/version_3_2_1":0.4190438567,"gkiokas2012\/default":0.6698664239,"klapuri2006\/percival2014":0.495286612,"oliveira2010\/ibt":1.0,"percival2014\/stem":0.3199524133,"scheirer1998\/percival2014":0.0,"schreiber2014\/default":0.0001306378,"schreiber2017\/ismir2017":0.3090751051,"schreiber2017\/mirex2017":0.3850094003,"schreiber2018\/cnn":0.4419324807,"schreiber2018\/fcn":0.9495103233,"schreiber2018\/ismir2018":0.3550568915,"zplane\/auftakt_v3":0.0103904174},"percival2014\/stem":{"boeck2015\/tempodetector2016_default":0.7646727051,"boeck2019\/multi_task":0.649781415,"boeck2019\/multi_task_hjdb":0.3874002828,"davies2009\/mirex_qm_tempotracker":2.617905481e-26,"echonest\/version_3_2_1":0.062711316,"gkiokas2012\/default":0.0363374391,"klapuri2006\/percival2014":0.6074783384,"oliveira2010\/ibt":0.3199524133,"percival2014\/stem":1.0,"scheirer1998\/percival2014":0.0,"schreiber2014\/default":0.0000000258,"schreiber2017\/ismir2017":0.0057693008,"schreiber2017\/mirex2017":0.7998538252,"schreiber2018\/cnn":0.6923594628,"schreiber2018\/fcn":0.1093855686,"schreiber2018\/ismir2018":0.0023448049,"zplane\/auftakt_v3":0.0001216511},"scheirer1998\/percival2014":{"boeck2015\/tempodetector2016_default":0.0,"boeck2019\/multi_task":0.0,"boeck2019\/multi_task_hjdb":0.0,"davies2009\/mirex_qm_tempotracker":0.0807564085,"echonest\/version_3_2_1":0.0,"gkiokas2012\/default":5.988004306e-17,"klapuri2006\/percival2014":0.0,"oliveira2010\/ibt":0.0,"percival2014\/stem":0.0,"scheirer1998\/percival2014":1.0,"schreiber2014\/default":1.578921016e-23,"schreiber2017\/ismir2017":1.257887741e-17,"schreiber2017\/mirex2017":0.0,"schreiber2018\/cnn":0.0,"schreiber2018\/fcn":1.940850474e-16,"schreiber2018\/ismir2018":1.833199694e-18,"zplane\/auftakt_v3":1.431695484e-19},"schreiber2014\/default":{"boeck2015\/tempodetector2016_default":0.0000003317,"boeck2019\/multi_task":0.0000000019,"boeck2019\/multi_task_hjdb":0.0000000035,"davies2009\/mirex_qm_tempotracker":3.51960033e-43,"echonest\/version_3_2_1":0.0095646214,"gkiokas2012\/default":0.0000053775,"klapuri2006\/percival2014":0.0000003384,"oliveira2010\/ibt":0.0001306378,"percival2014\/stem":0.0000000258,"scheirer1998\/percival2014":1.578921016e-23,"schreiber2014\/default":1.0,"schreiber2017\/ismir2017":0.0000923578,"schreiber2017\/mirex2017":0.0000000042,"schreiber2018\/cnn":0.000000036,"schreiber2018\/fcn":0.000001312,"schreiber2018\/ismir2018":0.000194961,"zplane\/auftakt_v3":0.3381486756},"schreiber2017\/ismir2017":{"boeck2015\/tempodetector2016_default":0.008782347,"boeck2019\/multi_task":0.0029993495,"boeck2019\/multi_task_hjdb":0.0014828252,"davies2009\/mirex_qm_tempotracker":1.487925661e-31,"echonest\/version_3_2_1":0.9496180386,"gkiokas2012\/default":0.4085345282,"klapuri2006\/percival2014":0.0540599117,"oliveira2010\/ibt":0.3090751051,"percival2014\/stem":0.0057693008,"scheirer1998\/percival2014":1.257887741e-17,"schreiber2014\/default":0.0000923578,"schreiber2017\/ismir2017":1.0,