{"OE1_MEAN":{"schreiber2018\/cnn":0.1350182585,"schreiber2018\/fcn":0.1014391994,"schreiber2018\/ismir2018":0.1319813938,"echonest\/version_3_2_1":0.0949830664,"schreiber2014\/default":-0.0047981006,"boeck2015\/tempodetector2016_default":0.2099596657,"zplane\/auftakt_v3":0.1080228046,"percival2014\/stem":0.0271148748,"schreiber2017\/mirex2017":0.1167482784,"schreiber2017\/ismir2017":0.1316418953,"gkiokas2012\/default":0.0785698007,"davies2009\/mirex_qm_tempotracker":0.2578290936,"oliveira2010\/ibt":0.2473198065,"klapuri2006\/percival2014":0.1409037988,"scheirer1998\/percival2014":0.0696810562},"OE1_STDEV":{"schreiber2018\/cnn":0.388634763,"schreiber2018\/fcn":0.4023598,"schreiber2018\/ismir2018":0.451840008,"echonest\/version_3_2_1":0.4613553521,"schreiber2014\/default":0.4614830111,"boeck2015\/tempodetector2016_default":0.4957346701,"zplane\/auftakt_v3":0.5031880228,"percival2014\/stem":0.5040429446,"schreiber2017\/mirex2017":0.5093840031,"schreiber2017\/ismir2017":0.5127039606,"gkiokas2012\/default":0.5135710279,"davies2009\/mirex_qm_tempotracker":0.5266442582,"oliveira2010\/ibt":0.5368002418,"klapuri2006\/percival2014":0.5432597449,"scheirer1998\/percival2014":0.5681222162},"OE2_MEAN":{"schreiber2018\/cnn":-0.0045914047,"schreiber2018\/fcn":-0.0063760842,"schreiber2018\/ismir2018":-0.0084046789,"echonest\/version_3_2_1":-0.0131798946,"schreiber2014\/default":-0.0158512655,"boeck2015\/tempodetector2016_default":-0.0048550329,"zplane\/auftakt_v3":-0.0182855199,"percival2014\/stem":-0.0036226075,"schreiber2017\/mirex2017":-0.0087975018,"schreiber2017\/ismir2017":-0.0082087962,"gkiokas2012\/default":-0.007433506,"davies2009\/mirex_qm_tempotracker":0.0229290759,"oliveira2010\/ibt":-0.007424502,"klapuri2006\/percival2014":-0.005276547,"scheirer1998\/percival2014":0.0306073805},"OE2_STDEV":{"schreiber2018\/cnn":0.0440816076,"schreiber2018\/fcn":0.0517412901,"schreiber2018\/ismir2018":0.0590148146,"echonest\/version_3_2_1":0.087497876,"schreiber2014\/default":0.0759654506,"boeck2015\/tempodetector2016_default":0.0487341228,"zplane\/auftakt_v3":0.0921017155,"percival2014\/stem":0.0510306401,"schreiber2017\/mirex2017":0.0629372173,"schreiber2017\/ismir2017":0.0607554589,"gkiokas2012\/default":0.058071906,"davies2009\/mirex_qm_tempotracker":0.0714236924,"oliveira2010\/ibt":0.0815414974,"klapuri2006\/percival2014":0.0580486564,"scheirer1998\/percival2014":0.151644579}}