{"boeck2015\/tempodetector2016_default":{"boeck2015\/tempodetector2016_default":1.0,"boeck2019\/multi_task":7.871869415e-23,"boeck2019\/multi_task_hjdb":6.509523787e-20,"davies2009\/mirex_qm_tempotracker":0.0001271916,"echonest\/version_3_2_1":1.51345502e-17,"gkiokas2012\/default":3.479656942e-20,"klapuri2006\/percival2014":0.0000003913,"oliveira2010\/ibt":0.0066880475,"percival2014\/stem":4.535241278e-38,"scheirer1998\/percival2014":1.898482165e-20,"schreiber2014\/default":5.795614097e-55,"schreiber2017\/ismir2017":1.065853089e-33,"schreiber2017\/mirex2017":7.19207378e-39,"schreiber2018\/cnn":0.0,"schreiber2018\/fcn":5.827624948e-19,"schreiber2018\/ismir2018":0.0,"zplane\/auftakt_v3":0.0},"boeck2019\/multi_task":{"boeck2015\/tempodetector2016_default":7.871869415e-23,"boeck2019\/multi_task":1.0,"boeck2019\/multi_task_hjdb":0.1105338525,"davies2009\/mirex_qm_tempotracker":9.455055375e-42,"echonest\/version_3_2_1":0.5284219693,"gkiokas2012\/default":0.5251861495,"klapuri2006\/percival2014":0.0000067827,"oliveira2010\/ibt":5.170273272e-38,"percival2014\/stem":0.0000000747,"scheirer1998\/percival2014":0.3366466523,"schreiber2014\/default":5.320387228e-18,"schreiber2017\/ismir2017":0.0314342252,"schreiber2017\/mirex2017":0.0000414803,"schreiber2018\/cnn":0.0000185524,"schreiber2018\/fcn":0.2300220434,"schreiber2018\/ismir2018":0.0000577463,"zplane\/auftakt_v3":0.0805243141},"boeck2019\/multi_task_hjdb":{"boeck2015\/tempodetector2016_default":6.509523787e-20,"boeck2019\/multi_task":0.1105338525,"boeck2019\/multi_task_hjdb":1.0,"davies2009\/mirex_qm_tempotracker":1.112796662e-35,"echonest\/version_3_2_1":0.9264377292,"gkiokas2012\/default":0.1975372124,"klapuri2006\/percival2014":0.0003183104,"oliveira2010\/ibt":2.201530462e-32,"percival2014\/stem":0.0000000075,"scheirer1998\/percival2014":0.0873257252,"schreiber2014\/default":3.924471572e-19,"schreiber2017\/ismir2017":0.0042132955,"schreiber2017\/mirex2017":0.000002313,"schreiber2018\/cnn":0.0006070874,"schreiber2018\/fcn":0.6574266649,"schreiber2018\/ismir2018":0.0014176225,"zplane\/auftakt_v3":0.3263985077},"davies2009\/mirex_qm_tempotracker":{"boeck2015\/tempodetector2016_default":0.0001271916,"boeck2019\/multi_task":9.455055375e-42,"boeck2019\/multi_task_hjdb":1.112796662e-35,"davies2009\/mirex_qm_tempotracker":1.0,"echonest\/version_3_2_1":2.54031191e-35,"gkiokas2012\/default":4.409680047e-39,"klapuri2006\/percival2014":3.327234868e-33,"oliveira2010\/ibt":0.2649613594,"percival2014\/stem":1.69121142e-78,"scheirer1998\/percival2014":2.184789687e-42,"schreiber2014\/default":3.782997319e-91,"schreiber2017\/ismir2017":9.991540582e-55,"schreiber2017\/mirex2017":6.498865518e-59,"schreiber2018\/cnn":4.752837017e-23,"schreiber2018\/fcn":2.023367871e-29,"schreiber2018\/ismir2018":3.272923202e-27,"zplane\/auftakt_v3":2.763619552e-35},"echonest\/version_3_2_1":{"boeck2015\/tempodetector2016_default":1.51345502e-17,"boeck2019\/multi_task":0.5284219693,"boeck2019\/multi_task_hjdb":0.9264377292,"davies2009\/mirex_qm_tempotracker":2.54031191e-35,"echonest\/version_3_2_1":1.0,"gkiokas2012\/default":0.210419053,"klapuri2006\/percival2014":0.0003778437,"oliveira2010\/ibt":1.056896701e-29,"percival2014\/stem":0.0000000518,"scheirer1998\/percival2014":0.0452531289,"schreiber2014\/default":5.134479001e-17,"schreiber2017\/ismir2017":0.0064342885,"schreiber2017\/mirex2017":0.000001351,"schreiber2018\/cnn":0.0004672577,"schreiber2018\/fcn":0.5906532209,"schreiber2018\/ismir2018":0.0017693418,"zplane\/auftakt_v3":0.3122675262},"gkiokas2012\/default":{"boeck2015\/tempodetector2016_default":3.479656942e-20,"boeck2019\/multi_task":0.5251861495,"boeck2019\/multi_task_hjdb":0.1975372124,"davies2009\/mirex_qm_tempotracker":4.409680047e-39,"echonest\/version_3_2_1":0.210419053,"gkiokas2012\/default":1.0,"klapuri2006\/percival2014":0.0000010109,"oliveira2010\/ibt":5.565134463e-37,"percival2014\/stem":0.0000138146,"scheirer1998\/percival2014":0.257897887,"schreiber2014\/default":0.0,"schreiber2017\/ismir2017":0.2650494592,"schreiber2017\/mirex2017":0.0026308688,"schreiber2018\/cnn":0.0000131466,"schreiber2018\/fcn":0.0859595815,"schreiber2018\/ismir2018":0.0000172663,"zplane\/auftakt_v3":0.0163199672},"klapuri2006\/percival2014":{"boeck2015\/tempodetector2016_default":0.0000003913,"boeck2019\/multi_task":0.0000067827,"boeck2019\/multi_task_hjdb":0.0003183104,"davies2009\/mirex_qm_tempotracker":3.327234868e-33,"echonest\/version_3_2_1":0.0003778437,"gkiokas2012\/default":0.0000010109,"klapuri2006\/percival2014":1.0,"oliveira2010\/ibt":8.046115001e-35,"percival2014\/stem":6.002195126e-33,"scheirer1998\/percival2014":0.0000000135,"schreiber2014\/default":6.26345061e-41,"schreiber2017\/ismir2017":0.0000000001,"schreiber2017\/mirex2017":0.0,"schreiber2018\/cnn":0.642401398,"schreiber2018\/fcn":0.0044759246,"schreiber2018\/ismir2018":0.4080290018,"zplane\/auftakt_v3":0.0025124389},"oliveira2010\/ibt":{"boeck2015\/tempodetector2016_default":0.0066880475,"boeck2019\/multi_task":5.170273272e-38,"boeck2019\/multi_task_hjdb":2.201530462e-32,"davies2009\/mirex_qm_tempotracker":0.2649613594,"echonest\/version_3_2_1":1.056896701e-29,"gkiokas2012\/default":5.565134463e-37,"klapuri2006\/percival2014":8.046115001e-35,"oliveira2010\/ibt":1.0,"percival2014\/stem":5.411121901e-81,"scheirer1998\/percival2014":3.059385709e-38,"schreiber2014\/default":9.896357367e-94,"schreiber2017\/ismir2017":3.012858408e-46,"schreiber2017\/mirex2017":7.990063951e-51,"schreiber2018\/cnn":7.061393308e-18,"schreiber2018\/fcn":4.725469611e-23,"schreiber2018\/ismir2018":3.292083739e-23,"zplane\/auftakt_v3":4.571858283e-42},"percival2014\/stem":{"boeck2015\/tempodetector2016_default":4.535241278e-38,"boeck2019\/multi_task":0.0000000747,"boeck2019\/multi_task_hjdb":0.0000000075,"davies2009\/mirex_qm_tempotracker":1.69121142e-78,"echonest\/version_3_2_1":0.0000000518,"gkiokas2012\/default":0.0000138146,"klapuri2006\/percival2014":6.002195126e-33,"oliveira2010\/ibt":5.411121901e-81,"percival2014\/stem":1.0,"scheirer1998\/percival2014":0.0061931702,"schreiber2014\/default":0.0004001182,"schreiber2017\/ismir2017":0.0010570122,"schreiber2017\/mirex2017":0.3012674905,"schreiber2018\/cnn":3.797178617e-18,"schreiber2018\/fcn":0.0000000153,"schreiber2018\/ismir2018":9.910284846e-22,"zplane\/auftakt_v3":0.0},"scheirer1998\/percival2014":{"boeck2015\/tempodetector2016_default":1.898482165e-20,"boeck2019\/multi_task":0.3366466523,"boeck2019\/multi_task_hjdb":0.0873257252,"davies2009\/mirex_qm_tempotracker":2.184789687e-42,"echonest\/version_3_2_1":0.0452531289,"gkiokas2012\/default":0.257897887,"klapuri2006\/percival2014":0.0000000135,"oliveira2010\/ibt":3.059385709e-38,"percival2014\/stem":0.0061931702,"scheirer1998\/percival2014":1.0,"schreiber2014\/default":0.0000003641,"schreiber2017\/ismir2017":0.9128446848,"schreiber2017\/mirex2017":0.0463041346,"schreiber2018\/cnn":0.0000044243,"schreiber2018\/fcn":0.0324349943,"schreiber2018\/ismir2018":0.0000033527,"zplane\/auftakt_v3":0.007436614},"schreiber2014\/default":{"boeck2015\/tempodetector2016_default":5.795614097e-55,"boeck2019\/multi_task":5.320387228e-18,"boeck2019\/multi_task_hjdb":3.924471572e-19,"davies2009\/mirex_qm_tempotracker":3.782997319e-91,"echonest\/version_3_2_1":5.134479001e-17,"gkiokas2012\/default":0.0,"klapuri2006\/percival2014":6.26345061e-41,"oliveira2010\/ibt":9.896357367e-94,"percival2014\/stem":0.0004001182,"scheirer1998\/percival2014":0.0000003641,"schreiber2014\/default":1.0,"schreiber2017\/ismir2017":0.0,"schreiber2017\/mirex2017":0.0000480442,"schreiber2018\/cnn":5.456201453e-33,"schreiber2018\/fcn":5.635740764e-20,"schreiber2018\/ismir2018":2.82996757e-39,"zplane\/auftakt_v3":4.466977114e-27},"schreiber2017\/ismir2017":{"boeck2015\/tempodetector2016_default":1.065853089e-33,"boeck2019\/multi_task":0.0314342252,"boeck2019\/multi_task_hjdb":0.0042132955,"davies2009\/mirex_qm_tempotracker":9.991540582e-55,"echonest\/version_3_2_1":0.0064342885,"gkiokas2012\/default":0.2650494592,