{"boeck2015\/tempodetector2016_default":{"boeck2015\/tempodetector2016_default":1.0,"davies2009\/mirex_qm_tempotracker":0.0000064579,"echonest\/version_3_2_1":0.0000000006,"gkiokas2012\/default":0.6778086391,"klapuri2006\/percival2014":0.0326625464,"oliveira2010\/ibt":0.0000000448,"percival2014\/stem":0.8917558535,"scheirer1998\/percival2014":6.146704959e-59,"schreiber2014\/default":0.000766765,"schreiber2017\/ismir2017":0.3581433018,"schreiber2017\/mirex2017":0.1848504824,"schreiber2018\/cnn":0.2116085688,"schreiber2018\/fcn":1.0,"schreiber2018\/ismir2018":0.6654658121,"zplane\/auftakt_v3":0.0000026016},"davies2009\/mirex_qm_tempotracker":{"boeck2015\/tempodetector2016_default":0.0000064579,"davies2009\/mirex_qm_tempotracker":1.0,"echonest\/version_3_2_1":0.2698732178,"gkiokas2012\/default":0.0000293896,"klapuri2006\/percival2014":0.0040597825,"oliveira2010\/ibt":0.6634215158,"percival2014\/stem":0.0000019426,"scheirer1998\/percival2014":6.443393872e-32,"schreiber2014\/default":0.0782550231,"schreiber2017\/ismir2017":0.0001408024,"schreiber2017\/mirex2017":0.0004429087,"schreiber2018\/cnn":0.0000000055,"schreiber2018\/fcn":0.0000045727,"schreiber2018\/ismir2018":0.000039924,"zplane\/auftakt_v3":0.9311589059},"echonest\/version_3_2_1":{"boeck2015\/tempodetector2016_default":0.0000000006,"davies2009\/mirex_qm_tempotracker":0.2698732178,"echonest\/version_3_2_1":1.0,"gkiokas2012\/default":0.0000000001,"klapuri2006\/percival2014":0.0000067953,"oliveira2010\/ibt":0.4517043266,"percival2014\/stem":0.0,"scheirer1998\/percival2014":9.958829727e-27,"schreiber2014\/default":0.0001303794,"schreiber2017\/ismir2017":0.0000000019,"schreiber2017\/mirex2017":0.0000000081,"schreiber2018\/cnn":5.762323641e-16,"schreiber2018\/fcn":0.0,"schreiber2018\/ismir2018":0.0000000002,"zplane\/auftakt_v3":0.1219166947},"gkiokas2012\/default":{"boeck2015\/tempodetector2016_default":0.6778086391,"davies2009\/mirex_qm_tempotracker":0.0000293896,"echonest\/version_3_2_1":0.0000000001,"gkiokas2012\/default":1.0,"klapuri2006\/percival2014":0.0721774385,"oliveira2010\/ibt":0.0000000944,"percival2014\/stem":0.6515878272,"scheirer1998\/percival2014":2.99551912e-56,"schreiber2014\/default":0.0003460011,"schreiber2017\/ismir2017":0.6515878272,"schreiber2017\/mirex2017":0.3603776529,"schreiber2018\/cnn":0.0288167197,"schreiber2018\/fcn":0.5423840119,"schreiber2018\/ismir2018":1.0,"zplane\/auftakt_v3":0.0000008143},"klapuri2006\/percival2014":{"boeck2015\/tempodetector2016_default":0.0326625464,"davies2009\/mirex_qm_tempotracker":0.0040597825,"echonest\/version_3_2_1":0.0000067953,"gkiokas2012\/default":0.0721774385,"klapuri2006\/percival2014":1.0,"oliveira2010\/ibt":0.0001607633,"percival2014\/stem":0.0163481039,"scheirer1998\/percival2014":1.199580064e-42,"schreiber2014\/default":0.2530381165,"schreiber2017\/ismir2017":0.1438650884,"schreiber2017\/mirex2017":0.3123268075,"schreiber2018\/cnn":0.0001136106,"schreiber2018\/fcn":0.0224628955,"schreiber2018\/ismir2018":0.0674446119,"zplane\/auftakt_v3":0.000766765},"oliveira2010\/ibt":{"boeck2015\/tempodetector2016_default":0.0000000448,"davies2009\/mirex_qm_tempotracker":0.6634215158,"echonest\/version_3_2_1":0.4517043266,"gkiokas2012\/default":0.0000000944,"klapuri2006\/percival2014":0.0001607633,"oliveira2010\/ibt":1.0,"percival2014\/stem":0.0000000012,"scheirer1998\/percival2014":7.343375894e-30,"schreiber2014\/default":0.0048009292,"schreiber2017\/ismir2017":0.0000001941,"schreiber2017\/mirex2017":0.0000007392,"schreiber2018\/cnn":0.0,"schreiber2018\/fcn":0.0000000208,"schreiber2018\/ismir2018":0.0000000944,"zplane\/auftakt_v3":0.4655121699},"percival2014\/stem":{"boeck2015\/tempodetector2016_default":0.8917558535,"davies2009\/mirex_qm_tempotracker":0.0000019426,"echonest\/version_3_2_1":0.0,"gkiokas2012\/default":0.6515878272,"klapuri2006\/percival2014":0.0163481039,"oliveira2010\/ibt":0.0000000012,"percival2014\/stem":1.0,"scheirer1998\/percival2014":1.052772997e-60,"schreiber2014\/default":0.0001136106,"schreiber2017\/ismir2017":0.3123268075,"schreiber2017\/mirex2017":0.1438650884,"schreiber2018\/cnn":0.1741711473,"schreiber2018\/fcn":1.0,"schreiber2018\/ismir2018":0.6439689564,"zplane\/auftakt_v3":0.0000000081},"scheirer1998\/percival2014":{"boeck2015\/tempodetector2016_default":6.146704959e-59,"davies2009\/mirex_qm_tempotracker":6.443393872e-32,"echonest\/version_3_2_1":9.958829727e-27,"gkiokas2012\/default":2.99551912e-56,"klapuri2006\/percival2014":1.199580064e-42,"oliveira2010\/ibt":7.343375894e-30,"percival2014\/stem":1.052772997e-60,"scheirer1998\/percival2014":1.0,"schreiber2014\/default":1.443352396e-39,"schreiber2017\/ismir2017":1.03256668e-55,"schreiber2017\/mirex2017":2.107863617e-54,"schreiber2018\/cnn":4.508328012e-64,"schreiber2018\/fcn":1.332909458e-61,"schreiber2018\/ismir2018":2.99551912e-56,"zplane\/auftakt_v3":1.086838862e-32},"schreiber2014\/default":{"boeck2015\/tempodetector2016_default":0.000766765,"davies2009\/mirex_qm_tempotracker":0.0782550231,"echonest\/version_3_2_1":0.0001303794,"gkiokas2012\/default":0.0003460011,"klapuri2006\/percival2014":0.2530381165,"oliveira2010\/ibt":0.0048009292,"percival2014\/stem":0.0001136106,"scheirer1998\/percival2014":1.443352396e-39,"schreiber2014\/default":1.0,"schreiber2017\/ismir2017":0.0001921952,"schreiber2017\/mirex2017":0.0009122342,"schreiber2018\/cnn":0.00000004,"schreiber2018\/fcn":0.0000092477,"schreiber2018\/ismir2018":0.0004697573,"zplane\/auftakt_v3":0.0204147138},"schreiber2017\/ismir2017":{"boeck2015\/tempodetector2016_default":0.3581433018,"davies2009\/mirex_qm_tempotracker":0.0001408024,"echonest\/version_3_2_1":0.0000000019,"gkiokas2012\/default":0.6515878272,"klapuri2006\/percival2014":0.1438650884,"oliveira2010\/ibt":0.0000001941,"percival2014\/stem":0.3123268075,"scheirer1998\/percival2014":1.03256668e-55,"schreiber2014\/default":0.0001921952,"schreiber2017\/ismir2017":1.0,"schreiber2017\/mirex2017":0.25,"schreiber2018\/cnn":0.0095598789,"schreiber2018\/fcn":0.2429602173,"schreiber2018\/ismir2018":0.6515878272,"zplane\/auftakt_v3":0.0000001616},"schreiber2017\/mirex2017":{"boeck2015\/tempodetector2016_default":0.1848504824,"davies2009\/mirex_qm_tempotracker":0.0004429087,"echonest\/version_3_2_1":0.0000000081,"gkiokas2012\/default":0.3603776529,"klapuri2006\/percival2014":0.3123268075,"oliveira2010\/ibt":0.0000007392,"percival2014\/stem":0.1438650884,"scheirer1998\/percival2014":2.107863617e-54,"schreiber2014\/default":0.0009122342,"schreiber2017\/ismir2017":0.25,"schreiber2017\/mirex2017":1.0,"schreiber2018\/cnn":0.001913961,"schreiber2018\/fcn":0.0961417544,"schreiber2018\/ismir2018":0.3488888794,"zplane\/auftakt_v3":0.000003016},"schreiber2018\/cnn":{"boeck2015\/tempodetector2016_default":0.2116085688,"davies2009\/mirex_qm_tempotracker":0.0000000055,"echonest\/version_3_2_1":5.762323641e-16,"gkiokas2012\/default":0.0288167197,"klapuri2006\/percival2014":0.0001136106,"oliveira2010\/ibt":0.0,"percival2014\/stem":0.1741711473,"scheirer1998\/percival2014":4.508328012e-64,"schreiber2014\/default":0.00000004,"schreiber2017\/ismir2017":0.0095598789,"schreiber2017\/mirex2017":0.001913961,"schreiber2018\/cnn":1.0,"schreiber2018\/fcn":0.1220781207,"schreiber2018\/ismir2018":0.020061607,"zplane\/auftakt_v3":0.0},"schreiber2018\/fcn":{"boeck2015\/tempodetector2016_default":1.0,"davies2009\/mirex_qm_tempotracker":0.0000045727,"echonest\/version_3_2_1":0.0,"gkiokas2012\/default":0.5423840119,"klapuri2006\/percival2014":0.0224628955,"oliveira2010\/ibt":0.0000000208,"percival2014\/stem":1.0,"scheirer1998\/percival2014":1.332909458e-61,"schreiber2014\/default":0.0000092477,"schreiber2017\/ismir2017":0.2429602173,"schreiber2017\/mirex2017":0.0961417544,"schreiber2018\/cnn":0.1220781207,"schreiber2018\/fcn":1.0,"schreiber2018\/ismir2018":0.5113757816,"zplane\/auftakt_v3":0.0000000841},"schreiber2018\/ismir2018":{"boeck2015\/tempodetector2016_default":0.6654658121,"davies2009\/mirex_qm_tempotracker":0.000039924,"echonest\/version_3_2_1":0.0000000002,