{"boeck2015\/tempodetector2016_default":{"boeck2015\/tempodetector2016_default":1.0,"boeck2019\/multi_task":0.5435478439,"boeck2019\/multi_task_hjdb":1.0,"boeck2020\/dar":1.107997349e-20,"davies2009\/mirex_qm_tempotracker":0.0000000005,"echonest\/version_3_2_1":0.5030014325,"gkiokas2012\/default":0.0679684957,"klapuri2006\/percival2014":0.000008973,"oliveira2010\/ibt":0.0,"percival2014\/stem":0.2657093855,"scheirer1998\/percival2014":6.777150498e-34,"schreiber2014\/default":0.6702557467,"schreiber2017\/ismir2017":0.0000000167,"schreiber2017\/mirex2017":2.128324291e-34,"schreiber2018\/cnn":0.0,"schreiber2018\/fcn":0.0,"schreiber2018\/ismir2018":0.0057203122,"sun2021\/default":0.0,"zplane\/auftakt_v3":0.0031083121},"boeck2019\/multi_task":{"boeck2015\/tempodetector2016_default":0.5435478439,"boeck2019\/multi_task":1.0,"boeck2019\/multi_task_hjdb":0.155001904,"boeck2020\/dar":4.072914138e-17,"davies2009\/mirex_qm_tempotracker":0.0,"echonest\/version_3_2_1":0.1900109806,"gkiokas2012\/default":0.0124193307,"klapuri2006\/percival2014":0.0000000092,"oliveira2010\/ibt":4.247431318e-19,"percival2014\/stem":0.0368474913,"scheirer1998\/percival2014":1.449469967e-37,"schreiber2014\/default":0.9455001829,"schreiber2017\/ismir2017":0.0000000167,"schreiber2017\/mirex2017":3.70211955e-41,"schreiber2018\/cnn":0.0000000001,"schreiber2018\/fcn":0.0000000024,"schreiber2018\/ismir2018":0.0400701381,"sun2021\/default":0.0000000639,"zplane\/auftakt_v3":0.0000470668},"boeck2019\/multi_task_hjdb":{"boeck2015\/tempodetector2016_default":1.0,"boeck2019\/multi_task":0.155001904,"boeck2019\/multi_task_hjdb":1.0,"boeck2020\/dar":1.020772132e-19,"davies2009\/mirex_qm_tempotracker":0.0000000018,"echonest\/version_3_2_1":0.5411260245,"gkiokas2012\/default":0.0675944441,"klapuri2006\/percival2014":0.0000021354,"oliveira2010\/ibt":6.160369093e-16,"percival2014\/stem":0.2294861622,"scheirer1998\/percival2014":7.455242004e-34,"schreiber2014\/default":0.5692136495,"schreiber2017\/ismir2017":0.0000000012,"schreiber2017\/mirex2017":8.404135534e-38,"schreiber2018\/cnn":0.0,"schreiber2018\/fcn":0.0,"schreiber2018\/ismir2018":0.0047563469,"sun2021\/default":0.0000000007,"zplane\/auftakt_v3":0.001176382},"boeck2020\/dar":{"boeck2015\/tempodetector2016_default":1.107997349e-20,"boeck2019\/multi_task":4.072914138e-17,"boeck2019\/multi_task_hjdb":1.020772132e-19,"boeck2020\/dar":1.0,"davies2009\/mirex_qm_tempotracker":1.835123184e-40,"echonest\/version_3_2_1":5.39965956e-20,"gkiokas2012\/default":5.370809749e-22,"klapuri2006\/percival2014":3.007458964e-34,"oliveira2010\/ibt":8.091681823e-48,"percival2014\/stem":2.909392104e-20,"scheirer1998\/percival2014":4.819563816e-71,"schreiber2014\/default":5.765144007e-16,"schreiber2017\/ismir2017":0.0009291257,"schreiber2017\/mirex2017":0.0000000726,"schreiber2018\/cnn":0.0350010903,"schreiber2018\/fcn":0.0306542386,"schreiber2018\/ismir2018":0.0,"sun2021\/default":0.0027930891,"zplane\/auftakt_v3":3.278193581e-29},"davies2009\/mirex_qm_tempotracker":{"boeck2015\/tempodetector2016_default":0.0000000005,"boeck2019\/multi_task":0.0,"boeck2019\/multi_task_hjdb":0.0000000018,"boeck2020\/dar":1.835123184e-40,"davies2009\/mirex_qm_tempotracker":1.0,"echonest\/version_3_2_1":0.0000000619,"gkiokas2012\/default":0.0000953956,"klapuri2006\/percival2014":0.0726703675,"oliveira2010\/ibt":0.0038000682,"percival2014\/stem":0.0000006575,"scheirer1998\/percival2014":0.0,"schreiber2014\/default":0.0000000003,"schreiber2017\/ismir2017":5.406567468e-30,"schreiber2017\/mirex2017":1.1539202e-76,"schreiber2018\/cnn":5.84779271e-36,"schreiber2018\/fcn":4.517194296e-29,"schreiber2018\/ismir2018":1.348539187e-19,"sun2021\/default":2.128814977e-28,"zplane\/auftakt_v3":0.0025499854},"echonest\/version_3_2_1":{"boeck2015\/tempodetector2016_default":0.5030014325,"boeck2019\/multi_task":0.1900109806,"boeck2019\/multi_task_hjdb":0.5411260245,"boeck2020\/dar":5.39965956e-20,"davies2009\/mirex_qm_tempotracker":0.0000000619,"echonest\/version_3_2_1":1.0,"gkiokas2012\/default":0.2359784801,"klapuri2006\/percival2014":0.0000717208,"oliveira2010\/ibt":0.0,"percival2014\/stem":0.6490343491,"scheirer1998\/percival2014":2.651518037e-30,"schreiber2014\/default":0.2143265897,"schreiber2017\/ismir2017":0.0000000001,"schreiber2017\/mirex2017":3.113423336e-39,"schreiber2018\/cnn":0.0,"schreiber2018\/fcn":0.0,"schreiber2018\/ismir2018":0.0007117411,"sun2021\/default":0.0,"zplane\/auftakt_v3":0.0172375395},"gkiokas2012\/default":{"boeck2015\/tempodetector2016_default":0.0679684957,"boeck2019\/multi_task":0.0124193307,"boeck2019\/multi_task_hjdb":0.0675944441,"boeck2020\/dar":5.370809749e-22,"davies2009\/mirex_qm_tempotracker":0.0000953956,"echonest\/version_3_2_1":0.2359784801,"gkiokas2012\/default":1.0,"klapuri2006\/percival2014":0.0068397781,"oliveira2010\/ibt":0.000000001,"percival2014\/stem":0.4541348487,"scheirer1998\/percival2014":8.867346533e-27,"schreiber2014\/default":0.0083766408,"schreiber2017\/ismir2017":0.0,"schreiber2017\/mirex2017":4.414732776e-44,"schreiber2018\/cnn":9.073635762e-17,"schreiber2018\/fcn":7.032300769e-16,"schreiber2018\/ismir2018":0.000002785,"sun2021\/default":0.0,"zplane\/auftakt_v3":0.2410281673},"klapuri2006\/percival2014":{"boeck2015\/tempodetector2016_default":0.000008973,"boeck2019\/multi_task":0.0000000092,"boeck2019\/multi_task_hjdb":0.0000021354,"boeck2020\/dar":3.007458964e-34,"davies2009\/mirex_qm_tempotracker":0.0726703675,"echonest\/version_3_2_1":0.0000717208,"gkiokas2012\/default":0.0068397781,"klapuri2006\/percival2014":1.0,"oliveira2010\/ibt":0.0000008095,"percival2014\/stem":0.0000057447,"scheirer1998\/percival2014":7.791185388e-19,"schreiber2014\/default":0.0000000014,"schreiber2017\/ismir2017":1.149277298e-26,"schreiber2017\/mirex2017":2.938136876e-72,"schreiber2018\/cnn":7.758685184e-29,"schreiber2018\/fcn":3.261903503e-24,"schreiber2018\/ismir2018":2.53815434e-17,"sun2021\/default":9.125670459e-23,"zplane\/auftakt_v3":0.0898758453},"oliveira2010\/ibt":{"boeck2015\/tempodetector2016_default":0.0,"boeck2019\/multi_task":4.247431318e-19,"boeck2019\/multi_task_hjdb":6.160369093e-16,"boeck2020\/dar":8.091681823e-48,"davies2009\/mirex_qm_tempotracker":0.0038000682,"echonest\/version_3_2_1":0.0,"gkiokas2012\/default":0.000000001,"klapuri2006\/percival2014":0.0000008095,"oliveira2010\/ibt":1.0,"percival2014\/stem":0.0,"scheirer1998\/percival2014":0.0000000636,"schreiber2014\/default":2.384945429e-18,"schreiber2017\/ismir2017":2.166066243e-38,"schreiber2017\/mirex2017":4.329442068e-88,"schreiber2018\/cnn":1.60478342e-44,"schreiber2018\/fcn":1.291354872e-35,"schreiber2018\/ismir2018":5.693011363e-30,"sun2021\/default":3.950601288e-38,"zplane\/auftakt_v3":0.0000000007},"percival2014\/stem":{"boeck2015\/tempodetector2016_default":0.2657093855,"boeck2019\/multi_task":0.0368474913,"boeck2019\/multi_task_hjdb":0.2294861622,"boeck2020\/dar":2.909392104e-20,"davies2009\/mirex_qm_tempotracker":0.0000006575,"echonest\/version_3_2_1":0.6490343491,"gkiokas2012\/default":0.4541348487,"klapuri2006\/percival2014":0.0000057447,"oliveira2010\/ibt":0.0,"percival2014\/stem":1.0,"scheirer1998\/percival2014":2.403610618e-30,"schreiber2014\/default":0.0210162562,"schreiber2017\/ismir2017":0.0,"schreiber2017\/mirex2017":7.692580071e-53,"schreiber2018\/cnn":0.0,"schreiber2018\/fcn":0.0,"schreiber2018\/ismir2018":0.0000198415,"sun2021\/default":0.0,"zplane\/auftakt_v3":0.0361263824},"scheirer1998\/percival2014":{"boeck2015\/tempodetector2016_default":6.777150498e-34,"boeck2019\/multi_task":1.449469967e-37,"boeck2019\/multi_task_hjdb":7.455242004e-34,"boeck2020\/dar":4.819563816e-71,"davies2009\/mirex_qm_tempotracker":0.0,"echonest\/version_3_2_1":2.651518037e-30,"gkiokas2012\/default":8.867346533e-27,"klapuri2006\/percival2014":7.791185388e-19,"oliveira2010\/ibt":0.0000000636,"percival2014\/stem":2.403610618e-30,"scheirer1998\/percival2014":1.0,"schreiber2014\/default":9.390600557e-37,"schreiber2017\/ismir2017":2.191548305e-59,"schreiber2017\/mirex2017":3.169604437e-118,