{"boeck2015\/tempodetector2016_default":{"boeck2015\/tempodetector2016_default":1.0,"davies2009\/mirex_qm_tempotracker":0.0000000003,"echonest\/version_3_2_1":0.00000015,"gkiokas2012\/default":0.9721945515,"klapuri2006\/percival2014":0.2552507039,"oliveira2010\/ibt":0.0000000327,"percival2014\/stem":0.1165121811,"scheirer1998\/percival2014":8.034754344e-35,"schreiber2014\/default":0.003601814,"schreiber2017\/ismir2017":0.6431684778,"schreiber2017\/mirex2017":0.3633566073,"schreiber2018\/cnn":0.0078297358,"schreiber2018\/fcn":0.2086453248,"schreiber2018\/ismir2018":0.8691767816,"zplane\/auftakt_v3":0.0000011384},"davies2009\/mirex_qm_tempotracker":{"boeck2015\/tempodetector2016_default":0.0000000003,"davies2009\/mirex_qm_tempotracker":1.0,"echonest\/version_3_2_1":0.6021585681,"gkiokas2012\/default":0.0000000023,"klapuri2006\/percival2014":0.0000000105,"oliveira2010\/ibt":0.454002615,"percival2014\/stem":0.0,"scheirer1998\/percival2014":5.682485935e-19,"schreiber2014\/default":0.0028589979,"schreiber2017\/ismir2017":0.000000023,"schreiber2017\/mirex2017":0.0000002193,"schreiber2018\/cnn":3.096021262e-17,"schreiber2018\/fcn":0.0,"schreiber2018\/ismir2018":0.0000000005,"zplane\/auftakt_v3":0.5308939783},"echonest\/version_3_2_1":{"boeck2015\/tempodetector2016_default":0.00000015,"davies2009\/mirex_qm_tempotracker":0.6021585681,"echonest\/version_3_2_1":1.0,"gkiokas2012\/default":0.0000000073,"klapuri2006\/percival2014":0.0000031994,"oliveira2010\/ibt":0.8885360386,"percival2014\/stem":0.0,"scheirer1998\/percival2014":3.336668722e-18,"schreiber2014\/default":0.0013141507,"schreiber2017\/ismir2017":0.0000000289,"schreiber2017\/mirex2017":0.0000000775,"schreiber2018\/cnn":0.0,"schreiber2018\/fcn":0.0,"schreiber2018\/ismir2018":0.0000000194,"zplane\/auftakt_v3":0.8916159282},"gkiokas2012\/default":{"boeck2015\/tempodetector2016_default":0.9721945515,"davies2009\/mirex_qm_tempotracker":0.0000000023,"echonest\/version_3_2_1":0.0000000073,"gkiokas2012\/default":1.0,"klapuri2006\/percival2014":0.2317116666,"oliveira2010\/ibt":0.000000052,"percival2014\/stem":0.0897808326,"scheirer1998\/percival2014":1.314426963e-34,"schreiber2014\/default":0.0008096907,"schreiber2017\/ismir2017":0.5993900414,"schreiber2017\/mirex2017":0.3156824271,"schreiber2018\/cnn":0.0052401358,"schreiber2018\/fcn":0.1812344225,"schreiber2018\/ismir2018":0.8989928812,"zplane\/auftakt_v3":0.0000002986},"klapuri2006\/percival2014":{"boeck2015\/tempodetector2016_default":0.2552507039,"davies2009\/mirex_qm_tempotracker":0.0000000105,"echonest\/version_3_2_1":0.0000031994,"gkiokas2012\/default":0.2317116666,"klapuri2006\/percival2014":1.0,"oliveira2010\/ibt":0.0000001176,"percival2014\/stem":0.0053061712,"scheirer1998\/percival2014":1.261364337e-31,"schreiber2014\/default":0.0511089447,"schreiber2017\/ismir2017":0.4565440053,"schreiber2017\/mirex2017":0.7849486878,"schreiber2018\/cnn":0.0001468257,"schreiber2018\/fcn":0.0197891973,"schreiber2018\/ismir2018":0.2004270016,"zplane\/auftakt_v3":0.000008114},"oliveira2010\/ibt":{"boeck2015\/tempodetector2016_default":0.0000000327,"davies2009\/mirex_qm_tempotracker":0.454002615,"echonest\/version_3_2_1":0.8885360386,"gkiokas2012\/default":0.000000052,"klapuri2006\/percival2014":0.0000001176,"oliveira2010\/ibt":1.0,"percival2014\/stem":0.0,"scheirer1998\/percival2014":6.258980308e-20,"schreiber2014\/default":0.0043389201,"schreiber2017\/ismir2017":0.0000000087,"schreiber2017\/mirex2017":0.0000000632,"schreiber2018\/cnn":0.0,"schreiber2018\/fcn":0.0000000008,"schreiber2018\/ismir2018":0.000000017,"zplane\/auftakt_v3":0.9999741073},"percival2014\/stem":{"boeck2015\/tempodetector2016_default":0.1165121811,"davies2009\/mirex_qm_tempotracker":0.0,"echonest\/version_3_2_1":0.0,"gkiokas2012\/default":0.0897808326,"klapuri2006\/percival2014":0.0053061712,"oliveira2010\/ibt":0.0,"percival2014\/stem":1.0,"scheirer1998\/percival2014":1.905315663e-37,"schreiber2014\/default":0.0000061452,"schreiber2017\/ismir2017":0.0517419114,"schreiber2017\/mirex2017":0.0151022897,"schreiber2018\/cnn":0.2646816059,"schreiber2018\/fcn":0.6958788121,"schreiber2018\/ismir2018":0.0906793166,"zplane\/auftakt_v3":0.0000000001},"scheirer1998\/percival2014":{"boeck2015\/tempodetector2016_default":8.034754344e-35,"davies2009\/mirex_qm_tempotracker":5.682485935e-19,"echonest\/version_3_2_1":3.336668722e-18,"gkiokas2012\/default":1.314426963e-34,"klapuri2006\/percival2014":1.261364337e-31,"oliveira2010\/ibt":6.258980308e-20,"percival2014\/stem":1.905315663e-37,"scheirer1998\/percival2014":1.0,"schreiber2014\/default":1.588210069e-26,"schreiber2017\/ismir2017":1.124999385e-33,"schreiber2017\/mirex2017":8.633314363e-33,"schreiber2018\/cnn":2.505777453e-40,"schreiber2018\/fcn":7.965078611e-38,"schreiber2018\/ismir2018":2.583358891e-34,"zplane\/auftakt_v3":5.263031089e-19},"schreiber2014\/default":{"boeck2015\/tempodetector2016_default":0.003601814,"davies2009\/mirex_qm_tempotracker":0.0028589979,"echonest\/version_3_2_1":0.0013141507,"gkiokas2012\/default":0.0008096907,"klapuri2006\/percival2014":0.0511089447,"oliveira2010\/ibt":0.0043389201,"percival2014\/stem":0.0000061452,"scheirer1998\/percival2014":1.588210069e-26,"schreiber2014\/default":1.0,"schreiber2017\/ismir2017":0.0006683662,"schreiber2017\/mirex2017":0.0019103648,"schreiber2018\/cnn":0.0000001,"schreiber2018\/fcn":0.0000056822,"schreiber2018\/ismir2018":0.0004436857,"zplane\/auftakt_v3":0.0031409576},"schreiber2017\/ismir2017":{"boeck2015\/tempodetector2016_default":0.6431684778,"davies2009\/mirex_qm_tempotracker":0.000000023,"echonest\/version_3_2_1":0.0000000289,"gkiokas2012\/default":0.5993900414,"klapuri2006\/percival2014":0.4565440053,"oliveira2010\/ibt":0.0000000087,"percival2014\/stem":0.0517419114,"scheirer1998\/percival2014":1.124999385e-33,"schreiber2014\/default":0.0006683662,"schreiber2017\/ismir2017":1.0,"schreiber2017\/mirex2017":0.1647292872,"schreiber2018\/cnn":0.0034453405,"schreiber2018\/fcn":0.0926711687,"schreiber2018\/ismir2018":0.5108697746,"zplane\/auftakt_v3":0.0000000787},"schreiber2017\/mirex2017":{"boeck2015\/tempodetector2016_default":0.3633566073,"davies2009\/mirex_qm_tempotracker":0.0000002193,"echonest\/version_3_2_1":0.0000000775,"gkiokas2012\/default":0.3156824271,"klapuri2006\/percival2014":0.7849486878,"oliveira2010\/ibt":0.0000000632,"percival2014\/stem":0.0151022897,"scheirer1998\/percival2014":8.633314363e-33,"schreiber2014\/default":0.0019103648,"schreiber2017\/ismir2017":0.1647292872,"schreiber2017\/mirex2017":1.0,"schreiber2018\/cnn":0.0005411982,"schreiber2018\/fcn":0.0294010513,"schreiber2018\/ismir2018":0.2294600511,"zplane\/auftakt_v3":0.0000013874},"schreiber2018\/cnn":{"boeck2015\/tempodetector2016_default":0.0078297358,"davies2009\/mirex_qm_tempotracker":3.096021262e-17,"echonest\/version_3_2_1":0.0,"gkiokas2012\/default":0.0052401358,"klapuri2006\/percival2014":0.0001468257,"oliveira2010\/ibt":0.0,"percival2014\/stem":0.2646816059,"scheirer1998\/percival2014":2.505777453e-40,"schreiber2014\/default":0.0000001,"schreiber2017\/ismir2017":0.0034453405,"schreiber2017\/mirex2017":0.0005411982,"schreiber2018\/cnn":1.0,"schreiber2018\/fcn":0.0605368088,"schreiber2018\/ismir2018":0.0051369214,"zplane\/auftakt_v3":0.0},"schreiber2018\/fcn":{"boeck2015\/tempodetector2016_default":0.2086453248,"davies2009\/mirex_qm_tempotracker":0.0,"echonest\/version_3_2_1":0.0,"gkiokas2012\/default":0.1812344225,"klapuri2006\/percival2014":0.0197891973,"oliveira2010\/ibt":0.0000000008,"percival2014\/stem":0.6958788121,"scheirer1998\/percival2014":7.965078611e-38,"schreiber2014\/default":0.0000056822,"schreiber2017\/ismir2017":0.0926711687,"schreiber2017\/mirex2017":0.0294010513,"schreiber2018\/cnn":0.0605368088,"schreiber2018\/fcn":1.0,"schreiber2018\/ismir2018":0.190441509,"zplane\/auftakt_v3":0.0000000015},"schreiber2018\/ismir2018":{"boeck2015\/tempodetector2016_default":0.8691767816,"davies2009\/mirex_qm_tempotracker":0.0000000005,"echonest\/version_3_2_1":0.0000000194,