Item,Reference,Estimate
Albums-Chrisanne3-07.jams,173.74517374517382,116
Albums-Chrisanne3-09.jams,178.7487586891755,121
Media-103905.jams,102.98524890057887,146
Media-105911.jams,201.85029436501262,176
