{"Waltz":{"boeck2015\/tempodetector2016_default":0.9363636364,"boeck2019\/multi_task":0.9272727273,"boeck2019\/multi_task_hjdb":0.9272727273,"boeck2020\/dar":0.9454545455,"davies2009\/mirex_qm_tempotracker":0.4090909091,"echonest\/version_3_2_1":0.3181818182,"gkiokas2012\/default":0.8545454545,"klapuri2006\/percival2014":0.6272727273,"oliveira2010\/ibt":0.6090909091,"percival2014\/stem":0.7545454545,"scheirer1998\/percival2014":0.3909090909,"schreiber2014\/default":0.8545454545,"schreiber2017\/ismir2017":0.8454545455,"schreiber2017\/mirex2017":0.8545454545,"schreiber2018\/cnn":0.9363636364,"schreiber2018\/fcn":0.9181818182,"schreiber2018\/ismir2018":0.9545454545,"zplane\/auftakt_v3":0.7454545455},"VienneseWaltz":{"boeck2015\/tempodetector2016_default":0.7846153846,"boeck2019\/multi_task":1.0,"boeck2019\/multi_task_hjdb":1.0,"boeck2020\/dar":1.0,"davies2009\/mirex_qm_tempotracker":0.6615384615,"echonest\/version_3_2_1":0.1538461538,"gkiokas2012\/default":0.0153846154,"klapuri2006\/percival2014":0.0153846154,"oliveira2010\/ibt":0.0,"percival2014\/stem":0.0,"scheirer1998\/percival2014":0.5384615385,"schreiber2014\/default":0.0,"schreiber2017\/ismir2017":0.7230769231,"schreiber2017\/mirex2017":0.8461538462,"schreiber2018\/cnn":0.9076923077,"schreiber2018\/fcn":0.9384615385,"schreiber2018\/ismir2018":0.8615384615,"zplane\/auftakt_v3":0.0},"Tango":{"boeck2015\/tempodetector2016_default":0.9418604651,"boeck2019\/multi_task":1.0,"boeck2019\/multi_task_hjdb":1.0,"boeck2020\/dar":1.0,"davies2009\/mirex_qm_tempotracker":0.976744186,"echonest\/version_3_2_1":0.7558139535,"gkiokas2012\/default":0.6744186047,"klapuri2006\/percival2014":1.0,"oliveira2010\/ibt":0.976744186,"percival2014\/stem":0.9186046512,"scheirer1998\/percival2014":0.7558139535,"schreiber2014\/default":0.8604651163,"schreiber2017\/ismir2017":0.9651162791,"schreiber2017\/mirex2017":0.976744186,"schreiber2018\/cnn":1.0,"schreiber2018\/fcn":0.988372093,"schreiber2018\/ismir2018":0.988372093,"zplane\/auftakt_v3":0.976744186},"Samba":{"boeck2015\/tempodetector2016_default":0.9302325581,"boeck2019\/multi_task":0.8953488372,"boeck2019\/multi_task_hjdb":0.8837209302,"boeck2020\/dar":0.9186046512,"davies2009\/mirex_qm_tempotracker":0.9418604651,"echonest\/version_3_2_1":0.8255813953,"gkiokas2012\/default":0.9069767442,"klapuri2006\/percival2014":0.9534883721,"oliveira2010\/ibt":0.9418604651,"percival2014\/stem":0.9534883721,"scheirer1998\/percival2014":0.5697674419,"schreiber2014\/default":0.9651162791,"schreiber2017\/ismir2017":0.9534883721,"schreiber2017\/mirex2017":0.9651162791,"schreiber2018\/cnn":0.9302325581,"schreiber2018\/fcn":0.8837209302,"schreiber2018\/ismir2018":0.9302325581,"zplane\/auftakt_v3":0.9186046512},"Rumba-Misc":{"boeck2015\/tempodetector2016_default":0.9,"boeck2019\/multi_task":1.0,"boeck2019\/multi_task_hjdb":1.0,"boeck2020\/dar":0.975,"davies2009\/mirex_qm_tempotracker":0.725,"echonest\/version_3_2_1":0.875,"gkiokas2012\/default":0.95,"klapuri2006\/percival2014":0.85,"oliveira2010\/ibt":0.825,"percival2014\/stem":0.975,"scheirer1998\/percival2014":0.725,"schreiber2014\/default":1.0,"schreiber2017\/ismir2017":0.9,"schreiber2017\/mirex2017":0.925,"schreiber2018\/cnn":0.95,"schreiber2018\/fcn":0.975,"schreiber2018\/ismir2018":0.975,"zplane\/auftakt_v3":0.925},"Rumba-International":{"boeck2015\/tempodetector2016_default":1.0,"boeck2019\/multi_task":0.9215686275,"boeck2019\/multi_task_hjdb":0.9215686275,"boeck2020\/dar":0.9411764706,"davies2009\/mirex_qm_tempotracker":0.9803921569,"echonest\/version_3_2_1":0.862745098,"gkiokas2012\/default":1.0,"klapuri2006\/percival2014":1.0,"oliveira2010\/ibt":0.9803921569,"percival2014\/stem":0.9803921569,"scheirer1998\/percival2014":0.5294117647,"schreiber2014\/default":1.0,"schreiber2017\/ismir2017":0.9411764706,"schreiber2017\/mirex2017":0.9607843137,"schreiber2018\/cnn":1.0,"schreiber2018\/fcn":1.0,"schreiber2018\/ismir2018":1.0,"zplane\/auftakt_v3":1.0},"Rumba-American":{"boeck2015\/tempodetector2016_default":1.0,"boeck2019\/multi_task":1.0,"boeck2019\/multi_task_hjdb":1.0,"boeck2020\/dar":1.0,"davies2009\/mirex_qm_tempotracker":0.8571428571,"echonest\/version_3_2_1":1.0,"gkiokas2012\/default":1.0,"klapuri2006\/percival2014":1.0,"oliveira2010\/ibt":0.8571428571,"percival2014\/stem":0.8571428571,"scheirer1998\/percival2014":1.0,"schreiber2014\/default":0.5714285714,"schreiber2017\/ismir2017":1.0,"schreiber2017\/mirex2017":1.0,"schreiber2018\/cnn":1.0,"schreiber2018\/fcn":1.0,"schreiber2018\/ismir2018":1.0,"zplane\/auftakt_v3":1.0},"Quickstep":{"boeck2015\/tempodetector2016_default":0.1951219512,"boeck2019\/multi_task":0.9390243902,"boeck2019\/multi_task_hjdb":0.9146341463,"boeck2020\/dar":0.9268292683,"davies2009\/mirex_qm_tempotracker":0.0609756098,"echonest\/version_3_2_1":0.0731707317,"gkiokas2012\/default":0.0487804878,"klapuri2006\/percival2014":0.0487804878,"oliveira2010\/ibt":0.0487804878,"percival2014\/stem":0.0487804878,"scheirer1998\/percival2014":0.0487804878,"schreiber2014\/default":0.0487804878,"schreiber2017\/ismir2017":0.5243902439,"schreiber2017\/mirex2017":0.7073170732,"schreiber2018\/cnn":0.9268292683,"schreiber2018\/fcn":0.7804878049,"schreiber2018\/ismir2018":0.7926829268,"zplane\/auftakt_v3":0.0487804878},"Jive":{"boeck2015\/tempodetector2016_default":0.7666666667,"boeck2019\/multi_task":0.9833333333,"boeck2019\/multi_task_hjdb":1.0,"boeck2020\/dar":0.9666666667,"davies2009\/mirex_qm_tempotracker":0.3333333333,"echonest\/version_3_2_1":0.5166666667,"gkiokas2012\/default":0.0,"klapuri2006\/percival2014":0.1333333333,"oliveira2010\/ibt":0.2333333333,"percival2014\/stem":0.0666666667,"scheirer1998\/percival2014":0.4666666667,"schreiber2014\/default":0.1166666667,"schreiber2017\/ismir2017":0.7666666667,"schreiber2017\/mirex2017":0.9,"schreiber2018\/cnn":0.95,"schreiber2018\/fcn":0.95,"schreiber2018\/ismir2018":0.8666666667,"zplane\/auftakt_v3":0.2},"ChaChaCha":{"boeck2015\/tempodetector2016_default":0.990990991,"boeck2019\/multi_task":0.954954955,"boeck2019\/multi_task_hjdb":0.954954955,"boeck2020\/dar":0.963963964,"davies2009\/mirex_qm_tempotracker":0.981981982,"echonest\/version_3_2_1":0.8468468468,"gkiokas2012\/default":0.990990991,"klapuri2006\/percival2014":1.0,"oliveira2010\/ibt":0.990990991,"percival2014\/stem":1.0,"scheirer1998\/percival2014":0.7927927928,"schreiber2014\/default":0.981981982,"schreiber2017\/ismir2017":1.0,"schreiber2017\/mirex2017":1.0,"schreiber2018\/cnn":1.0,"schreiber2018\/fcn":1.0,"schreiber2018\/ismir2018":1.0,"zplane\/auftakt_v3":1.0}}