{"AOE1_MEAN":{"schreiber2018\/cnn":0.0324373993,"schreiber2018\/fcn":0.0536710793,"schreiber2018\/ismir2018":0.0549823149,"boeck2015\/tempodetector2016_default":0.1648274022,"davies2009\/mirex_qm_tempotracker":0.3015524476,"zplane\/auftakt_v3":0.3045606398,"oliveira2010\/ibt":0.3160857166,"klapuri2006\/percival2014":0.316517812,"schreiber2014\/default":0.3167801945,"percival2014\/stem":0.3275683028,"scheirer1998\/percival2014":0.3397789833,"schreiber2017\/mirex2017":0.3533438345,"schreiber2017\/ismir2017":0.3605652408,"echonest\/version_3_2_1":0.3821705072,"gkiokas2012\/default":0.4045631035},"AOE1_STDEV":{"schreiber2018\/cnn":0.158294562,"schreiber2018\/fcn":0.2109341483,"schreiber2018\/ismir2018":0.2138232725,"boeck2015\/tempodetector2016_default":0.3705001929,"davies2009\/mirex_qm_tempotracker":0.4319599729,"zplane\/auftakt_v3":0.447342993,"oliveira2010\/ibt":0.4402890573,"klapuri2006\/percival2014":0.4458466408,"schreiber2014\/default":0.4557159403,"percival2014\/stem":0.4799319562,"scheirer1998\/percival2014":0.4315083598,"schreiber2017\/mirex2017":0.4964246973,"schreiber2017\/ismir2017":0.4960358424,"echonest\/version_3_2_1":0.4949082912,"gkiokas2012\/default":0.5489869755},"AOE2_MEAN":{"schreiber2018\/cnn":0.0075579387,"schreiber2018\/fcn":0.0077103925,"schreiber2018\/ismir2018":0.0074969979,"boeck2015\/tempodetector2016_default":0.0072140115,"davies2009\/mirex_qm_tempotracker":0.0383445374,"zplane\/auftakt_v3":0.0179274525,"oliveira2010\/ibt":0.0339232277,"klapuri2006\/percival2014":0.0286057865,"schreiber2014\/default":0.0142059914,"percival2014\/stem":0.0150488526,"scheirer1998\/percival2014":0.0706585007,"schreiber2017\/mirex2017":0.0148646661,"schreiber2017\/ismir2017":0.0142700564,"echonest\/version_3_2_1":0.0449759918,"gkiokas2012\/default":0.0104953871},"AOE2_STDEV":{"schreiber2018\/cnn":0.0292429173,"schreiber2018\/fcn":0.025196844,"schreiber2018\/ismir2018":0.0308114602,"boeck2015\/tempodetector2016_default":0.00659156,"davies2009\/mirex_qm_tempotracker":0.0740136466,"zplane\/auftakt_v3":0.0685282354,"oliveira2010\/ibt":0.0785106245,"klapuri2006\/percival2014":0.0884699764,"schreiber2014\/default":0.0669481321,"percival2014\/stem":0.0589178182,"scheirer1998\/percival2014":0.1373228425,"schreiber2017\/mirex2017":0.0692193027,"schreiber2017\/ismir2017":0.06753083,"echonest\/version_3_2_1":0.1149428699,"gkiokas2012\/default":0.0417259965}}