Item,Reference,Estimate
Albums-Chrisanne3-07.jams,173.74517374517382,115.60428
Albums-Chrisanne3-09.jams,178.7487586891755,118.71913
Albums-Fire-13.jams,88.66995073891628,133.18938
Media-103315.jams,180.722891566265,120.49341
Media-104303.jams,86.95652173913042,65.17526
Media-104608.jams,175.09727626459104,117.339134
Media-105214.jams,83.87573964621117,63.637554
Media-105420.jams,123.07692307692312,92.30205
