{"boeck2015\/tempodetector2016_default":{"boeck2015\/tempodetector2016_default":1.0,"boeck2019\/multi_task":3.944673427e-27,"boeck2019\/multi_task_hjdb":0.0,"davies2009\/mirex_qm_tempotracker":3.974011606e-20,"echonest\/version_3_2_1":6.003873561e-17,"gkiokas2012\/default":0.7998417508,"klapuri2006\/percival2014":0.000000009,"oliveira2010\/ibt":0.0,"percival2014\/stem":0.0002299246,"scheirer1998\/percival2014":1.602948494e-25,"schreiber2014\/default":0.0021466027,"schreiber2017\/ismir2017":0.1102521685,"schreiber2017\/mirex2017":0.4185255165,"schreiber2018\/cnn":0.083777626,"schreiber2018\/fcn":0.0056264383,"schreiber2018\/ismir2018":0.0190650409,"zplane\/auftakt_v3":0.0002624284},"boeck2019\/multi_task":{"boeck2015\/tempodetector2016_default":3.944673427e-27,"boeck2019\/multi_task":1.0,"boeck2019\/multi_task_hjdb":0.2535957086,"davies2009\/mirex_qm_tempotracker":7.622884323e-25,"echonest\/version_3_2_1":9.639566182e-20,"gkiokas2012\/default":0.0073004409,"klapuri2006\/percival2014":0.0,"oliveira2010\/ibt":1.06869345e-19,"percival2014\/stem":0.0000000811,"scheirer1998\/percival2014":8.917404999e-28,"schreiber2014\/default":0.0000067921,"schreiber2017\/ismir2017":0.0004968355,"schreiber2017\/mirex2017":0.0026955417,"schreiber2018\/cnn":0.1256719189,"schreiber2018\/fcn":0.3043415802,"schreiber2018\/ismir2018":0.3632841561,"zplane\/auftakt_v3":0.0000006224},"boeck2019\/multi_task_hjdb":{"boeck2015\/tempodetector2016_default":0.0,"boeck2019\/multi_task":0.2535957086,"boeck2019\/multi_task_hjdb":1.0,"davies2009\/mirex_qm_tempotracker":4.802076666e-24,"echonest\/version_3_2_1":1.59329805e-19,"gkiokas2012\/default":0.0158128179,"klapuri2006\/percival2014":0.0,"oliveira2010\/ibt":2.940573523e-19,"percival2014\/stem":0.0000000821,"scheirer1998\/percival2014":2.242793162e-27,"schreiber2014\/default":0.000014921,"schreiber2017\/ismir2017":0.001127906,"schreiber2017\/mirex2017":0.0060887046,"schreiber2018\/cnn":0.2449705351,"schreiber2018\/fcn":0.5315787953,"schreiber2018\/ismir2018":0.558855561,"zplane\/auftakt_v3":0.0000010028},"davies2009\/mirex_qm_tempotracker":{"boeck2015\/tempodetector2016_default":3.974011606e-20,"boeck2019\/multi_task":7.622884323e-25,"boeck2019\/multi_task_hjdb":4.802076666e-24,"davies2009\/mirex_qm_tempotracker":1.0,"echonest\/version_3_2_1":0.0105597571,"gkiokas2012\/default":1.294219552e-18,"klapuri2006\/percival2014":0.0323569764,"oliveira2010\/ibt":0.4180305837,"percival2014\/stem":0.0000000001,"scheirer1998\/percival2014":0.0000000064,"schreiber2014\/default":0.0000000362,"schreiber2017\/ismir2017":0.0,"schreiber2017\/mirex2017":0.0,"schreiber2018\/cnn":7.405388155e-24,"schreiber2018\/fcn":1.057933182e-23,"schreiber2018\/ismir2018":1.262989579e-24,"zplane\/auftakt_v3":0.0000000095},"echonest\/version_3_2_1":{"boeck2015\/tempodetector2016_default":6.003873561e-17,"boeck2019\/multi_task":9.639566182e-20,"boeck2019\/multi_task_hjdb":1.59329805e-19,"davies2009\/mirex_qm_tempotracker":0.0105597571,"echonest\/version_3_2_1":1.0,"gkiokas2012\/default":2.745639725e-16,"klapuri2006\/percival2014":0.0000389737,"oliveira2010\/ibt":0.0012998134,"percival2014\/stem":0.0,"scheirer1998\/percival2014":0.0005830115,"schreiber2014\/default":0.0,"schreiber2017\/ismir2017":0.0,"schreiber2017\/mirex2017":0.0,"schreiber2018\/cnn":1.067885414e-17,"schreiber2018\/fcn":2.441356458e-19,"schreiber2018\/ismir2018":1.303385521e-18,"zplane\/auftakt_v3":0.0},"gkiokas2012\/default":{"boeck2015\/tempodetector2016_default":0.7998417508,"boeck2019\/multi_task":0.0073004409,"boeck2019\/multi_task_hjdb":0.0158128179,"davies2009\/mirex_qm_tempotracker":1.294219552e-18,"echonest\/version_3_2_1":2.745639725e-16,"gkiokas2012\/default":1.0,"klapuri2006\/percival2014":0.0000000368,"oliveira2010\/ibt":0.0,"percival2014\/stem":0.0023330251,"scheirer1998\/percival2014":8.023957837e-25,"schreiber2014\/default":0.0126310334,"schreiber2017\/ismir2017":0.2655918548,"schreiber2017\/mirex2017":0.6635225259,"schreiber2018\/cnn":0.2084790785,"schreiber2018\/fcn":0.0756822915,"schreiber2018\/ismir2018":0.0905754521,"zplane\/auftakt_v3":0.001028377},"klapuri2006\/percival2014":{"boeck2015\/tempodetector2016_default":0.000000009,"boeck2019\/multi_task":0.0,"boeck2019\/multi_task_hjdb":0.0,"davies2009\/mirex_qm_tempotracker":0.0323569764,"echonest\/version_3_2_1":0.0000389737,"gkiokas2012\/default":0.0000000368,"klapuri2006\/percival2014":1.0,"oliveira2010\/ibt":0.1345758342,"percival2014\/stem":0.0015381773,"scheirer1998\/percival2014":0.0000000001,"schreiber2014\/default":0.0015815582,"schreiber2017\/ismir2017":0.0000048906,"schreiber2017\/mirex2017":0.000000436,"schreiber2018\/cnn":0.0000000002,"schreiber2018\/fcn":0.0000000001,"schreiber2018\/ismir2018":0.0000000001,"zplane\/auftakt_v3":0.001570877},"oliveira2010\/ibt":{"boeck2015\/tempodetector2016_default":0.0,"boeck2019\/multi_task":1.06869345e-19,"boeck2019\/multi_task_hjdb":2.940573523e-19,"davies2009\/mirex_qm_tempotracker":0.4180305837,"echonest\/version_3_2_1":0.0012998134,"gkiokas2012\/default":0.0,"klapuri2006\/percival2014":0.1345758342,"oliveira2010\/ibt":1.0,"percival2014\/stem":0.0000001013,"scheirer1998\/percival2014":0.0000000015,"schreiber2014\/default":0.0000013419,"schreiber2017\/ismir2017":0.0000000001,"schreiber2017\/mirex2017":0.0,"schreiber2018\/cnn":3.573315621e-18,"schreiber2018\/fcn":1.240645768e-18,"schreiber2018\/ismir2018":1.108079689e-18,"zplane\/auftakt_v3":0.0000069862},"percival2014\/stem":{"boeck2015\/tempodetector2016_default":0.0002299246,"boeck2019\/multi_task":0.0000000811,"boeck2019\/multi_task_hjdb":0.0000000821,"davies2009\/mirex_qm_tempotracker":0.0000000001,"echonest\/version_3_2_1":0.0,"gkiokas2012\/default":0.0023330251,"klapuri2006\/percival2014":0.0015381773,"oliveira2010\/ibt":0.0000001013,"percival2014\/stem":1.0,"scheirer1998\/percival2014":1.113595919e-18,"schreiber2014\/default":0.8555277304,"schreiber2017\/ismir2017":0.0441830799,"schreiber2017\/mirex2017":0.0063496579,"schreiber2018\/cnn":0.0000016447,"schreiber2018\/fcn":0.0000010854,"schreiber2018\/ismir2018":0.0000006556,"zplane\/auftakt_v3":0.6789793964},"scheirer1998\/percival2014":{"boeck2015\/tempodetector2016_default":1.602948494e-25,"boeck2019\/multi_task":8.917404999e-28,"boeck2019\/multi_task_hjdb":2.242793162e-27,"davies2009\/mirex_qm_tempotracker":0.0000000064,"echonest\/version_3_2_1":0.0005830115,"gkiokas2012\/default":8.023957837e-25,"klapuri2006\/percival2014":0.0000000001,"oliveira2010\/ibt":0.0000000015,"percival2014\/stem":1.113595919e-18,"scheirer1998\/percival2014":1.0,"schreiber2014\/default":1.660930441e-17,"schreiber2017\/ismir2017":2.310652113e-20,"schreiber2017\/mirex2017":2.97124952e-22,"schreiber2018\/cnn":4.931327223e-26,"schreiber2018\/fcn":1.94236434e-27,"schreiber2018\/ismir2018":4.822458064e-27,"zplane\/auftakt_v3":5.155668163e-18},"schreiber2014\/default":{"boeck2015\/tempodetector2016_default":0.0021466027,"boeck2019\/multi_task":0.0000067921,"boeck2019\/multi_task_hjdb":0.000014921,"davies2009\/mirex_qm_tempotracker":0.0000000362,"echonest\/version_3_2_1":0.0,"gkiokas2012\/default":0.0126310334,"klapuri2006\/percival2014":0.0015815582,"oliveira2010\/ibt":0.0000013419,"percival2014\/stem":0.8555277304,"scheirer1998\/percival2014":1.660930441e-17,"schreiber2014\/default":1.0,"schreiber2017\/ismir2017":0.011084605,"schreiber2017\/mirex2017":0.0046977982,"schreiber2018\/cnn":0.0000402904,"schreiber2018\/fcn":0.0000126758,"schreiber2018\/ismir2018":0.000043053,"zplane\/auftakt_v3":0.5759048976},"schreiber2017\/ismir2017":{"boeck2015\/tempodetector2016_default":0.1102521685,"boeck2019\/multi_task":0.0004968355,"boeck2019\/multi_task_hjdb":0.001127906,"davies2009\/mirex_qm_tempotracker":0.0,"echonest\/version_3_2_1":0.0,"gkiokas2012\/default":0.2655918548,"klapuri2006\/percival2014":0.0000048906,"oliveira2010\/ibt":0.0000000001,"percival2014\/stem":0.0441830799,"scheirer1998\/percival2014":2.310652113e-20,"schreiber2014\/default":0.011084605,"schreiber2017\/ismir2017":1.0,