{"Count":{"ChaChaCha":0.159025788,"Jive":0.0859598854,"Quickstep":0.11747851,"Rumba-American":0.0100286533,"Rumba-International":0.0730659026,"Rumba-Misc":0.0573065903,"Samba":0.1232091691,"Tango":0.1232091691,"VienneseWaltz":0.0931232092,"Waltz":0.1575931232}}