{"boeck2015\/tempodetector2016_default":{"boeck2015\/tempodetector2016_default":1.0,"davies2009\/mirex_qm_tempotracker":8.089822419e-16,"echonest\/version_3_2_1":9.024531415e-30,"gkiokas2012\/default":2.448380888e-31,"klapuri2006\/percival2014":1.44452965e-21,"oliveira2010\/ibt":1.43837569e-21,"percival2014\/stem":2.023580885e-21,"scheirer1998\/percival2014":1.803510114e-21,"schreiber2014\/default":9.018778658e-21,"schreiber2017\/ismir2017":4.490550038e-27,"schreiber2017\/mirex2017":7.176913272e-26,"schreiber2018\/cnn":2.632528275e-18,"schreiber2018\/fcn":0.0,"schreiber2018\/ismir2018":0.0,"zplane\/auftakt_v3":1.274507863e-19},"davies2009\/mirex_qm_tempotracker":{"boeck2015\/tempodetector2016_default":8.089822419e-16,"davies2009\/mirex_qm_tempotracker":1.0,"echonest\/version_3_2_1":0.0000081802,"gkiokas2012\/default":0.0000001505,"klapuri2006\/percival2014":0.1311940818,"oliveira2010\/ibt":0.1786588117,"percival2014\/stem":0.0508485801,"scheirer1998\/percival2014":0.0179898056,"schreiber2014\/default":0.1468810781,"schreiber2017\/ismir2017":0.0000563426,"schreiber2017\/mirex2017":0.000369433,"schreiber2018\/cnn":6.082551333e-44,"schreiber2018\/fcn":2.336460349e-36,"schreiber2018\/ismir2018":6.57960625e-39,"zplane\/auftakt_v3":0.4625290052},"echonest\/version_3_2_1":{"boeck2015\/tempodetector2016_default":9.024531415e-30,"davies2009\/mirex_qm_tempotracker":0.0000081802,"echonest\/version_3_2_1":1.0,"gkiokas2012\/default":0.2313946181,"klapuri2006\/percival2014":0.0000639722,"oliveira2010\/ibt":0.0000287983,"percival2014\/stem":0.0010310828,"scheirer1998\/percival2014":0.0102994225,"schreiber2014\/default":0.0000817642,"schreiber2017\/ismir2017":0.2658893409,"schreiber2017\/mirex2017":0.1235233652,"schreiber2018\/cnn":1.449733446e-59,"schreiber2018\/fcn":6.660227026e-52,"schreiber2018\/ismir2018":4.271147612e-55,"zplane\/auftakt_v3":0.000002079},"gkiokas2012\/default":{"boeck2015\/tempodetector2016_default":2.448380888e-31,"davies2009\/mirex_qm_tempotracker":0.0000001505,"echonest\/version_3_2_1":0.2313946181,"gkiokas2012\/default":1.0,"klapuri2006\/percival2014":0.0,"oliveira2010\/ibt":0.0,"percival2014\/stem":0.0,"scheirer1998\/percival2014":0.0019403707,"schreiber2014\/default":0.0,"schreiber2017\/ismir2017":0.0051486009,"schreiber2017\/mirex2017":0.0006095664,"schreiber2018\/cnn":1.486226056e-54,"schreiber2018\/fcn":5.74295971e-48,"schreiber2018\/ismir2018":3.644107687e-52,"zplane\/auftakt_v3":0.0},"klapuri2006\/percival2014":{"boeck2015\/tempodetector2016_default":1.44452965e-21,"davies2009\/mirex_qm_tempotracker":0.1311940818,"echonest\/version_3_2_1":0.0000639722,"gkiokas2012\/default":0.0,"klapuri2006\/percival2014":1.0,"oliveira2010\/ibt":0.7431208476,"percival2014\/stem":0.1533817005,"scheirer1998\/percival2014":0.192978985,"schreiber2014\/default":0.7382627438,"schreiber2017\/ismir2017":0.0000048551,"schreiber2017\/mirex2017":0.0000796666,"schreiber2018\/cnn":4.673889681e-48,"schreiber2018\/fcn":8.061955841e-41,"schreiber2018\/ismir2018":1.867669008e-45,"zplane\/auftakt_v3":0.1350821956},"oliveira2010\/ibt":{"boeck2015\/tempodetector2016_default":1.43837569e-21,"davies2009\/mirex_qm_tempotracker":0.1786588117,"echonest\/version_3_2_1":0.0000287983,"gkiokas2012\/default":0.0,"klapuri2006\/percival2014":0.7431208476,"oliveira2010\/ibt":1.0,"percival2014\/stem":0.1046608086,"scheirer1998\/percival2014":0.1561206135,"schreiber2014\/default":0.5892122472,"schreiber2017\/ismir2017":0.000000595,"schreiber2017\/mirex2017":0.000013736,"schreiber2018\/cnn":4.502007463e-48,"schreiber2018\/fcn":4.744868376e-41,"schreiber2018\/ismir2018":4.808065201e-46,"zplane\/auftakt_v3":0.2235241166},"percival2014\/stem":{"boeck2015\/tempodetector2016_default":2.023580885e-21,"davies2009\/mirex_qm_tempotracker":0.0508485801,"echonest\/version_3_2_1":0.0010310828,"gkiokas2012\/default":0.0,"klapuri2006\/percival2014":0.1533817005,"oliveira2010\/ibt":0.1046608086,"percival2014\/stem":1.0,"scheirer1998\/percival2014":0.5672806113,"schreiber2014\/default":0.2988079528,"schreiber2017\/ismir2017":0.0040597751,"schreiber2017\/mirex2017":0.0157847711,"schreiber2018\/cnn":5.283130707e-46,"schreiber2018\/fcn":1.502388695e-39,"schreiber2018\/ismir2018":1.065641737e-43,"zplane\/auftakt_v3":0.0099430714},"scheirer1998\/percival2014":{"boeck2015\/tempodetector2016_default":1.803510114e-21,"davies2009\/mirex_qm_tempotracker":0.0179898056,"echonest\/version_3_2_1":0.0102994225,"gkiokas2012\/default":0.0019403707,"klapuri2006\/percival2014":0.192978985,"oliveira2010\/ibt":0.1561206135,"percival2014\/stem":0.5672806113,"scheirer1998\/percival2014":1.0,"schreiber2014\/default":0.2738832711,"schreiber2017\/ismir2017":0.1583091899,"schreiber2017\/mirex2017":0.3992509142,"schreiber2018\/cnn":7.658074408e-53,"schreiber2018\/fcn":5.818626335e-47,"schreiber2018\/ismir2018":3.847361744e-50,"zplane\/auftakt_v3":0.0698919878},"schreiber2014\/default":{"boeck2015\/tempodetector2016_default":9.018778658e-21,"davies2009\/mirex_qm_tempotracker":0.1468810781,"echonest\/version_3_2_1":0.0000817642,"gkiokas2012\/default":0.0,"klapuri2006\/percival2014":0.7382627438,"oliveira2010\/ibt":0.5892122472,"percival2014\/stem":0.2988079528,"scheirer1998\/percival2014":0.2738832711,"schreiber2014\/default":1.0,"schreiber2017\/ismir2017":0.0001873817,"schreiber2017\/mirex2017":0.0009732314,"schreiber2018\/cnn":2.277906118e-46,"schreiber2018\/fcn":3.451527967e-40,"schreiber2018\/ismir2018":8.707299954e-45,"zplane\/auftakt_v3":0.1353668426},"schreiber2017\/ismir2017":{"boeck2015\/tempodetector2016_default":4.490550038e-27,"davies2009\/mirex_qm_tempotracker":0.0000563426,"echonest\/version_3_2_1":0.2658893409,"gkiokas2012\/default":0.0051486009,"klapuri2006\/percival2014":0.0000048551,"oliveira2010\/ibt":0.000000595,"percival2014\/stem":0.0040597751,"scheirer1998\/percival2014":0.1583091899,"schreiber2014\/default":0.0001873817,"schreiber2017\/ismir2017":1.0,"schreiber2017\/mirex2017":0.2759243502,"schreiber2018\/cnn":9.715367213e-52,"schreiber2018\/fcn":2.095989972e-47,"schreiber2018\/ismir2018":2.082048702e-50,"zplane\/auftakt_v3":0.0000000872},"schreiber2017\/mirex2017":{"boeck2015\/tempodetector2016_default":7.176913272e-26,"davies2009\/mirex_qm_tempotracker":0.000369433,"echonest\/version_3_2_1":0.1235233652,"gkiokas2012\/default":0.0006095664,"klapuri2006\/percival2014":0.0000796666,"oliveira2010\/ibt":0.000013736,"percival2014\/stem":0.0157847711,"scheirer1998\/percival2014":0.3992509142,"schreiber2014\/default":0.0009732314,"schreiber2017\/ismir2017":0.2759243502,"schreiber2017\/mirex2017":1.0,"schreiber2018\/cnn":9.516268327e-51,"schreiber2018\/fcn":5.712852508e-46,"schreiber2018\/ismir2018":5.299724517e-49,"zplane\/auftakt_v3":0.0000013328},"schreiber2018\/cnn":{"boeck2015\/tempodetector2016_default":2.632528275e-18,"davies2009\/mirex_qm_tempotracker":6.082551333e-44,"echonest\/version_3_2_1":1.449733446e-59,"gkiokas2012\/default":1.486226056e-54,"klapuri2006\/percival2014":4.673889681e-48,"oliveira2010\/ibt":4.502007463e-48,"percival2014\/stem":5.283130707e-46,"scheirer1998\/percival2014":7.658074408e-53,"schreiber2014\/default":2.277906118e-46,"schreiber2017\/ismir2017":9.715367213e-52,"schreiber2017\/mirex2017":9.516268327e-51,"schreiber2018\/cnn":1.0,"schreiber2018\/fcn":0.006368437,"schreiber2018\/ismir2018":0.0066511192,"zplane\/auftakt_v3":4.00881654e-45},"schreiber2018\/fcn":{"boeck2015\/tempodetector2016_default":0.0,"davies2009\/mirex_qm_tempotracker":2.336460349e-36,"echonest\/version_3_2_1":6.660227026e-52,"gkiokas2012\/default":5.74295971e-48,"klapuri2006\/percival2014":8.061955841e-41,"oliveira2010\/ibt":4.744868376e-41,"percival2014\/stem":1.502388695e-39,"scheirer1998\/percival2014":5.818626335e-47,"schreiber2014\/default":3.451527967e-40,"schreiber2017\/ismir2017":2.095989972e-47,"schreiber2017\/mirex2017":5.712852508e-46,"schreiber2018\/cnn":0.006368437,"schreiber2018\/fcn":1.0,"schreiber2018\/ismir2018":0.8796575225,"zplane\/auftakt_v3":2.268162456e-38},