Reference,Size,Min,Max,Avg,Stdev,Sweet Oct. Start,Sweet Oct. Coverage
1.0,698,60.0,224.0,130.14469914040114,39.52781534102141,91.0,0.7134670487106017
2.0,698,68.84701978907452,214.28571428571377,129.8045928615444,39.69272235341283,72.0,0.7134670487106017
2.0-no-dupes,685,68.84701978907452,214.28571428571377,130.02983151441052,39.82627774066157,72.0,0.7094890510948905
3.0,698,68.57142857142857,214.2857142857141,129.77167716627852,39.72105557734209,72.0,0.7134670487106017
3.0-no-dupes,685,68.57142857142857,214.2857142857141,130.0012818866294,39.86612153722974,72.0,0.7094890510948905
4.0,698,58.0,219.0,129.76790830945558,39.6345283932547,71.0,0.7106017191977078
