{"Size":{"1.0":698,"2.0":698,"2.0-no-dupes":685,"3.0":698,"3.0-no-dupes":685,"4.0":698},"Min":{"1.0":60.0,"2.0":68.8470197891,"2.0-no-dupes":68.8470197891,"3.0":68.5714285714,"3.0-no-dupes":68.5714285714,"4.0":58.0},"Max":{"1.0":224.0,"2.0":214.2857142857,"2.0-no-dupes":214.2857142857,"3.0":214.2857142857,"3.0-no-dupes":214.2857142857,"4.0":219.0},"Avg":{"1.0":130.1446991404,"2.0":129.8045928615,"2.0-no-dupes":130.0298315144,"3.0":129.7716771663,"3.0-no-dupes":130.0012818866,"4.0":129.7679083095},"Stdev":{"1.0":39.527815341,"2.0":39.6927223534,"2.0-no-dupes":39.8262777407,"3.0":39.7210555773,"3.0-no-dupes":39.8661215372,"4.0":39.6345283933},"Sweet Oct. Start":{"1.0":91.0,"2.0":72.0,"2.0-no-dupes":72.0,"3.0":72.0,"3.0-no-dupes":72.0,"4.0":71.0},"Sweet Oct. Coverage":{"1.0":0.7134670487,"2.0":0.7134670487,"2.0-no-dupes":0.7094890511,"3.0":0.7134670487,"3.0-no-dupes":0.7094890511,"4.0":0.7106017192}}