{"OE1_MEAN":{"schreiber2018\/cnn":0.0012503388,"schreiber2018\/fcn":-0.0106628995,"schreiber2018\/ismir2018":-0.0353445513,"boeck2015\/tempodetector2016_default":-0.126262809,"schreiber2014\/default":-0.3077366413,"zplane\/auftakt_v3":-0.2610038976,"oliveira2010\/ibt":-0.2390175227,"klapuri2006\/percival2014":-0.2428398689,"percival2014\/stem":-0.3083552176,"schreiber2017\/mirex2017":-0.3234407577,"davies2009\/mirex_qm_tempotracker":-0.0829646327,"scheirer1998\/percival2014":-0.1745076662,"schreiber2017\/ismir2017":-0.2933547979,"echonest\/version_3_2_1":-0.3140273331,"gkiokas2012\/default":-0.3784986031},"OE1_STDEV":{"schreiber2018\/cnn":0.1615790515,"schreiber2018\/fcn":0.2173938873,"schreiber2018\/ismir2018":0.2179316624,"boeck2015\/tempodetector2016_default":0.385352006,"schreiber2014\/default":0.4618710529,"zplane\/auftakt_v3":0.4740779494,"oliveira2010\/ibt":0.4864517016,"klapuri2006\/percival2014":0.4898893247,"percival2014\/stem":0.4924964319,"schreiber2017\/mirex2017":0.5164062564,"davies2009\/mirex_qm_tempotracker":0.5202308782,"scheirer1998\/percival2014":0.5207651068,"schreiber2017\/ismir2017":0.5385181634,"echonest\/version_3_2_1":0.5407174376,"gkiokas2012\/default":0.5672713737},"OE2_MEAN":{"schreiber2018\/cnn":0.0041156683,"schreiber2018\/fcn":0.0036637481,"schreiber2018\/ismir2018":0.0019047324,"boeck2015\/tempodetector2016_default":0.0002985807,"schreiber2014\/default":0.0060169404,"zplane\/auftakt_v3":0.0054717471,"oliveira2010\/ibt":0.0088334802,"klapuri2006\/percival2014":0.0158778424,"percival2014\/stem":0.0036425438,"schreiber2017\/mirex2017":0.0032348153,"davies2009\/mirex_qm_tempotracker":0.0261613344,"scheirer1998\/percival2014":0.0269449614,"schreiber2017\/ismir2017":0.0038294249,"echonest\/version_3_2_1":-0.0107576774,"gkiokas2012\/default":0.0006749822},"OE2_STDEV":{"schreiber2018\/cnn":0.0299220975,"schreiber2018\/fcn":0.0260942149,"schreiber2018\/ismir2018":0.0316531681,"boeck2015\/tempodetector2016_default":0.0097673678,"schreiber2014\/default":0.0681737414,"zplane\/auftakt_v3":0.0706227483,"oliveira2010\/ibt":0.0850686379,"klapuri2006\/percival2014":0.0916139829,"percival2014\/stem":0.0607001577,"schreiber2017\/mirex2017":0.0707234483,"davies2009\/mirex_qm_tempotracker":0.0791448546,"scheirer1998\/percival2014":0.1520662877,"schreiber2017\/ismir2017":0.0689157676,"echonest\/version_3_2_1":0.1229592435,"gkiokas2012\/default":0.0430204177}}