Tag,Count
ChaChaCha,0.15902578796561603
Jive,0.08595988538681948
Quickstep,0.1174785100286533
Rumba-American,0.01002865329512894
Rumba-International,0.07306590257879657
Rumba-Misc,0.05730659025787966
Samba,0.12320916905444126
Tango,0.12320916905444126
VienneseWaltz,0.09312320916905444
Waltz,0.15759312320916904
