{"boeck2015\/tempodetector2016_default":{"boeck2015\/tempodetector2016_default":1.0,"boeck2019\/multi_task":0.1153182983,"boeck2019\/multi_task_hjdb":0.1153182983,"boeck2020\/dar":0.0962524414,"davies2009\/mirex_qm_tempotracker":0.0,"echonest\/version_3_2_1":6.167247409e-22,"gkiokas2012\/default":0.3017578125,"klapuri2006\/percival2014":0.0000000058,"oliveira2010\/ibt":0.0,"percival2014\/stem":0.0000061649,"scheirer1998\/percival2014":8.300367027e-45,"schreiber2014\/default":0.0066107512,"schreiber2017\/ismir2017":0.3323059082,"schreiber2017\/mirex2017":0.7905273438,"schreiber2018\/cnn":1.0,"schreiber2018\/fcn":1.0,"schreiber2018\/ismir2018":1.0,"zplane\/auftakt_v3":0.0000034655},"boeck2019\/multi_task":{"boeck2015\/tempodetector2016_default":0.1153182983,"boeck2019\/multi_task":1.0,"boeck2019\/multi_task_hjdb":1.0,"boeck2020\/dar":1.0,"davies2009\/mirex_qm_tempotracker":0.0000010414,"echonest\/version_3_2_1":4.529579978e-16,"gkiokas2012\/default":0.6900379658,"klapuri2006\/percival2014":0.0000191678,"oliveira2010\/ibt":0.0000000017,"percival2014\/stem":0.0095598789,"scheirer1998\/percival2014":9.027730189e-37,"schreiber2014\/default":0.3915283051,"schreiber2017\/ismir2017":0.6900379658,"schreiber2017\/mirex2017":0.2862787247,"schreiber2018\/cnn":0.1153182983,"schreiber2018\/fcn":0.1153182983,"schreiber2018\/ismir2018":0.1153182983,"zplane\/auftakt_v3":0.0054015727},"boeck2019\/multi_task_hjdb":{"boeck2015\/tempodetector2016_default":0.1153182983,"boeck2019\/multi_task":1.0,"boeck2019\/multi_task_hjdb":1.0,"boeck2020\/dar":1.0,"davies2009\/mirex_qm_tempotracker":0.0000010414,"echonest\/version_3_2_1":4.529579978e-16,"gkiokas2012\/default":0.6900379658,"klapuri2006\/percival2014":0.0000191678,"oliveira2010\/ibt":0.0000000017,"percival2014\/stem":0.0095598789,"scheirer1998\/percival2014":9.027730189e-37,"schreiber2014\/default":0.3915283051,"schreiber2017\/ismir2017":0.6900379658,"schreiber2017\/mirex2017":0.2862787247,"schreiber2018\/cnn":0.1153182983,"schreiber2018\/fcn":0.1153182983,"schreiber2018\/ismir2018":0.1153182983,"zplane\/auftakt_v3":0.0054015727},"boeck2020\/dar":{"boeck2015\/tempodetector2016_default":0.0962524414,"boeck2019\/multi_task":1.0,"boeck2019\/multi_task_hjdb":1.0,"boeck2020\/dar":1.0,"davies2009\/mirex_qm_tempotracker":0.0000006922,"echonest\/version_3_2_1":4.529579978e-16,"gkiokas2012\/default":0.6776394844,"klapuri2006\/percival2014":0.0000271919,"oliveira2010\/ibt":0.000000003,"percival2014\/stem":0.0095598789,"scheirer1998\/percival2014":1.966143827e-37,"schreiber2014\/default":0.3915283051,"schreiber2017\/ismir2017":0.6900379658,"schreiber2017\/mirex2017":0.2862787247,"schreiber2018\/cnn":0.0962524414,"schreiber2018\/fcn":0.0962524414,"schreiber2018\/ismir2018":0.0962524414,"zplane\/auftakt_v3":0.0054015727},"davies2009\/mirex_qm_tempotracker":{"boeck2015\/tempodetector2016_default":0.0,"boeck2019\/multi_task":0.0000010414,"boeck2019\/multi_task_hjdb":0.0000010414,"boeck2020\/dar":0.0000006922,"davies2009\/mirex_qm_tempotracker":1.0,"echonest\/version_3_2_1":0.0000871548,"gkiokas2012\/default":0.0000000024,"klapuri2006\/percival2014":0.3581433018,"oliveira2010\/ibt":0.2370471148,"percival2014\/stem":0.0010885382,"scheirer1998\/percival2014":6.977645425e-18,"schreiber2014\/default":0.0000076652,"schreiber2017\/ismir2017":0.0000000024,"schreiber2017\/mirex2017":0.0000000002,"schreiber2018\/cnn":0.0,"schreiber2018\/fcn":0.0,"schreiber2018\/ismir2018":0.0,"zplane\/auftakt_v3":0.0038382659},"echonest\/version_3_2_1":{"boeck2015\/tempodetector2016_default":6.167247409e-22,"boeck2019\/multi_task":4.529579978e-16,"boeck2019\/multi_task_hjdb":4.529579978e-16,"boeck2020\/dar":4.529579978e-16,"davies2009\/mirex_qm_tempotracker":0.0000871548,"echonest\/version_3_2_1":1.0,"gkiokas2012\/default":1.580395122e-20,"klapuri2006\/percival2014":0.0000001646,"oliveira2010\/ibt":0.0033722333,"percival2014\/stem":0.0,"scheirer1998\/percival2014":0.0000000227,"schreiber2014\/default":2.795937476e-16,"schreiber2017\/ismir2017":1.580395122e-20,"schreiber2017\/mirex2017":2.260482666e-21,"schreiber2018\/cnn":1.294408412e-23,"schreiber2018\/fcn":1.294408412e-23,"schreiber2018\/ismir2018":1.015170331e-22,"zplane\/auftakt_v3":0.0},"gkiokas2012\/default":{"boeck2015\/tempodetector2016_default":0.3017578125,"boeck2019\/multi_task":0.6900379658,"boeck2019\/multi_task_hjdb":0.6900379658,"boeck2020\/dar":0.6776394844,"davies2009\/mirex_qm_tempotracker":0.0000000024,"echonest\/version_3_2_1":1.580395122e-20,"gkiokas2012\/default":1.0,"klapuri2006\/percival2014":0.0000002099,"oliveira2010\/ibt":0.0,"percival2014\/stem":0.0007528971,"scheirer1998\/percival2014":1.002572139e-39,"schreiber2014\/default":0.1496127844,"schreiber2017\/ismir2017":1.0,"schreiber2017\/mirex2017":0.647605896,"schreiber2018\/cnn":0.3017578125,"schreiber2018\/fcn":0.2265625,"schreiber2018\/ismir2018":0.2668457031,"zplane\/auftakt_v3":0.0004719867},"klapuri2006\/percival2014":{"boeck2015\/tempodetector2016_default":0.0000000058,"boeck2019\/multi_task":0.0000191678,"boeck2019\/multi_task_hjdb":0.0000191678,"boeck2020\/dar":0.0000271919,"davies2009\/mirex_qm_tempotracker":0.3581433018,"echonest\/version_3_2_1":0.0000001646,"gkiokas2012\/default":0.0000002099,"klapuri2006\/percival2014":1.0,"oliveira2010\/ibt":0.0175332353,"percival2014\/stem":0.0488738923,"scheirer1998\/percival2014":9.35642796e-22,"schreiber2014\/default":0.0002685401,"schreiber2017\/ismir2017":0.0000002099,"schreiber2017\/mirex2017":0.0000000183,"schreiber2018\/cnn":0.0000000008,"schreiber2018\/fcn":0.0000000008,"schreiber2018\/ismir2018":0.0000000008,"zplane\/auftakt_v3":0.0435585219},"oliveira2010\/ibt":{"boeck2015\/tempodetector2016_default":0.0,"boeck2019\/multi_task":0.0000000017,"boeck2019\/multi_task_hjdb":0.0000000017,"boeck2020\/dar":0.000000003,"davies2009\/mirex_qm_tempotracker":0.2370471148,"echonest\/version_3_2_1":0.0033722333,"gkiokas2012\/default":0.0,"klapuri2006\/percival2014":0.0175332353,"oliveira2010\/ibt":1.0,"percival2014\/stem":0.0000131274,"scheirer1998\/percival2014":0.0,"schreiber2014\/default":0.0000000118,"schreiber2017\/ismir2017":0.0,"schreiber2017\/mirex2017":0.0,"schreiber2018\/cnn":0.0,"schreiber2018\/fcn":0.0,"schreiber2018\/ismir2018":4.373671564e-16,"zplane\/auftakt_v3":0.0000577837},"percival2014\/stem":{"boeck2015\/tempodetector2016_default":0.0000061649,"boeck2019\/multi_task":0.0095598789,"boeck2019\/multi_task_hjdb":0.0095598789,"boeck2020\/dar":0.0095598789,"davies2009\/mirex_qm_tempotracker":0.0010885382,"echonest\/version_3_2_1":0.0,"gkiokas2012\/default":0.0007528971,"klapuri2006\/percival2014":0.0488738923,"oliveira2010\/ibt":0.0000131274,"percival2014\/stem":1.0,"scheirer1998\/percival2014":1.06006261e-30,"schreiber2014\/default":0.0729513885,"schreiber2017\/ismir2017":0.0005082604,"schreiber2017\/mirex2017":0.0000696017,"schreiber2018\/cnn":0.000000868,"schreiber2018\/fcn":0.000002556,"schreiber2018\/ismir2018":0.000002556,"zplane\/auftakt_v3":1.0},"scheirer1998\/percival2014":{"boeck2015\/tempodetector2016_default":8.300367027e-45,"boeck2019\/multi_task":9.027730189e-37,"boeck2019\/multi_task_hjdb":9.027730189e-37,"boeck2020\/dar":1.966143827e-37,"davies2009\/mirex_qm_tempotracker":6.977645425e-18,"echonest\/version_3_2_1":0.0000000227,"gkiokas2012\/default":1.002572139e-39,"klapuri2006\/percival2014":9.35642796e-22,"oliveira2010\/ibt":0.0,"percival2014\/stem":1.06006261e-30,"scheirer1998\/percival2014":1.0,"schreiber2014\/default":6.347663071e-34,"schreiber2017\/ismir2017":2.881919067e-38,"schreiber2017\/mirex2017":8.130421095e-40,"schreiber2018\/cnn":8.300367027e-45,"schreiber2018\/fcn":8.300367027e-45,"schreiber2018\/ismir2018":7.910334321e-43,"zplane\/auftakt_v3":4.949592375e-28},"schreiber2014\/default":{"boeck2015\/tempodetector2016_default":0.0066107512,"boeck2019\/multi_task":0.3915283051,"boeck2019\/multi_task_hjdb":0.3915283051,"boeck2020\/dar":0.3915283051,"davies2009\/mirex_qm_tempotracker":0.0000076652,"echonest\/version_3_2_1":2.795937476e-16,