Item,Reference,Estimate
Albums-Commitments-08.jams,161.8341200269723,81.05
Albums-Latin_Jam3-11.jams,176.47058823529414,88.01
Media-103715.jams,68.57142857142857,136.83
Media-104418.jams,206.18556701030934,103.22
Media-105411.jams,99.99999999999999,199.24
