{"Size":{"boeck2015\/tempodetector2016_default":698,"boeck2019\/multi_task":685,"boeck2019\/multi_task_hjdb":685,"davies2009\/mirex_qm_tempotracker":698,"echonest\/version_3_2_1":697,"gkiokas2012\/default":698,"klapuri2006\/percival2014":698,"oliveira2010\/ibt":698,"percival2014\/stem":698,"scheirer1998\/percival2014":647,"schreiber2014\/default":698,"schreiber2017\/ismir2017":698,"schreiber2017\/mirex2017":698,"schreiber2018\/cnn":698,"schreiber2018\/fcn":698,"schreiber2018\/ismir2018":698,"zplane\/auftakt_v3":698},"Min":{"boeck2015\/tempodetector2016_default":57.69,"boeck2019\/multi_task":73.23,"boeck2019\/multi_task_hjdb":52.38,"davies2009\/mirex_qm_tempotracker":60.0927,"echonest\/version_3_2_1":43.201,"gkiokas2012\/default":40.0,"klapuri2006\/percival2014":59.745303,"oliveira2010\/ibt":83.0,"percival2014\/stem":57.9044,"scheirer1998\/percival2014":61.3453,"schreiber2014\/default":55.83072,"schreiber2017\/ismir2017":60.246704,"schreiber2017\/mirex2017":42.267323,"schreiber2018\/cnn":71.0,"schreiber2018\/fcn":62.0,"schreiber2018\/ismir2018":75.0,"zplane\/auftakt_v3":65.9},"Max":{"boeck2015\/tempodetector2016_default":214.29,"boeck2019\/multi_task":211.4,"boeck2019\/multi_task_hjdb":212.21,"davies2009\/mirex_qm_tempotracker":206.719,"echonest\/version_3_2_1":207.6,"gkiokas2012\/default":207.0,"klapuri2006\/percival2014":169.441598,"oliveira2010\/ibt":167.0,"percival2014\/stem":150.341,"scheirer1998\/percival2014":181.818,"schreiber2014\/default":142.73106,"schreiber2017\/ismir2017":208.49776,"schreiber2017\/mirex2017":211.96747,"schreiber2018\/cnn":216.0,"schreiber2018\/fcn":232.0,"schreiber2018\/ismir2018":212.0,"zplane\/auftakt_v3":166.5},"Avg":{"boeck2015\/tempodetector2016_default":117.5095702006,"boeck2019\/multi_task":130.6061313869,"boeck2019\/multi_task_hjdb":130.7936350365,"davies2009\/mirex_qm_tempotracker":120.2936969914,"echonest\/version_3_2_1":104.3654705882,"gkiokas2012\/default":98.2320916905,"klapuri2006\/percival2014":106.1784296777,"oliveira2010\/ibt":106.5272206304,"percival2014\/stem":101.9092048711,"scheirer1998\/percival2014":114.0950842349,"schreiber2014\/default":101.7735583968,"schreiber2017\/ismir2017":122.7544767206,"schreiber2017\/mirex2017":126.0247803682,"schreiber2018\/cnn":129.7893982808,"schreiber2018\/fcn":128.6504297994,"schreiber2018\/ismir2018":126.2893982808,"zplane\/auftakt_v3":105.009025788},"Stdev":{"boeck2015\/tempodetector2016_default":31.5151898716,"boeck2019\/multi_task":39.908117783,"boeck2019\/multi_task_hjdb":39.9323334279,"davies2009\/mirex_qm_tempotracker":28.6210890885,"echonest\/version_3_2_1":31.4653409727,"gkiokas2012\/default":22.7734271245,"klapuri2006\/percival2014":16.6436830106,"oliveira2010\/ibt":17.3436025445,"percival2014\/stem":18.0400693776,"scheirer1998\/percival2014":31.4643517913,"schreiber2014\/default":17.1711748763,"schreiber2017\/ismir2017":36.0795722314,"schreiber2017\/mirex2017":38.1203092187,"schreiber2018\/cnn":39.4906603481,"schreiber2018\/fcn":38.9994059637,"schreiber2018\/ismir2018":37.9720795552,"zplane\/auftakt_v3":17.5019200889},"Sweet Oct. Start":{"boeck2015\/tempodetector2016_default":74.0,"boeck2019\/multi_task":72.0,"boeck2019\/multi_task_hjdb":73.0,"davies2009\/mirex_qm_tempotracker":84.0,"echonest\/version_3_2_1":67.0,"gkiokas2012\/default":67.0,"klapuri2006\/percival2014":76.0,"oliveira2010\/ibt":81.0,"percival2014\/stem":68.0,"scheirer1998\/percival2014":69.0,"schreiber2014\/default":69.0,"schreiber2017\/ismir2017":72.0,"schreiber2017\/mirex2017":72.0,"schreiber2018\/cnn":70.0,"schreiber2018\/fcn":74.0,"schreiber2018\/ismir2018":74.0,"zplane\/auftakt_v3":74.0},"Sweet Oct. Coverage":{"boeck2015\/tempodetector2016_default":0.8266475645,"boeck2019\/multi_task":0.7065693431,"boeck2019\/multi_task_hjdb":0.703649635,"davies2009\/mirex_qm_tempotracker":0.8696275072,"echonest\/version_3_2_1":0.7503586801,"gkiokas2012\/default":0.8567335244,"klapuri2006\/percival2014":0.994269341,"oliveira2010\/ibt":0.9985673352,"percival2014\/stem":0.9555873926,"scheirer1998\/percival2014":0.772797527,"schreiber2014\/default":0.9641833811,"schreiber2017\/ismir2017":0.782234957,"schreiber2017\/mirex2017":0.7421203438,"schreiber2018\/cnn":0.717765043,"schreiber2018\/fcn":0.7277936963,"schreiber2018\/ismir2018":0.7564469914,"zplane\/auftakt_v3":0.9813753582}}