Item,cvar,1.0,2.0,3.0,davies2009/mirex_qm_tempotracker,klapuri2006/percival2014,schreiber2018/fcn,schreiber2018/ismir2018,schreiber2018/cnn,percival2014/stem,gkiokas2012/default,schreiber2017/mirex2017,schreiber2017/ismir2017,scheirer1998/percival2014,zplane/auftakt_v3,oliveira2010/ibt,boeck2015/tempodetector2016_default,echonest/version_3_2_1,schreiber2014/default
Media-104816.jams,0.012019126369651438,208.0,208.69565217391266,208.0,105.469,104.403409,104,104,104,104.14,104.0,104.13059,104.13059,104.447,104.3,103.0,103.45,102.842,104.09117
