{"OE1_MEAN":{"boeck2019\/multi_task":0.0065508674,"boeck2019\/multi_task_hjdb":0.0084495028,"schreiber2018\/cnn":0.0008013207,"schreiber2018\/fcn":-0.0111119176,"schreiber2018\/ismir2018":-0.0357935694,"schreiber2017\/mirex2017":-0.0411389251,"schreiber2017\/ismir2017":-0.0733878863,"boeck2015\/tempodetector2016_default":-0.1267118271,"schreiber2014\/default":-0.3081856594,"zplane\/auftakt_v3":-0.2614529157,"oliveira2010\/ibt":-0.2394665408,"klapuri2006\/percival2014":-0.243288887,"percival2014\/stem":-0.3088042358,"davies2009\/mirex_qm_tempotracker":-0.0834136508,"scheirer1998\/percival2014":-0.175085055,"echonest\/version_3_2_1":-0.3144726283,"gkiokas2012\/default":-0.3789476212},"OE1_STDEV":{"boeck2019\/multi_task":0.1206069861,"boeck2019\/multi_task_hjdb":0.1228541001,"schreiber2018\/cnn":0.1613312886,"schreiber2018\/fcn":0.217020535,"schreiber2018\/ismir2018":0.2173019846,"schreiber2017\/mirex2017":0.2706331656,"schreiber2017\/ismir2017":0.34140403,"boeck2015\/tempodetector2016_default":0.3846160098,"schreiber2014\/default":0.4612631527,"zplane\/auftakt_v3":0.4734912048,"oliveira2010\/ibt":0.4859611623,"klapuri2006\/percival2014":0.4893020726,"percival2014\/stem":0.4920360078,"davies2009\/mirex_qm_tempotracker":0.5198316325,"scheirer1998\/percival2014":0.520586503,"echonest\/version_3_2_1":0.5407719872,"gkiokas2012\/default":0.5665841166},"OE2_MEAN":{"boeck2019\/multi_task":0.0007114514,"boeck2019\/multi_task_hjdb":0.0011502328,"schreiber2018\/cnn":0.0036666502,"schreiber2018\/fcn":0.00321473,"schreiber2018\/ismir2018":0.002888379,"schreiber2017\/mirex2017":0.0004083528,"schreiber2017\/ismir2017":0.0033814009,"boeck2015\/tempodetector2016_default":-0.0001504374,"schreiber2014\/default":0.0055679223,"zplane\/auftakt_v3":0.005022729,"oliveira2010\/ibt":0.0083844621,"klapuri2006\/percival2014":0.0154288243,"percival2014\/stem":0.0031935257,"davies2009\/mirex_qm_tempotracker":0.0257123163,"scheirer1998\/percival2014":0.0263675725,"echonest\/version_3_2_1":-0.0126376928,"gkiokas2012\/default":0.0002259641},"OE2_STDEV":{"boeck2019\/multi_task":0.00844691,"boeck2019\/multi_task_hjdb":0.0151296476,"schreiber2018\/cnn":0.0307451382,"schreiber2018\/fcn":0.0267964939,"schreiber2018\/ismir2018":0.0315412726,"schreiber2017\/mirex2017":0.0450227563,"schreiber2017\/ismir2017":0.0527100937,"boeck2015\/tempodetector2016_default":0.0100610325,"schreiber2014\/default":0.0686082196,"zplane\/auftakt_v3":0.0716206255,"oliveira2010\/ibt":0.0855073098,"klapuri2006\/percival2014":0.091931988,"percival2014\/stem":0.0613006962,"davies2009\/mirex_qm_tempotracker":0.0794314303,"scheirer1998\/percival2014":0.1524200794,"echonest\/version_3_2_1":0.1224941522,"gkiokas2012\/default":0.0439420658}}