Item,Reference,Estimate
Albums-Chrisanne3-07.jams,174.41860465116218,116
Albums-Chrisanne3-09.jams,178.04154302670636,121
Media-103905.jams,105.73077616557376,146
Media-105911.jams,202.02020202020222,176
