{"Accuracy1":{"boeck2020\/dar":0.9742120344,"sun2021\/default":0.9742120344,"schreiber2018\/cnn":0.9684813754,"boeck2019\/multi_task":0.9670487106,"boeck2019\/multi_task_hjdb":0.9656160458,"schreiber2018\/ismir2018":0.946991404,"schreiber2018\/fcn":0.9455587393,"schreiber2017\/mirex2017":0.9169054441,"schreiber2017\/ismir2017":0.8681948424,"boeck2015\/tempodetector2016_default":0.8452722063,"davies2009\/mirex_qm_tempotracker":0.676217765,"schreiber2014\/default":0.6719197708,"zplane\/auftakt_v3":0.6676217765,"percival2014\/stem":0.6575931232,"klapuri2006\/percival2014":0.6461318052,"oliveira2010\/ibt":0.6446991404,"gkiokas2012\/default":0.6303724928,"echonest\/version_3_2_1":0.5744985673,"scheirer1998\/percival2014":0.5386819484},"Accuracy2":{"boeck2020\/dar":0.9813753582,"sun2021\/default":0.9871060172,"schreiber2018\/cnn":0.9928366762,"boeck2019\/multi_task":0.9813753582,"boeck2019\/multi_task_hjdb":0.9799426934,"schreiber2018\/ismir2018":0.994269341,"schreiber2018\/fcn":0.9899713467,"schreiber2017\/mirex2017":0.9885386819,"schreiber2017\/ismir2017":0.9842406877,"boeck2015\/tempodetector2016_default":1.0,"davies2009\/mirex_qm_tempotracker":0.9240687679,"schreiber2014\/default":0.9727793696,"zplane\/auftakt_v3":0.9512893983,"percival2014\/stem":0.9555873926,"klapuri2006\/percival2014":0.9283667622,"oliveira2010\/ibt":0.9068767908,"gkiokas2012\/default":0.9813753582,"echonest\/version_3_2_1":0.8739255014,"scheirer1998\/percival2014":0.7607449857}}