{"AOE1_MEAN":{"boeck2020\/dar":0.0109348238,"boeck2019\/multi_task":0.0179262612,"boeck2019\/multi_task_hjdb":0.0187917627,"sun2021\/default":0.0226203161,"schreiber2018\/cnn":0.0329757033,"schreiber2018\/fcn":0.0546123582,"schreiber2018\/ismir2018":0.0559484786,"schreiber2017\/mirex2017":0.0818236592,"schreiber2017\/ismir2017":0.1294240791,"boeck2015\/tempodetector2016_default":0.1678363697,"davies2009\/mirex_qm_tempotracker":0.3039964376,"zplane\/auftakt_v3":0.3078907384,"oliveira2010\/ibt":0.3190723844,"klapuri2006\/percival2014":0.3198731087,"schreiber2014\/default":0.3213018299,"percival2014\/stem":0.3308283982,"scheirer1998\/percival2014":0.3384975659,"echonest\/version_3_2_1":0.3871263826,"gkiokas2012\/default":0.4107091157},"AOE1_STDEV":{"boeck2020\/dar":0.0847700077,"boeck2019\/multi_task":0.1198159449,"boeck2019\/multi_task_hjdb":0.1219979623,"sun2021\/default":0.1247042375,"schreiber2018\/cnn":0.1597397807,"schreiber2018\/fcn":0.2128137452,"schreiber2018\/ismir2018":0.2157257704,"schreiber2017\/mirex2017":0.2640294787,"schreiber2017\/ismir2017":0.3278442207,"boeck2015\/tempodetector2016_default":0.3733477879,"davies2009\/mirex_qm_tempotracker":0.4329247509,"zplane\/auftakt_v3":0.4489342581,"oliveira2010\/ibt":0.4412957727,"klapuri2006\/percival2014":0.4472481017,"schreiber2014\/default":0.4573623995,"percival2014\/stem":0.4813253776,"scheirer1998\/percival2014":0.4312916264,"echonest\/version_3_2_1":0.4966790007,"gkiokas2012\/default":0.5511386356},"AOE2_MEAN":{"boeck2020\/dar":0.0036733203,"boeck2019\/multi_task":0.0033906625,"boeck2019\/multi_task_hjdb":0.0037738851,"sun2021\/default":0.0085285376,"schreiber2018\/cnn":0.0076240777,"schreiber2018\/fcn":0.0077794248,"schreiber2018\/ismir2018":0.0075619804,"schreiber2017\/mirex2017":0.0079353952,"schreiber2017\/ismir2017":0.0097485359,"boeck2015\/tempodetector2016_default":0.007231776,"davies2009\/mirex_qm_tempotracker":0.0386448414,"zplane\/auftakt_v3":0.0177438842,"oliveira2010\/ibt":0.0343098056,"klapuri2006\/percival2014":0.0287019703,"schreiber2014\/default":0.0144424614,"percival2014\/stem":0.0152921175,"scheirer1998\/percival2014":0.0703587178,"echonest\/version_3_2_1":0.0450825716,"gkiokas2012\/default":0.0106101401},"AOE2_STDEV":{"boeck2020\/dar":0.0044450861,"boeck2019\/multi_task":0.0038743133,"boeck2019\/multi_task_hjdb":0.0125348923,"sun2021\/default":0.0191512581,"schreiber2018\/cnn":0.0295091952,"schreiber2018\/fcn":0.0254229048,"schreiber2018\/ismir2018":0.0310931875,"schreiber2017\/mirex2017":0.0443403618,"schreiber2017\/ismir2017":0.0520665208,"boeck2015\/tempodetector2016_default":0.0065898827,"davies2009\/mirex_qm_tempotracker":0.074674149,"zplane\/auftakt_v3":0.0680554389,"oliveira2010\/ibt":0.0791810524,"klapuri2006\/percival2014":0.0889020686,"schreiber2014\/default":0.0675577199,"percival2014\/stem":0.0594467557,"scheirer1998\/percival2014":0.1368417659,"echonest\/version_3_2_1":0.1148410629,"gkiokas2012\/default":0.0421072272}}