{"AOE1_MEAN":{"boeck2020\/dar":0.0256037048,"boeck2019\/multi_task":0.0308279188,"boeck2019\/multi_task_hjdb":0.0330663149,"schreiber2018\/cnn":0.0433493676,"schreiber2018\/fcn":0.0646784462,"schreiber2018\/ismir2018":0.0649926616,"schreiber2017\/mirex2017":0.0921386732,"schreiber2017\/ismir2017":0.1413675152,"boeck2015\/tempodetector2016_default":0.1747629386,"davies2009\/mirex_qm_tempotracker":0.3025630186,"zplane\/auftakt_v3":0.313378122,"oliveira2010\/ibt":0.3213243793,"klapuri2006\/percival2014":0.323828677,"schreiber2014\/default":0.3262888828,"percival2014\/stem":0.3366953107,"scheirer1998\/percival2014":0.3431042383,"echonest\/version_3_2_1":0.3887589442,"gkiokas2012\/default":0.4115345423},"AOE1_STDEV":{"boeck2020\/dar":0.1136255402,"boeck2019\/multi_task":0.1373412439,"boeck2019\/multi_task_hjdb":0.1436520537,"schreiber2018\/cnn":0.1720198574,"schreiber2018\/fcn":0.2224049101,"schreiber2018\/ismir2018":0.2226617282,"schreiber2017\/mirex2017":0.2647079335,"schreiber2017\/ismir2017":0.3289008856,"boeck2015\/tempodetector2016_default":0.3688970758,"davies2009\/mirex_qm_tempotracker":0.4283689834,"zplane\/auftakt_v3":0.4450252821,"oliveira2010\/ibt":0.4366573211,"klapuri2006\/percival2014":0.4425263092,"schreiber2014\/default":0.4515230629,"percival2014\/stem":0.4766849587,"scheirer1998\/percival2014":0.4305165332,"echonest\/version_3_2_1":0.4898568299,"gkiokas2012\/default":0.5459839505},"AOE2_MEAN":{"boeck2020\/dar":0.0150706809,"boeck2019\/multi_task":0.0142789151,"boeck2019\/multi_task_hjdb":0.0146971279,"schreiber2018\/cnn":0.0161154151,"schreiber2018\/fcn":0.0155191316,"schreiber2018\/ismir2018":0.0154749199,"schreiber2017\/mirex2017":0.0195354904,"schreiber2017\/ismir2017":0.0212644179,"boeck2015\/tempodetector2016_default":0.0182195593,"davies2009\/mirex_qm_tempotracker":0.0435599202,"zplane\/auftakt_v3":0.0282633721,"oliveira2010\/ibt":0.0416595609,"klapuri2006\/percival2014":0.0379507558,"schreiber2014\/default":0.0257698723,"percival2014\/stem":0.0258702131,"scheirer1998\/percival2014":0.075296012,"echonest\/version_3_2_1":0.055251035,"gkiokas2012\/default":0.0198073682},"AOE2_STDEV":{"boeck2020\/dar":0.0467944213,"boeck2019\/multi_task":0.0464123127,"boeck2019\/multi_task_hjdb":0.0475519311,"schreiber2018\/cnn":0.0551408504,"schreiber2018\/fcn":0.0545881776,"schreiber2018\/ismir2018":0.055781894,"schreiber2017\/mirex2017":0.0639713252,"schreiber2017\/ismir2017":0.0683685131,"boeck2015\/tempodetector2016_default":0.0469585186,"davies2009\/mirex_qm_tempotracker":0.0823089587,"zplane\/auftakt_v3":0.0793360962,"oliveira2010\/ibt":0.0835771218,"klapuri2006\/percival2014":0.0950450409,"schreiber2014\/default":0.0799610091,"percival2014\/stem":0.0722324438,"scheirer1998\/percival2014":0.1372345904,"echonest\/version_3_2_1":0.1203727825,"gkiokas2012\/default":0.0634010426}}