Item,Reference,Estimate
Albums-Chrisanne1-12.jams,199.91673605328907,208
Albums-Chrisanne1-14.jams,199.00497512437795,208
Albums-Chrisanne3-09.jams,178.7487586891755,121
Albums-Fire-13.jams,88.66995073891628,132
Media-103905.jams,102.98524890057887,232
Media-105002.jams,82.68060995657716,87
