Item,Reference,Estimate
Albums-Chrisanne3-07.jams,174.41860465116218,116
Albums-Chrisanne3-09.jams,178.04154302670636,121
Media-103315.jams,180.1801801801802,121
Media-104905.jams,84.86562942008477,97
Media-105302.jams,83.33333333333347,87
