Item,Reference,Estimate
Albums-Chrisanne3-03.jams,86.9565217391305,176.66
Albums-Mambo_Kings-10.jams,103.44827586206864,205.15
Albums-Step_By_Step-16.jams,204.0816326530609,101.5
Media-103606.jams,102.04081632653045,204.11
Media-103614.jams,171.42857142857162,85.73
Media-103715.jams,68.84701978907452,138.04
Media-103905.jams,105.73077616557376,204.17
Media-105207.jams,214.28571428571377,107.22
Media-105403.jams,101.86757215619703,204.08
Media-106009.jams,87.97653958944294,175.92
