{"OE1_MEAN":{"boeck2020\/dar":-0.0058661226,"boeck2019\/multi_task":0.0017681788,"boeck2019\/multi_task_hjdb":0.0036668142,"sun2021\/default":-0.0095566324,"schreiber2018\/cnn":-0.0037085876,"schreiber2018\/ismir2018":-0.0403034777,"schreiber2018\/fcn":-0.0156218259,"schreiber2017\/mirex2017":-0.0456488334,"schreiber2017\/ismir2017":-0.0778977947,"boeck2015\/tempodetector2016_default":-0.1312217354,"schreiber2014\/default":-0.3126955677,"zplane\/auftakt_v3":-0.265962824,"oliveira2010\/ibt":-0.2439764491,"klapuri2006\/percival2014":-0.2477987953,"percival2014\/stem":-0.3133141441,"davies2009\/mirex_qm_tempotracker":-0.0879235591,"scheirer1998\/percival2014":-0.1808845307,"echonest\/version_3_2_1":-0.3189927362,"gkiokas2012\/default":-0.3834575295},"OE1_STDEV":{"boeck2020\/dar":0.1163267023,"boeck2019\/multi_task":0.1407474738,"boeck2019\/multi_task_hjdb":0.1473629811,"sun2021\/default":0.147892313,"schreiber2018\/cnn":0.177359086,"schreiber2018\/ismir2018":0.2284248693,"schreiber2018\/fcn":0.2310913326,"schreiber2017\/mirex2017":0.2765429608,"schreiber2017\/ismir2017":0.3494173729,"boeck2015\/tempodetector2016_default":0.3865333018,"schreiber2014\/default":0.4610412057,"zplane\/auftakt_v3":0.4748864341,"oliveira2010\/ibt":0.4841430213,"klapuri2006\/percival2014":0.4891730813,"percival2014\/stem":0.4923682861,"davies2009\/mirex_qm_tempotracker":0.5170239974,"scheirer1998\/percival2014":0.5199478726,"echonest\/version_3_2_1":0.5379004227,"gkiokas2012\/default":0.5660560721},"OE2_MEAN":{"boeck2020\/dar":-0.0029464146,"boeck2019\/multi_task":-0.0026113833,"boeck2019\/multi_task_hjdb":-0.0021726019,"sun2021\/default":-0.0044205829,"schreiber2018\/cnn":0.0005894067,"schreiber2018\/ismir2018":-0.0016215293,"schreiber2018\/fcn":0.0001374864,"schreiber2017\/mirex2017":-0.0026688907,"schreiber2017\/ismir2017":0.0003041574,"boeck2015\/tempodetector2016_default":-0.003227681,"schreiber2014\/default":0.0024906787,"zplane\/auftakt_v3":0.0042162053,"oliveira2010\/ibt":0.0067398833,"klapuri2006\/percival2014":0.0152169102,"percival2014\/stem":0.0001162822,"davies2009\/mirex_qm_tempotracker":0.0240677375,"scheirer1998\/percival2014":0.024563402,"echonest\/version_3_2_1":-0.01285364,"gkiokas2012\/default":-0.0014186147},"OE2_STDEV":{"boeck2020\/dar":0.0490730265,"boeck2019\/multi_task":0.0484888736,"boeck2019\/multi_task_hjdb":0.0497239532,"sun2021\/default":0.0531746897,"schreiber2018\/cnn":0.0574445174,"schreiber2018\/ismir2018":0.0578659095,"schreiber2018\/fcn":0.0567511557,"schreiber2017\/mirex2017":0.0668344436,"schreiber2017\/ismir2017":0.0715984396,"boeck2015\/tempodetector2016_default":0.0502656631,"schreiber2014\/default":0.0839740783,"zplane\/auftakt_v3":0.0841145527,"oliveira2010\/ibt":0.0931409054,"klapuri2006\/percival2014":0.1012040775,"percival2014\/stem":0.0767253566,"davies2009\/mirex_qm_tempotracker":0.0899609657,"scheirer1998\/percival2014":0.1545945067,"echonest\/version_3_2_1":0.1318221058,"gkiokas2012\/default":0.0664079179}}