{"Accuracy1":{"schreiber2018\/cnn":0.9570200573,"boeck2019\/multi_task":0.9541547278,"boeck2019\/multi_task_hjdb":0.9512893983,"schreiber2018\/fcn":0.9340974212,"schreiber2018\/ismir2018":0.9326647564,"schreiber2017\/mirex2017":0.9054441261,"schreiber2017\/ismir2017":0.8538681948,"boeck2015\/tempodetector2016_default":0.8323782235,"davies2009\/mirex_qm_tempotracker":0.676217765,"zplane\/auftakt_v3":0.6690544413,"schreiber2014\/default":0.6676217765,"percival2014\/stem":0.6561604585,"klapuri2006\/percival2014":0.6489971347,"oliveira2010\/ibt":0.6432664756,"gkiokas2012\/default":0.6318051576,"echonest\/version_3_2_1":0.5702005731,"scheirer1998\/percival2014":0.5372492837},"Accuracy2":{"schreiber2018\/cnn":0.9871060172,"boeck2019\/multi_task":0.9756446991,"boeck2019\/multi_task_hjdb":0.9756446991,"schreiber2018\/fcn":0.9871060172,"schreiber2018\/ismir2018":0.9871060172,"schreiber2017\/mirex2017":0.9842406877,"schreiber2017\/ismir2017":0.9799426934,"boeck2015\/tempodetector2016_default":0.9871060172,"davies2009\/mirex_qm_tempotracker":0.9169054441,"zplane\/auftakt_v3":0.9484240688,"schreiber2014\/default":0.9670487106,"percival2014\/stem":0.9498567335,"klapuri2006\/percival2014":0.9283667622,"oliveira2010\/ibt":0.9025787966,"gkiokas2012\/default":0.9799426934,"echonest\/version_3_2_1":0.8653295129,"scheirer1998\/percival2014":0.7564469914}}