{"Accuracy1":{"boeck2019\/multi_task":0.9854014599,"boeck2019\/multi_task_hjdb":0.9839416058,"schreiber2018\/cnn":0.9693430657,"schreiber2018\/fcn":0.9459854015,"schreiber2018\/ismir2018":0.9459854015,"schreiber2017\/mirex2017":0.9153284672,"schreiber2017\/ismir2017":0.8656934307,"boeck2015\/tempodetector2016_default":0.8423357664,"davies2009\/mirex_qm_tempotracker":0.6788321168,"schreiber2014\/default":0.6671532847,"zplane\/auftakt_v3":0.6656934307,"percival2014\/stem":0.6510948905,"klapuri2006\/percival2014":0.6423357664,"oliveira2010\/ibt":0.6423357664,"gkiokas2012\/default":0.6233576642,"echonest\/version_3_2_1":0.5693430657,"scheirer1998\/percival2014":0.5401459854},"Accuracy2":{"boeck2019\/multi_task":1.0,"boeck2019\/multi_task_hjdb":0.998540146,"schreiber2018\/cnn":0.9927007299,"schreiber2018\/fcn":0.9912408759,"schreiber2018\/ismir2018":0.9941605839,"schreiber2017\/mirex2017":0.9883211679,"schreiber2017\/ismir2017":0.9839416058,"boeck2015\/tempodetector2016_default":0.998540146,"davies2009\/mirex_qm_tempotracker":0.9270072993,"schreiber2014\/default":0.9722627737,"zplane\/auftakt_v3":0.9532846715,"percival2014\/stem":0.9518248175,"klapuri2006\/percival2014":0.9284671533,"oliveira2010\/ibt":0.9080291971,"gkiokas2012\/default":0.9795620438,"echonest\/version_3_2_1":0.8729927007,"scheirer1998\/percival2014":0.7605839416}}