{"Waltz":{"boeck2015\/tempodetector2016_default":0.9818181818,"boeck2019\/multi_task":0.9727272727,"boeck2019\/multi_task_hjdb":0.9636363636,"boeck2020\/dar":0.9818181818,"davies2009\/mirex_qm_tempotracker":0.4181818182,"echonest\/version_3_2_1":0.3545454545,"gkiokas2012\/default":0.8545454545,"klapuri2006\/percival2014":0.6272727273,"oliveira2010\/ibt":0.6272727273,"percival2014\/stem":0.7636363636,"scheirer1998\/percival2014":0.4090909091,"schreiber2014\/default":0.9,"schreiber2017\/ismir2017":0.8818181818,"schreiber2017\/mirex2017":0.8909090909,"schreiber2018\/cnn":0.9545454545,"schreiber2018\/fcn":0.9545454545,"schreiber2018\/ismir2018":0.9909090909,"zplane\/auftakt_v3":0.7727272727},"VienneseWaltz":{"boeck2015\/tempodetector2016_default":0.8,"boeck2019\/multi_task":1.0,"boeck2019\/multi_task_hjdb":1.0,"boeck2020\/dar":1.0,"davies2009\/mirex_qm_tempotracker":0.7076923077,"echonest\/version_3_2_1":0.1538461538,"gkiokas2012\/default":0.0153846154,"klapuri2006\/percival2014":0.0153846154,"oliveira2010\/ibt":0.0,"percival2014\/stem":0.0,"scheirer1998\/percival2014":0.5384615385,"schreiber2014\/default":0.0,"schreiber2017\/ismir2017":0.7230769231,"schreiber2017\/mirex2017":0.8461538462,"schreiber2018\/cnn":0.9076923077,"schreiber2018\/fcn":0.9384615385,"schreiber2018\/ismir2018":0.8615384615,"zplane\/auftakt_v3":0.0},"Tango":{"boeck2015\/tempodetector2016_default":0.976744186,"boeck2019\/multi_task":1.0,"boeck2019\/multi_task_hjdb":1.0,"boeck2020\/dar":1.0,"davies2009\/mirex_qm_tempotracker":0.988372093,"echonest\/version_3_2_1":0.7558139535,"gkiokas2012\/default":0.6744186047,"klapuri2006\/percival2014":1.0,"oliveira2010\/ibt":0.988372093,"percival2014\/stem":0.9186046512,"scheirer1998\/percival2014":0.7558139535,"schreiber2014\/default":0.8604651163,"schreiber2017\/ismir2017":0.9651162791,"schreiber2017\/mirex2017":0.976744186,"schreiber2018\/cnn":1.0,"schreiber2018\/fcn":0.988372093,"schreiber2018\/ismir2018":1.0,"zplane\/auftakt_v3":0.976744186},"Samba":{"boeck2015\/tempodetector2016_default":0.9534883721,"boeck2019\/multi_task":0.9186046512,"boeck2019\/multi_task_hjdb":0.9069767442,"boeck2020\/dar":0.9534883721,"davies2009\/mirex_qm_tempotracker":0.9534883721,"echonest\/version_3_2_1":0.8488372093,"gkiokas2012\/default":0.9186046512,"klapuri2006\/percival2014":0.976744186,"oliveira2010\/ibt":0.9534883721,"percival2014\/stem":0.976744186,"scheirer1998\/percival2014":0.5813953488,"schreiber2014\/default":0.988372093,"schreiber2017\/ismir2017":0.976744186,"schreiber2017\/mirex2017":0.988372093,"schreiber2018\/cnn":0.9534883721,"schreiber2018\/fcn":0.9069767442,"schreiber2018\/ismir2018":0.9534883721,"zplane\/auftakt_v3":0.9302325581},"Rumba-Misc":{"boeck2015\/tempodetector2016_default":0.9,"boeck2019\/multi_task":1.0,"boeck2019\/multi_task_hjdb":1.0,"boeck2020\/dar":0.975,"davies2009\/mirex_qm_tempotracker":0.725,"echonest\/version_3_2_1":0.875,"gkiokas2012\/default":0.975,"klapuri2006\/percival2014":0.85,"oliveira2010\/ibt":0.825,"percival2014\/stem":0.975,"scheirer1998\/percival2014":0.75,"schreiber2014\/default":1.0,"schreiber2017\/ismir2017":0.9,"schreiber2017\/mirex2017":0.925,"schreiber2018\/cnn":0.975,"schreiber2018\/fcn":1.0,"schreiber2018\/ismir2018":1.0,"zplane\/auftakt_v3":0.925},"Rumba-International":{"boeck2015\/tempodetector2016_default":1.0,"boeck2019\/multi_task":0.9215686275,"boeck2019\/multi_task_hjdb":0.9215686275,"boeck2020\/dar":0.9411764706,"davies2009\/mirex_qm_tempotracker":0.9803921569,"echonest\/version_3_2_1":0.862745098,"gkiokas2012\/default":1.0,"klapuri2006\/percival2014":1.0,"oliveira2010\/ibt":1.0,"percival2014\/stem":0.9803921569,"scheirer1998\/percival2014":0.5294117647,"schreiber2014\/default":1.0,"schreiber2017\/ismir2017":0.9411764706,"schreiber2017\/mirex2017":0.9607843137,"schreiber2018\/cnn":1.0,"schreiber2018\/fcn":1.0,"schreiber2018\/ismir2018":1.0,"zplane\/auftakt_v3":1.0},"Rumba-American":{"boeck2015\/tempodetector2016_default":1.0,"boeck2019\/multi_task":1.0,"boeck2019\/multi_task_hjdb":1.0,"boeck2020\/dar":1.0,"davies2009\/mirex_qm_tempotracker":0.8571428571,"echonest\/version_3_2_1":1.0,"gkiokas2012\/default":1.0,"klapuri2006\/percival2014":1.0,"oliveira2010\/ibt":0.8571428571,"percival2014\/stem":0.8571428571,"scheirer1998\/percival2014":1.0,"schreiber2014\/default":0.5714285714,"schreiber2017\/ismir2017":1.0,"schreiber2017\/mirex2017":1.0,"schreiber2018\/cnn":1.0,"schreiber2018\/fcn":1.0,"schreiber2018\/ismir2018":1.0,"zplane\/auftakt_v3":1.0},"Quickstep":{"boeck2015\/tempodetector2016_default":0.1707317073,"boeck2019\/multi_task":0.9634146341,"boeck2019\/multi_task_hjdb":0.9634146341,"boeck2020\/dar":0.9756097561,"davies2009\/mirex_qm_tempotracker":0.012195122,"echonest\/version_3_2_1":0.0365853659,"gkiokas2012\/default":0.0,"klapuri2006\/percival2014":0.0,"oliveira2010\/ibt":0.0,"percival2014\/stem":0.0,"scheirer1998\/percival2014":0.0,"schreiber2014\/default":0.0,"schreiber2017\/ismir2017":0.5731707317,"schreiber2017\/mirex2017":0.7317073171,"schreiber2018\/cnn":0.9756097561,"schreiber2018\/fcn":0.8048780488,"schreiber2018\/ismir2018":0.8170731707,"zplane\/auftakt_v3":0.0},"Jive":{"boeck2015\/tempodetector2016_default":0.7666666667,"boeck2019\/multi_task":0.9833333333,"boeck2019\/multi_task_hjdb":1.0,"boeck2020\/dar":0.9666666667,"davies2009\/mirex_qm_tempotracker":0.3333333333,"echonest\/version_3_2_1":0.5166666667,"gkiokas2012\/default":0.0,"klapuri2006\/percival2014":0.1333333333,"oliveira2010\/ibt":0.2333333333,"percival2014\/stem":0.0666666667,"scheirer1998\/percival2014":0.4666666667,"schreiber2014\/default":0.1166666667,"schreiber2017\/ismir2017":0.7666666667,"schreiber2017\/mirex2017":0.9,"schreiber2018\/cnn":0.95,"schreiber2018\/fcn":0.95,"schreiber2018\/ismir2018":0.8666666667,"zplane\/auftakt_v3":0.2},"ChaChaCha":{"boeck2015\/tempodetector2016_default":0.990990991,"boeck2019\/multi_task":0.954954955,"boeck2019\/multi_task_hjdb":0.954954955,"boeck2020\/dar":0.963963964,"davies2009\/mirex_qm_tempotracker":1.0,"echonest\/version_3_2_1":0.8468468468,"gkiokas2012\/default":0.990990991,"klapuri2006\/percival2014":1.0,"oliveira2010\/ibt":1.0,"percival2014\/stem":1.0,"scheirer1998\/percival2014":0.7927927928,"schreiber2014\/default":0.981981982,"schreiber2017\/ismir2017":1.0,"schreiber2017\/mirex2017":1.0,"schreiber2018\/cnn":1.0,"schreiber2018\/fcn":1.0,"schreiber2018\/ismir2018":1.0,"zplane\/auftakt_v3":1.0}}