{"AOE1_MEAN":{"schreiber2018\/cnn":0.0425165478,"schreiber2018\/ismir2018":0.0645631681,"schreiber2018\/fcn":0.0658800807,"boeck2015\/tempodetector2016_default":0.1712210752,"davies2009\/mirex_qm_tempotracker":0.2974760403,"zplane\/auftakt_v3":0.308425558,"oliveira2010\/ibt":0.3162840984,"klapuri2006\/percival2014":0.3183476148,"schreiber2014\/default":0.3211982349,"percival2014\/stem":0.3308728195,"scheirer1998\/percival2014":0.3401956026,"schreiber2017\/mirex2017":0.3575692393,"schreiber2017\/ismir2017":0.3646781811,"echonest\/version_3_2_1":0.3851633332,"gkiokas2012\/default":0.4061202003},"AOE1_STDEV":{"schreiber2018\/cnn":0.1805963777,"schreiber2018\/ismir2018":0.2302932265,"schreiber2018\/fcn":0.23364827,"boeck2015\/tempodetector2016_default":0.3713082738,"davies2009\/mirex_qm_tempotracker":0.4295807048,"zplane\/auftakt_v3":0.4476118501,"oliveira2010\/ibt":0.438628029,"klapuri2006\/percival2014":0.4448966067,"schreiber2014\/default":0.4538917157,"percival2014\/stem":0.4783483059,"scheirer1998\/percival2014":0.4320090438,"schreiber2017\/mirex2017":0.4951069479,"schreiber2017\/ismir2017":0.4974585453,"echonest\/version_3_2_1":0.4926807153,"gkiokas2012\/default":0.5501064814},"AOE2_MEAN":{"schreiber2018\/cnn":0.0101769106,"schreiber2018\/ismir2018":0.0095005872,"schreiber2018\/fcn":0.0094541389,"boeck2015\/tempodetector2016_default":0.0121216986,"davies2009\/mirex_qm_tempotracker":0.0382248168,"zplane\/auftakt_v3":0.0213964532,"oliveira2010\/ibt":0.0358782736,"klapuri2006\/percival2014":0.0311353403,"schreiber2014\/default":0.019703461,"percival2014\/stem":0.0202314282,"scheirer1998\/percival2014":0.071218524,"schreiber2017\/mirex2017":0.0205474179,"schreiber2017\/ismir2017":0.0187646754,"echonest\/version_3_2_1":0.0495925634,"gkiokas2012\/default":0.0125039269},"AOE2_STDEV":{"schreiber2018\/cnn":0.0388864115,"schreiber2018\/ismir2018":0.0394942535,"schreiber2018\/fcn":0.036049601,"boeck2015\/tempodetector2016_default":0.0264260651,"davies2009\/mirex_qm_tempotracker":0.0729964579,"zplane\/auftakt_v3":0.0654323214,"oliveira2010\/ibt":0.0754595289,"klapuri2006\/percival2014":0.0852212156,"schreiber2014\/default":0.0701851732,"percival2014\/stem":0.0622789904,"scheirer1998\/percival2014":0.1355713513,"schreiber2017\/mirex2017":0.072547105,"schreiber2017\/ismir2017":0.0671509874,"echonest\/version_3_2_1":0.1158665264,"gkiokas2012\/default":0.0418175347}}