{"boeck2015\/tempodetector2016_default":{"boeck2015\/tempodetector2016_default":1.0,"boeck2019\/multi_task":0.0,"boeck2019\/multi_task_hjdb":0.0,"boeck2020\/dar":4.523657278e-16,"davies2009\/mirex_qm_tempotracker":4.832382023e-21,"echonest\/version_3_2_1":2.193642268e-38,"gkiokas2012\/default":1.681847711e-31,"klapuri2006\/percival2014":2.518056264e-28,"oliveira2010\/ibt":6.955697736e-29,"percival2014\/stem":4.350270369e-26,"scheirer1998\/percival2014":2.386472327e-44,"schreiber2014\/default":7.32231754e-23,"schreiber2017\/ismir2017":0.2031148363,"schreiber2017\/mirex2017":0.0000037914,"schreiber2018\/cnn":1.982659948e-17,"schreiber2018\/fcn":0.0,"schreiber2018\/ismir2018":0.0,"sun2021\/default":6.645909114e-17,"zplane\/auftakt_v3":3.222681063e-24},"boeck2019\/multi_task":{"boeck2015\/tempodetector2016_default":0.0,"boeck2019\/multi_task":1.0,"boeck2019\/multi_task_hjdb":0.625,"boeck2020\/dar":0.5810546875,"davies2009\/mirex_qm_tempotracker":3.239646538e-43,"echonest\/version_3_2_1":1.2919502e-62,"gkiokas2012\/default":7.280107196e-50,"klapuri2006\/percival2014":3.314809854e-47,"oliveira2010\/ibt":8.224594955e-49,"percival2014\/stem":7.017310529e-46,"scheirer1998\/percival2014":3.195701132e-73,"schreiber2014\/default":8.761538923e-43,"schreiber2017\/ismir2017":0.0,"schreiber2017\/mirex2017":0.0001206291,"schreiber2018\/cnn":0.8776143288,"schreiber2018\/fcn":0.0759047295,"schreiber2018\/ismir2018":0.0580641468,"sun2021\/default":0.6358280026,"zplane\/auftakt_v3":5.121533707e-44},"boeck2019\/multi_task_hjdb":{"boeck2015\/tempodetector2016_default":0.0,"boeck2019\/multi_task":0.625,"boeck2019\/multi_task_hjdb":1.0,"boeck2020\/dar":0.2265625,"davies2009\/mirex_qm_tempotracker":3.634924798e-42,"echonest\/version_3_2_1":4.547211425e-62,"gkiokas2012\/default":2.616081867e-48,"klapuri2006\/percival2014":3.6965637e-46,"oliveira2010\/ibt":9.753237693e-48,"percival2014\/stem":7.658534175e-45,"scheirer1998\/percival2014":6.964080736e-72,"schreiber2014\/default":2.415430113e-41,"schreiber2017\/ismir2017":0.0,"schreiber2017\/mirex2017":0.000377792,"schreiber2018\/cnn":0.6358280026,"schreiber2018\/fcn":0.1189204526,"schreiber2018\/ismir2018":0.1047894824,"sun2021\/default":0.4176921908,"zplane\/auftakt_v3":5.612888352e-43},"boeck2020\/dar":{"boeck2015\/tempodetector2016_default":4.523657278e-16,"boeck2019\/multi_task":0.5810546875,"boeck2019\/multi_task_hjdb":0.2265625,"boeck2020\/dar":1.0,"davies2009\/mirex_qm_tempotracker":1.46894769e-44,"echonest\/version_3_2_1":2.094698005e-65,"gkiokas2012\/default":6.192320092e-53,"klapuri2006\/percival2014":1.117894868e-49,"oliveira2010\/ibt":3.527619234e-50,"percival2014\/stem":2.512363396e-48,"scheirer1998\/percival2014":1.024132374e-75,"schreiber2014\/default":1.291631928e-45,"schreiber2017\/ismir2017":0.0,"schreiber2017\/mirex2017":0.0000224296,"schreiber2018\/cnn":1.0,"schreiber2018\/fcn":0.0212941141,"schreiber2018\/ismir2018":0.0175332353,"sun2021\/default":1.0,"zplane\/auftakt_v3":1.785719262e-46},"davies2009\/mirex_qm_tempotracker":{"boeck2015\/tempodetector2016_default":4.832382023e-21,"boeck2019\/multi_task":3.239646538e-43,"boeck2019\/multi_task_hjdb":3.634924798e-42,"boeck2020\/dar":1.46894769e-44,"davies2009\/mirex_qm_tempotracker":1.0,"echonest\/version_3_2_1":0.0000000867,"gkiokas2012\/default":0.0195174812,"klapuri2006\/percival2014":0.0818369519,"oliveira2010\/ibt":0.0285908938,"percival2014\/stem":0.2578426995,"scheirer1998\/percival2014":0.0,"schreiber2014\/default":0.6850706623,"schreiber2017\/ismir2017":4.824184038e-20,"schreiber2017\/mirex2017":2.81540275e-34,"schreiber2018\/cnn":2.489355376e-47,"schreiber2018\/fcn":1.648200765e-39,"schreiber2018\/ismir2018":5.126187602e-42,"sun2021\/default":1.368566598e-46,"zplane\/auftakt_v3":0.7183477583},"echonest\/version_3_2_1":{"boeck2015\/tempodetector2016_default":2.193642268e-38,"boeck2019\/multi_task":1.2919502e-62,"boeck2019\/multi_task_hjdb":4.547211425e-62,"boeck2020\/dar":2.094698005e-65,"davies2009\/mirex_qm_tempotracker":0.0000000867,"echonest\/version_3_2_1":1.0,"gkiokas2012\/default":0.0020157533,"klapuri2006\/percival2014":0.0000144188,"oliveira2010\/ibt":0.00005917,"percival2014\/stem":0.0000035611,"scheirer1998\/percival2014":0.1477586916,"schreiber2014\/default":0.0000003244,"schreiber2017\/ismir2017":2.415430113e-41,"schreiber2017\/mirex2017":5.773574152e-54,"schreiber2018\/cnn":1.665523826e-71,"schreiber2018\/fcn":3.810889954e-65,"schreiber2018\/ismir2018":1.036613505e-65,"sun2021\/default":2.768433629e-70,"zplane\/auftakt_v3":0.0000000694},"gkiokas2012\/default":{"boeck2015\/tempodetector2016_default":1.681847711e-31,"boeck2019\/multi_task":7.280107196e-50,"boeck2019\/multi_task_hjdb":2.616081867e-48,"boeck2020\/dar":6.192320092e-53,"davies2009\/mirex_qm_tempotracker":0.0195174812,"echonest\/version_3_2_1":0.0020157533,"gkiokas2012\/default":1.0,"klapuri2006\/percival2014":0.2409546687,"oliveira2010\/ibt":0.4749585399,"percival2014\/stem":0.0498001143,"scheirer1998\/percival2014":0.0000394016,"schreiber2014\/default":0.0035448128,"schreiber2017\/ismir2017":3.932224073e-30,"schreiber2017\/mirex2017":6.434965644e-41,"schreiber2018\/cnn":5.813522916e-56,"schreiber2018\/fcn":1.595755805e-49,"schreiber2018\/ismir2018":2.86594801e-54,"sun2021\/default":1.601345833e-56,"zplane\/auftakt_v3":0.0063773014},"klapuri2006\/percival2014":{"boeck2015\/tempodetector2016_default":2.518056264e-28,"boeck2019\/multi_task":3.314809854e-47,"boeck2019\/multi_task_hjdb":3.6965637e-46,"boeck2020\/dar":1.117894868e-49,"davies2009\/mirex_qm_tempotracker":0.0818369519,"echonest\/version_3_2_1":0.0000144188,"gkiokas2012\/default":0.2409546687,"klapuri2006\/percival2014":1.0,"oliveira2010\/ibt":0.6358280026,"percival2014\/stem":0.5900533318,"scheirer1998\/percival2014":0.0000003406,"schreiber2014\/default":0.129917923,"schreiber2017\/ismir2017":1.47152805e-27,"schreiber2017\/mirex2017":9.463983111e-39,"schreiber2018\/cnn":4.417219351e-54,"schreiber2018\/fcn":1.155270178e-45,"schreiber2018\/ismir2018":1.086578703e-51,"sun2021\/default":1.788616952e-52,"zplane\/auftakt_v3":0.0435585219},"oliveira2010\/ibt":{"boeck2015\/tempodetector2016_default":6.955697736e-29,"boeck2019\/multi_task":8.224594955e-49,"boeck2019\/multi_task_hjdb":9.753237693e-48,"boeck2020\/dar":3.527619234e-50,"davies2009\/mirex_qm_tempotracker":0.0285908938,"echonest\/version_3_2_1":0.00005917,"gkiokas2012\/default":0.4749585399,"klapuri2006\/percival2014":0.6358280026,"oliveira2010\/ibt":1.0,"percival2014\/stem":0.2975952083,"scheirer1998\/percival2014":0.0000009611,"schreiber2014\/default":0.0646716875,"schreiber2017\/ismir2017":2.043183448e-24,"schreiber2017\/mirex2017":2.193642268e-38,"schreiber2018\/cnn":1.001775857e-53,"schreiber2018\/fcn":3.596994544e-46,"schreiber2018\/ismir2018":5.481391398e-52,"sun2021\/default":2.768357576e-54,"zplane\/auftakt_v3":0.0175332353},"percival2014\/stem":{"boeck2015\/tempodetector2016_default":4.350270369e-26,"boeck2019\/multi_task":7.017310529e-46,"boeck2019\/multi_task_hjdb":7.658534175e-45,"boeck2020\/dar":2.512363396e-48,"davies2009\/mirex_qm_tempotracker":0.2578426995,"echonest\/version_3_2_1":0.0000035611,"gkiokas2012\/default":0.0498001143,"klapuri2006\/percival2014":0.5900533318,"oliveira2010\/ibt":0.2975952083,"percival2014\/stem":1.0,"scheirer1998\/percival2014":0.0000000884,"schreiber2014\/default":0.3581433018,"schreiber2017\/ismir2017":4.73436704e-23,"schreiber2017\/mirex2017":4.433445475e-36,"schreiber2018\/cnn":6.290652532e-52,"schreiber2018\/fcn":9.344840454e-44,"schreiber2018\/ismir2018":1.995143914e-49,"sun2021\/default":1.97714685e-50,"zplane\/auftakt_v3":0.2624375357},"scheirer1998\/percival2014":{"boeck2015\/tempodetector2016_default":2.386472327e-44,"boeck2019\/multi_task":3.195701132e-73,"boeck2019\/multi_task_hjdb":6.964080736e-72,"boeck2020\/dar":1.024132374e-75,"davies2009\/mirex_qm_tempotracker":0.0,"echonest\/version_3_2_1":0.1477586916,"gkiokas2012\/default":0.0000394016,"klapuri2006\/percival2014":0.0000003406,