{"Waltz":{"boeck2015\/tempodetector2016_default":0.8818181818,"boeck2019\/multi_task":0.9090909091,"boeck2019\/multi_task_hjdb":0.9090909091,"boeck2020\/dar":0.8909090909,"davies2009\/mirex_qm_tempotracker":0.4181818182,"echonest\/version_3_2_1":0.3181818182,"gkiokas2012\/default":0.8,"klapuri2006\/percival2014":0.6,"oliveira2010\/ibt":0.5909090909,"percival2014\/stem":0.7090909091,"scheirer1998\/percival2014":0.3818181818,"schreiber2014\/default":0.8272727273,"schreiber2017\/ismir2017":0.8,"schreiber2017\/mirex2017":0.8181818182,"schreiber2018\/cnn":0.8818181818,"schreiber2018\/fcn":0.8818181818,"schreiber2018\/ismir2018":0.9181818182,"sun2021\/default":0.9181818182,"zplane\/auftakt_v3":0.7},"VienneseWaltz":{"boeck2015\/tempodetector2016_default":0.7846153846,"boeck2019\/multi_task":1.0,"boeck2019\/multi_task_hjdb":1.0,"boeck2020\/dar":1.0,"davies2009\/mirex_qm_tempotracker":0.6615384615,"echonest\/version_3_2_1":0.1538461538,"gkiokas2012\/default":0.0153846154,"klapuri2006\/percival2014":0.0153846154,"oliveira2010\/ibt":0.0,"percival2014\/stem":0.0,"scheirer1998\/percival2014":0.5384615385,"schreiber2014\/default":0.0,"schreiber2017\/ismir2017":0.7230769231,"schreiber2017\/mirex2017":0.8461538462,"schreiber2018\/cnn":0.9076923077,"schreiber2018\/fcn":0.9384615385,"schreiber2018\/ismir2018":0.8615384615,"sun2021\/default":0.9384615385,"zplane\/auftakt_v3":0.0},"Tango":{"boeck2015\/tempodetector2016_default":0.9186046512,"boeck2019\/multi_task":0.976744186,"boeck2019\/multi_task_hjdb":0.976744186,"boeck2020\/dar":0.976744186,"davies2009\/mirex_qm_tempotracker":0.9651162791,"echonest\/version_3_2_1":0.7325581395,"gkiokas2012\/default":0.6395348837,"klapuri2006\/percival2014":0.976744186,"oliveira2010\/ibt":0.9651162791,"percival2014\/stem":0.8953488372,"scheirer1998\/percival2014":0.7558139535,"schreiber2014\/default":0.8372093023,"schreiber2017\/ismir2017":0.9418604651,"schreiber2017\/mirex2017":0.9534883721,"schreiber2018\/cnn":0.988372093,"schreiber2018\/fcn":0.976744186,"schreiber2018\/ismir2018":0.976744186,"sun2021\/default":0.988372093,"zplane\/auftakt_v3":0.9534883721},"Samba":{"boeck2015\/tempodetector2016_default":0.9186046512,"boeck2019\/multi_task":0.8953488372,"boeck2019\/multi_task_hjdb":0.8837209302,"boeck2020\/dar":0.9186046512,"davies2009\/mirex_qm_tempotracker":0.9302325581,"echonest\/version_3_2_1":0.8139534884,"gkiokas2012\/default":0.8953488372,"klapuri2006\/percival2014":0.9418604651,"oliveira2010\/ibt":0.9302325581,"percival2014\/stem":0.9418604651,"scheirer1998\/percival2014":0.5581395349,"schreiber2014\/default":0.9534883721,"schreiber2017\/ismir2017":0.9418604651,"schreiber2017\/mirex2017":0.9534883721,"schreiber2018\/cnn":0.9186046512,"schreiber2018\/fcn":0.8720930233,"schreiber2018\/ismir2018":0.9186046512,"sun2021\/default":0.9069767442,"zplane\/auftakt_v3":0.9069767442},"Rumba-Misc":{"boeck2015\/tempodetector2016_default":0.875,"boeck2019\/multi_task":0.975,"boeck2019\/multi_task_hjdb":0.95,"boeck2020\/dar":0.95,"davies2009\/mirex_qm_tempotracker":0.725,"echonest\/version_3_2_1":0.85,"gkiokas2012\/default":0.925,"klapuri2006\/percival2014":0.8,"oliveira2010\/ibt":0.8,"percival2014\/stem":0.925,"scheirer1998\/percival2014":0.725,"schreiber2014\/default":0.95,"schreiber2017\/ismir2017":0.85,"schreiber2017\/mirex2017":0.875,"schreiber2018\/cnn":0.925,"schreiber2018\/fcn":0.95,"schreiber2018\/ismir2018":0.95,"sun2021\/default":0.925,"zplane\/auftakt_v3":0.9},"Rumba-International":{"boeck2015\/tempodetector2016_default":0.9411764706,"boeck2019\/multi_task":0.862745098,"boeck2019\/multi_task_hjdb":0.862745098,"boeck2020\/dar":0.8823529412,"davies2009\/mirex_qm_tempotracker":0.9411764706,"echonest\/version_3_2_1":0.8235294118,"gkiokas2012\/default":0.9411764706,"klapuri2006\/percival2014":0.9411764706,"oliveira2010\/ibt":0.9215686275,"percival2014\/stem":0.9215686275,"scheirer1998\/percival2014":0.5098039216,"schreiber2014\/default":0.9411764706,"schreiber2017\/ismir2017":0.8823529412,"schreiber2017\/mirex2017":0.9019607843,"schreiber2018\/cnn":0.9411764706,"schreiber2018\/fcn":0.9411764706,"schreiber2018\/ismir2018":0.9411764706,"sun2021\/default":0.9215686275,"zplane\/auftakt_v3":0.9411764706},"Rumba-American":{"boeck2015\/tempodetector2016_default":0.8571428571,"boeck2019\/multi_task":0.8571428571,"boeck2019\/multi_task_hjdb":0.8571428571,"boeck2020\/dar":0.8571428571,"davies2009\/mirex_qm_tempotracker":0.7142857143,"echonest\/version_3_2_1":0.8571428571,"gkiokas2012\/default":0.7142857143,"klapuri2006\/percival2014":0.8571428571,"oliveira2010\/ibt":0.5714285714,"percival2014\/stem":0.7142857143,"scheirer1998\/percival2014":0.8571428571,"schreiber2014\/default":0.5714285714,"schreiber2017\/ismir2017":0.8571428571,"schreiber2017\/mirex2017":0.8571428571,"schreiber2018\/cnn":0.8571428571,"schreiber2018\/fcn":0.8571428571,"schreiber2018\/ismir2018":0.8571428571,"sun2021\/default":0.8571428571,"zplane\/auftakt_v3":0.8571428571},"Quickstep":{"boeck2015\/tempodetector2016_default":0.1585365854,"boeck2019\/multi_task":0.9268292683,"boeck2019\/multi_task_hjdb":0.9024390244,"boeck2020\/dar":0.9268292683,"davies2009\/mirex_qm_tempotracker":0.012195122,"echonest\/version_3_2_1":0.0243902439,"gkiokas2012\/default":0.0,"klapuri2006\/percival2014":0.0,"oliveira2010\/ibt":0.0,"percival2014\/stem":0.0,"scheirer1998\/percival2014":0.0,"schreiber2014\/default":0.0,"schreiber2017\/ismir2017":0.5243902439,"schreiber2017\/mirex2017":0.6951219512,"schreiber2018\/cnn":0.9146341463,"schreiber2018\/fcn":0.7804878049,"schreiber2018\/ismir2018":0.7804878049,"sun2021\/default":0.9390243902,"zplane\/auftakt_v3":0.0},"Jive":{"boeck2015\/tempodetector2016_default":0.7666666667,"boeck2019\/multi_task":0.9833333333,"boeck2019\/multi_task_hjdb":1.0,"boeck2020\/dar":0.9666666667,"davies2009\/mirex_qm_tempotracker":0.3333333333,"echonest\/version_3_2_1":0.5166666667,"gkiokas2012\/default":0.0,"klapuri2006\/percival2014":0.1333333333,"oliveira2010\/ibt":0.2333333333,"percival2014\/stem":0.0666666667,"scheirer1998\/percival2014":0.4666666667,"schreiber2014\/default":0.1166666667,"schreiber2017\/ismir2017":0.7666666667,"schreiber2017\/mirex2017":0.9,"schreiber2018\/cnn":0.95,"schreiber2018\/fcn":0.95,"schreiber2018\/ismir2018":0.8666666667,"sun2021\/default":0.9833333333,"zplane\/auftakt_v3":0.2},"ChaChaCha":{"boeck2015\/tempodetector2016_default":0.972972973,"boeck2019\/multi_task":0.9369369369,"boeck2019\/multi_task_hjdb":0.9369369369,"boeck2020\/dar":0.9459459459,"davies2009\/mirex_qm_tempotracker":0.963963964,"echonest\/version_3_2_1":0.8288288288,"gkiokas2012\/default":0.972972973,"klapuri2006\/percival2014":0.981981982,"oliveira2010\/ibt":0.972972973,"percival2014\/stem":0.981981982,"scheirer1998\/percival2014":0.7927927928,"schreiber2014\/default":0.963963964,"schreiber2017\/ismir2017":0.981981982,"schreiber2017\/mirex2017":0.981981982,"schreiber2018\/cnn":0.981981982,"schreiber2018\/fcn":0.981981982,"schreiber2018\/ismir2018":0.981981982,"sun2021\/default":0.972972973,"zplane\/auftakt_v3":0.981981982}}