Item,Reference,Estimate
Albums-Chrisanne3-03.jams,87.80487804878047,176.66
Albums-Mambo_Kings-10.jams,103.00429184549348,205.15
Albums-Step_By_Step-16.jams,204.42930153321984,101.5
Media-103606.jams,102.1276595744681,204.11
Media-103614.jams,172.66187050359704,85.73
Media-103715.jams,68.57142857142857,138.04
Media-103905.jams,102.98524890057887,204.17
Media-105207.jams,214.2857142857141,107.22
Media-105403.jams,101.95412064570947,204.08
Media-106009.jams,88.008800880088,175.92
