Reference,Size,Min,Max,Avg,Stdev,Sweet Oct. Start,Sweet Oct. Coverage
1.0,698,60.0,224.0,130.14469914040114,39.52781534102141,91.0,0.7134670487106017
2.0,698,68.57142857142857,214.2857142857141,129.77167716627852,39.72105557734209,72.0,0.7134670487106017
3.0,698,58.0,219.0,129.76790830945558,39.6345283932547,71.0,0.7106017191977078
