Item,Reference,Estimate
Albums-Commitments-08.jams,162.16216216216174,81.05
Albums-Latin_Jam3-11.jams,176.4705882352942,88.01
Media-103715.jams,68.84701978907452,136.83
Media-104418.jams,206.8965517241376,103.22
Media-105411.jams,100.00000000000006,199.24
