{"boeck2015\/tempodetector2016_default":{"boeck2015\/tempodetector2016_default":1.0,"davies2009\/mirex_qm_tempotracker":4.832382023e-21,"echonest\/version_3_2_1":2.193642268e-38,"gkiokas2012\/default":1.681847711e-31,"klapuri2006\/percival2014":2.518056264e-28,"oliveira2010\/ibt":6.955697736e-29,"percival2014\/stem":4.350270369e-26,"scheirer1998\/percival2014":2.386472327e-44,"schreiber2014\/default":7.32231754e-23,"schreiber2017\/ismir2017":5.164644097e-27,"schreiber2017\/mirex2017":5.329988801e-26,"schreiber2018\/cnn":1.982659948e-17,"schreiber2018\/fcn":0.0,"schreiber2018\/ismir2018":0.0,"zplane\/auftakt_v3":3.222681063e-24},"davies2009\/mirex_qm_tempotracker":{"boeck2015\/tempodetector2016_default":4.832382023e-21,"davies2009\/mirex_qm_tempotracker":1.0,"echonest\/version_3_2_1":0.0000000867,"gkiokas2012\/default":0.0195174812,"klapuri2006\/percival2014":0.0818369519,"oliveira2010\/ibt":0.0285908938,"percival2014\/stem":0.2578426995,"scheirer1998\/percival2014":0.0,"schreiber2014\/default":0.6850706623,"schreiber2017\/ismir2017":0.0851916964,"schreiber2017\/mirex2017":0.171634003,"schreiber2018\/cnn":2.489355376e-47,"schreiber2018\/fcn":1.648200765e-39,"schreiber2018\/ismir2018":5.126187602e-42,"zplane\/auftakt_v3":0.7183477583},"echonest\/version_3_2_1":{"boeck2015\/tempodetector2016_default":2.193642268e-38,"davies2009\/mirex_qm_tempotracker":0.0000000867,"echonest\/version_3_2_1":1.0,"gkiokas2012\/default":0.0020157533,"klapuri2006\/percival2014":0.0000144188,"oliveira2010\/ibt":0.00005917,"percival2014\/stem":0.0000035611,"scheirer1998\/percival2014":0.1477586916,"schreiber2014\/default":0.0000003244,"schreiber2017\/ismir2017":0.0000699254,"schreiber2017\/mirex2017":0.0000184866,"schreiber2018\/cnn":1.665523826e-71,"schreiber2018\/fcn":3.810889954e-65,"schreiber2018\/ismir2018":1.036613505e-65,"zplane\/auftakt_v3":0.0000000694},"gkiokas2012\/default":{"boeck2015\/tempodetector2016_default":1.681847711e-31,"davies2009\/mirex_qm_tempotracker":0.0195174812,"echonest\/version_3_2_1":0.0020157533,"gkiokas2012\/default":1.0,"klapuri2006\/percival2014":0.2409546687,"oliveira2010\/ibt":0.4749585399,"percival2014\/stem":0.0498001143,"scheirer1998\/percival2014":0.0000394016,"schreiber2014\/default":0.0035448128,"schreiber2017\/ismir2017":0.3480826236,"schreiber2017\/mirex2017":0.1560692634,"schreiber2018\/cnn":5.813522916e-56,"schreiber2018\/fcn":1.595755805e-49,"schreiber2018\/ismir2018":2.86594801e-54,"zplane\/auftakt_v3":0.0063773014},"klapuri2006\/percival2014":{"boeck2015\/tempodetector2016_default":2.518056264e-28,"davies2009\/mirex_qm_tempotracker":0.0818369519,"echonest\/version_3_2_1":0.0000144188,"gkiokas2012\/default":0.2409546687,"klapuri2006\/percival2014":1.0,"oliveira2010\/ibt":0.6358280026,"percival2014\/stem":0.5900533318,"scheirer1998\/percival2014":0.0000003406,"schreiber2014\/default":0.129917923,"schreiber2017\/ismir2017":0.8955329032,"schreiber2017\/mirex2017":0.8972789613,"schreiber2018\/cnn":4.417219351e-54,"schreiber2018\/fcn":1.155270178e-45,"schreiber2018\/ismir2018":1.086578703e-51,"zplane\/auftakt_v3":0.0435585219},"oliveira2010\/ibt":{"boeck2015\/tempodetector2016_default":6.955697736e-29,"davies2009\/mirex_qm_tempotracker":0.0285908938,"echonest\/version_3_2_1":0.00005917,"gkiokas2012\/default":0.4749585399,"klapuri2006\/percival2014":0.6358280026,"oliveira2010\/ibt":1.0,"percival2014\/stem":0.2975952083,"scheirer1998\/percival2014":0.0000009611,"schreiber2014\/default":0.0646716875,"schreiber2017\/ismir2017":0.8972789613,"schreiber2017\/mirex2017":0.5254280009,"schreiber2018\/cnn":1.001775857e-53,"schreiber2018\/fcn":3.596994544e-46,"schreiber2018\/ismir2018":5.481391398e-52,"zplane\/auftakt_v3":0.0175332353},"percival2014\/stem":{"boeck2015\/tempodetector2016_default":4.350270369e-26,"davies2009\/mirex_qm_tempotracker":0.2578426995,"echonest\/version_3_2_1":0.0000035611,"gkiokas2012\/default":0.0498001143,"klapuri2006\/percival2014":0.5900533318,"oliveira2010\/ibt":0.2975952083,"percival2014\/stem":1.0,"scheirer1998\/percival2014":0.0000000884,"schreiber2014\/default":0.3581433018,"schreiber2017\/ismir2017":0.4567504024,"schreiber2017\/mirex2017":0.8040806575,"schreiber2018\/cnn":6.290652532e-52,"schreiber2018\/fcn":9.344840454e-44,"schreiber2018\/ismir2018":1.995143914e-49,"zplane\/auftakt_v3":0.2624375357},"scheirer1998\/percival2014":{"boeck2015\/tempodetector2016_default":2.386472327e-44,"davies2009\/mirex_qm_tempotracker":0.0,"echonest\/version_3_2_1":0.1477586916,"gkiokas2012\/default":0.0000394016,"klapuri2006\/percival2014":0.0000003406,"oliveira2010\/ibt":0.0000009611,"percival2014\/stem":0.0000000884,"scheirer1998\/percival2014":1.0,"schreiber2014\/default":0.0000000078,"schreiber2017\/ismir2017":0.000000848,"schreiber2017\/mirex2017":0.0000002412,"schreiber2018\/cnn":3.705540733e-78,"schreiber2018\/fcn":1.336862682e-72,"schreiber2018\/ismir2018":3.076994771e-73,"zplane\/auftakt_v3":0.000000002},"schreiber2014\/default":{"boeck2015\/tempodetector2016_default":7.32231754e-23,"davies2009\/mirex_qm_tempotracker":0.6850706623,"echonest\/version_3_2_1":0.0000003244,"gkiokas2012\/default":0.0035448128,"klapuri2006\/percival2014":0.129917923,"oliveira2010\/ibt":0.0646716875,"percival2014\/stem":0.3581433018,"scheirer1998\/percival2014":0.0000000078,"schreiber2014\/default":1.0,"schreiber2017\/ismir2017":0.0674446119,"schreiber2017\/mirex2017":0.1689778223,"schreiber2018\/cnn":2.514849706e-48,"schreiber2018\/fcn":1.27839148e-41,"schreiber2018\/ismir2018":2.197515638e-46,"zplane\/auftakt_v3":1.0},"schreiber2017\/ismir2017":{"boeck2015\/tempodetector2016_default":5.164644097e-27,"davies2009\/mirex_qm_tempotracker":0.0851916964,"echonest\/version_3_2_1":0.0000699254,"gkiokas2012\/default":0.3480826236,"klapuri2006\/percival2014":0.8955329032,"oliveira2010\/ibt":0.8972789613,"percival2014\/stem":0.4567504024,"scheirer1998\/percival2014":0.000000848,"schreiber2014\/default":0.0674446119,"schreiber2017\/ismir2017":1.0,"schreiber2017\/mirex2017":0.480682373,"schreiber2018\/cnn":1.788616952e-52,"schreiber2018\/fcn":8.512360008e-47,"schreiber2018\/ismir2018":1.285556801e-50,"zplane\/auftakt_v3":0.0558972267},"schreiber2017\/mirex2017":{"boeck2015\/tempodetector2016_default":5.329988801e-26,"davies2009\/mirex_qm_tempotracker":0.171634003,"echonest\/version_3_2_1":0.0000184866,"gkiokas2012\/default":0.1560692634,"klapuri2006\/percival2014":0.8972789613,"oliveira2010\/ibt":0.5254280009,"percival2014\/stem":0.8040806575,"scheirer1998\/percival2014":0.0000002412,"schreiber2014\/default":0.1689778223,"schreiber2017\/ismir2017":0.480682373,"schreiber2017\/mirex2017":1.0,"schreiber2018\/cnn":4.722729921e-52,"schreiber2018\/fcn":1.040745298e-45,"schreiber2018\/ismir2018":1.737095269e-49,"zplane\/auftakt_v3":0.155001904},"schreiber2018\/cnn":{"boeck2015\/tempodetector2016_default":1.982659948e-17,"davies2009\/mirex_qm_tempotracker":2.489355376e-47,"echonest\/version_3_2_1":1.665523826e-71,"gkiokas2012\/default":5.813522916e-56,"klapuri2006\/percival2014":4.417219351e-54,"oliveira2010\/ibt":1.001775857e-53,"percival2014\/stem":6.290652532e-52,"scheirer1998\/percival2014":3.705540733e-78,"schreiber2014\/default":2.514849706e-48,"schreiber2017\/ismir2017":1.788616952e-52,"schreiber2017\/mirex2017":4.722729921e-52,"schreiber2018\/cnn":1.0,"schreiber2018\/fcn":0.0195204728,"schreiber2018\/ismir2018":0.0076320786,"zplane\/auftakt_v3":2.06828813e-49},"schreiber2018\/fcn":{"boeck2015\/tempodetector2016_default":0.0,"davies2009\/mirex_qm_tempotracker":1.648200765e-39,"echonest\/version_3_2_1":3.810889954e-65,"gkiokas2012\/default":1.595755805e-49,"klapuri2006\/percival2014":1.155270178e-45,"oliveira2010\/ibt":3.596994544e-46,"percival2014\/stem":9.344840454e-44,"scheirer1998\/percival2014":1.336862682e-72,"schreiber2014\/default":1.27839148e-41,"schreiber2017\/ismir2017":8.512360008e-47,"schreiber2017\/mirex2017":1.040745298e-45,"schreiber2018\/cnn":0.0195204728,"schreiber2018\/fcn":1.0,"schreiber2018\/ismir2018":1.0,