{"boeck2015\/tempodetector2016_default":{"boeck2015\/tempodetector2016_default":1.0,"boeck2019\/multi_task":0.0191085662,"boeck2019\/multi_task_hjdb":0.0197230335,"boeck2020\/dar":0.1157955674,"davies2009\/mirex_qm_tempotracker":5.409144456e-20,"echonest\/version_3_2_1":0.276912826,"gkiokas2012\/default":0.3251328027,"klapuri2006\/percival2014":0.0000014887,"oliveira2010\/ibt":0.0086780175,"percival2014\/stem":0.0348839212,"scheirer1998\/percival2014":0.0000062136,"schreiber2014\/default":0.0288057219,"schreiber2017\/ismir2017":0.0813097641,"schreiber2017\/mirex2017":0.7460470738,"schreiber2018\/cnn":0.001307895,"schreiber2018\/fcn":0.0011162879,"schreiber2018\/ismir2018":0.2168675174,"zplane\/auftakt_v3":0.0231026372},"boeck2019\/multi_task":{"boeck2015\/tempodetector2016_default":0.0191085662,"boeck2019\/multi_task":1.0,"boeck2019\/multi_task_hjdb":0.3775346548,"boeck2020\/dar":0.1248729353,"davies2009\/mirex_qm_tempotracker":7.849602032e-19,"echonest\/version_3_2_1":0.1675905489,"gkiokas2012\/default":0.6080366637,"klapuri2006\/percival2014":0.0000020853,"oliveira2010\/ibt":0.0143030047,"percival2014\/stem":0.0664988827,"scheirer1998\/percival2014":0.0000220203,"schreiber2014\/default":0.0576973495,"schreiber2017\/ismir2017":0.170041644,"schreiber2017\/mirex2017":0.8819900209,"schreiber2018\/cnn":0.0106312018,"schreiber2018\/fcn":0.0138144008,"schreiber2018\/ismir2018":0.5421517944,"zplane\/auftakt_v3":0.0278848012},"boeck2019\/multi_task_hjdb":{"boeck2015\/tempodetector2016_default":0.0197230335,"boeck2019\/multi_task":0.3775346548,"boeck2019\/multi_task_hjdb":1.0,"boeck2020\/dar":0.1273182736,"davies2009\/mirex_qm_tempotracker":4.266228788e-18,"echonest\/version_3_2_1":0.1451762774,"gkiokas2012\/default":0.7862179998,"klapuri2006\/percival2014":0.0000032291,"oliveira2010\/ibt":0.0209076049,"percival2014\/stem":0.08167385,"scheirer1998\/percival2014":0.0000325968,"schreiber2014\/default":0.0890867141,"schreiber2017\/ismir2017":0.2631461043,"schreiber2017\/mirex2017":0.6984612171,"schreiber2018\/cnn":0.0385628438,"schreiber2018\/fcn":0.0569753076,"schreiber2018\/ismir2018":0.8194291269,"zplane\/auftakt_v3":0.0382291632},"boeck2020\/dar":{"boeck2015\/tempodetector2016_default":0.1157955674,"boeck2019\/multi_task":0.1248729353,"boeck2019\/multi_task_hjdb":0.1273182736,"boeck2020\/dar":1.0,"davies2009\/mirex_qm_tempotracker":2.523882464e-19,"echonest\/version_3_2_1":0.1872552926,"gkiokas2012\/default":0.4868018208,"klapuri2006\/percival2014":0.0000013549,"oliveira2010\/ibt":0.0104356188,"percival2014\/stem":0.0509563542,"scheirer1998\/percival2014":0.0000165038,"schreiber2014\/default":0.0445915784,"schreiber2017\/ismir2017":0.1289947563,"schreiber2017\/mirex2017":0.9638654667,"schreiber2018\/cnn":0.0039735503,"schreiber2018\/fcn":0.0045273584,"schreiber2018\/ismir2018":0.3985246287,"zplane\/auftakt_v3":0.0203838922},"davies2009\/mirex_qm_tempotracker":{"boeck2015\/tempodetector2016_default":5.409144456e-20,"boeck2019\/multi_task":7.849602032e-19,"boeck2019\/multi_task_hjdb":4.266228788e-18,"boeck2020\/dar":2.523882464e-19,"davies2009\/mirex_qm_tempotracker":1.0,"echonest\/version_3_2_1":0.0000000112,"gkiokas2012\/default":7.25049053e-16,"klapuri2006\/percival2014":0.0056619772,"oliveira2010\/ibt":0.0000001694,"percival2014\/stem":0.0000000014,"scheirer1998\/percival2014":0.9620555411,"schreiber2014\/default":0.0000000031,"schreiber2017\/ismir2017":0.0,"schreiber2017\/mirex2017":3.391633317e-17,"schreiber2018\/cnn":8.530605936e-17,"schreiber2018\/fcn":1.449533022e-16,"schreiber2018\/ismir2018":2.86616136e-18,"zplane\/auftakt_v3":0.0},"echonest\/version_3_2_1":{"boeck2015\/tempodetector2016_default":0.276912826,"boeck2019\/multi_task":0.1675905489,"boeck2019\/multi_task_hjdb":0.1451762774,"boeck2020\/dar":0.1872552926,"davies2009\/mirex_qm_tempotracker":0.0000000112,"echonest\/version_3_2_1":1.0,"gkiokas2012\/default":0.1533339202,"klapuri2006\/percival2014":0.0004768308,"oliveira2010\/ibt":0.018504922,"percival2014\/stem":0.0316252312,"scheirer1998\/percival2014":0.0000174452,"schreiber2014\/default":0.0520821244,"schreiber2017\/ismir2017":0.0992107785,"schreiber2017\/mirex2017":0.2473963995,"schreiber2018\/cnn":0.0704497314,"schreiber2018\/fcn":0.0811478287,"schreiber2018\/ismir2018":0.1763058259,"zplane\/auftakt_v3":0.0468849105},"gkiokas2012\/default":{"boeck2015\/tempodetector2016_default":0.3251328027,"boeck2019\/multi_task":0.6080366637,"boeck2019\/multi_task_hjdb":0.7862179998,"boeck2020\/dar":0.4868018208,"davies2009\/mirex_qm_tempotracker":7.25049053e-16,"echonest\/version_3_2_1":0.1533339202,"gkiokas2012\/default":1.0,"klapuri2006\/percival2014":0.0000856047,"oliveira2010\/ibt":0.0514466674,"percival2014\/stem":0.1293661449,"scheirer1998\/percival2014":0.0000495634,"schreiber2014\/default":0.2182800731,"schreiber2017\/ismir2017":0.5250265749,"schreiber2017\/mirex2017":0.6182831808,"schreiber2018\/cnn":0.3485751711,"schreiber2018\/fcn":0.4447754431,"schreiber2018\/ismir2018":0.928435348,"zplane\/auftakt_v3":0.1571401396},"klapuri2006\/percival2014":{"boeck2015\/tempodetector2016_default":0.0000014887,"boeck2019\/multi_task":0.0000020853,"boeck2019\/multi_task_hjdb":0.0000032291,"boeck2020\/dar":0.0000013549,"davies2009\/mirex_qm_tempotracker":0.0056619772,"echonest\/version_3_2_1":0.0004768308,"gkiokas2012\/default":0.0000856047,"klapuri2006\/percival2014":1.0,"oliveira2010\/ibt":0.0290106752,"percival2014\/stem":0.0088598615,"scheirer1998\/percival2014":0.1286070518,"schreiber2014\/default":0.0027629999,"schreiber2017\/ismir2017":0.0001804568,"schreiber2017\/mirex2017":0.0000104563,"schreiber2018\/cnn":0.0000972902,"schreiber2018\/fcn":0.0000735595,"schreiber2018\/ismir2018":0.0000091776,"zplane\/auftakt_v3":0.0064949993},"oliveira2010\/ibt":{"boeck2015\/tempodetector2016_default":0.0086780175,"boeck2019\/multi_task":0.0143030047,"boeck2019\/multi_task_hjdb":0.0209076049,"boeck2020\/dar":0.0104356188,"davies2009\/mirex_qm_tempotracker":0.0000001694,"echonest\/version_3_2_1":0.018504922,"gkiokas2012\/default":0.0514466674,"klapuri2006\/percival2014":0.0290106752,"oliveira2010\/ibt":1.0,"percival2014\/stem":0.5709197697,"scheirer1998\/percival2014":0.0062813224,"schreiber2014\/default":0.4989817615,"schreiber2017\/ismir2017":0.1634613732,"schreiber2017\/mirex2017":0.0162621094,"schreiber2018\/cnn":0.1316823038,"schreiber2018\/fcn":0.1107690015,"schreiber2018\/ismir2018":0.0300742531,"zplane\/auftakt_v3":0.5445564866},"percival2014\/stem":{"boeck2015\/tempodetector2016_default":0.0348839212,"boeck2019\/multi_task":0.0664988827,"boeck2019\/multi_task_hjdb":0.08167385,"boeck2020\/dar":0.0509563542,"davies2009\/mirex_qm_tempotracker":0.0000000014,"echonest\/version_3_2_1":0.0316252312,"gkiokas2012\/default":0.1293661449,"klapuri2006\/percival2014":0.0088598615,"oliveira2010\/ibt":0.5709197697,"percival2014\/stem":1.0,"scheirer1998\/percival2014":0.0010202227,"schreiber2014\/default":0.8922332567,"schreiber2017\/ismir2017":0.4102239251,"schreiber2017\/mirex2017":0.0743549648,"schreiber2018\/cnn":0.4123854217,"schreiber2018\/fcn":0.3283993537,"schreiber2018\/ismir2018":0.1150030164,"zplane\/auftakt_v3":0.9520163613},"scheirer1998\/percival2014":{"boeck2015\/tempodetector2016_default":0.0000062136,"boeck2019\/multi_task":0.0000220203,"boeck2019\/multi_task_hjdb":0.0000325968,"boeck2020\/dar":0.0000165038,"davies2009\/mirex_qm_tempotracker":0.9620555411,"echonest\/version_3_2_1":0.0000174452,"gkiokas2012\/default":0.0000495634,"klapuri2006\/percival2014":0.1286070518,"oliveira2010\/ibt":0.0062813224,"percival2014\/stem":0.0010202227,"scheirer1998\/percival2014":1.0,"schreiber2014\/default":0.0008686544,"schreiber2017\/ismir2017":0.0001719019,"schreiber2017\/mirex2017":0.0000151455,"schreiber2018\/cnn":0.000109537,"schreiber2018\/fcn":0.0000690809,"schreiber2018\/ismir2018":0.0000284408,"zplane\/auftakt_v3":0.0011555352},"schreiber2014\/default":{"boeck2015\/tempodetector2016_default":0.0288057219,"boeck2019\/multi_task":0.0576973495,