{"boeck2015\/tempodetector2016_default":{"boeck2015\/tempodetector2016_default":1.0,"davies2009\/mirex_qm_tempotracker":5.409144456e-20,"echonest\/version_3_2_1":0.276912826,"gkiokas2012\/default":0.3251328027,"klapuri2006\/percival2014":0.0000014887,"oliveira2010\/ibt":0.0086780175,"percival2014\/stem":0.0348839212,"scheirer1998\/percival2014":0.0000062136,"schreiber2014\/default":0.0288057219,"schreiber2017\/ismir2017":0.0903826113,"schreiber2017\/mirex2017":0.2816591476,"schreiber2018\/cnn":0.001307895,"schreiber2018\/fcn":0.0011162879,"schreiber2018\/ismir2018":0.2168675174,"zplane\/auftakt_v3":0.0231026372},"davies2009\/mirex_qm_tempotracker":{"boeck2015\/tempodetector2016_default":5.409144456e-20,"davies2009\/mirex_qm_tempotracker":1.0,"echonest\/version_3_2_1":0.0000000112,"gkiokas2012\/default":7.25049053e-16,"klapuri2006\/percival2014":0.0056619772,"oliveira2010\/ibt":0.0000001694,"percival2014\/stem":0.0000000014,"scheirer1998\/percival2014":0.9620555411,"schreiber2014\/default":0.0000000031,"schreiber2017\/ismir2017":0.0000000001,"schreiber2017\/mirex2017":0.0,"schreiber2018\/cnn":8.530605936e-17,"schreiber2018\/fcn":1.449533022e-16,"schreiber2018\/ismir2018":2.86616136e-18,"zplane\/auftakt_v3":0.0},"echonest\/version_3_2_1":{"boeck2015\/tempodetector2016_default":0.276912826,"davies2009\/mirex_qm_tempotracker":0.0000000112,"echonest\/version_3_2_1":1.0,"gkiokas2012\/default":0.1533339202,"klapuri2006\/percival2014":0.0004768308,"oliveira2010\/ibt":0.018504922,"percival2014\/stem":0.0316252312,"scheirer1998\/percival2014":0.0000174452,"schreiber2014\/default":0.0520821244,"schreiber2017\/ismir2017":0.0684985599,"schreiber2017\/mirex2017":0.1484662428,"schreiber2018\/cnn":0.0704497314,"schreiber2018\/fcn":0.0811478287,"schreiber2018\/ismir2018":0.1763058259,"zplane\/auftakt_v3":0.0468849105},"gkiokas2012\/default":{"boeck2015\/tempodetector2016_default":0.3251328027,"davies2009\/mirex_qm_tempotracker":7.25049053e-16,"echonest\/version_3_2_1":0.1533339202,"gkiokas2012\/default":1.0,"klapuri2006\/percival2014":0.0000856047,"oliveira2010\/ibt":0.0514466674,"percival2014\/stem":0.1293661449,"scheirer1998\/percival2014":0.0000495634,"schreiber2014\/default":0.2182800731,"schreiber2017\/ismir2017":0.3413995543,"schreiber2017\/mirex2017":0.7289073907,"schreiber2018\/cnn":0.3485751711,"schreiber2018\/fcn":0.4447754431,"schreiber2018\/ismir2018":0.928435348,"zplane\/auftakt_v3":0.1571401396},"klapuri2006\/percival2014":{"boeck2015\/tempodetector2016_default":0.0000014887,"davies2009\/mirex_qm_tempotracker":0.0056619772,"echonest\/version_3_2_1":0.0004768308,"gkiokas2012\/default":0.0000856047,"klapuri2006\/percival2014":1.0,"oliveira2010\/ibt":0.0290106752,"percival2014\/stem":0.0088598615,"scheirer1998\/percival2014":0.1286070518,"schreiber2014\/default":0.0027629999,"schreiber2017\/ismir2017":0.0007866029,"schreiber2017\/mirex2017":0.0001988336,"schreiber2018\/cnn":0.0000972902,"schreiber2018\/fcn":0.0000735595,"schreiber2018\/ismir2018":0.0000091776,"zplane\/auftakt_v3":0.0064949993},"oliveira2010\/ibt":{"boeck2015\/tempodetector2016_default":0.0086780175,"davies2009\/mirex_qm_tempotracker":0.0000001694,"echonest\/version_3_2_1":0.018504922,"gkiokas2012\/default":0.0514466674,"klapuri2006\/percival2014":0.0290106752,"oliveira2010\/ibt":1.0,"percival2014\/stem":0.5709197697,"scheirer1998\/percival2014":0.0062813224,"schreiber2014\/default":0.4989817615,"schreiber2017\/ismir2017":0.3494963531,"schreiber2017\/mirex2017":0.1791235289,"schreiber2018\/cnn":0.1316823038,"schreiber2018\/fcn":0.1107690015,"schreiber2018\/ismir2018":0.0300742531,"zplane\/auftakt_v3":0.5445564866},"percival2014\/stem":{"boeck2015\/tempodetector2016_default":0.0348839212,"davies2009\/mirex_qm_tempotracker":0.0000000014,"echonest\/version_3_2_1":0.0316252312,"gkiokas2012\/default":0.1293661449,"klapuri2006\/percival2014":0.0088598615,"oliveira2010\/ibt":0.5709197697,"percival2014\/stem":1.0,"scheirer1998\/percival2014":0.0010202227,"schreiber2014\/default":0.8922332567,"schreiber2017\/ismir2017":0.6472875564,"schreiber2017\/mirex2017":0.3684651271,"schreiber2018\/cnn":0.4123854217,"schreiber2018\/fcn":0.3283993537,"schreiber2018\/ismir2018":0.1150030164,"zplane\/auftakt_v3":0.9520163613},"scheirer1998\/percival2014":{"boeck2015\/tempodetector2016_default":0.0000062136,"davies2009\/mirex_qm_tempotracker":0.9620555411,"echonest\/version_3_2_1":0.0000174452,"gkiokas2012\/default":0.0000495634,"klapuri2006\/percival2014":0.1286070518,"oliveira2010\/ibt":0.0062813224,"percival2014\/stem":0.0010202227,"scheirer1998\/percival2014":1.0,"schreiber2014\/default":0.0008686544,"schreiber2017\/ismir2017":0.0003053432,"schreiber2017\/mirex2017":0.0001029452,"schreiber2018\/cnn":0.000109537,"schreiber2018\/fcn":0.0000690809,"schreiber2018\/ismir2018":0.0000284408,"zplane\/auftakt_v3":0.0011555352},"schreiber2014\/default":{"boeck2015\/tempodetector2016_default":0.0288057219,"davies2009\/mirex_qm_tempotracker":0.0000000031,"echonest\/version_3_2_1":0.0520821244,"gkiokas2012\/default":0.2182800731,"klapuri2006\/percival2014":0.0027629999,"oliveira2010\/ibt":0.4989817615,"percival2014\/stem":0.8922332567,"scheirer1998\/percival2014":0.0008686544,"schreiber2014\/default":1.0,"schreiber2017\/ismir2017":0.7081520574,"schreiber2017\/mirex2017":0.2842183972,"schreiber2018\/cnn":0.4255085403,"schreiber2018\/fcn":0.3396903568,"schreiber2018\/ismir2018":0.1098097128,"zplane\/auftakt_v3":0.9298779215},"schreiber2017\/ismir2017":{"boeck2015\/tempodetector2016_default":0.0903826113,"davies2009\/mirex_qm_tempotracker":0.0000000001,"echonest\/version_3_2_1":0.0684985599,"gkiokas2012\/default":0.3413995543,"klapuri2006\/percival2014":0.0007866029,"oliveira2010\/ibt":0.3494963531,"percival2014\/stem":0.6472875564,"scheirer1998\/percival2014":0.0003053432,"schreiber2014\/default":0.7081520574,"schreiber2017\/ismir2017":1.0,"schreiber2017\/mirex2017":0.0832641884,"schreiber2018\/cnn":0.7355243228,"schreiber2018\/fcn":0.6083806755,"schreiber2018\/ismir2018":0.2514508364,"zplane\/auftakt_v3":0.7073769809},"schreiber2017\/mirex2017":{"boeck2015\/tempodetector2016_default":0.2816591476,"davies2009\/mirex_qm_tempotracker":0.0,"echonest\/version_3_2_1":0.1484662428,"gkiokas2012\/default":0.7289073907,"klapuri2006\/percival2014":0.0001988336,"oliveira2010\/ibt":0.1791235289,"percival2014\/stem":0.3684651271,"scheirer1998\/percival2014":0.0001029452,"schreiber2014\/default":0.2842183972,"schreiber2017\/ismir2017":0.0832641884,"schreiber2017\/mirex2017":1.0,"schreiber2018\/cnn":0.7360473836,"schreiber2018\/fcn":0.8681458241,"schreiber2018\/ismir2018":0.6166716078,"zplane\/auftakt_v3":0.3843420236},"schreiber2018\/cnn":{"boeck2015\/tempodetector2016_default":0.001307895,"davies2009\/mirex_qm_tempotracker":8.530605936e-17,"echonest\/version_3_2_1":0.0704497314,"gkiokas2012\/default":0.3485751711,"klapuri2006\/percival2014":0.0000972902,"oliveira2010\/ibt":0.1316823038,"percival2014\/stem":0.4123854217,"scheirer1998\/percival2014":0.000109537,"schreiber2014\/default":0.4255085403,"schreiber2017\/ismir2017":0.7355243228,"schreiber2017\/mirex2017":0.7360473836,"schreiber2018\/cnn":1.0,"schreiber2018\/fcn":0.69148774,"schreiber2018\/ismir2018":0.0487415297,"zplane\/auftakt_v3":0.4185558794},"schreiber2018\/fcn":{"boeck2015\/tempodetector2016_default":0.0011162879,"davies2009\/mirex_qm_tempotracker":1.449533022e-16,"echonest\/version_3_2_1":0.0811478287,"gkiokas2012\/default":0.4447754431,"klapuri2006\/percival2014":0.0000735595,"oliveira2010\/ibt":0.1107690015,"percival2014\/stem":0.3283993537,"scheirer1998\/percival2014":0.0000690809,"schreiber2014\/default":0.3396903568,"schreiber2017\/ismir2017":0.6083806755,"schreiber2017\/mirex2017":0.8681458241,"schreiber2018\/cnn":0.69148774,"schreiber2018\/fcn":1.0,"schreiber2018\/ismir2018":0.210271268,"zplane\/auftakt_v3":0.3101263377},"schreiber2018\/ismir2018":{"boeck2015\/tempodetector2016_default":0.2168675174,"davies2009\/mirex_qm_tempotracker":2.86616136e-18,