Item,Reference,Estimate
Albums-Chrisanne3-07.jams,173.74517374517382,116
Albums-Chrisanne3-09.jams,178.7487586891755,121
Media-103315.jams,180.722891566265,121
Media-103905.jams,102.98524890057887,216
Media-104905.jams,84.9859114741235,97
