Item,Reference,Estimate
Albums-Chrisanne1-12.jams,199.33554817275797,208
Albums-Chrisanne1-14.jams,198.675496688742,208
Albums-Chrisanne3-09.jams,178.04154302670636,121
Albums-Fire-13.jams,88.2352941176471,132
Media-103905.jams,105.73077616557376,232
Media-105002.jams,82.98833262328965,87
Media-105302.jams,83.33333333333347,87
