{"Accuracy1":{"schreiber2018\/cnn":0.9570200573,"schreiber2018\/fcn":0.9340974212,"schreiber2018\/ismir2018":0.9326647564,"boeck2015\/tempodetector2016_default":0.8323782235,"davies2009\/mirex_qm_tempotracker":0.676217765,"zplane\/auftakt_v3":0.6690544413,"schreiber2014\/default":0.6676217765,"percival2014\/stem":0.6561604585,"schreiber2017\/mirex2017":0.6518624642,"klapuri2006\/percival2014":0.6489971347,"schreiber2017\/ismir2017":0.6461318052,"oliveira2010\/ibt":0.6432664756,"gkiokas2012\/default":0.6318051576,"echonest\/version_3_2_1":0.5702005731,"scheirer1998\/percival2014":0.5372492837},"Accuracy2":{"schreiber2018\/cnn":0.9871060172,"schreiber2018\/fcn":0.9871060172,"schreiber2018\/ismir2018":0.9871060172,"boeck2015\/tempodetector2016_default":0.9871060172,"davies2009\/mirex_qm_tempotracker":0.9169054441,"zplane\/auftakt_v3":0.9484240688,"schreiber2014\/default":0.9670487106,"percival2014\/stem":0.9498567335,"schreiber2017\/mirex2017":0.9670487106,"klapuri2006\/percival2014":0.9283667622,"schreiber2017\/ismir2017":0.9699140401,"oliveira2010\/ibt":0.9025787966,"gkiokas2012\/default":0.9799426934,"echonest\/version_3_2_1":0.8653295129,"scheirer1998\/percival2014":0.7564469914}}