{"Size":{"1.0":698,"2.0":698,"3.0":698},"Min":{"1.0":60.0,"2.0":68.5714285714,"3.0":58.0},"Max":{"1.0":224.0,"2.0":214.2857142857,"3.0":219.0},"Avg":{"1.0":130.1446991404,"2.0":129.7716771663,"3.0":129.7679083095},"Stdev":{"1.0":39.527815341,"2.0":39.7210555773,"3.0":39.6345283933},"Sweet Oct. Start":{"1.0":91.0,"2.0":72.0,"3.0":71.0},"Sweet Oct. Coverage":{"1.0":0.7134670487,"2.0":0.7134670487,"3.0":0.7106017192}}