{"Accuracy1":{"schreiber2018\/cnn":0.9340974212,"schreiber2018\/fcn":0.9154727794,"schreiber2018\/ismir2018":0.9126074499,"boeck2015\/tempodetector2016_default":0.8051575931,"davies2009\/mirex_qm_tempotracker":0.6618911175,"schreiber2014\/default":0.6432664756,"zplane\/auftakt_v3":0.6418338109,"percival2014\/stem":0.6275071633,"schreiber2017\/mirex2017":0.6275071633,"klapuri2006\/percival2014":0.6232091691,"oliveira2010\/ibt":0.6203438395,"schreiber2017\/ismir2017":0.6189111748,"gkiokas2012\/default":0.600286533,"echonest\/version_3_2_1":0.5515759312,"scheirer1998\/percival2014":0.5257879656},"Accuracy2":{"schreiber2018\/cnn":0.9570200573,"schreiber2018\/fcn":0.9613180516,"schreiber2018\/ismir2018":0.9598853868,"boeck2015\/tempodetector2016_default":0.9541547278,"davies2009\/mirex_qm_tempotracker":0.8968481375,"schreiber2014\/default":0.9383954155,"zplane\/auftakt_v3":0.9212034384,"percival2014\/stem":0.9197707736,"schreiber2017\/mirex2017":0.9369627507,"klapuri2006\/percival2014":0.9011461318,"oliveira2010\/ibt":0.8782234957,"schreiber2017\/ismir2017":0.9383954155,"gkiokas2012\/default":0.9441260745,"echonest\/version_3_2_1":0.840974212,"scheirer1998\/percival2014":0.7363896848}}