Item,Reference,Estimate
Albums-Chrisanne3-07.jams,174.41860465116218,115.60428
Albums-Chrisanne3-09.jams,178.04154302670636,118.71913
Albums-Fire-13.jams,88.2352941176471,133.18938
Media-103315.jams,180.1801801801802,120.49341
Media-104303.jams,86.95652173913044,65.17526
Media-104608.jams,174.92711370262393,117.339134
Media-105214.jams,83.79782116447211,63.637554
Media-105420.jams,122.44897959183713,92.30205
