{"boeck2015\/tempodetector2016_default":{"boeck2015\/tempodetector2016_default":1.0,"davies2009\/mirex_qm_tempotracker":0.0079571194,"echonest\/version_3_2_1":2.837194857e-21,"gkiokas2012\/default":9.135208117e-36,"klapuri2006\/percival2014":0.0,"oliveira2010\/ibt":0.0,"percival2014\/stem":1.85759954e-27,"scheirer1998\/percival2014":0.0125360448,"schreiber2014\/default":5.559639623e-30,"schreiber2017\/ismir2017":7.406487317e-20,"schreiber2017\/mirex2017":1.563999384e-28,"schreiber2018\/cnn":8.672612352e-18,"schreiber2018\/fcn":0.0,"schreiber2018\/ismir2018":0.0000000003,"zplane\/auftakt_v3":1.627757245e-18},"davies2009\/mirex_qm_tempotracker":{"boeck2015\/tempodetector2016_default":0.0079571194,"davies2009\/mirex_qm_tempotracker":1.0,"echonest\/version_3_2_1":1.020324561e-25,"gkiokas2012\/default":5.521136436e-46,"klapuri2006\/percival2014":1.70840401e-31,"oliveira2010\/ibt":3.343390846e-29,"percival2014\/stem":4.322357473e-41,"scheirer1998\/percival2014":0.0000003139,"schreiber2014\/default":1.083585484e-43,"schreiber2017\/ismir2017":5.812243043e-35,"schreiber2017\/mirex2017":4.829602177e-43,"schreiber2018\/cnn":0.0000181864,"schreiber2018\/fcn":0.000224099,"schreiber2018\/ismir2018":0.0127292599,"zplane\/auftakt_v3":2.475477871e-33},"echonest\/version_3_2_1":{"boeck2015\/tempodetector2016_default":2.837194857e-21,"davies2009\/mirex_qm_tempotracker":1.020324561e-25,"echonest\/version_3_2_1":1.0,"gkiokas2012\/default":0.0003634249,"klapuri2006\/percival2014":0.0000571541,"oliveira2010\/ibt":0.0000185933,"percival2014\/stem":0.7582412979,"scheirer1998\/percival2014":0.0000000005,"schreiber2014\/default":0.7238313106,"schreiber2017\/ismir2017":0.2791708627,"schreiber2017\/mirex2017":0.5789967636,"schreiber2018\/cnn":1.619438544e-47,"schreiber2018\/fcn":7.746422401e-44,"schreiber2018\/ismir2018":2.845093434e-39,"zplane\/auftakt_v3":0.001802803},"gkiokas2012\/default":{"boeck2015\/tempodetector2016_default":9.135208117e-36,"davies2009\/mirex_qm_tempotracker":5.521136436e-46,"echonest\/version_3_2_1":0.0003634249,"gkiokas2012\/default":1.0,"klapuri2006\/percival2014":1.755673623e-24,"oliveira2010\/ibt":9.370770439e-25,"percival2014\/stem":0.0000000014,"scheirer1998\/percival2014":1.593538939e-20,"schreiber2014\/default":0.0000000288,"schreiber2017\/ismir2017":0.0000000213,"schreiber2017\/mirex2017":0.0001769347,"schreiber2018\/cnn":1.157270541e-59,"schreiber2018\/fcn":2.699015821e-56,"schreiber2018\/ismir2018":3.297804487e-52,"zplane\/auftakt_v3":2.697536002e-19},"klapuri2006\/percival2014":{"boeck2015\/tempodetector2016_default":0.0,"davies2009\/mirex_qm_tempotracker":1.70840401e-31,"echonest\/version_3_2_1":0.0000571541,"gkiokas2012\/default":1.755673623e-24,"klapuri2006\/percival2014":1.0,"oliveira2010\/ibt":0.5484970078,"percival2014\/stem":0.0,"scheirer1998\/percival2014":0.0004009627,"schreiber2014\/default":0.0,"schreiber2017\/ismir2017":0.0000030982,"schreiber2017\/mirex2017":0.0,"schreiber2018\/cnn":2.798078432e-36,"schreiber2018\/fcn":1.913222788e-33,"schreiber2018\/ismir2018":3.276524061e-29,"zplane\/auftakt_v3":0.0073929212},"oliveira2010\/ibt":{"boeck2015\/tempodetector2016_default":0.0,"davies2009\/mirex_qm_tempotracker":3.343390846e-29,"echonest\/version_3_2_1":0.0000185933,"gkiokas2012\/default":9.370770439e-25,"klapuri2006\/percival2014":0.5484970078,"oliveira2010\/ibt":1.0,"percival2014\/stem":0.0,"scheirer1998\/percival2014":0.0005213829,"schreiber2014\/default":0.0,"schreiber2017\/ismir2017":0.0000006795,"schreiber2017\/mirex2017":0.0,"schreiber2018\/cnn":1.5676148e-35,"schreiber2018\/fcn":6.957938422e-33,"schreiber2018\/ismir2018":7.195301151e-29,"zplane\/auftakt_v3":0.0008922036},"percival2014\/stem":{"boeck2015\/tempodetector2016_default":1.85759954e-27,"davies2009\/mirex_qm_tempotracker":4.322357473e-41,"echonest\/version_3_2_1":0.7582412979,"gkiokas2012\/default":0.0000000014,"klapuri2006\/percival2014":0.0,"oliveira2010\/ibt":0.0,"percival2014\/stem":1.0,"scheirer1998\/percival2014":0.0,"schreiber2014\/default":0.9476895215,"schreiber2017\/ismir2017":0.2193179964,"schreiber2017\/mirex2017":0.1957563584,"schreiber2018\/cnn":1.833993872e-53,"schreiber2018\/fcn":2.35188764e-50,"schreiber2018\/ismir2018":9.202393689e-46,"zplane\/auftakt_v3":0.0000000729},"scheirer1998\/percival2014":{"boeck2015\/tempodetector2016_default":0.0125360448,"davies2009\/mirex_qm_tempotracker":0.0000003139,"echonest\/version_3_2_1":0.0000000005,"gkiokas2012\/default":1.593538939e-20,"klapuri2006\/percival2014":0.0004009627,"oliveira2010\/ibt":0.0005213829,"percival2014\/stem":0.0,"scheirer1998\/percival2014":1.0,"schreiber2014\/default":0.0,"schreiber2017\/ismir2017":0.0000000033,"schreiber2017\/mirex2017":0.0,"schreiber2018\/cnn":2.825575274e-17,"schreiber2018\/fcn":0.0,"schreiber2018\/ismir2018":0.0,"zplane\/auftakt_v3":0.0000036531},"schreiber2014\/default":{"boeck2015\/tempodetector2016_default":5.559639623e-30,"davies2009\/mirex_qm_tempotracker":1.083585484e-43,"echonest\/version_3_2_1":0.7238313106,"gkiokas2012\/default":0.0000000288,"klapuri2006\/percival2014":0.0,"oliveira2010\/ibt":0.0,"percival2014\/stem":0.9476895215,"scheirer1998\/percival2014":0.0,"schreiber2014\/default":1.0,"schreiber2017\/ismir2017":0.2342224333,"schreiber2017\/mirex2017":0.1712061919,"schreiber2018\/cnn":6.179244129e-58,"schreiber2018\/fcn":5.558452457e-55,"schreiber2018\/ismir2018":1.213159831e-50,"zplane\/auftakt_v3":0.0000002317},"schreiber2017\/ismir2017":{"boeck2015\/tempodetector2016_default":7.406487317e-20,"davies2009\/mirex_qm_tempotracker":5.812243043e-35,"echonest\/version_3_2_1":0.2791708627,"gkiokas2012\/default":0.0000000213,"klapuri2006\/percival2014":0.0000030982,"oliveira2010\/ibt":0.0000006795,"percival2014\/stem":0.2193179964,"scheirer1998\/percival2014":0.0000000033,"schreiber2014\/default":0.2342224333,"schreiber2017\/ismir2017":1.0,"schreiber2017\/mirex2017":0.0000039755,"schreiber2018\/cnn":9.726370448e-42,"schreiber2018\/fcn":4.379017253e-41,"schreiber2018\/ismir2018":8.210221829e-36,"zplane\/auftakt_v3":0.0037342883},"schreiber2017\/mirex2017":{"boeck2015\/tempodetector2016_default":1.563999384e-28,"davies2009\/mirex_qm_tempotracker":4.829602177e-43,"echonest\/version_3_2_1":0.5789967636,"gkiokas2012\/default":0.0001769347,"klapuri2006\/percival2014":0.0,"oliveira2010\/ibt":0.0,"percival2014\/stem":0.1957563584,"scheirer1998\/percival2014":0.0,"schreiber2014\/default":0.1712061919,"schreiber2017\/ismir2017":0.0000039755,"schreiber2017\/mirex2017":1.0,"schreiber2018\/cnn":1.725733579e-53,"schreiber2018\/fcn":1.272376334e-52,"schreiber2018\/ismir2018":1.213074624e-46,"zplane\/auftakt_v3":0.0000000051},"schreiber2018\/cnn":{"boeck2015\/tempodetector2016_default":8.672612352e-18,"davies2009\/mirex_qm_tempotracker":0.0000181864,"echonest\/version_3_2_1":1.619438544e-47,"gkiokas2012\/default":1.157270541e-59,"klapuri2006\/percival2014":2.798078432e-36,"oliveira2010\/ibt":1.5676148e-35,"percival2014\/stem":1.833993872e-53,"scheirer1998\/percival2014":2.825575274e-17,"schreiber2014\/default":6.179244129e-58,"schreiber2017\/ismir2017":9.726370448e-42,"schreiber2017\/mirex2017":1.725733579e-53,"schreiber2018\/cnn":1.0,"schreiber2018\/fcn":0.1676555844,"schreiber2018\/ismir2018":0.0000066702,"zplane\/auftakt_v3":4.214291783e-43},"schreiber2018\/fcn":{"boeck2015\/tempodetector2016_default":0.0,"davies2009\/mirex_qm_tempotracker":0.000224099,"echonest\/version_3_2_1":7.746422401e-44,"gkiokas2012\/default":2.699015821e-56,"klapuri2006\/percival2014":1.913222788e-33,"oliveira2010\/ibt":6.957938422e-33,"percival2014\/stem":2.35188764e-50,"scheirer1998\/percival2014":0.0,"schreiber2014\/default":5.558452457e-55,"schreiber2017\/ismir2017":4.379017253e-41,"schreiber2017\/mirex2017":1.272376334e-52,"schreiber2018\/cnn":0.1676555844,"schreiber2018\/fcn":1.0,"schreiber2018\/ismir2018":0.004711676,"zplane\/auftakt_v3":3.137771516e-40},"schreiber2018\/ismir2018":{"boeck2015\/tempodetector2016_default":0.0000000003,"davies2009\/mirex_qm_tempotracker":0.0127292599,