{"boeck2015\/tempodetector2016_default":{"0.0":null,"0.005":null,"0.01":-0.0005353205,"0.015":-0.0440347519,"0.02":-0.0315490191,"0.025":-0.0354998709,"0.03":-0.0258458764,"0.035":-0.0317549594,"0.04":-0.0302618295,"0.045":-0.0300905437,"0.05":-0.0298100488,"0.055":-0.0292618766,"0.06":-0.0290663795,"0.065":-0.0290663795,"0.07":-0.0286808347,"0.075":-0.0283767313,"0.08":-0.0283767313,"0.085":-0.028065262,"0.09":-0.0337454436,"0.095":-0.0337454436,"0.1":-0.0337454436,"0.105":-0.0329638827,"0.11":-0.0327376328,"0.115":-0.0327376328,"0.12":-0.0327376328,"0.125":-0.0327376328,"0.13":-0.0320648467,"0.135":-0.0320648467,"0.14":-0.0319358051,"0.145":-0.0319358051,"0.15":-0.0319358051,"0.155":-0.0319358051,"0.16":-0.0319358051,"0.165":-0.0371334525,"0.17":-0.0395292389,"0.175":-0.0392718562,"0.18":-0.0391473631,"0.185":-0.0391473631,"0.19":-0.0388859479,"0.195":-0.0388859479,"0.2":-0.0388859479,"0.205":-0.0388859479,"0.21":-0.0388859479,"0.215":-0.0388859479,"0.22":-0.0388859479,"0.225":-0.0442275468,"0.23":-0.0442275468,"0.235":-0.0442275468,"0.24":-0.0442275468,"0.245":-0.0383321374,"0.25":-0.0383321374,"0.255":-0.0383321374,"0.26":-0.0383321374,"0.265":-0.0383321374,"0.27":-0.0383321374,"0.275":-0.0383321374,"0.28":-0.0383321374,"0.285":-0.0383321374,"0.29":-0.0383321374,"0.295":-0.0383321374,"0.3":-0.0383321374,"0.305":-0.0383321374,"0.31":-0.0383321374,"0.315":-0.0383321374,"0.32":-0.0380920083,"0.325":-0.0380920083,"0.33":-0.0380920083,"0.335":-0.0380920083,"0.34":-0.0380920083,"0.345":-0.0380920083,"0.35":-0.0380920083,"0.355":-0.0380920083,"0.36":-0.0380920083,"0.365":-0.0380920083,"0.37":-0.0380920083,"0.375":-0.0380920083,"0.38":-0.0380920083,"0.385":-0.0380920083,"0.39":-0.0380920083,"0.395":-0.0380920083,"0.4":-0.0380920083,"0.405":-0.0380920083,"0.41":-0.0380920083,"0.415":-0.0380920083,"0.42":-0.0380920083,"0.425":-0.0380920083,"0.43":-0.0380920083,"0.435":-0.0380920083,"0.44":-0.0380920083,"0.445":-0.0380920083,"0.45":-0.0380920083,"0.455":-0.0380920083,"0.46":-0.0380920083,"0.465":-0.0380920083,"0.47":-0.0380920083,"0.475":-0.0380920083,"0.48":-0.0380920083,"0.485":-0.0380920083,"0.49":-0.0380920083,"0.495":-0.0380920083,"0.5":-0.0380920083},"davies2009\/mirex_qm_tempotracker":{"0.0":null,"0.005":null,"0.01":0.0177033682,"0.015":0.0793211823,"0.02":0.0991975086,"0.025":0.0821054579,"0.03":0.093556687,"0.035":0.1042202426,"0.04":0.1217739271,"0.045":0.121063591,"0.05":0.1262804148,"0.055":0.1241594148,"0.06":0.1300967276,"0.065":0.1300967276,"0.07":0.1415320648,"0.075":0.1408534402,"0.08":0.1408534402,"0.085":0.1393882947,"0.09":0.1373225671,"0.095":0.1373225671,"0.1":0.1373225671,"0.105":0.1356060564,"0.11":0.1351381223,"0.115":0.1351381223,"0.12":0.1351381223,"0.125":0.1351381223,"0.13":0.133694252,"0.135":0.133694252,"0.14":0.1330610346,"0.145":0.1330610346,"0.15":0.1330610346,"0.155":0.1330610346,"0.16":0.1330610346,"0.165":0.1318338273,"0.17":0.1288165305,"0.175":0.1281756337,"0.18":0.1276157801,"0.185":0.1276157801,"0.19":0.1270757154,"0.195":0.1270757154,"0.2":0.1270757154,"0.205":0.1270757154,"0.21":0.1270757154,"0.215":0.1270757154,"0.22":0.1270757154,"0.225":0.1265821741,"0.23":0.1265821741,"0.235":0.1265821741,"0.24":0.1265821741,"0.245":0.1315574074,"0.25":0.1315574074,"0.255":0.1315574074,"0.26":0.1315574074,"0.265":0.1315574074,"0.27":0.1315574074,"0.275":0.1315574074,"0.28":0.1315574074,"0.285":0.1315574074,"0.29":0.1315574074,"0.295":0.1315574074,"0.3":0.1315574074,"0.305":0.1315574074,"0.31":0.1315574074,"0.315":0.1315574074,"0.32":0.1309760713,"0.325":0.1309760713,"0.33":0.1309760713,"0.335":0.1309760713,"0.34":0.1309760713,"0.345":0.1309760713,"0.35":0.1309760713,"0.355":0.1309760713,"0.36":0.1309760713,"0.365":0.1309760713,"0.37":0.1309760713,"0.375":0.1309760713,"0.38":0.1309760713,"0.385":0.1309760713,"0.39":0.1309760713,"0.395":0.1309760713,"0.4":0.1309760713,"0.405":0.1309760713,"0.41":0.1309760713,"0.415":0.1309760713,"0.42":0.1309760713,"0.425":0.1309760713,"0.43":0.1309760713,"0.435":0.1309760713,"0.44":0.1309760713,"0.445":0.1309760713,"0.45":0.1309760713,"0.455":0.1309760713,"0.46":0.1309760713,"0.465":0.1309760713,"0.47":0.1309760713,"0.475":0.1309760713,"0.48":0.1309760713,"0.485":0.1309760713,"0.49":0.1309760713,"0.495":0.1309760713,"0.5":0.1309760713},"percival2014\/stem":{"0.0":null,"0.005":null,"0.01":0.0002665593,"0.015":-0.1441769416,"0.02":-0.1138000953,"0.025":-0.1326847402,"0.03":-0.132401958,"0.035":-0.1328835597,"0.04":-0.1280356375,"0.045":-0.1271230849,"0.05":-0.1321246915,"0.055":-0.1295551299,"0.06":-0.1286785811,"0.065":-0.1286785811,"0.07":-0.1269721785,"0.075":-0.1260387863,"0.08":-0.1260387863,"0.085":-0.1244773022,"0.09":-0.1283144329,"0.095":-0.1283144329,"0.1":-0.1283144329,"0.105":-0.1318383213,"0.11":-0.1310079539,"0.115":-0.1310079539,"0.12":-0.1310079539,"0.125":-0.1310079539,"0.13":-0.1443741519,"0.135":-0.1443741519,"0.14":-0.143521899,"0.145":-0.143521899,"0.15":-0.143521899,"0.155":-0.143521899,"0.16":-0.143521899,"0.165":-0.1533353071,"0.17":-0.1550189554,"0.175":-0.1598762393,"0.18":-0.1590159666,"0.185":-0.1590159666,"0.19":-0.1581116484,"0.195":-0.1581116484,"0.2":-0.1581116484,"0.205":-0.1581116484,"0.21":-0.1581116484,"0.215":-0.1581116484,"0.22":-0.1581116484,"0.225":-0.162756123,"0.23":-0.162756123,"0.235":-0.162756123,"0.24":-0.162756123,"0.245":-0.1620064037,"0.25":-0.1620064037,"0.255":-0.1620064037,"0.26":-0.1620064037,"0.265":-0.1620064037,"0.27":-0.1620064037,"0.275":-0.1620064037,"0.28":-0.1620064037,"0.285":-0.1620064037,"0.29":-0.1620064037,"0.295":-0.1620064037,"0.3":-0.1620064037,"0.305":-0.1620064037,"0.31":-0.1620064037,"0.315":-0.1620064037,"0.32":-0.1611517861,"0.325":-0.1611517861,"0.33":-0.1611517861,"0.335":-0.1611517861,"0.34":-0.1611517861,"0.345":-0.1611517861,"0.35":-0.1611517861,"0.355":-0.1611517861,"0.36":-0.1611517861,"0.365":-0.1611517861,"0.37":-0.1611517861,"0.375":-0.1611517861,"0.38":-0.1611517861,"0.385":-0.1611517861,"0.39":-0.1611517861,"0.395":-0.1611517861,"0.4":-0.1611517861,"0.405":-0.1611517861,"0.41":-0.1611517861,"0.415":-0.1611517861,"0.42":-0.1611517861,"0.425":-0.1611517861,"0.43":-0.1611517861,"0.435":-0.1611517861,"0.44":-0.1611517861,"0.445":-0.1611517861,"0.45":-0.1611517861,"0.455":-0.1611517861,"0.46":-0.1611517861,"0.465":-0.1611517861,"0.47":-0.1611517861,"0.475":-0.1611517861,"0.48":-0.1611517861,"0.485":-0.1611517861,"0.49":-0.1611517861,"0.495":-0.1611517861,"0.5":-0.1611517861},"schreiber2014\/default":{"0.0":null,"0.005":null,"0.01":-0.0745597812,"0.015":-0.2736853484,"0.02":-0.2423979551,"0.025":-0.2613573256,"0.03":-0.2613841645,"0.035":-0.268749192,"0.04":-0.2665369955,"0.045":-0.265368319,"0.05":-0.2618678321,"0.055":-0.2573365862,"0.06":-0.2563858118,"0.065":-0.2563858118,"0.07":-0.2531312572,"0.075":-0.2524101196,"0.08":-0.2524101196,"0.085":-0.249381756,"0.09":-0.2510294667,"0.095":-0.2510294667,"0.1":-0.2510294667,"0.105":-0.2497837222,"0.11":-0.2484388712,"0.115":-0.2484388712,"0.12":-0.2484388712,"0.125":-0.2484388712,"0.13":-0.2509077075,"0.135":-0.2509077075,"0.14":-0.2495150497,"0.145":-0.2495150497,"0.15":-0.2495150497,"0.155":-0.2495150497,"0.16":-0.2495150497,"0.165":-0.2597206297,"0.17":-0.2616243043,"0.175":-0.2620998918,"0.18":-0.2607726492,"0.185":-0.2607726492,"0.19":-0.259264086,"0.195":-0.259264086,"0.2":-0.259264086,"0.205":-0.259264086,"0.21":-0.259264086,"0.215":-0.259264086,"0.22":-0.259264086,"0.225":-0.2634398959,"0.23":-0.2634398959,"0.235":-0.2634398959,"0.24":-0.2634398959,"0.245":-0.2621767248,"0.25":-0.2621767248,"0.255":-0.2621767248,"0.26":-0.2621767248,"0.265":-0.2621767248,"0.27":-0.2621767248,"0.275":-0.2621767248,"0.28":-0.2621767248,"0.285":-0.2621767248,"0.29":-0.2621767248,"0.295":-0.2621767248,"0.3":-0.2621767248,"0.305":-0.2621767248,"0.31":-0.2621767248,"0.315":-0.2621767248,"0.32":-0.2662580918,"0.325":-0.2662580918,"0.33":-0.2662580918,"0.335":-0.2662580918,"0.34":-0.2662580918,"0.345":-0.2662580918,"0.35":-0.2662580918,"0.355":-0.2662580918,"0.36":-0.2662580918,