Estimator,boeck2015/tempodetector2016_default,davies2009/mirex_qm_tempotracker,percival2014/stem,schreiber2014/default,schreiber2017/ismir2017,schreiber2017/mirex2017,schreiber2018/cnn,schreiber2018/fcn,schreiber2018/ismir2018
boeck2015/tempodetector2016_default,1.0,0.0016580525261815653,0.0005335211753845216,6.401865149108227e-11,1.2115257419509367e-07,1.2115257419509367e-07,0.010673840530216692,0.04328525066375736,0.08715855330228804
davies2009/mirex_qm_tempotracker,0.0016580525261815653,1.0,0.8877248273407826,0.001820404935611286,0.04295654552438922,0.04295654552438922,0.5758493477318467,0.26243753571104356,0.15385994416283216
percival2014/stem,0.0005335211753845216,0.8877248273407826,1.0,2.4299079086631524e-06,0.004324004934460394,0.004324004934460394,0.7552286575046303,0.31050465907901503,0.2681872510547691
schreiber2014/default,6.401865149108227e-11,0.001820404935611286,2.4299079086631524e-06,1.0,0.21160856876151615,0.21160856876151615,0.00013083876154198454,4.817523399266046e-06,3.015952084642336e-06
schreiber2017/ismir2017,1.2115257419509367e-07,0.04295654552438922,0.004324004934460394,0.21160856876151615,1.0,1.0,0.006217602659326663,0.0010657657791434355,0.0004600050086487889
schreiber2017/mirex2017,1.2115257419509367e-07,0.04295654552438922,0.004324004934460394,0.21160856876151615,1.0,1.0,0.006217602659326663,0.0010657657791434355,0.0004600050086487889
schreiber2018/cnn,0.010673840530216692,0.5758493477318467,0.7552286575046303,0.00013083876154198454,0.006217602659326663,0.006217602659326663,1.0,0.5571970939636235,0.3592834472656249
schreiber2018/fcn,0.04328525066375736,0.26243753571104356,0.31050465907901503,4.817523399266046e-06,0.0010657657791434355,0.0010657657791434355,0.5571970939636235,1.0,0.9999999999999997
schreiber2018/ismir2018,0.08715855330228804,0.15385994416283216,0.2681872510547691,3.015952084642336e-06,0.0004600050086487889,0.0004600050086487889,0.3592834472656249,0.9999999999999997,1.0
