{"boeck2015\/tempodetector2016_default":{"boeck2015\/tempodetector2016_default":1.0,"boeck2019\/multi_task":0.0293945685,"boeck2019\/multi_task_hjdb":0.4458142526,"boeck2020\/dar":0.3910508494,"davies2009\/mirex_qm_tempotracker":0.0013884846,"percival2014\/stem":0.0008787667,"schreiber2014\/default":0.0000000061,"schreiber2017\/ismir2017":0.014008675,"schreiber2017\/mirex2017":0.0240785163,"schreiber2018\/cnn":0.0372887945,"schreiber2018\/fcn":0.0686604224,"schreiber2018\/ismir2018":0.1897389597},"boeck2019\/multi_task":{"boeck2015\/tempodetector2016_default":0.0293945685,"boeck2019\/multi_task":1.0,"boeck2019\/multi_task_hjdb":0.0192057349,"boeck2020\/dar":0.1051875326,"davies2009\/mirex_qm_tempotracker":0.2068277666,"percival2014\/stem":0.2487182537,"schreiber2014\/default":0.0000914516,"schreiber2017\/ismir2017":0.7128163609,"schreiber2017\/mirex2017":0.9543773017,"schreiber2018\/cnn":0.9337898702,"schreiber2018\/fcn":0.7285495366,"schreiber2018\/ismir2018":0.4131788875},"boeck2019\/multi_task_hjdb":{"boeck2015\/tempodetector2016_default":0.4458142526,"boeck2019\/multi_task":0.0192057349,"boeck2019\/multi_task_hjdb":1.0,"boeck2020\/dar":0.8972594386,"davies2009\/mirex_qm_tempotracker":0.0105490329,"percival2014\/stem":0.0087213488,"schreiber2014\/default":0.0000012366,"schreiber2017\/ismir2017":0.0805356164,"schreiber2017\/mirex2017":0.1612266085,"schreiber2018\/cnn":0.1101201345,"schreiber2018\/fcn":0.2423811966,"schreiber2018\/ismir2018":0.4421820904},"boeck2020\/dar":{"boeck2015\/tempodetector2016_default":0.3910508494,"boeck2019\/multi_task":0.1051875326,"boeck2019\/multi_task_hjdb":0.8972594386,"boeck2020\/dar":1.0,"davies2009\/mirex_qm_tempotracker":0.0173878589,"percival2014\/stem":0.0186004946,"schreiber2014\/default":0.0000033605,"schreiber2017\/ismir2017":0.1160479344,"schreiber2017\/mirex2017":0.1981045732,"schreiber2018\/cnn":0.0733885338,"schreiber2018\/fcn":0.2722568838,"schreiber2018\/ismir2018":0.4881212105},"davies2009\/mirex_qm_tempotracker":{"boeck2015\/tempodetector2016_default":0.0013884846,"boeck2019\/multi_task":0.2068277666,"boeck2019\/multi_task_hjdb":0.0105490329,"boeck2020\/dar":0.0173878589,"davies2009\/mirex_qm_tempotracker":1.0,"percival2014\/stem":0.8135133327,"schreiber2014\/default":0.0319110504,"schreiber2017\/ismir2017":0.2751060169,"schreiber2017\/mirex2017":0.221032207,"schreiber2018\/cnn":0.2812088111,"schreiber2018\/fcn":0.159796336,"schreiber2018\/ismir2018":0.043253614},"percival2014\/stem":{"boeck2015\/tempodetector2016_default":0.0008787667,"boeck2019\/multi_task":0.2487182537,"boeck2019\/multi_task_hjdb":0.0087213488,"boeck2020\/dar":0.0186004946,"davies2009\/mirex_qm_tempotracker":0.8135133327,"percival2014\/stem":1.0,"schreiber2014\/default":0.0004744201,"schreiber2017\/ismir2017":0.3540014249,"schreiber2017\/mirex2017":0.2601229647,"schreiber2018\/cnn":0.3547579102,"schreiber2018\/fcn":0.1692787262,"schreiber2018\/ismir2018":0.0916373792},"schreiber2014\/default":{"boeck2015\/tempodetector2016_default":0.0000000061,"boeck2019\/multi_task":0.0000914516,"boeck2019\/multi_task_hjdb":0.0000012366,"boeck2020\/dar":0.0000033605,"davies2009\/mirex_qm_tempotracker":0.0319110504,"percival2014\/stem":0.0004744201,"schreiber2014\/default":1.0,"schreiber2017\/ismir2017":0.0002382153,"schreiber2017\/mirex2017":0.0000428211,"schreiber2018\/cnn":0.0010944302,"schreiber2018\/fcn":0.0001278041,"schreiber2018\/ismir2018":0.0000478203},"schreiber2017\/ismir2017":{"boeck2015\/tempodetector2016_default":0.014008675,"boeck2019\/multi_task":0.7128163609,"boeck2019\/multi_task_hjdb":0.0805356164,"boeck2020\/dar":0.1160479344,"davies2009\/mirex_qm_tempotracker":0.2751060169,"percival2014\/stem":0.3540014249,"schreiber2014\/default":0.0002382153,"schreiber2017\/ismir2017":1.0,"schreiber2017\/mirex2017":0.7402312839,"schreiber2018\/cnn":0.8284116972,"schreiber2018\/fcn":0.5635675304,"schreiber2018\/ismir2018":0.3012295221},"schreiber2017\/mirex2017":{"boeck2015\/tempodetector2016_default":0.0240785163,"boeck2019\/multi_task":0.9543773017,"boeck2019\/multi_task_hjdb":0.1612266085,"boeck2020\/dar":0.1981045732,"davies2009\/mirex_qm_tempotracker":0.221032207,"percival2014\/stem":0.2601229647,"schreiber2014\/default":0.0000428211,"schreiber2017\/ismir2017":0.7402312839,"schreiber2017\/mirex2017":1.0,"schreiber2018\/cnn":0.981982631,"schreiber2018\/fcn":0.7169488841,"schreiber2018\/ismir2018":0.4714651197},"schreiber2018\/cnn":{"boeck2015\/tempodetector2016_default":0.0372887945,"boeck2019\/multi_task":0.9337898702,"boeck2019\/multi_task_hjdb":0.1101201345,"boeck2020\/dar":0.0733885338,"davies2009\/mirex_qm_tempotracker":0.2812088111,"percival2014\/stem":0.3547579102,"schreiber2014\/default":0.0010944302,"schreiber2017\/ismir2017":0.8284116972,"schreiber2017\/mirex2017":0.981982631,"schreiber2018\/cnn":1.0,"schreiber2018\/fcn":0.6468532494,"schreiber2018\/ismir2018":0.2615104282},"schreiber2018\/fcn":{"boeck2015\/tempodetector2016_default":0.0686604224,"boeck2019\/multi_task":0.7285495366,"boeck2019\/multi_task_hjdb":0.2423811966,"boeck2020\/dar":0.2722568838,"davies2009\/mirex_qm_tempotracker":0.159796336,"percival2014\/stem":0.1692787262,"schreiber2014\/default":0.0001278041,"schreiber2017\/ismir2017":0.5635675304,"schreiber2017\/mirex2017":0.7169488841,"schreiber2018\/cnn":0.6468532494,"schreiber2018\/fcn":1.0,"schreiber2018\/ismir2018":0.6504148631},"schreiber2018\/ismir2018":{"boeck2015\/tempodetector2016_default":0.1897389597,"boeck2019\/multi_task":0.4131788875,"boeck2019\/multi_task_hjdb":0.4421820904,"boeck2020\/dar":0.4881212105,"davies2009\/mirex_qm_tempotracker":0.043253614,"percival2014\/stem":0.0916373792,"schreiber2014\/default":0.0000478203,"schreiber2017\/ismir2017":0.3012295221,"schreiber2017\/mirex2017":0.4714651197,"schreiber2018\/cnn":0.2615104282,"schreiber2018\/fcn":0.6504148631,"schreiber2018\/ismir2018":1.0}}