Estimator,boeck2015/tempodetector2016_default,davies2009/mirex_qm_tempotracker,percival2014/stem,schreiber2014/default,schreiber2017/ismir2017,schreiber2017/mirex2017,schreiber2018/cnn,schreiber2018/fcn,schreiber2018/ismir2018
boeck2015/tempodetector2016_default,1.0,0.0013884845721377531,0.0008787666971225874,6.115331114757815e-09,5.611109596166145e-08,5.611109596166145e-08,0.03728879453399665,0.06866042236525627,0.1897389596550061
davies2009/mirex_qm_tempotracker,0.0013884845721377531,1.0,0.8135133327408532,0.03191105042124098,0.018788588861382124,0.018788588861382124,0.281208811136768,0.15979633603724744,0.04325361396216504
percival2014/stem,0.0008787666971225874,0.8135133327408532,1.0,0.0004744201265254137,0.001367489485320098,0.001367489485320098,0.3547579102197388,0.1692787261881673,0.09163737921813005
schreiber2014/default,6.115331114757815e-09,0.03191105042124098,0.0004744201265254137,1.0,0.8413571501354034,0.8413571501354034,0.001094430178544965,0.00012780405865600716,4.782032271543396e-05
schreiber2017/ismir2017,5.611109596166145e-08,0.018788588861382124,0.001367489485320098,0.8413571501354034,1.0,1.0,0.0009353555592434563,0.00025289990697838753,3.693255546473724e-05
schreiber2017/mirex2017,5.611109596166145e-08,0.018788588861382124,0.001367489485320098,0.8413571501354034,1.0,1.0,0.0009353555592434563,0.00025289990697838753,3.693255546473724e-05
schreiber2018/cnn,0.03728879453399665,0.281208811136768,0.3547579102197388,0.001094430178544965,0.0009353555592434563,0.0009353555592434563,1.0,0.6468532494263071,0.26151042820881054
schreiber2018/fcn,0.06866042236525627,0.15979633603724744,0.1692787261881673,0.00012780405865600716,0.00025289990697838753,0.00025289990697838753,0.6468532494263071,1.0,0.6504148630938437
schreiber2018/ismir2018,0.1897389596550061,0.04325361396216504,0.09163737921813005,4.782032271543396e-05,3.693255546473724e-05,3.693255546473724e-05,0.26151042820881054,0.6504148630938437,1.0
