Estimator,boeck2015/tempodetector2016_default,davies2009/mirex_qm_tempotracker,percival2014/stem,schreiber2014/default,schreiber2017/ismir2017,schreiber2017/mirex2017,schreiber2018/cnn,schreiber2018/fcn,schreiber2018/ismir2018
boeck2015/tempodetector2016_default,1.0,2.6316760948672954e-07,2.1709356076901066e-05,4.149354101658723e-11,2.542250360850634e-08,2.542250360850634e-08,0.004955165844012317,0.5661670145633748,0.009293439033186175
davies2009/mirex_qm_tempotracker,2.6316760948672954e-07,1.0,5.738304165973065e-15,1.8252642642260582e-21,1.0188246771820366e-19,1.0188246771820366e-19,0.03572808026596852,0.00010758961000831846,0.005716417692861455
percival2014/stem,2.1709356076901066e-05,5.738304165973065e-15,1.0,0.0008506796271426565,0.008718259180177244,0.008718259180177244,1.94478550138361e-09,2.3872579939599955e-05,4.733821995596996e-09
schreiber2014/default,4.149354101658723e-11,1.8252642642260582e-21,0.0008506796271426565,1.0,0.7690363826939428,0.7690363826939428,5.734346063837931e-15,2.8644376520551997e-10,4.684415799900674e-15
schreiber2017/ismir2017,2.542250360850634e-08,1.0188246771820366e-19,0.008718259180177244,0.7690363826939428,1.0,1.0,1.1874284287312336e-12,5.858020645602299e-08,3.362276930612861e-13
schreiber2017/mirex2017,2.542250360850634e-08,1.0188246771820366e-19,0.008718259180177244,0.7690363826939428,1.0,1.0,1.1874284287312336e-12,5.858020645602299e-08,3.362276930612861e-13
schreiber2018/cnn,0.004955165844012317,0.03572808026596852,1.94478550138361e-09,5.734346063837931e-15,1.1874284287312336e-12,1.1874284287312336e-12,1.0,0.01253877958287754,0.6438401001201217
schreiber2018/fcn,0.5661670145633748,0.00010758961000831846,2.3872579939599955e-05,2.8644376520551997e-10,5.858020645602299e-08,5.858020645602299e-08,0.01253877958287754,1.0,0.04392250276661661
schreiber2018/ismir2018,0.009293439033186175,0.005716417692861455,4.733821995596996e-09,4.684415799900674e-15,3.362276930612861e-13,3.362276930612861e-13,0.6438401001201217,0.04392250276661661,1.0
