Estimator,boeck2015/tempodetector2016_default,davies2009/mirex_qm_tempotracker,percival2014/stem,schreiber2014/default,schreiber2017/ismir2017,schreiber2017/mirex2017,schreiber2018/cnn,schreiber2018/fcn,schreiber2018/ismir2018
boeck2015/tempodetector2016_default,1.0,4.9124846775499376e-08,0.8429862793526077,0.524809154441725,0.19126936997477423,0.19126936997477423,0.17369352410908787,0.03479456438453179,0.07440886712457742
davies2009/mirex_qm_tempotracker,4.9124846775499376e-08,1.0,3.1780870239816286e-08,0.0009077941509853529,7.411595405323547e-15,7.411595405323547e-15,2.988015260867897e-07,9.730300474888224e-09,1.9992166068227055e-07
percival2014/stem,0.8429862793526077,3.1780870239816286e-08,1.0,0.5338494471548019,0.1918551330428307,0.1918551330428307,0.18795966285211357,0.037864168093873204,0.07996534385682849
schreiber2014/default,0.524809154441725,0.0009077941509853529,0.5338494471548019,1.0,0.8442465831479636,0.8442465831479636,0.9939429691651009,0.9221324867178593,0.7627456188182491
schreiber2017/ismir2017,0.19126936997477423,7.411595405323547e-15,0.1918551330428307,0.8442465831479636,1.0,1.0,0.7600733056946266,0.8222345837502543,0.3918274634243851
schreiber2017/mirex2017,0.19126936997477423,7.411595405323547e-15,0.1918551330428307,0.8442465831479636,1.0,1.0,0.7600733056946266,0.8222345837502543,0.3918274634243851
schreiber2018/cnn,0.17369352410908787,2.988015260867897e-07,0.18795966285211357,0.9939429691651009,0.7600733056946266,0.7600733056946266,1.0,0.8655177857781896,0.42522121710653815
schreiber2018/fcn,0.03479456438453179,9.730300474888224e-09,0.037864168093873204,0.9221324867178593,0.8222345837502543,0.8222345837502543,0.8655177857781896,1.0,0.4054683982069527
schreiber2018/ismir2018,0.07440886712457742,1.9992166068227055e-07,0.07996534385682849,0.7627456188182491,0.3918274634243851,0.3918274634243851,0.42522121710653815,0.4054683982069527,1.0
