{"boeck2015\/tempodetector2016_default":{"0.0":null,"0.005":null,"0.01":0.0040594151,"0.015":0.0742458972,"0.02":0.0734023009,"0.025":0.0739205669,"0.03":0.0773740979,"0.035":0.0811233354,"0.04":0.0788249774,"0.045":0.0783277644,"0.05":0.0774083659,"0.055":0.0760111649,"0.06":0.075527481,"0.065":0.075527481,"0.07":0.0746317019,"0.075":0.0742819285,"0.08":0.0742819285,"0.085":0.0733966442,"0.09":0.0782425059,"0.095":0.0782425059,"0.1":0.0782425059,"0.105":0.0770006227,"0.11":0.0765684026,"0.115":0.0765684026,"0.12":0.0765684026,"0.125":0.0765684026,"0.13":0.0759476262,"0.135":0.0759476262,"0.14":0.0755604507,"0.145":0.0755604507,"0.15":0.0755604507,"0.155":0.0755604507,"0.16":0.0755604507,"0.165":0.080619771,"0.17":0.0827641914,"0.175":0.0823187383,"0.18":0.081948263,"0.185":0.081948263,"0.19":0.0815216348,"0.195":0.0815216348,"0.2":0.0815216348,"0.205":0.0815216348,"0.21":0.0815216348,"0.215":0.0815216348,"0.22":0.0815216348,"0.225":0.0866223541,"0.23":0.0866223541,"0.235":0.0866223541,"0.24":0.0866223541,"0.245":0.0917826517,"0.25":0.0917826517,"0.255":0.0917826517,"0.26":0.0917826517,"0.265":0.0917826517,"0.27":0.0917826517,"0.275":0.0917826517,"0.28":0.0917826517,"0.285":0.0917826517,"0.29":0.0917826517,"0.295":0.0917826517,"0.3":0.0917826517,"0.305":0.0917826517,"0.31":0.0917826517,"0.315":0.0917826517,"0.32":0.0912958826,"0.325":0.0912958826,"0.33":0.0912958826,"0.335":0.0912958826,"0.34":0.0912958826,"0.345":0.0912958826,"0.35":0.0912958826,"0.355":0.0912958826,"0.36":0.0912958826,"0.365":0.0912958826,"0.37":0.0912958826,"0.375":0.0912958826,"0.38":0.0912958826,"0.385":0.0912958826,"0.39":0.0912958826,"0.395":0.0912958826,"0.4":0.0912958826,"0.405":0.0912958826,"0.41":0.0912958826,"0.415":0.0912958826,"0.42":0.0912958826,"0.425":0.0912958826,"0.43":0.0912958826,"0.435":0.0912958826,"0.44":0.0912958826,"0.445":0.0912958826,"0.45":0.0912958826,"0.455":0.0912958826,"0.46":0.0912958826,"0.465":0.0912958826,"0.47":0.0912958826,"0.475":0.0912958826,"0.48":0.0912958826,"0.485":0.0912958826,"0.49":0.0912958826,"0.495":0.0912958826,"0.5":0.0912958826},"davies2009\/mirex_qm_tempotracker":{"0.0":null,"0.005":null,"0.01":0.0177033682,"0.015":0.1158371327,"0.02":0.1431138233,"0.025":0.1520337752,"0.03":0.1593715738,"0.035":0.1668134217,"0.04":0.1822524718,"0.045":0.1811362394,"0.05":0.185557399,"0.055":0.1822816525,"0.06":0.1878439832,"0.065":0.1878439832,"0.07":0.1985436866,"0.075":0.1975042289,"0.08":0.1975042289,"0.085":0.1953309486,"0.09":0.2043453519,"0.095":0.2043453519,"0.1":0.2043453519,"0.105":0.2014175861,"0.11":0.200555571,"0.115":0.200555571,"0.12":0.200555571,"0.125":0.200555571,"0.13":0.19841205,"0.135":0.19841205,"0.14":0.1973981396,"0.145":0.1973981396,"0.15":0.1973981396,"0.155":0.1973981396,"0.16":0.1973981396,"0.165":0.1954228265,"0.17":0.1965484663,"0.175":0.1955183055,"0.18":0.1945736366,"0.185":0.1945736366,"0.19":0.1936531295,"0.195":0.1936531295,"0.2":0.1936531295,"0.205":0.1936531295,"0.21":0.1936531295,"0.215":0.1936531295,"0.22":0.1936531295,"0.225":0.1927834446,"0.23":0.1927834446,"0.235":0.1927834446,"0.24":0.1927834446,"0.245":0.1973867607,"0.25":0.1973867607,"0.255":0.1973867607,"0.26":0.1973867607,"0.265":0.1973867607,"0.27":0.1973867607,"0.275":0.1973867607,"0.28":0.1973867607,"0.285":0.1973867607,"0.29":0.1973867607,"0.295":0.1973867607,"0.3":0.1973867607,"0.305":0.1973867607,"0.31":0.1973867607,"0.315":0.1973867607,"0.32":0.1964376629,"0.325":0.1964376629,"0.33":0.1964376629,"0.335":0.1964376629,"0.34":0.1964376629,"0.345":0.1964376629,"0.35":0.1964376629,"0.355":0.1964376629,"0.36":0.1964376629,"0.365":0.1964376629,"0.37":0.1964376629,"0.375":0.1964376629,"0.38":0.1964376629,"0.385":0.1964376629,"0.39":0.1964376629,"0.395":0.1964376629,"0.4":0.1964376629,"0.405":0.1964376629,"0.41":0.1964376629,"0.415":0.1964376629,"0.42":0.1964376629,"0.425":0.1964376629,"0.43":0.1964376629,"0.435":0.1964376629,"0.44":0.1964376629,"0.445":0.1964376629,"0.45":0.1964376629,"0.455":0.1964376629,"0.46":0.1964376629,"0.465":0.1964376629,"0.47":0.1964376629,"0.475":0.1964376629,"0.48":0.1964376629,"0.485":0.1964376629,"0.49":0.1964376629,"0.495":0.1964376629,"0.5":0.1964376629},"percival2014\/stem":{"0.0":null,"0.005":null,"0.01":0.0014984463,"0.015":0.1465970665,"0.02":0.1339824084,"0.025":0.1507686781,"0.03":0.1496847622,"0.035":0.149563649,"0.04":0.1584224064,"0.045":0.1574124219,"0.05":0.1620128452,"0.055":0.1589207609,"0.06":0.157936175,"0.065":0.157936175,"0.07":0.1559914342,"0.075":0.1551339175,"0.08":0.1551339175,"0.085":0.1532615957,"0.09":0.1565744115,"0.095":0.1565744115,"0.1":0.1565744115,"0.105":0.1597442854,"0.11":0.1588286492,"0.115":0.1588286492,"0.12":0.1588286492,"0.125":0.1588286492,"0.13":0.1718656082,"0.135":0.1718656082,"0.14":0.1708576273,"0.145":0.1708576273,"0.15":0.1708576273,"0.155":0.1708576273,"0.16":0.1708576273,"0.165":0.1803531781,"0.17":0.1818806537,"0.175":0.1865835601,"0.18":0.185570674,"0.185":0.185570674,"0.19":0.1845171135,"0.195":0.1845171135,"0.2":0.1845171135,"0.205":0.1845171135,"0.21":0.1845171135,"0.215":0.1845171135,"0.22":0.1845171135,"0.225":0.1890124046,"0.23":0.1890124046,"0.235":0.1890124046,"0.24":0.1890124046,"0.245":0.1881151782,"0.25":0.1881151782,"0.255":0.1881151782,"0.26":0.1881151782,"0.265":0.1881151782,"0.27":0.1881151782,"0.275":0.1881151782,"0.28":0.1881151782,"0.285":0.1881151782,"0.29":0.1881151782,"0.295":0.1881151782,"0.3":0.1881151782,"0.305":0.1881151782,"0.31":0.1881151782,"0.315":0.1881151782,"0.32":0.1871147015,"0.325":0.1871147015,"0.33":0.1871147015,"0.335":0.1871147015,"0.34":0.1871147015,"0.345":0.1871147015,"0.35":0.1871147015,"0.355":0.1871147015,"0.36":0.1871147015,"0.365":0.1871147015,"0.37":0.1871147015,"0.375":0.1871147015,"0.38":0.1871147015,"0.385":0.1871147015,"0.39":0.1871147015,"0.395":0.1871147015,"0.4":0.1871147015,"0.405":0.1871147015,"0.41":0.1871147015,"0.415":0.1871147015,"0.42":0.1871147015,"0.425":0.1871147015,"0.43":0.1871147015,"0.435":0.1871147015,"0.44":0.1871147015,"0.445":0.1871147015,"0.45":0.1871147015,"0.455":0.1871147015,"0.46":0.1871147015,"0.465":0.1871147015,"0.47":0.1871147015,"0.475":0.1871147015,"0.48":0.1871147015,"0.485":0.1871147015,"0.49":0.1871147015,"0.495":0.1871147015,"0.5":0.1871147015},"schreiber2014\/default":{"0.0":null,"0.005":null,"0.01":0.0831337158,"0.015":0.2971102191,"0.02":0.2657094692,"0.025":0.284122017,"0.03":0.2832494072,"0.035":0.2915631986,"0.04":0.2894358046,"0.045":0.2881134448,"0.05":0.2848193422,"0.055":0.2798771172,"0.06":0.27878092,"0.065":0.27878092,"0.07":0.2753238893,"0.075":0.274462292,"0.08":0.274462292,"0.085":0.2715456652,"0.09":0.2728323319,"0.095":0.2728323319,"0.1":0.2728323319,"0.105":0.2780889701,"0.11":0.2765746267,"0.115":0.2765746267,"0.12":0.2765746267,"0.125":0.2765746267,"0.13":0.2787104954,"0.135":0.2787104954,"0.14":0.2771542918,"0.145":0.2771542918,"0.15":0.2771542918,"0.155":0.2771542918,"0.16":0.2771542918,"0.165":0.2870384853,"0.17":0.2887842532,"0.175":0.289103749,"0.18":0.2876221987,"0.185":0.2876221987,"0.19":0.2860148821,"0.195":0.2860148821,"0.2":0.2860148821,"0.205":0.2860148821,"0.21":0.2860148821,"0.215":0.2860148821,"0.22":0.2860148821,"0.225":0.2900395577,"0.23":0.2900395577,"0.235":0.2900395577,"0.24":0.2900395577,"0.245":0.2886269502,"0.25":0.2886269502,"0.255":0.2886269502,"0.26":0.2886269502,"0.265":0.2886269502,"0.27":0.2886269502,"0.275":0.2886269502,"0.28":0.2886269502,"0.285":0.2886269502,"0.29":0.2886269502,"0.295":0.2886269502,"0.3":0.2886269502,"0.305":0.2886269502,"0.31":0.2886269502,"0.315":0.2886269502,"0.32":0.2925605506,"0.325":0.2925605506,"0.33":0.2925605506,"0.335":0.2925605506,"0.34":0.2925605506,"0.345":0.2925605506,"0.35":0.2925605506,"0.355":0.2925605506,"0.36":0.2925605506,"0.365":0.2925605506,"0.37":0.2925605506,"0.375":0.2925605506,"0.38":0.2925605506,"0.385":0.2925605506,"0.39":0.2925605506,"0.395":0.2925605506,"0.4":0.2925605506,"0.405":0.2925605506,"0.41":0.2925605506,"0.415":0.2925605506,"0.42":0.2925605506,"0.425":0.2925605506,