{"boeck2015\/tempodetector2016_default":{"0.0":0.0,"0.0005":0.0335195531,"0.001":0.1005586592,"0.0015":0.1675977654,"0.002":0.217877095,"0.0025":0.2681564246,"0.003":0.3184357542,"0.0035":0.3798882682,"0.004":0.4469273743,"0.0045":0.5027932961,"0.005":0.5530726257,"0.0055":0.5754189944,"0.006":0.625698324,"0.0065":0.6648044693,"0.007":0.6983240223,"0.0075":0.7318435754,"0.008":0.7653631285,"0.0085":0.782122905,"0.009":0.7877094972,"0.0095":0.8156424581,"0.01":0.8547486034,"0.0105":0.8659217877,"0.011":0.8882681564,"0.0115":0.8938547486,"0.012":0.905027933,"0.0125":0.9217877095,"0.013":0.9329608939,"0.0135":0.938547486,"0.014":0.9497206704,"0.0145":0.9497206704,"0.015":0.9553072626,"0.0155":0.9553072626,"0.016":0.9720670391,"0.0165":0.9720670391,"0.017":0.9720670391,"0.0175":0.9776536313,"0.018":0.9832402235,"0.0185":0.9832402235,"0.019":0.9832402235,"0.0195":0.9832402235,"0.02":0.9832402235,"0.0205":0.9832402235,"0.021":0.9832402235,"0.0215":0.9832402235,"0.022":0.9832402235,"0.0225":0.9888268156,"0.023":0.9888268156,"0.0235":0.9888268156,"0.024":0.9888268156,"0.0245":0.9888268156,"0.025":0.9888268156,"0.0255":0.9888268156,"0.026":0.9888268156,"0.0265":0.9888268156,"0.027":0.9888268156,"0.0275":0.9888268156,"0.028":0.9888268156,"0.0285":0.9888268156,"0.029":0.9888268156,"0.0295":0.9888268156,"0.03":0.9888268156,"0.0305":0.9888268156,"0.031":0.9888268156,"0.0315":0.9888268156,"0.032":0.9888268156,"0.0325":0.9888268156,"0.033":0.9888268156,"0.0335":0.9888268156,"0.034":0.9888268156,"0.0345":0.9888268156,"0.035":0.9888268156,"0.0355":0.9944134078,"0.036":0.9944134078,"0.0365":0.9944134078,"0.037":0.9944134078,"0.0375":0.9944134078,"0.038":0.9944134078,"0.0385":0.9944134078,"0.039":0.9944134078,"0.0395":0.9944134078,"0.04":0.9944134078,"0.0405":0.9944134078,"0.041":0.9944134078,"0.0415":0.9944134078,"0.042":0.9944134078,"0.0425":0.9944134078,"0.043":0.9944134078,"0.0435":0.9944134078,"0.044":0.9944134078,"0.0445":0.9944134078,"0.045":0.9944134078,"0.0455":0.9944134078,"0.046":0.9944134078,"0.0465":0.9944134078,"0.047":0.9944134078,"0.0475":0.9944134078,"0.048":0.9944134078,"0.0485":0.9944134078,"0.049":0.9944134078,"0.0495":0.9944134078,"0.05":0.9944134078},"davies2009\/mirex_qm_tempotracker":{"0.0":0.0,"0.0005":0.061452514,"0.001":0.0670391061,"0.0015":0.0670391061,"0.002":0.0726256983,"0.0025":0.0782122905,"0.003":0.0837988827,"0.0035":0.0893854749,"0.004":0.0893854749,"0.0045":0.1173184358,"0.005":0.1229050279,"0.0055":0.1229050279,"0.006":0.1508379888,"0.0065":0.1843575419,"0.007":0.2346368715,"0.0075":0.2569832402,"0.008":0.2625698324,"0.0085":0.2849162011,"0.009":0.2905027933,"0.0095":0.3184357542,"0.01":0.3296089385,"0.0105":0.3351955307,"0.011":0.3463687151,"0.0115":0.3687150838,"0.012":0.3910614525,"0.0125":0.4189944134,"0.013":0.4357541899,"0.0135":0.4748603352,"0.014":0.4972067039,"0.0145":0.4972067039,"0.015":0.5083798883,"0.0155":0.5139664804,"0.016":0.5139664804,"0.0165":0.5474860335,"0.017":0.5586592179,"0.0175":0.5865921788,"0.018":0.6201117318,"0.0185":0.6424581006,"0.019":0.6592178771,"0.0195":0.687150838,"0.02":0.6983240223,"0.0205":0.7206703911,"0.021":0.7318435754,"0.0215":0.7541899441,"0.022":0.7597765363,"0.0225":0.7653631285,"0.023":0.7877094972,"0.0235":0.8100558659,"0.024":0.8268156425,"0.0245":0.843575419,"0.025":0.8603351955,"0.0255":0.8659217877,"0.026":0.8715083799,"0.0265":0.8826815642,"0.027":0.8882681564,"0.0275":0.8938547486,"0.028":0.9106145251,"0.0285":0.9106145251,"0.029":0.9162011173,"0.0295":0.9273743017,"0.03":0.9273743017,"0.0305":0.9273743017,"0.031":0.9273743017,"0.0315":0.9329608939,"0.032":0.9329608939,"0.0325":0.938547486,"0.033":0.9441340782,"0.0335":0.9497206704,"0.034":0.9608938547,"0.0345":0.9608938547,"0.035":0.9608938547,"0.0355":0.9608938547,"0.036":0.9608938547,"0.0365":0.9664804469,"0.037":0.9664804469,"0.0375":0.9664804469,"0.038":0.9664804469,"0.0385":0.9664804469,"0.039":0.9664804469,"0.0395":0.9720670391,"0.04":0.9720670391,"0.0405":0.9720670391,"0.041":0.9776536313,"0.0415":0.9776536313,"0.042":0.9776536313,"0.0425":0.9776536313,"0.043":0.9776536313,"0.0435":0.9776536313,"0.044":0.9776536313,"0.0445":0.9776536313,"0.045":0.9776536313,"0.0455":0.9776536313,"0.046":0.9776536313,"0.0465":0.9776536313,"0.047":0.9776536313,"0.0475":0.9776536313,"0.048":0.9776536313,"0.0485":0.9776536313,"0.049":0.9776536313,"0.0495":0.9776536313,"0.05":0.9776536313},"percival2014\/stem":{"0.0":0.0,"0.0005":0.469273743,"0.001":0.469273743,"0.0015":0.469273743,"0.002":0.4860335196,"0.0025":0.5363128492,"0.003":0.6145251397,"0.0035":0.6983240223,"0.004":0.7653631285,"0.0045":0.8156424581,"0.005":0.8491620112,"0.0055":0.8603351955,"0.006":0.8938547486,"0.0065":0.9106145251,"0.007":0.9106145251,"0.0075":0.9106145251,"0.008":0.9217877095,"0.0085":0.9217877095,"0.009":0.9217877095,"0.0095":0.9273743017,"0.01":0.9273743017,"0.0105":0.9329608939,"0.011":0.9329608939,"0.0115":0.938547486,"0.012":0.9441340782,"0.0125":0.9441340782,"0.013":0.9441340782,"0.0135":0.9441340782,"0.014":0.9497206704,"0.0145":0.9553072626,"0.015":0.9608938547,"0.0155":0.9608938547,"0.016":0.9608938547,"0.0165":0.9608938547,"0.017":0.9608938547,"0.0175":0.9664804469,"0.018":0.9664804469,"0.0185":0.9664804469,"0.019":0.9664804469,"0.0195":0.9664804469,"0.02":0.9664804469,"0.0205":0.9720670391,"0.021":0.9720670391,"0.0215":0.9776536313,"0.022":0.9776536313,"0.0225":0.9832402235,"0.023":0.9888268156,"0.0235":0.9888268156,"0.024":0.9888268156,"0.0245":0.9888268156,"0.025":0.9888268156,"0.0255":0.9888268156,"0.026":0.9888268156,"0.0265":0.9888268156,"0.027":0.9888268156,"0.0275":0.9888268156,"0.028":0.9888268156,"0.0285":0.9888268156,"0.029":0.9888268156,"0.0295":0.9888268156,"0.03":0.9888268156,"0.0305":0.9888268156,"0.031":0.9888268156,"0.0315":0.9888268156,"0.032":0.9888268156,"0.0325":0.9888268156,"0.033":0.9888268156,"0.0335":0.9888268156,"0.034":0.9888268156,"0.0345":0.9888268156,"0.035":0.9888268156,"0.0355":0.9888268156,"0.036":0.9888268156,"0.0365":0.9944134078,"0.037":0.9944134078,"0.0375":0.9944134078,"0.038":0.9944134078,"0.0385":0.9944134078,"0.039":0.9944134078,"0.0395":0.9944134078,"0.04":0.9944134078,"0.0405":0.9944134078,"0.041":0.9944134078,"0.0415":0.9944134078,"0.042":0.9944134078,"0.0425":0.9944134078,"0.043":0.9944134078,"0.0435":0.9944134078,"0.044":0.9944134078,"0.0445":0.9944134078,"0.045":0.9944134078,"0.0455":0.9944134078,"0.046":0.9944134078,"0.0465":0.9944134078,"0.047":0.9944134078,"0.0475":0.9944134078,"0.048":0.9944134078,"0.0485":0.9944134078,"0.049":0.9944134078,"0.0495":0.9944134078,"0.05":0.9944134078},"schreiber2014\/default":{"0.0":0.0,"0.0005":0.0167597765,"0.001":0.0502793296,"0.0015":0.0893854749,"0.002":0.1061452514,"0.0025":0.1117318436,"0.003":0.1452513966,"0.0035":0.1787709497,"0.004":0.217877095,"0.0045":0.2402234637,"0.005":0.2625698324,"0.0055":0.3072625698,"0.006":0.3184357542,"0.0065":0.3351955307,"0.007":0.3631284916,"0.0075":0.3798882682,"0.008":0.4189944134,"0.0085":0.4357541899,"0.009":0.4636871508,"0.0095":0.469273743,"0.01":0.5195530726,"0.0105":0.5418994413,"0.011":0.5698324022,"0.0115":0.5865921788,"0.012":0.5921787709,"0.0125":0.6033519553,"0.013":0.6089385475,"0.0135":0.6201117318,"0.014":0.6424581006,"0.0145":0.6480446927,"0.015":0.6536312849,"0.0155":0.6703910615,"0.016":0.6815642458,"0.0165":0.6815642458,"0.017":0.6927374302,"0.0175":0.6983240223,"0.018":0.6983240223,"0.0185":0.7150837989,"0.019":0.7318435754,"0.0195":0.7318435754,"0.02":0.7374301676,"0.0205":0.7430167598,"0.021":0.7430167598,"0.0215":0.748603352,"0.022":0.7541899441,"0.0225":0.7653631285,"0.023":0.7653631285,"0.0235":0.7653631285,"0.024":0.782122905,"0.0245":0.7988826816,"0.025":0.8156424581,"0.0255":0.8156424581,"0.026":0.8268156425,"0.0265":0.8379888268,"0.027":0.8491620112,"0.0275":0.8547486034,"0.028":0.8603351955,"0.0285":0.8603351955,"0.029":0.8659217877,"0.0295":0.8659217877,"0.03":0.8659217877,"0.0305":0.8659217877,"0.031":0.8659217877,"0.0315":0.8715083799,"0.032":0.8715083799,"0.0325":0.8715083799,