{"OE1_MEAN":{"boeck2015\/tempodetector2016_default":-0.0380920083,"boeck2019\/multi_task_hjdb":-0.0077335479,"schreiber2018\/ismir2018":0.0360064415,"schreiber2018\/fcn":-0.0220764344,"schreiber2017\/mirex2017":-0.072627443,"schreiber2018\/cnn":0.046655438,"boeck2019\/multi_task":-0.0327063445,"percival2014\/stem":-0.1611517861,"davies2009\/mirex_qm_tempotracker":0.1309760713,"schreiber2017\/ismir2017":-0.0591356144,"schreiber2014\/default":-0.2662580918},"OE1_STDEV":{"boeck2015\/tempodetector2016_default":0.2938148842,"boeck2019\/multi_task_hjdb":0.3234958682,"schreiber2018\/ismir2018":0.3371849522,"schreiber2018\/fcn":0.3587472183,"schreiber2017\/mirex2017":0.3674855378,"schreiber2018\/cnn":0.378815682,"boeck2019\/multi_task":0.3887323767,"percival2014\/stem":0.4016277419,"davies2009\/mirex_qm_tempotracker":0.4028459955,"schreiber2017\/ismir2017":0.4047736764,"schreiber2014\/default":0.4512215522},"OE2_MEAN":{"boeck2015\/tempodetector2016_default":-0.0013045083,"boeck2019\/multi_task_hjdb":-0.004465601,"schreiber2018\/ismir2018":-0.008686296,"schreiber2018\/fcn":-0.0053166578,"schreiber2017\/mirex2017":-0.0000017447,"schreiber2018\/cnn":-0.0059425369,"boeck2019\/multi_task":-0.0047733837,"percival2014\/stem":-0.0014592582,"davies2009\/mirex_qm_tempotracker":0.0192442278,"schreiber2017\/ismir2017":-0.0046390361,"schreiber2014\/default":-0.0060069046},"OE2_STDEV":{"boeck2015\/tempodetector2016_default":0.0353320931,"boeck2019\/multi_task_hjdb":0.050182125,"schreiber2018\/ismir2018":0.0599463704,"schreiber2018\/fcn":0.0375586222,"schreiber2017\/mirex2017":0.0642802459,"schreiber2018\/cnn":0.0521775026,"boeck2019\/multi_task":0.0506145197,"percival2014\/stem":0.0341942929,"davies2009\/mirex_qm_tempotracker":0.0567156144,"schreiber2017\/ismir2017":0.0448910747,"schreiber2014\/default":0.0788903279}}