{"boeck2015\/tempodetector2016_default":{"boeck2015\/tempodetector2016_default":1.0,"davies2009\/mirex_qm_tempotracker":0.0000002632,"percival2014\/stem":0.0000217094,"schreiber2014\/default":0.0,"schreiber2017\/ismir2017":0.0000000254,"schreiber2017\/mirex2017":0.0000000254,"schreiber2018\/cnn":0.0049551658,"schreiber2018\/fcn":0.5661670146,"schreiber2018\/ismir2018":0.009293439},"davies2009\/mirex_qm_tempotracker":{"boeck2015\/tempodetector2016_default":0.0000002632,"davies2009\/mirex_qm_tempotracker":1.0,"percival2014\/stem":0.0,"schreiber2014\/default":1.825264264e-21,"schreiber2017\/ismir2017":1.018824677e-19,"schreiber2017\/mirex2017":1.018824677e-19,"schreiber2018\/cnn":0.0357280803,"schreiber2018\/fcn":0.0001075896,"schreiber2018\/ismir2018":0.0057164177},"percival2014\/stem":{"boeck2015\/tempodetector2016_default":0.0000217094,"davies2009\/mirex_qm_tempotracker":0.0,"percival2014\/stem":1.0,"schreiber2014\/default":0.0008506796,"schreiber2017\/ismir2017":0.0087182592,"schreiber2017\/mirex2017":0.0087182592,"schreiber2018\/cnn":0.0000000019,"schreiber2018\/fcn":0.0000238726,"schreiber2018\/ismir2018":0.0000000047},"schreiber2014\/default":{"boeck2015\/tempodetector2016_default":0.0,"davies2009\/mirex_qm_tempotracker":1.825264264e-21,"percival2014\/stem":0.0008506796,"schreiber2014\/default":1.0,"schreiber2017\/ismir2017":0.7690363827,"schreiber2017\/mirex2017":0.7690363827,"schreiber2018\/cnn":0.0,"schreiber2018\/fcn":0.0000000003,"schreiber2018\/ismir2018":0.0},"schreiber2017\/ismir2017":{"boeck2015\/tempodetector2016_default":0.0000000254,"davies2009\/mirex_qm_tempotracker":1.018824677e-19,"percival2014\/stem":0.0087182592,"schreiber2014\/default":0.7690363827,"schreiber2017\/ismir2017":1.0,"schreiber2017\/mirex2017":1.0,"schreiber2018\/cnn":0.0,"schreiber2018\/fcn":0.0000000586,"schreiber2018\/ismir2018":0.0},"schreiber2017\/mirex2017":{"boeck2015\/tempodetector2016_default":0.0000000254,"davies2009\/mirex_qm_tempotracker":1.018824677e-19,"percival2014\/stem":0.0087182592,"schreiber2014\/default":0.7690363827,"schreiber2017\/ismir2017":1.0,"schreiber2017\/mirex2017":1.0,"schreiber2018\/cnn":0.0,"schreiber2018\/fcn":0.0000000586,"schreiber2018\/ismir2018":0.0},"schreiber2018\/cnn":{"boeck2015\/tempodetector2016_default":0.0049551658,"davies2009\/mirex_qm_tempotracker":0.0357280803,"percival2014\/stem":0.0000000019,"schreiber2014\/default":0.0,"schreiber2017\/ismir2017":0.0,"schreiber2017\/mirex2017":0.0,"schreiber2018\/cnn":1.0,"schreiber2018\/fcn":0.0125387796,"schreiber2018\/ismir2018":0.6438401001},"schreiber2018\/fcn":{"boeck2015\/tempodetector2016_default":0.5661670146,"davies2009\/mirex_qm_tempotracker":0.0001075896,"percival2014\/stem":0.0000238726,"schreiber2014\/default":0.0000000003,"schreiber2017\/ismir2017":0.0000000586,"schreiber2017\/mirex2017":0.0000000586,"schreiber2018\/cnn":0.0125387796,"schreiber2018\/fcn":1.0,"schreiber2018\/ismir2018":0.0439225028},"schreiber2018\/ismir2018":{"boeck2015\/tempodetector2016_default":0.009293439,"davies2009\/mirex_qm_tempotracker":0.0057164177,"percival2014\/stem":0.0000000047,"schreiber2014\/default":0.0,"schreiber2017\/ismir2017":0.0,"schreiber2017\/mirex2017":0.0,"schreiber2018\/cnn":0.6438401001,"schreiber2018\/fcn":0.0439225028,"schreiber2018\/ismir2018":1.0}}