{"boeck2015\/tempodetector2016_default":{"boeck2015\/tempodetector2016_default":1.0,"boeck2019\/multi_task":0.6500782863,"boeck2019\/multi_task_hjdb":0.5831731381,"boeck2020\/dar":0.0000623644,"davies2009\/mirex_qm_tempotracker":0.0000008648,"percival2014\/stem":0.0000000056,"schreiber2014\/default":0.0000023302,"schreiber2017\/ismir2017":0.3280190627,"schreiber2017\/mirex2017":0.0873161389,"schreiber2018\/cnn":0.0210947146,"schreiber2018\/fcn":0.0095449014,"schreiber2018\/ismir2018":0.0504730333},"boeck2019\/multi_task":{"boeck2015\/tempodetector2016_default":0.6500782863,"boeck2019\/multi_task":1.0,"boeck2019\/multi_task_hjdb":0.3157949945,"boeck2020\/dar":0.0199824438,"davies2009\/mirex_qm_tempotracker":0.000287708,"percival2014\/stem":0.0677792692,"schreiber2014\/default":0.0000099284,"schreiber2017\/ismir2017":0.7652545879,"schreiber2017\/mirex2017":0.223034158,"schreiber2018\/cnn":0.101162127,"schreiber2018\/fcn":0.4124494935,"schreiber2018\/ismir2018":0.1825132129},"boeck2019\/multi_task_hjdb":{"boeck2015\/tempodetector2016_default":0.5831731381,"boeck2019\/multi_task":0.3157949945,"boeck2019\/multi_task_hjdb":1.0,"boeck2020\/dar":0.0290860182,"davies2009\/mirex_qm_tempotracker":0.0003947844,"percival2014\/stem":0.0552253068,"schreiber2014\/default":0.0000137862,"schreiber2017\/ismir2017":0.8286136476,"schreiber2017\/mirex2017":0.2429354391,"schreiber2018\/cnn":0.115428994,"schreiber2018\/fcn":0.4702489548,"schreiber2018\/ismir2018":0.1950672654},"boeck2020\/dar":{"boeck2015\/tempodetector2016_default":0.0000623644,"boeck2019\/multi_task":0.0199824438,"boeck2019\/multi_task_hjdb":0.0290860182,"boeck2020\/dar":1.0,"davies2009\/mirex_qm_tempotracker":0.0069425387,"percival2014\/stem":0.0000000003,"schreiber2014\/default":0.0003671612,"schreiber2017\/ismir2017":0.0741844457,"schreiber2017\/mirex2017":0.9439193084,"schreiber2018\/cnn":0.8427346018,"schreiber2018\/fcn":0.0645726266,"schreiber2018\/ismir2018":0.9703995377},"davies2009\/mirex_qm_tempotracker":{"boeck2015\/tempodetector2016_default":0.0000008648,"boeck2019\/multi_task":0.000287708,"boeck2019\/multi_task_hjdb":0.0003947844,"boeck2020\/dar":0.0069425387,"davies2009\/mirex_qm_tempotracker":1.0,"percival2014\/stem":0.0000000042,"schreiber2014\/default":0.2353339829,"schreiber2017\/ismir2017":0.0000000416,"schreiber2017\/mirex2017":0.0142684828,"schreiber2018\/cnn":0.0169486371,"schreiber2018\/fcn":0.0001395533,"schreiber2018\/ismir2018":0.0415930571},"percival2014\/stem":{"boeck2015\/tempodetector2016_default":0.0000000056,"boeck2019\/multi_task":0.0677792692,"boeck2019\/multi_task_hjdb":0.0552253068,"boeck2020\/dar":0.0000000003,"davies2009\/mirex_qm_tempotracker":0.0000000042,"percival2014\/stem":1.0,"schreiber2014\/default":0.0000000344,"schreiber2017\/ismir2017":0.0095033883,"schreiber2017\/mirex2017":0.0080136444,"schreiber2018\/cnn":0.0002479372,"schreiber2018\/fcn":0.0000000951,"schreiber2018\/ismir2018":0.0027411362},"schreiber2014\/default":{"boeck2015\/tempodetector2016_default":0.0000023302,"boeck2019\/multi_task":0.0000099284,"boeck2019\/multi_task_hjdb":0.0000137862,"boeck2020\/dar":0.0003671612,"davies2009\/mirex_qm_tempotracker":0.2353339829,"percival2014\/stem":0.0000000344,"schreiber2014\/default":1.0,"schreiber2017\/ismir2017":0.0000008277,"schreiber2017\/mirex2017":0.0002606012,"schreiber2018\/cnn":0.0000297391,"schreiber2018\/fcn":0.0000092718,"schreiber2018\/ismir2018":0.0014727861},"schreiber2017\/ismir2017":{"boeck2015\/tempodetector2016_default":0.3280190627,"boeck2019\/multi_task":0.7652545879,"boeck2019\/multi_task_hjdb":0.8286136476,"boeck2020\/dar":0.0741844457,"davies2009\/mirex_qm_tempotracker":0.0000000416,"percival2014\/stem":0.0095033883,"schreiber2014\/default":0.0000008277,"schreiber2017\/ismir2017":1.0,"schreiber2017\/mirex2017":0.1578804099,"schreiber2018\/cnn":0.2111103662,"schreiber2018\/fcn":0.5790039394,"schreiber2018\/ismir2018":0.261048861},"schreiber2017\/mirex2017":{"boeck2015\/tempodetector2016_default":0.0873161389,"boeck2019\/multi_task":0.223034158,"boeck2019\/multi_task_hjdb":0.2429354391,"boeck2020\/dar":0.9439193084,"davies2009\/mirex_qm_tempotracker":0.0142684828,"percival2014\/stem":0.0080136444,"schreiber2014\/default":0.0002606012,"schreiber2017\/ismir2017":0.1578804099,"schreiber2017\/mirex2017":1.0,"schreiber2018\/cnn":0.9449259976,"schreiber2018\/fcn":0.4438647918,"schreiber2018\/ismir2018":0.9698905812},"schreiber2018\/cnn":{"boeck2015\/tempodetector2016_default":0.0210947146,"boeck2019\/multi_task":0.101162127,"boeck2019\/multi_task_hjdb":0.115428994,"boeck2020\/dar":0.8427346018,"davies2009\/mirex_qm_tempotracker":0.0169486371,"percival2014\/stem":0.0002479372,"schreiber2014\/default":0.0000297391,"schreiber2017\/ismir2017":0.2111103662,"schreiber2017\/mirex2017":0.9449259976,"schreiber2018\/cnn":1.0,"schreiber2018\/fcn":0.3097986851,"schreiber2018\/ismir2018":0.8969177454},"schreiber2018\/fcn":{"boeck2015\/tempodetector2016_default":0.0095449014,"boeck2019\/multi_task":0.4124494935,"boeck2019\/multi_task_hjdb":0.4702489548,"boeck2020\/dar":0.0645726266,"davies2009\/mirex_qm_tempotracker":0.0001395533,"percival2014\/stem":0.0000000951,"schreiber2014\/default":0.0000092718,"schreiber2017\/ismir2017":0.5790039394,"schreiber2017\/mirex2017":0.4438647918,"schreiber2018\/cnn":0.3097986851,"schreiber2018\/fcn":1.0,"schreiber2018\/ismir2018":0.3783116249},"schreiber2018\/ismir2018":{"boeck2015\/tempodetector2016_default":0.0504730333,"boeck2019\/multi_task":0.1825132129,"boeck2019\/multi_task_hjdb":0.1950672654,"boeck2020\/dar":0.9703995377,"davies2009\/mirex_qm_tempotracker":0.0415930571,"percival2014\/stem":0.0027411362,"schreiber2014\/default":0.0014727861,"schreiber2017\/ismir2017":0.261048861,"schreiber2017\/mirex2017":0.9698905812,"schreiber2018\/cnn":0.8969177454,"schreiber2018\/fcn":0.3783116249,"schreiber2018\/ismir2018":1.0}}