{"Size":{"1.2":179},"Min":{"1.2":66.0612302088},"Max":{"1.2":184.6153846154},"Avg":{"1.2":117.4492233135},"Stdev":{"1.2":27.2951149853},"Sweet Oct. Start":{"1.2":79.0},"Sweet Oct. Coverage":{"1.2":0.8379888268}}