{"boeck2015\/tempodetector2016_default":{"boeck2015\/tempodetector2016_default":1.0,"davies2009\/mirex_qm_tempotracker":0.0016580525,"percival2014\/stem":0.0005335212,"schreiber2014\/default":0.0000000001,"schreiber2017\/ismir2017":0.0000001212,"schreiber2017\/mirex2017":0.0000001212,"schreiber2018\/cnn":0.0106738405,"schreiber2018\/fcn":0.0432852507,"schreiber2018\/ismir2018":0.0871585533},"davies2009\/mirex_qm_tempotracker":{"boeck2015\/tempodetector2016_default":0.0016580525,"davies2009\/mirex_qm_tempotracker":1.0,"percival2014\/stem":0.8877248273,"schreiber2014\/default":0.0018204049,"schreiber2017\/ismir2017":0.0429565455,"schreiber2017\/mirex2017":0.0429565455,"schreiber2018\/cnn":0.5758493477,"schreiber2018\/fcn":0.2624375357,"schreiber2018\/ismir2018":0.1538599442},"percival2014\/stem":{"boeck2015\/tempodetector2016_default":0.0005335212,"davies2009\/mirex_qm_tempotracker":0.8877248273,"percival2014\/stem":1.0,"schreiber2014\/default":0.0000024299,"schreiber2017\/ismir2017":0.0043240049,"schreiber2017\/mirex2017":0.0043240049,"schreiber2018\/cnn":0.7552286575,"schreiber2018\/fcn":0.3105046591,"schreiber2018\/ismir2018":0.2681872511},"schreiber2014\/default":{"boeck2015\/tempodetector2016_default":0.0000000001,"davies2009\/mirex_qm_tempotracker":0.0018204049,"percival2014\/stem":0.0000024299,"schreiber2014\/default":1.0,"schreiber2017\/ismir2017":0.2116085688,"schreiber2017\/mirex2017":0.2116085688,"schreiber2018\/cnn":0.0001308388,"schreiber2018\/fcn":0.0000048175,"schreiber2018\/ismir2018":0.000003016},"schreiber2017\/ismir2017":{"boeck2015\/tempodetector2016_default":0.0000001212,"davies2009\/mirex_qm_tempotracker":0.0429565455,"percival2014\/stem":0.0043240049,"schreiber2014\/default":0.2116085688,"schreiber2017\/ismir2017":1.0,"schreiber2017\/mirex2017":1.0,"schreiber2018\/cnn":0.0062176027,"schreiber2018\/fcn":0.0010657658,"schreiber2018\/ismir2018":0.000460005},"schreiber2017\/mirex2017":{"boeck2015\/tempodetector2016_default":0.0000001212,"davies2009\/mirex_qm_tempotracker":0.0429565455,"percival2014\/stem":0.0043240049,"schreiber2014\/default":0.2116085688,"schreiber2017\/ismir2017":1.0,"schreiber2017\/mirex2017":1.0,"schreiber2018\/cnn":0.0062176027,"schreiber2018\/fcn":0.0010657658,"schreiber2018\/ismir2018":0.000460005},"schreiber2018\/cnn":{"boeck2015\/tempodetector2016_default":0.0106738405,"davies2009\/mirex_qm_tempotracker":0.5758493477,"percival2014\/stem":0.7552286575,"schreiber2014\/default":0.0001308388,"schreiber2017\/ismir2017":0.0062176027,"schreiber2017\/mirex2017":0.0062176027,"schreiber2018\/cnn":1.0,"schreiber2018\/fcn":0.557197094,"schreiber2018\/ismir2018":0.3592834473},"schreiber2018\/fcn":{"boeck2015\/tempodetector2016_default":0.0432852507,"davies2009\/mirex_qm_tempotracker":0.2624375357,"percival2014\/stem":0.3105046591,"schreiber2014\/default":0.0000048175,"schreiber2017\/ismir2017":0.0010657658,"schreiber2017\/mirex2017":0.0010657658,"schreiber2018\/cnn":0.557197094,"schreiber2018\/fcn":1.0,"schreiber2018\/ismir2018":1.0},"schreiber2018\/ismir2018":{"boeck2015\/tempodetector2016_default":0.0871585533,"davies2009\/mirex_qm_tempotracker":0.1538599442,"percival2014\/stem":0.2681872511,"schreiber2014\/default":0.000003016,"schreiber2017\/ismir2017":0.000460005,"schreiber2017\/mirex2017":0.000460005,"schreiber2018\/cnn":0.3592834473,"schreiber2018\/fcn":1.0,"schreiber2018\/ismir2018":1.0}}