Reference,Size,Min,Max,Avg,Stdev,Sweet Oct. Start,Sweet Oct. Coverage
1.2,179,66.06123020877727,184.61538461538436,117.44922331346754,27.295114985268913,79.0,0.8379888268156425
