Estimator,Size,Min,Max,Avg,Stdev,Sweet Oct. Start,Sweet Oct. Coverage
boeck2015/tempodetector2016_default,180,45.8,181.82,114.26072222222223,28.160302520089644,72.0,0.8333333333333334
davies2009/mirex_qm_tempotracker,180,77.1339,184.57,127.49165388888889,24.87708331811335,87.0,0.9555555555555556
percival2014/stem,180,50.9159,156.605,105.00847055555556,23.18720869116341,70.0,0.9166666666666666
schreiber2014/default,180,54.352146,149.19734,97.61186447777777,23.07365995546914,67.0,0.8888888888888888
schreiber2017/ismir2017,180,40.21704,159.48817,99.81492988888888,28.192605515546852,72.0,0.7444444444444445
schreiber2017/mirex2017,180,40.21704,159.48817,99.5897495,28.503360464674913,72.0,0.7388888888888889
schreiber2018/cnn,180,58.0,200.0,121.85555555555555,31.593988930825784,76.0,0.7833333333333333
schreiber2018/fcn,180,38.0,199.0,116.50555555555556,32.40378921600922,76.0,0.7722222222222223
schreiber2018/ismir2018,180,67.0,195.0,120.38333333333334,28.0630326031005,76.0,0.8555555555555555
