Estimator,boeck2015/tempodetector2016_default,davies2009/mirex_qm_tempotracker,percival2014/stem,schreiber2014/default,schreiber2017/ismir2017,schreiber2017/mirex2017,schreiber2018/cnn,schreiber2018/fcn,schreiber2018/ismir2018
boeck2015/tempodetector2016_default,1.0,8.64794854121891e-07,5.584912802888442e-09,2.330230467801003e-06,0.3280192828759053,0.3280192828759053,0.021094714572229604,0.009544901395480197,0.050473033259382634
davies2009/mirex_qm_tempotracker,8.64794854121891e-07,1.0,4.1831533677289036e-09,0.23533398293047372,4.161528674821399e-08,4.161528674821399e-08,0.0169486371281477,0.00013955327410168782,0.041593057086346294
percival2014/stem,5.584912802888442e-09,4.1831533677289036e-09,1.0,3.4399545639537147e-08,0.009503400492939231,0.009503400492939231,0.00024793724215203366,9.511878191698297e-08,0.0027411361846899525
schreiber2014/default,2.330230467801003e-06,0.23533398293047372,3.4399545639537147e-08,1.0,8.277379036337121e-07,8.277379036337121e-07,2.973907267140278e-05,9.271825936454946e-06,0.0014727860762565217
schreiber2017/ismir2017,0.3280192828759053,4.161528674821399e-08,0.009503400492939231,8.277379036337121e-07,1.0,1.0,0.21111025624884372,0.579003654048167,0.2610487556833403
schreiber2017/mirex2017,0.3280192828759053,4.161528674821399e-08,0.009503400492939231,8.277379036337121e-07,1.0,1.0,0.21111025624884372,0.579003654048167,0.2610487556833403
schreiber2018/cnn,0.021094714572229604,0.0169486371281477,0.00024793724215203366,2.973907267140278e-05,0.21111025624884372,0.21111025624884372,1.0,0.30979868507347746,0.8969177453916254
schreiber2018/fcn,0.009544901395480197,0.00013955327410168782,9.511878191698297e-08,9.271825936454946e-06,0.579003654048167,0.579003654048167,0.30979868507347746,1.0,0.37831162487308856
schreiber2018/ismir2018,0.050473033259382634,0.041593057086346294,0.0027411361846899525,0.0014727860762565217,0.2610487556833403,0.2610487556833403,0.8969177453916254,0.37831162487308856,1.0
