{"boeck2015\/tempodetector2016_default":{"boeck2015\/tempodetector2016_default":1.0,"davies2009\/mirex_qm_tempotracker":0.0000008648,"percival2014\/stem":0.0000000056,"schreiber2014\/default":0.0000023302,"schreiber2017\/ismir2017":0.3280192829,"schreiber2017\/mirex2017":0.3280192829,"schreiber2018\/cnn":0.0210947146,"schreiber2018\/fcn":0.0095449014,"schreiber2018\/ismir2018":0.0504730333},"davies2009\/mirex_qm_tempotracker":{"boeck2015\/tempodetector2016_default":0.0000008648,"davies2009\/mirex_qm_tempotracker":1.0,"percival2014\/stem":0.0000000042,"schreiber2014\/default":0.2353339829,"schreiber2017\/ismir2017":0.0000000416,"schreiber2017\/mirex2017":0.0000000416,"schreiber2018\/cnn":0.0169486371,"schreiber2018\/fcn":0.0001395533,"schreiber2018\/ismir2018":0.0415930571},"percival2014\/stem":{"boeck2015\/tempodetector2016_default":0.0000000056,"davies2009\/mirex_qm_tempotracker":0.0000000042,"percival2014\/stem":1.0,"schreiber2014\/default":0.0000000344,"schreiber2017\/ismir2017":0.0095034005,"schreiber2017\/mirex2017":0.0095034005,"schreiber2018\/cnn":0.0002479372,"schreiber2018\/fcn":0.0000000951,"schreiber2018\/ismir2018":0.0027411362},"schreiber2014\/default":{"boeck2015\/tempodetector2016_default":0.0000023302,"davies2009\/mirex_qm_tempotracker":0.2353339829,"percival2014\/stem":0.0000000344,"schreiber2014\/default":1.0,"schreiber2017\/ismir2017":0.0000008277,"schreiber2017\/mirex2017":0.0000008277,"schreiber2018\/cnn":0.0000297391,"schreiber2018\/fcn":0.0000092718,"schreiber2018\/ismir2018":0.0014727861},"schreiber2017\/ismir2017":{"boeck2015\/tempodetector2016_default":0.3280192829,"davies2009\/mirex_qm_tempotracker":0.0000000416,"percival2014\/stem":0.0095034005,"schreiber2014\/default":0.0000008277,"schreiber2017\/ismir2017":1.0,"schreiber2017\/mirex2017":1.0,"schreiber2018\/cnn":0.2111102562,"schreiber2018\/fcn":0.579003654,"schreiber2018\/ismir2018":0.2610487557},"schreiber2017\/mirex2017":{"boeck2015\/tempodetector2016_default":0.3280192829,"davies2009\/mirex_qm_tempotracker":0.0000000416,"percival2014\/stem":0.0095034005,"schreiber2014\/default":0.0000008277,"schreiber2017\/ismir2017":1.0,"schreiber2017\/mirex2017":1.0,"schreiber2018\/cnn":0.2111102562,"schreiber2018\/fcn":0.579003654,"schreiber2018\/ismir2018":0.2610487557},"schreiber2018\/cnn":{"boeck2015\/tempodetector2016_default":0.0210947146,"davies2009\/mirex_qm_tempotracker":0.0169486371,"percival2014\/stem":0.0002479372,"schreiber2014\/default":0.0000297391,"schreiber2017\/ismir2017":0.2111102562,"schreiber2017\/mirex2017":0.2111102562,"schreiber2018\/cnn":1.0,"schreiber2018\/fcn":0.3097986851,"schreiber2018\/ismir2018":0.8969177454},"schreiber2018\/fcn":{"boeck2015\/tempodetector2016_default":0.0095449014,"davies2009\/mirex_qm_tempotracker":0.0001395533,"percival2014\/stem":0.0000000951,"schreiber2014\/default":0.0000092718,"schreiber2017\/ismir2017":0.579003654,"schreiber2017\/mirex2017":0.579003654,"schreiber2018\/cnn":0.3097986851,"schreiber2018\/fcn":1.0,"schreiber2018\/ismir2018":0.3783116249},"schreiber2018\/ismir2018":{"boeck2015\/tempodetector2016_default":0.0504730333,"davies2009\/mirex_qm_tempotracker":0.0415930571,"percival2014\/stem":0.0027411362,"schreiber2014\/default":0.0014727861,"schreiber2017\/ismir2017":0.2610487557,"schreiber2017\/mirex2017":0.2610487557,"schreiber2018\/cnn":0.8969177454,"schreiber2018\/fcn":0.3783116249,"schreiber2018\/ismir2018":1.0}}