{"boeck2015\/tempodetector2016_default":{"boeck2015\/tempodetector2016_default":1.0,"boeck2019\/multi_task":0.8471749329,"boeck2019\/multi_task_hjdb":0.2037053479,"boeck2020\/dar":0.1328079657,"davies2009\/mirex_qm_tempotracker":0.0000002632,"percival2014\/stem":0.0000217094,"schreiber2014\/default":0.0,"schreiber2017\/ismir2017":0.4735009052,"schreiber2017\/mirex2017":0.2154366551,"schreiber2018\/cnn":0.0049551658,"schreiber2018\/fcn":0.5661670146,"schreiber2018\/ismir2018":0.009293439},"boeck2019\/multi_task":{"boeck2015\/tempodetector2016_default":0.8471749329,"boeck2019\/multi_task":1.0,"boeck2019\/multi_task_hjdb":0.1686913159,"boeck2020\/dar":0.2066636954,"davies2009\/mirex_qm_tempotracker":0.0000038154,"percival2014\/stem":0.0000287008,"schreiber2014\/default":0.0,"schreiber2017\/ismir2017":0.3610654855,"schreiber2017\/mirex2017":0.2077099745,"schreiber2018\/cnn":0.0107854399,"schreiber2018\/fcn":0.7245395819,"schreiber2018\/ismir2018":0.0141130575},"boeck2019\/multi_task_hjdb":{"boeck2015\/tempodetector2016_default":0.2037053479,"boeck2019\/multi_task":0.1686913159,"boeck2019\/multi_task_hjdb":1.0,"boeck2020\/dar":0.7454063756,"davies2009\/mirex_qm_tempotracker":0.0000457324,"percival2014\/stem":0.0000001258,"schreiber2014\/default":0.0,"schreiber2017\/ismir2017":0.0895202496,"schreiber2017\/mirex2017":0.0380929129,"schreiber2018\/cnn":0.050946209,"schreiber2018\/fcn":0.6187601186,"schreiber2018\/ismir2018":0.079164693},"boeck2020\/dar":{"boeck2015\/tempodetector2016_default":0.1328079657,"boeck2019\/multi_task":0.2066636954,"boeck2019\/multi_task_hjdb":0.7454063756,"boeck2020\/dar":1.0,"davies2009\/mirex_qm_tempotracker":0.0002574601,"percival2014\/stem":0.0000003659,"schreiber2014\/default":0.0,"schreiber2017\/ismir2017":0.0754001845,"schreiber2017\/mirex2017":0.0281243179,"schreiber2018\/cnn":0.0403551877,"schreiber2018\/fcn":0.4548888578,"schreiber2018\/ismir2018":0.1192405454},"davies2009\/mirex_qm_tempotracker":{"boeck2015\/tempodetector2016_default":0.0000002632,"boeck2019\/multi_task":0.0000038154,"boeck2019\/multi_task_hjdb":0.0000457324,"boeck2020\/dar":0.0002574601,"davies2009\/mirex_qm_tempotracker":1.0,"percival2014\/stem":0.0,"schreiber2014\/default":1.825264264e-21,"schreiber2017\/ismir2017":0.0000000009,"schreiber2017\/mirex2017":0.0000000054,"schreiber2018\/cnn":0.0357280803,"schreiber2018\/fcn":0.0001075896,"schreiber2018\/ismir2018":0.0057164177},"percival2014\/stem":{"boeck2015\/tempodetector2016_default":0.0000217094,"boeck2019\/multi_task":0.0000287008,"boeck2019\/multi_task_hjdb":0.0000001258,"boeck2020\/dar":0.0000003659,"davies2009\/mirex_qm_tempotracker":0.0,"percival2014\/stem":1.0,"schreiber2014\/default":0.0008506796,"schreiber2017\/ismir2017":0.0001631939,"schreiber2017\/mirex2017":0.0033269438,"schreiber2018\/cnn":0.0000000019,"schreiber2018\/fcn":0.0000238726,"schreiber2018\/ismir2018":0.0000000047},"schreiber2014\/default":{"boeck2015\/tempodetector2016_default":0.0,"boeck2019\/multi_task":0.0,"boeck2019\/multi_task_hjdb":0.0,"boeck2020\/dar":0.0,"davies2009\/mirex_qm_tempotracker":1.825264264e-21,"percival2014\/stem":0.0008506796,"schreiber2014\/default":1.0,"schreiber2017\/ismir2017":0.0000000031,"schreiber2017\/mirex2017":0.0000000088,"schreiber2018\/cnn":0.0,"schreiber2018\/fcn":0.0000000003,"schreiber2018\/ismir2018":0.0},"schreiber2017\/ismir2017":{"boeck2015\/tempodetector2016_default":0.4735009052,"boeck2019\/multi_task":0.3610654855,"boeck2019\/multi_task_hjdb":0.0895202496,"boeck2020\/dar":0.0754001845,"davies2009\/mirex_qm_tempotracker":0.0000000009,"percival2014\/stem":0.0001631939,"schreiber2014\/default":0.0000000031,"schreiber2017\/ismir2017":1.0,"schreiber2017\/mirex2017":0.6121231462,"schreiber2018\/cnn":0.0039066249,"schreiber2018\/fcn":0.3002137032,"schreiber2018\/ismir2018":0.0031740666},"schreiber2017\/mirex2017":{"boeck2015\/tempodetector2016_default":0.2154366551,"boeck2019\/multi_task":0.2077099745,"boeck2019\/multi_task_hjdb":0.0380929129,"boeck2020\/dar":0.0281243179,"davies2009\/mirex_qm_tempotracker":0.0000000054,"percival2014\/stem":0.0033269438,"schreiber2014\/default":0.0000000088,"schreiber2017\/ismir2017":0.6121231462,"schreiber2017\/mirex2017":1.0,"schreiber2018\/cnn":0.0006011147,"schreiber2018\/fcn":0.1209926862,"schreiber2018\/ismir2018":0.0014119482},"schreiber2018\/cnn":{"boeck2015\/tempodetector2016_default":0.0049551658,"boeck2019\/multi_task":0.0107854399,"boeck2019\/multi_task_hjdb":0.050946209,"boeck2020\/dar":0.0403551877,"davies2009\/mirex_qm_tempotracker":0.0357280803,"percival2014\/stem":0.0000000019,"schreiber2014\/default":0.0,"schreiber2017\/ismir2017":0.0039066249,"schreiber2017\/mirex2017":0.0006011147,"schreiber2018\/cnn":1.0,"schreiber2018\/fcn":0.0125387796,"schreiber2018\/ismir2018":0.6438401001},"schreiber2018\/fcn":{"boeck2015\/tempodetector2016_default":0.5661670146,"boeck2019\/multi_task":0.7245395819,"boeck2019\/multi_task_hjdb":0.6187601186,"boeck2020\/dar":0.4548888578,"davies2009\/mirex_qm_tempotracker":0.0001075896,"percival2014\/stem":0.0000238726,"schreiber2014\/default":0.0000000003,"schreiber2017\/ismir2017":0.3002137032,"schreiber2017\/mirex2017":0.1209926862,"schreiber2018\/cnn":0.0125387796,"schreiber2018\/fcn":1.0,"schreiber2018\/ismir2018":0.0439225028},"schreiber2018\/ismir2018":{"boeck2015\/tempodetector2016_default":0.009293439,"boeck2019\/multi_task":0.0141130575,"boeck2019\/multi_task_hjdb":0.079164693,"boeck2020\/dar":0.1192405454,"davies2009\/mirex_qm_tempotracker":0.0057164177,"percival2014\/stem":0.0000000047,"schreiber2014\/default":0.0,"schreiber2017\/ismir2017":0.0031740666,"schreiber2017\/mirex2017":0.0014119482,"schreiber2018\/cnn":0.6438401001,"schreiber2018\/fcn":0.0439225028,"schreiber2018\/ismir2018":1.0}}