{"AOE1_MEAN":{"boeck2015\/tempodetector2016_default":0.0912958826,"schreiber2018\/ismir2018":0.1283285097,"schreiber2018\/fcn":0.1412280664,"schreiber2018\/cnn":0.1537701495,"percival2014\/stem":0.1871147015,"davies2009\/mirex_qm_tempotracker":0.1964376629,"schreiber2014\/default":0.2925605506,"schreiber2017\/mirex2017":0.3001670216,"schreiber2017\/ismir2017":0.3001670216},"AOE1_STDEV":{"boeck2015\/tempodetector2016_default":0.2818567883,"schreiber2018\/ismir2018":0.3138820628,"schreiber2018\/fcn":0.3305171234,"schreiber2018\/cnn":0.3493319223,"percival2014\/stem":0.3902087003,"davies2009\/mirex_qm_tempotracker":0.3753023741,"schreiber2014\/default":0.4346292499,"schreiber2017\/mirex2017":0.4651799366,"schreiber2017\/ismir2017":0.4651799366},"AOE2_MEAN":{"boeck2015\/tempodetector2016_default":0.0105650303,"schreiber2018\/ismir2018":0.01766847,"schreiber2018\/fcn":0.0142865787,"schreiber2018\/cnn":0.0172696701,"percival2014\/stem":0.0068517976,"davies2009\/mirex_qm_tempotracker":0.0282389369,"schreiber2014\/default":0.0342404048,"schreiber2017\/mirex2017":0.0128795962,"schreiber2017\/ismir2017":0.0128795962},"AOE2_STDEV":{"boeck2015\/tempodetector2016_default":0.0337407569,"schreiber2018\/ismir2018":0.0579382795,"schreiber2018\/fcn":0.0351398723,"schreiber2018\/cnn":0.0495939917,"percival2014\/stem":0.0335325509,"davies2009\/mirex_qm_tempotracker":0.05281632,"schreiber2014\/default":0.0713257416,"schreiber2017\/mirex2017":0.0432532683,"schreiber2017\/ismir2017":0.0432532683}}