{"AOE1_MEAN":{"boeck2015\/tempodetector2016_default":0.0912958826,"boeck2019\/multi_task_hjdb":0.1094001692,"schreiber2018\/ismir2018":0.1283285097,"schreiber2018\/fcn":0.1412280664,"boeck2019\/multi_task":0.1511737397,"schreiber2017\/mirex2017":0.1529766745,"schreiber2018\/cnn":0.1537701495,"schreiber2017\/ismir2017":0.1617617091,"percival2014\/stem":0.1871147015,"davies2009\/mirex_qm_tempotracker":0.1964376629,"schreiber2014\/default":0.2925605506},"AOE1_STDEV":{"boeck2015\/tempodetector2016_default":0.2818567883,"boeck2019\/multi_task_hjdb":0.3045340498,"schreiber2018\/ismir2018":0.3138820628,"schreiber2018\/fcn":0.3305171234,"boeck2019\/multi_task":0.359623506,"schreiber2017\/mirex2017":0.3419334775,"schreiber2018\/cnn":0.3493319223,"schreiber2017\/ismir2017":0.3757284917,"percival2014\/stem":0.3902087003,"davies2009\/mirex_qm_tempotracker":0.3753023741,"schreiber2014\/default":0.4346292499},"AOE2_MEAN":{"boeck2015\/tempodetector2016_default":0.0105650303,"boeck2019\/multi_task_hjdb":0.0121135115,"schreiber2018\/ismir2018":0.01766847,"schreiber2018\/fcn":0.0142865787,"boeck2019\/multi_task":0.0118360888,"schreiber2017\/mirex2017":0.0175090165,"schreiber2018\/cnn":0.0172696701,"schreiber2017\/ismir2017":0.0128795972,"percival2014\/stem":0.0068517976,"davies2009\/mirex_qm_tempotracker":0.0282389369,"schreiber2014\/default":0.0342404048},"AOE2_STDEV":{"boeck2015\/tempodetector2016_default":0.0337407569,"boeck2019\/multi_task_hjdb":0.048902455,"schreiber2018\/ismir2018":0.0579382795,"schreiber2018\/fcn":0.0351398723,"boeck2019\/multi_task":0.0494421056,"schreiber2017\/mirex2017":0.0618496916,"schreiber2018\/cnn":0.0495939917,"schreiber2017\/ismir2017":0.0432532683,"percival2014\/stem":0.0335325509,"davies2009\/mirex_qm_tempotracker":0.05281632,"schreiber2014\/default":0.0713257416}}