{"Accuracy1":{"boeck2015\/tempodetector2016_default":0.9162011173,"boeck2019\/multi_task_hjdb":0.8882681564,"schreiber2018\/ismir2018":0.8603351955,"schreiber2018\/fcn":0.8547486034,"boeck2019\/multi_task":0.8491620112,"schreiber2017\/ismir2017":0.8491620112,"schreiber2017\/mirex2017":0.843575419,"schreiber2018\/cnn":0.8324022346,"percival2014\/stem":0.8156424581,"davies2009\/mirex_qm_tempotracker":0.8044692737,"schreiber2014\/default":0.6536312849},"Accuracy2":{"boeck2015\/tempodetector2016_default":0.9944134078,"boeck2019\/multi_task_hjdb":0.9776536313,"schreiber2018\/ismir2018":0.9720670391,"schreiber2018\/fcn":0.9832402235,"boeck2019\/multi_task":0.9776536313,"schreiber2017\/ismir2017":0.9888268156,"schreiber2017\/mirex2017":0.9776536313,"schreiber2018\/cnn":0.9664804469,"percival2014\/stem":0.9944134078,"davies2009\/mirex_qm_tempotracker":0.9720670391,"schreiber2014\/default":0.905027933}}