{"boeck2015\/tempodetector2016_default":{"0.0":null,"0.005":null,"0.01":0.0040594151,"0.015":0.0072665096,"0.02":0.0072212729,"0.025":0.007276897,"0.03":0.0072977027,"0.035":0.0076762466,"0.04":0.0078592091,"0.045":0.0078382764,"0.05":0.0078525136,"0.055":0.0078102967,"0.06":0.0077666184,"0.065":0.0077666184,"0.07":0.007734035,"0.075":0.0078076645,"0.08":0.0078076645,"0.085":0.0077533086,"0.09":0.0076723605,"0.095":0.0076723605,"0.1":0.0076723605,"0.105":0.0077058414,"0.11":0.0076885601,"0.115":0.0076885601,"0.12":0.0076885601,"0.125":0.0076885601,"0.13":0.0078829297,"0.135":0.0078829297,"0.14":0.0078961348,"0.145":0.0078961348,"0.15":0.0078961348,"0.155":0.0078961348,"0.16":0.0078961348,"0.165":0.0080492788,"0.17":0.0106131818,"0.175":0.0105823897,"0.18":0.0106218364,"0.185":0.0106218364,"0.19":0.010600472,"0.195":0.010600472,"0.2":0.010600472,"0.205":0.010600472,"0.21":0.010600472,"0.215":0.010600472,"0.22":0.010600472,"0.225":0.0106290063,"0.23":0.0106290063,"0.235":0.0106290063,"0.24":0.0106290063,"0.245":0.0105982553,"0.25":0.0105982553,"0.255":0.0105982553,"0.26":0.0105982553,"0.265":0.0105982553,"0.27":0.0105982553,"0.275":0.0105982553,"0.28":0.0105982553,"0.285":0.0105982553,"0.29":0.0105982553,"0.295":0.0105982553,"0.3":0.0105982553,"0.305":0.0105982553,"0.31":0.0105982553,"0.315":0.0105982553,"0.32":0.0105650303,"0.325":0.0105650303,"0.33":0.0105650303,"0.335":0.0105650303,"0.34":0.0105650303,"0.345":0.0105650303,"0.35":0.0105650303,"0.355":0.0105650303,"0.36":0.0105650303,"0.365":0.0105650303,"0.37":0.0105650303,"0.375":0.0105650303,"0.38":0.0105650303,"0.385":0.0105650303,"0.39":0.0105650303,"0.395":0.0105650303,"0.4":0.0105650303,"0.405":0.0105650303,"0.41":0.0105650303,"0.415":0.0105650303,"0.42":0.0105650303,"0.425":0.0105650303,"0.43":0.0105650303,"0.435":0.0105650303,"0.44":0.0105650303,"0.445":0.0105650303,"0.45":0.0105650303,"0.455":0.0105650303,"0.46":0.0105650303,"0.465":0.0105650303,"0.47":0.0105650303,"0.475":0.0105650303,"0.48":0.0105650303,"0.485":0.0105650303,"0.49":0.0105650303,"0.495":0.0105650303,"0.5":0.0105650303},"davies2009\/mirex_qm_tempotracker":{"0.0":null,"0.005":null,"0.01":0.0177033682,"0.015":0.0289216323,"0.02":0.0274153801,"0.025":0.0259881726,"0.03":0.026034536,"0.035":0.0260184383,"0.04":0.0259438054,"0.045":0.0258766245,"0.05":0.0257316863,"0.055":0.0255694277,"0.06":0.0256911921,"0.065":0.0256911921,"0.07":0.0257176826,"0.075":0.0257720604,"0.08":0.0257720604,"0.085":0.0257454322,"0.09":0.0257712909,"0.095":0.0257712909,"0.1":0.0257712909,"0.105":0.0260707672,"0.11":0.0262587331,"0.115":0.0262587331,"0.12":0.0262587331,"0.125":0.0262587331,"0.13":0.0261778965,"0.135":0.0261778965,"0.14":0.0261771282,"0.145":0.0261771282,"0.15":0.0261771282,"0.155":0.0261771282,"0.16":0.0261771282,"0.165":0.0261927571,"0.17":0.0282966053,"0.175":0.0282334093,"0.18":0.0282446541,"0.185":0.0282446541,"0.19":0.028269198,"0.195":0.028269198,"0.2":0.028269198,"0.205":0.028269198,"0.21":0.028269198,"0.215":0.028269198,"0.22":0.028269198,"0.225":0.0283338856,"0.23":0.0283338856,"0.235":0.0283338856,"0.24":0.0283338856,"0.245":0.0282430981,"0.25":0.0282430981,"0.255":0.0282430981,"0.26":0.0282430981,"0.265":0.0282430981,"0.27":0.0282430981,"0.275":0.0282430981,"0.28":0.0282430981,"0.285":0.0282430981,"0.29":0.0282430981,"0.295":0.0282430981,"0.3":0.0282430981,"0.305":0.0282430981,"0.31":0.0282430981,"0.315":0.0282430981,"0.32":0.0282389369,"0.325":0.0282389369,"0.33":0.0282389369,"0.335":0.0282389369,"0.34":0.0282389369,"0.345":0.0282389369,"0.35":0.0282389369,"0.355":0.0282389369,"0.36":0.0282389369,"0.365":0.0282389369,"0.37":0.0282389369,"0.375":0.0282389369,"0.38":0.0282389369,"0.385":0.0282389369,"0.39":0.0282389369,"0.395":0.0282389369,"0.4":0.0282389369,"0.405":0.0282389369,"0.41":0.0282389369,"0.415":0.0282389369,"0.42":0.0282389369,"0.425":0.0282389369,"0.43":0.0282389369,"0.435":0.0282389369,"0.44":0.0282389369,"0.445":0.0282389369,"0.45":0.0282389369,"0.455":0.0282389369,"0.46":0.0282389369,"0.465":0.0282389369,"0.47":0.0282389369,"0.475":0.0282389369,"0.48":0.0282389369,"0.485":0.0282389369,"0.49":0.0282389369,"0.495":0.0282389369,"0.5":0.0282389369},"percival2014\/stem":{"0.0":null,"0.005":null,"0.01":0.0014984463,"0.015":0.0023939271,"0.02":0.0026894213,"0.025":0.002682132,"0.03":0.0029562482,"0.035":0.0030977171,"0.04":0.0033951962,"0.045":0.0034256627,"0.05":0.0034431292,"0.055":0.0034400653,"0.06":0.0034585807,"0.065":0.0034585807,"0.07":0.0034817073,"0.075":0.003589442,"0.08":0.003589442,"0.085":0.0036114262,"0.09":0.0035518036,"0.095":0.0035518036,"0.1":0.0035518036,"0.105":0.0037205006,"0.11":0.0037391385,"0.115":0.0037391385,"0.12":0.0037391385,"0.125":0.0037391385,"0.13":0.0040739364,"0.135":0.0040739364,"0.14":0.0040529653,"0.145":0.0040529653,"0.15":0.0040529653,"0.155":0.0040529653,"0.16":0.0040529653,"0.165":0.0041514774,"0.17":0.00669746,"0.175":0.0066600398,"0.18":0.0066752882,"0.185":0.0066752882,"0.19":0.0066381787,"0.195":0.0066381787,"0.2":0.0066381787,"0.205":0.0066381787,"0.21":0.0066381787,"0.215":0.0066381787,"0.22":0.0066381787,"0.225":0.0067126317,"0.23":0.0067126317,"0.235":0.0067126317,"0.24":0.0067126317,"0.245":0.0068395613,"0.25":0.0068395613,"0.255":0.0068395613,"0.26":0.0068395613,"0.265":0.0068395613,"0.27":0.0068395613,"0.275":0.0068395613,"0.28":0.0068395613,"0.285":0.0068395613,"0.29":0.0068395613,"0.295":0.0068395613,"0.3":0.0068395613,"0.305":0.0068395613,"0.31":0.0068395613,"0.315":0.0068395613,"0.32":0.0068517976,"0.325":0.0068517976,"0.33":0.0068517976,"0.335":0.0068517976,"0.34":0.0068517976,"0.345":0.0068517976,"0.35":0.0068517976,"0.355":0.0068517976,"0.36":0.0068517976,"0.365":0.0068517976,"0.37":0.0068517976,"0.375":0.0068517976,"0.38":0.0068517976,"0.385":0.0068517976,"0.39":0.0068517976,"0.395":0.0068517976,"0.4":0.0068517976,"0.405":0.0068517976,"0.41":0.0068517976,"0.415":0.0068517976,"0.42":0.0068517976,"0.425":0.0068517976,"0.43":0.0068517976,"0.435":0.0068517976,"0.44":0.0068517976,"0.445":0.0068517976,"0.45":0.0068517976,"0.455":0.0068517976,"0.46":0.0068517976,"0.465":0.0068517976,"0.47":0.0068517976,"0.475":0.0068517976,"0.48":0.0068517976,"0.485":0.0068517976,"0.49":0.0068517976,"0.495":0.0068517976,"0.5":0.0068517976},"schreiber2014\/default":{"0.0":null,"0.005":null,"0.01":0.0069691149,"0.015":0.0160939993,"0.02":0.0183453471,"0.025":0.018794608,"0.03":0.0188984437,"0.035":0.0202164479,"0.04":0.0206123242,"0.045":0.0210941488,"0.05":0.0213367256,"0.055":0.0215272788,"0.06":0.0220978548,"0.065":0.0220978548,"0.07":0.0219106721,"0.075":0.0226529559,"0.08":0.0226529559,"0.085":0.0228839458,"0.09":0.0226122393,"0.095":0.0226122393,"0.1":0.0226122393,"0.105":0.0255834641,"0.11":0.0255811296,"0.115":0.0255811296,"0.12":0.0255811296,"0.125":0.0255811296,"0.13":0.0293034781,"0.135":0.0293034781,"0.14":0.0292143746,"0.145":0.0292143746,"0.15":0.0292143746,"0.155":0.0292143746,"0.16":0.0292143746,"0.165":0.0307655453,"0.17":0.0329631066,"0.175":0.0347528389,"0.18":0.0347247224,"0.185":0.0347247224,"0.19":0.0345543233,"0.195":0.0345543233,"0.2":0.0345543233,"0.205":0.0345543233,"0.21":0.0345543233,"0.215":0.0345543233,"0.22":0.0345543233,"0.225":0.0343682398,"0.23":0.0343682398,"0.235":0.0343682398,"0.24":0.0343682398,"0.245":0.0343919881,"0.25":0.0343919881,"0.255":0.0343919881,"0.26":0.0343919881,"0.265":0.0343919881,"0.27":0.0343919881,"0.275":0.0343919881,"0.28":0.0343919881,"0.285":0.0343919881,"0.29":0.0343919881,"0.295":0.0343919881,"0.3":0.0343919881,"0.305":0.0343919881,"0.31":0.0343919881,"0.315":0.0343919881,"0.32":0.0342404048,"0.325":0.0342404048,"0.33":0.0342404048,"0.335":0.0342404048,"0.34":0.0342404048,"0.345":0.0342404048,"0.35":0.0342404048,"0.355":0.0342404048,"0.36":0.0342404048,"0.365":0.0342404048,"0.37":0.0342404048,"0.375":0.0342404048,"0.38":0.0342404048,"0.385":0.0342404048,"0.39":0.0342404048,"0.395":0.0342404048,"0.4":0.0342404048,"0.405":0.0342404048,"0.41":0.0342404048,"0.415":0.0342404048,"0.42":0.0342404048,"0.425":0.0342404048,