{"Size":{"boeck2015\/tempodetector2016_default":180,"davies2009\/mirex_qm_tempotracker":180,"percival2014\/stem":180,"schreiber2014\/default":180,"schreiber2017\/ismir2017":180,"schreiber2017\/mirex2017":180,"schreiber2018\/cnn":180,"schreiber2018\/fcn":180,"schreiber2018\/ismir2018":180},"Min":{"boeck2015\/tempodetector2016_default":45.8,"davies2009\/mirex_qm_tempotracker":77.1339,"percival2014\/stem":50.9159,"schreiber2014\/default":54.352146,"schreiber2017\/ismir2017":40.21704,"schreiber2017\/mirex2017":40.21704,"schreiber2018\/cnn":58.0,"schreiber2018\/fcn":38.0,"schreiber2018\/ismir2018":67.0},"Max":{"boeck2015\/tempodetector2016_default":181.82,"davies2009\/mirex_qm_tempotracker":184.57,"percival2014\/stem":156.605,"schreiber2014\/default":149.19734,"schreiber2017\/ismir2017":159.48817,"schreiber2017\/mirex2017":159.48817,"schreiber2018\/cnn":200.0,"schreiber2018\/fcn":199.0,"schreiber2018\/ismir2018":195.0},"Avg":{"boeck2015\/tempodetector2016_default":114.2607222222,"davies2009\/mirex_qm_tempotracker":127.4916538889,"percival2014\/stem":105.0084705556,"schreiber2014\/default":97.6118644778,"schreiber2017\/ismir2017":99.8149298889,"schreiber2017\/mirex2017":99.5897495,"schreiber2018\/cnn":121.8555555556,"schreiber2018\/fcn":116.5055555556,"schreiber2018\/ismir2018":120.3833333333},"Stdev":{"boeck2015\/tempodetector2016_default":28.1603025201,"davies2009\/mirex_qm_tempotracker":24.8770833181,"percival2014\/stem":23.1872086912,"schreiber2014\/default":23.0736599555,"schreiber2017\/ismir2017":28.1926055155,"schreiber2017\/mirex2017":28.5033604647,"schreiber2018\/cnn":31.5939889308,"schreiber2018\/fcn":32.403789216,"schreiber2018\/ismir2018":28.0630326031},"Sweet Oct. Start":{"boeck2015\/tempodetector2016_default":72.0,"davies2009\/mirex_qm_tempotracker":87.0,"percival2014\/stem":70.0,"schreiber2014\/default":67.0,"schreiber2017\/ismir2017":72.0,"schreiber2017\/mirex2017":72.0,"schreiber2018\/cnn":76.0,"schreiber2018\/fcn":76.0,"schreiber2018\/ismir2018":76.0},"Sweet Oct. Coverage":{"boeck2015\/tempodetector2016_default":0.8333333333,"davies2009\/mirex_qm_tempotracker":0.9555555556,"percival2014\/stem":0.9166666667,"schreiber2014\/default":0.8888888889,"schreiber2017\/ismir2017":0.7444444444,"schreiber2017\/mirex2017":0.7388888889,"schreiber2018\/cnn":0.7833333333,"schreiber2018\/fcn":0.7722222222,"schreiber2018\/ismir2018":0.8555555556}}