{"boeck2015\/tempodetector2016_default":{"boeck2015\/tempodetector2016_default":1.0,"boeck2019\/multi_task":0.0169005394,"boeck2019\/multi_task_hjdb":0.3323059082,"davies2009\/mirex_qm_tempotracker":0.0016580525,"percival2014\/stem":0.0005335212,"schreiber2014\/default":0.0000000001,"schreiber2017\/ismir2017":0.0289592743,"schreiber2017\/mirex2017":0.0146332979,"schreiber2018\/cnn":0.0106738405,"schreiber2018\/fcn":0.0432852507,"schreiber2018\/ismir2018":0.0871585533},"boeck2019\/multi_task":{"boeck2015\/tempodetector2016_default":0.0169005394,"boeck2019\/multi_task":1.0,"boeck2019\/multi_task_hjdb":0.0390625,"davies2009\/mirex_qm_tempotracker":0.2799562385,"percival2014\/stem":0.3615946081,"schreiber2014\/default":0.0000012209,"schreiber2017\/ismir2017":1.0,"schreiber2017\/mirex2017":1.0,"schreiber2018\/cnn":0.7201001318,"schreiber2018\/fcn":1.0,"schreiber2018\/ismir2018":0.8450189829},"boeck2019\/multi_task_hjdb":{"boeck2015\/tempodetector2016_default":0.3323059082,"boeck2019\/multi_task":0.0390625,"boeck2019\/multi_task_hjdb":1.0,"davies2009\/mirex_qm_tempotracker":0.0275331558,"percival2014\/stem":0.0241195448,"schreiber2014\/default":0.0000000309,"schreiber2017\/ismir2017":0.2477885634,"schreiber2017\/mirex2017":0.2153271497,"schreiber2018\/cnn":0.0755186975,"schreiber2018\/fcn":0.307456255,"schreiber2018\/ismir2018":0.4048728943},"davies2009\/mirex_qm_tempotracker":{"boeck2015\/tempodetector2016_default":0.0016580525,"boeck2019\/multi_task":0.2799562385,"boeck2019\/multi_task_hjdb":0.0275331558,"davies2009\/mirex_qm_tempotracker":1.0,"percival2014\/stem":0.8877248273,"schreiber2014\/default":0.0018204049,"schreiber2017\/ismir2017":0.2153271497,"schreiber2017\/mirex2017":0.3603776529,"schreiber2018\/cnn":0.5758493477,"schreiber2018\/fcn":0.2624375357,"schreiber2018\/ismir2018":0.1538599442},"percival2014\/stem":{"boeck2015\/tempodetector2016_default":0.0005335212,"boeck2019\/multi_task":0.3615946081,"boeck2019\/multi_task_hjdb":0.0241195448,"davies2009\/mirex_qm_tempotracker":0.8877248273,"percival2014\/stem":1.0,"schreiber2014\/default":0.0000024299,"schreiber2017\/ismir2017":0.307456255,"schreiber2017\/mirex2017":0.4582583196,"schreiber2018\/cnn":0.7552286575,"schreiber2018\/fcn":0.3105046591,"schreiber2018\/ismir2018":0.2681872511},"schreiber2014\/default":{"boeck2015\/tempodetector2016_default":0.0000000001,"boeck2019\/multi_task":0.0000012209,"boeck2019\/multi_task_hjdb":0.0000000309,"davies2009\/mirex_qm_tempotracker":0.0018204049,"percival2014\/stem":0.0000024299,"schreiber2014\/default":1.0,"schreiber2017\/ismir2017":0.0000012209,"schreiber2017\/mirex2017":0.0000011636,"schreiber2018\/cnn":0.0001308388,"schreiber2018\/fcn":0.0000048175,"schreiber2018\/ismir2018":0.000003016},"schreiber2017\/ismir2017":{"boeck2015\/tempodetector2016_default":0.0289592743,"boeck2019\/multi_task":1.0,"boeck2019\/multi_task_hjdb":0.2477885634,"davies2009\/mirex_qm_tempotracker":0.2153271497,"percival2014\/stem":0.307456255,"schreiber2014\/default":0.0000012209,"schreiber2017\/ismir2017":1.0,"schreiber2017\/mirex2017":1.0,"schreiber2018\/cnn":0.7552286575,"schreiber2018\/fcn":1.0,"schreiber2018\/ismir2018":0.8600500659},"schreiber2017\/mirex2017":{"boeck2015\/tempodetector2016_default":0.0146332979,"boeck2019\/multi_task":1.0,"boeck2019\/multi_task_hjdb":0.2153271497,"davies2009\/mirex_qm_tempotracker":0.3603776529,"percival2014\/stem":0.4582583196,"schreiber2014\/default":0.0000011636,"schreiber2017\/ismir2017":1.0,"schreiber2017\/mirex2017":1.0,"schreiber2018\/cnn":0.8776143288,"schreiber2018\/fcn":0.8714146794,"schreiber2018\/ismir2018":0.7552286575},"schreiber2018\/cnn":{"boeck2015\/tempodetector2016_default":0.0106738405,"boeck2019\/multi_task":0.7201001318,"boeck2019\/multi_task_hjdb":0.0755186975,"davies2009\/mirex_qm_tempotracker":0.5758493477,"percival2014\/stem":0.7552286575,"schreiber2014\/default":0.0001308388,"schreiber2017\/ismir2017":0.7552286575,"schreiber2017\/mirex2017":0.8776143288,"schreiber2018\/cnn":1.0,"schreiber2018\/fcn":0.557197094,"schreiber2018\/ismir2018":0.3592834473},"schreiber2018\/fcn":{"boeck2015\/tempodetector2016_default":0.0432852507,"boeck2019\/multi_task":1.0,"boeck2019\/multi_task_hjdb":0.307456255,"davies2009\/mirex_qm_tempotracker":0.2624375357,"percival2014\/stem":0.3105046591,"schreiber2014\/default":0.0000048175,"schreiber2017\/ismir2017":1.0,"schreiber2017\/mirex2017":0.8714146794,"schreiber2018\/cnn":0.557197094,"schreiber2018\/fcn":1.0,"schreiber2018\/ismir2018":1.0},"schreiber2018\/ismir2018":{"boeck2015\/tempodetector2016_default":0.0871585533,"boeck2019\/multi_task":0.8450189829,"boeck2019\/multi_task_hjdb":0.4048728943,"davies2009\/mirex_qm_tempotracker":0.1538599442,"percival2014\/stem":0.2681872511,"schreiber2014\/default":0.000003016,"schreiber2017\/ismir2017":0.8600500659,"schreiber2017\/mirex2017":0.7552286575,"schreiber2018\/cnn":0.3592834473,"schreiber2018\/fcn":1.0,"schreiber2018\/ismir2018":1.0}}