Estimator,boeck2015/tempodetector2016_default,davies2009/mirex_qm_tempotracker,percival2014/stem,schreiber2014/default,schreiber2017/ismir2017,schreiber2017/mirex2017
boeck2015/tempodetector2016_default,1.0,6.149801126704368e-57,0.0,0.0,0.0,0.0
davies2009/mirex_qm_tempotracker,6.149801126704368e-57,1.0,0.0,0.0,0.0,0.0
percival2014/stem,0.0,0.0,1.0,2.3521632297730034e-44,2.9405551763874516e-53,2.3000934985102303e-10
schreiber2014/default,0.0,0.0,2.3521632297730034e-44,1.0,5.043819510558299e-06,7.194708700589998e-06
schreiber2017/ismir2017,0.0,0.0,2.9405551763874516e-53,5.043819510558299e-06,1.0,4.706689448072354e-171
schreiber2017/mirex2017,0.0,0.0,2.3000934985102303e-10,7.194708700589998e-06,4.706689448072354e-171,1.0
