{"boeck2015\/tempodetector2016_default":{"boeck2015\/tempodetector2016_default":1.0,"davies2009\/mirex_qm_tempotracker":1.379702811e-241,"percival2014\/stem":1.213409616e-21,"schreiber2014\/default":0.0000000008,"schreiber2017\/ismir2017":0.0000000391,"schreiber2017\/mirex2017":0.0000001179},"davies2009\/mirex_qm_tempotracker":{"boeck2015\/tempodetector2016_default":1.379702811e-241,"davies2009\/mirex_qm_tempotracker":1.0,"percival2014\/stem":1.321828655e-152,"schreiber2014\/default":7.784844898e-162,"schreiber2017\/ismir2017":1.022764925e-168,"schreiber2017\/mirex2017":6.426536785e-170},"percival2014\/stem":{"boeck2015\/tempodetector2016_default":1.213409616e-21,"davies2009\/mirex_qm_tempotracker":1.321828655e-152,"percival2014\/stem":1.0,"schreiber2014\/default":0.0013985539,"schreiber2017\/ismir2017":0.0001483553,"schreiber2017\/mirex2017":0.0000737557},"schreiber2014\/default":{"boeck2015\/tempodetector2016_default":0.0000000008,"davies2009\/mirex_qm_tempotracker":7.784844898e-162,"percival2014\/stem":0.0013985539,"schreiber2014\/default":1.0,"schreiber2017\/ismir2017":0.3381503624,"schreiber2017\/mirex2017":0.2151598832},"schreiber2017\/ismir2017":{"boeck2015\/tempodetector2016_default":0.0000000391,"davies2009\/mirex_qm_tempotracker":1.022764925e-168,"percival2014\/stem":0.0001483553,"schreiber2014\/default":0.3381503624,"schreiber2017\/ismir2017":1.0,"schreiber2017\/mirex2017":0.0783538818},"schreiber2017\/mirex2017":{"boeck2015\/tempodetector2016_default":0.0000001179,"davies2009\/mirex_qm_tempotracker":6.426536785e-170,"percival2014\/stem":0.0000737557,"schreiber2014\/default":0.2151598832,"schreiber2017\/ismir2017":0.0783538818,"schreiber2017\/mirex2017":1.0}}