{"AOE1_MEAN":{"schreiber2018\/cnn":0.154895949,"schreiber2018\/fcn":0.2000439094,"schreiber2014\/default":0.2151508351,"percival2014\/stem":0.2401712624,"davies2009\/mirex_qm_tempotracker":0.2545641369,"boeck2015\/tempodetector2016_default":0.2634959422,"schreiber2017\/ismir2017":0.2691565573,"schreiber2017\/mirex2017":0.2767829161},"AOE1_STDEV":{"schreiber2018\/cnn":0.3298271075,"schreiber2018\/fcn":0.3738184549,"schreiber2014\/default":0.3754143472,"percival2014\/stem":0.4154575208,"davies2009\/mirex_qm_tempotracker":0.3830461246,"boeck2015\/tempodetector2016_default":0.4239819952,"schreiber2017\/ismir2017":0.4675157401,"schreiber2017\/mirex2017":0.4772769155},"AOE2_MEAN":{"schreiber2018\/cnn":0.0372753329,"schreiber2018\/fcn":0.0388481738,"schreiber2014\/default":0.0441108922,"percival2014\/stem":0.0536512491,"davies2009\/mirex_qm_tempotracker":0.0766067926,"boeck2015\/tempodetector2016_default":0.044777346,"schreiber2017\/ismir2017":0.0466834991,"schreiber2017\/mirex2017":0.0466809906},"AOE2_STDEV":{"schreiber2018\/cnn":0.1022716992,"schreiber2018\/fcn":0.1031553453,"schreiber2014\/default":0.1102631054,"percival2014\/stem":0.1624950462,"davies2009\/mirex_qm_tempotracker":0.1286864643,"boeck2015\/tempodetector2016_default":0.1052046132,"schreiber2017\/ismir2017":0.1308242551,"schreiber2017\/mirex2017":0.1323036368}}