Reference,Size,Min,Max,Avg,Stdev,Sweet Oct. Start,Sweet Oct. Coverage
schreiber2018/ismir2018,24983,48.0,232.0,113.23844214065565,27.624115733923194,77.0,0.871072329183845
