Estimator,boeck2015/tempodetector2016_default,davies2009/mirex_qm_tempotracker,percival2014/stem,schreiber2014/default,schreiber2017/ismir2017,schreiber2017/mirex2017,schreiber2018/cnn,schreiber2018/fcn
boeck2015/tempodetector2016_default,1.0,1.0116196036929921e-112,2.6530954294267754e-07,0.5732134053743199,0.14963194514109399,0.1584745338837173,4.335346734567577e-11,8.789953348165063e-08
davies2009/mirex_qm_tempotracker,1.0116196036929921e-112,1.0,2.1276569795212353e-41,1.3709404723859166e-100,6.729645302700833e-76,8.024249513696492e-75,4.925766586793156e-160,1.1614920579731406e-146
percival2014/stem,2.6530954294267754e-07,2.1276569795212353e-41,1.0,1.3255819657803107e-07,7.679249213809245e-05,8.530587703573922e-05,5.886953583798661e-21,4.041974378882669e-17
schreiber2014/default,0.5732134053743199,1.3709404723859166e-100,1.3255819657803107e-07,1.0,0.0551532041985904,0.06158927032720257,6.2608430869890894e-09,5.944700136296386e-06
schreiber2017/ismir2017,0.14963194514109399,6.729645302700833e-76,7.679249213809245e-05,0.0551532041985904,1.0,0.992831898585145,2.1081077868432683e-11,1.791497289075597e-08
schreiber2017/mirex2017,0.1584745338837173,8.024249513696492e-75,8.530587703573922e-05,0.06158927032720257,0.992831898585145,1.0,4.5017001707583845e-11,2.753210636705405e-08
schreiber2018/cnn,4.335346734567577e-11,4.925766586793156e-160,5.886953583798661e-21,6.2608430869890894e-09,2.1081077868432683e-11,4.5017001707583845e-11,1.0,0.1267229646896041
schreiber2018/fcn,8.789953348165063e-08,1.1614920579731406e-146,4.041974378882669e-17,5.944700136296386e-06,1.791497289075597e-08,2.753210636705405e-08,0.1267229646896041,1.0
