{"boeck2015\/tempodetector2016_default":{"boeck2015\/tempodetector2016_default":1.0,"davies2009\/mirex_qm_tempotracker":1.592692786e-56,"percival2014\/stem":3.929358737e-190,"schreiber2014\/default":1.580705004e-179,"schreiber2017\/ismir2017":8.154837686e-106,"schreiber2017\/mirex2017":2.329890666e-144,"schreiber2018\/cnn":0.0000001159,"schreiber2018\/fcn":8.925173259e-42},"davies2009\/mirex_qm_tempotracker":{"boeck2015\/tempodetector2016_default":1.592692786e-56,"davies2009\/mirex_qm_tempotracker":1.0,"percival2014\/stem":0.0,"schreiber2014\/default":0.0,"schreiber2017\/ismir2017":0.0,"schreiber2017\/mirex2017":0.0,"schreiber2018\/cnn":8.747218352e-118,"schreiber2018\/fcn":1.982249162e-194},"percival2014\/stem":{"boeck2015\/tempodetector2016_default":3.929358737e-190,"davies2009\/mirex_qm_tempotracker":0.0,"percival2014\/stem":1.0,"schreiber2014\/default":0.0020190808,"schreiber2017\/ismir2017":0.000000349,"schreiber2017\/mirex2017":0.9508886537,"schreiber2018\/cnn":2.783649357e-179,"schreiber2018\/fcn":1.788502333e-77},"schreiber2014\/default":{"boeck2015\/tempodetector2016_default":1.580705004e-179,"davies2009\/mirex_qm_tempotracker":0.0,"percival2014\/stem":0.0020190808,"schreiber2014\/default":1.0,"schreiber2017\/ismir2017":0.0058587102,"schreiber2017\/mirex2017":0.0172741608,"schreiber2018\/cnn":5.023538046e-176,"schreiber2018\/fcn":1.080085119e-70},"schreiber2017\/ismir2017":{"boeck2015\/tempodetector2016_default":8.154837686e-106,"davies2009\/mirex_qm_tempotracker":0.0,"percival2014\/stem":0.000000349,"schreiber2014\/default":0.0058587102,"schreiber2017\/ismir2017":1.0,"schreiber2017\/mirex2017":2.688326556e-58,"schreiber2018\/cnn":1.599558847e-95,"schreiber2018\/fcn":1.884925117e-33},"schreiber2017\/mirex2017":{"boeck2015\/tempodetector2016_default":2.329890666e-144,"davies2009\/mirex_qm_tempotracker":0.0,"percival2014\/stem":0.9508886537,"schreiber2014\/default":0.0172741608,"schreiber2017\/ismir2017":2.688326556e-58,"schreiber2017\/mirex2017":1.0,"schreiber2018\/cnn":4.086750957e-141,"schreiber2018\/fcn":2.329522938e-62},"schreiber2018\/cnn":{"boeck2015\/tempodetector2016_default":0.0000001159,"davies2009\/mirex_qm_tempotracker":8.747218352e-118,"percival2014\/stem":2.783649357e-179,"schreiber2014\/default":5.023538046e-176,"schreiber2017\/ismir2017":1.599558847e-95,"schreiber2017\/mirex2017":4.086750957e-141,"schreiber2018\/cnn":1.0,"schreiber2018\/fcn":9.116883819e-30},"schreiber2018\/fcn":{"boeck2015\/tempodetector2016_default":8.925173259e-42,"davies2009\/mirex_qm_tempotracker":1.982249162e-194,"percival2014\/stem":1.788502333e-77,"schreiber2014\/default":1.080085119e-70,"schreiber2017\/ismir2017":1.884925117e-33,"schreiber2017\/mirex2017":2.329522938e-62,"schreiber2018\/cnn":9.116883819e-30,"schreiber2018\/fcn":1.0}}