{"boeck2015\/tempodetector2016_default":{"boeck2015\/tempodetector2016_default":1.0,"davies2009\/mirex_qm_tempotracker":2.967327739e-78,"percival2014\/stem":1.254314252e-16,"schreiber2014\/default":0.0052147859,"schreiber2017\/ismir2017":0.0113478415,"schreiber2017\/mirex2017":0.0129038599,"schreiber2018\/cnn":0.0306292757,"schreiber2018\/fcn":0.0093195441},"davies2009\/mirex_qm_tempotracker":{"boeck2015\/tempodetector2016_default":2.967327739e-78,"davies2009\/mirex_qm_tempotracker":1.0,"percival2014\/stem":1.101760127e-32,"schreiber2014\/default":4.178073502e-56,"schreiber2017\/ismir2017":6.280565061e-58,"schreiber2017\/mirex2017":5.454184844e-58,"schreiber2018\/cnn":2.61090511e-90,"schreiber2018\/fcn":3.794932068e-90},"percival2014\/stem":{"boeck2015\/tempodetector2016_default":1.254314252e-16,"davies2009\/mirex_qm_tempotracker":1.101760127e-32,"percival2014\/stem":1.0,"schreiber2014\/default":0.0000001798,"schreiber2017\/ismir2017":0.0000000499,"schreiber2017\/mirex2017":0.0000000435,"schreiber2018\/cnn":4.711374167e-23,"schreiber2018\/fcn":1.159693154e-24},"schreiber2014\/default":{"boeck2015\/tempodetector2016_default":0.0052147859,"davies2009\/mirex_qm_tempotracker":4.178073502e-56,"percival2014\/stem":0.0000001798,"schreiber2014\/default":1.0,"schreiber2017\/ismir2017":0.7466731726,"schreiber2017\/mirex2017":0.7066772794,"schreiber2018\/cnn":0.000001531,"schreiber2018\/fcn":0.0000002216},"schreiber2017\/ismir2017":{"boeck2015\/tempodetector2016_default":0.0113478415,"davies2009\/mirex_qm_tempotracker":6.280565061e-58,"percival2014\/stem":0.0000000499,"schreiber2014\/default":0.7466731726,"schreiber2017\/ismir2017":1.0,"schreiber2017\/mirex2017":1.0,"schreiber2018\/cnn":0.0000037181,"schreiber2018\/fcn":0.0000010141},"schreiber2017\/mirex2017":{"boeck2015\/tempodetector2016_default":0.0129038599,"davies2009\/mirex_qm_tempotracker":5.454184844e-58,"percival2014\/stem":0.0000000435,"schreiber2014\/default":0.7066772794,"schreiber2017\/ismir2017":1.0,"schreiber2017\/mirex2017":1.0,"schreiber2018\/cnn":0.000004688,"schreiber2018\/fcn":0.0000012438},"schreiber2018\/cnn":{"boeck2015\/tempodetector2016_default":0.0306292757,"davies2009\/mirex_qm_tempotracker":2.61090511e-90,"percival2014\/stem":4.711374167e-23,"schreiber2014\/default":0.000001531,"schreiber2017\/ismir2017":0.0000037181,"schreiber2017\/mirex2017":0.000004688,"schreiber2018\/cnn":1.0,"schreiber2018\/fcn":0.6766573217},"schreiber2018\/fcn":{"boeck2015\/tempodetector2016_default":0.0093195441,"davies2009\/mirex_qm_tempotracker":3.794932068e-90,"percival2014\/stem":1.159693154e-24,"schreiber2014\/default":0.0000002216,"schreiber2017\/ismir2017":0.0000010141,"schreiber2017\/mirex2017":0.0000012438,"schreiber2018\/cnn":0.6766573217,"schreiber2018\/fcn":1.0}}