{"Accuracy1":{"schreiber2014\/default":0.7044790458,"schreiber2017\/ismir2017":0.7002361606,"schreiber2017\/mirex2017":0.6985950446,"percival2014\/stem":0.6862666613,"boeck2015\/tempodetector2016_default":0.6841452187,"davies2009\/mirex_qm_tempotracker":0.6580074451},"Accuracy2":{"schreiber2014\/default":0.8601048713,"schreiber2017\/ismir2017":0.8613457151,"schreiber2017\/mirex2017":0.8617059601,"percival2014\/stem":0.8535804347,"boeck2015\/tempodetector2016_default":0.8713124925,"davies2009\/mirex_qm_tempotracker":0.7945002602}}