Estimator,AOE1_MEAN,AOE1_STDEV,AOE2_MEAN,AOE2_STDEV
schreiber2014/default,0.21735398490304858,0.3767997299542006,0.04429980782733599,0.10934737482737877
percival2014/stem,0.2408927402454483,0.407454408279114,0.04845763318424581,0.13874189999229986
davies2009/mirex_qm_tempotracker,0.25202641403852055,0.3815467102794487,0.07660609172920285,0.12850964519752953
schreiber2017/ismir2017,0.258996481615496,0.4537431842623323,0.046824545497336285,0.12752457505530343
schreiber2017/mirex2017,0.2674169052299337,0.4642932118551155,0.04658815177239042,0.12820370506844747
boeck2015/tempodetector2016_default,0.2703374580043598,0.4256533110893419,0.04440535307180577,0.10326250537747457
