Estimator,Size,Min,Max,Avg,Stdev,Sweet Oct. Start,Sweet Oct. Coverage
boeck2015/tempodetector2016_default,7997,40.0,240.0,118.86878454420408,39.52437510495188,79.0,0.7126422408403151
davies2009/mirex_qm_tempotracker,7970,60.0927,246.094,123.1452569510665,28.399106234704842,84.0,0.8854454203262233
percival2014/stem,7997,50.1745,inf,inf,,71.0,0.8722020757784169
schreiber2014/default,7994,34.99277,177.58585,102.26132662872155,23.823460308070608,71.0,0.8611458593945459
schreiber2017/ismir2017,7997,10.014832,176.71841,105.7890715872202,30.358496199161422,81.0,0.8195573340002501
schreiber2017/mirex2017,7997,10.014832,161.4596,103.94437177979242,31.064161353345057,81.0,0.7950481430536451
schreiber2018/cnn,7997,41.0,232.0,114.44241590596474,31.448721796233556,77.0,0.804051519319745
schreiber2018/fcn,7997,35.0,232.0,110.9859947480305,32.00978939691872,76.0,0.7784169063398775
