Tag,Count
Blues,0.004352941176470588
Classical,0.03641176470588235
Country,0.010470588235294117
Easy Listening,0.0012352941176470588
Electronic,0.31258823529411767
Experimental,0.07358823529411765
Folk,0.03052941176470588
Hip-Hop,0.07064705882352941
Instrumental,0.020588235294117647
International,0.0010588235294117646
Jazz,0.02258823529411765
Old-Time / Historic,0.03
Pop,0.010941176470588235
Rock,0.359
Soul-RnB,0.009058823529411765
Spoken,0.006941176470588235
