Estimator,OE1_MEAN,OE1_STDEV,OE2_MEAN,OE2_STDEV
schreiber2014/default,-0.11883519634133309,0.4184483090625531,-0.0021725525592317203,0.11796016857632725
schreiber2017/ismir2017,-0.11171751004941867,0.42498548942729475,-0.002502694377923632,0.12161834811774913
davies2009/mirex_qm_tempotracker,0.14841601568046953,0.4325134585047267,0.03490876451555905,0.14548058413003162
percival2014/stem,-0.15661162842976,0.4466779656191054,0.011247420809720533,0.14652969853385123
schreiber2017/mirex2017,-0.08976702954115251,0.4800421869631027,-0.004766037815398385,0.13048506259665116
boeck2015/tempodetector2016_default,0.09748698406907297,0.4947316144928434,-0.0009341683178963507,0.11240154682128949
