Estimator,boeck2015/tempodetector2016_default,davies2009/mirex_qm_tempotracker,percival2014/stem,schreiber2014/default,schreiber2017/ismir2017,schreiber2017/mirex2017,schreiber2018/cnn,schreiber2018/fcn
boeck2015/tempodetector2016_default,1.0,0.09948298821126264,8.858257014600342e-05,8.812080124646542e-17,0.34594288189193256,0.027836122004578003,6.93893951751323e-101,2.315131172179713e-31
davies2009/mirex_qm_tempotracker,0.09948298821126264,1.0,0.00541457534447484,2.3158924936942265e-12,0.01493805999788657,0.000210117249462582,1.664360316405324e-88,9.444822408755618e-23
percival2014/stem,8.858257014600342e-05,0.00541457534447484,1.0,1.3106317304734452e-07,9.297330522444502e-07,6.864326994748882e-10,4.036094600099646e-55,2.340764945761782e-12
schreiber2014/default,8.812080124646542e-17,2.3158924936942265e-12,1.3106317304734452e-07,1.0,5.3561928056621755e-21,2.688948284118929e-26,6.643490112772382e-32,0.00415496418996027
schreiber2017/ismir2017,0.34594288189193256,0.01493805999788657,9.297330522444502e-07,5.3561928056621755e-21,1.0,6.3795601813891135e-06,1.8806492048961868e-87,8.213864237213304e-31
schreiber2017/mirex2017,0.027836122004578003,0.000210117249462582,6.864326994748882e-10,2.688948284118929e-26,6.3795601813891135e-06,1.0,1.2349206185279877e-96,4.745742239238294e-37
schreiber2018/cnn,6.93893951751323e-101,1.664360316405324e-88,4.036094600099646e-55,6.643490112772382e-32,1.8806492048961868e-87,1.2349206185279877e-96,1.0,1.2702666498041225e-25
schreiber2018/fcn,2.315131172179713e-31,9.444822408755618e-23,2.340764945761782e-12,0.00415496418996027,8.213864237213304e-31,4.745742239238294e-37,1.2702666498041225e-25,1.0
