{"boeck2015\/tempodetector2016_default":{"0.0":0.1266060921,"0.0005":0.1369731417,"0.001":0.1850458312,"0.0015":0.2008966097,"0.002":0.2070608013,"0.0025":0.2363206981,"0.003":0.3041668334,"0.0035":0.3900252171,"0.004":0.4079974383,"0.0045":0.4294920546,"0.005":0.4423407917,"0.0055":0.4872913581,"0.006":0.5042228716,"0.0065":0.5238362086,"0.007":0.546611696,"0.0075":0.5531361326,"0.008":0.5964055558,"0.0085":0.651042709,"0.009":0.6527238522,"0.0095":0.6562462474,"0.01":0.6609694592,"0.0105":0.6989552896,"0.011":0.7049593724,"0.0115":0.7198895249,"0.012":0.7357403034,"0.0125":0.7500300204,"0.013":0.7518312452,"0.0135":0.7705639835,"0.014":0.7789296722,"0.0145":0.7873353881,"0.015":0.7927390626,"0.0155":0.7927390626,"0.016":0.794460233,"0.0165":0.8014649962,"0.017":0.8037465477,"0.0175":0.8053876636,"0.018":0.8091101949,"0.0185":0.8107513109,"0.019":0.8143937878,"0.0195":0.8175959653,"0.02":0.8223592043,"0.0205":0.8279630149,"0.021":0.8280030421,"0.0215":0.829083777,"0.022":0.8305647841,"0.0225":0.8328063083,"0.023":0.8328463355,"0.0235":0.8370491935,"0.024":0.8370491935,"0.0245":0.8419725413,"0.025":0.8428931674,"0.0255":0.8471360525,"0.026":0.8515390466,"0.0265":0.8521394548,"0.027":0.8527398631,"0.0275":0.8547011968,"0.028":0.8551815234,"0.0285":0.8552615779,"0.029":0.8567826122,"0.0295":0.857302966,"0.03":0.8575831565,"0.0305":0.858583837,"0.031":0.8590641636,"0.0315":0.8594244086,"0.032":0.859504463,"0.0325":0.860224953,"0.033":0.8609854701,"0.0335":0.8621062322,"0.034":0.8626265861,"0.0345":0.8627066405,"0.035":0.864267702,"0.0355":0.8645879198,"0.036":0.8647880559,"0.0365":0.8647880559,"0.037":0.8647880559,"0.0375":0.8651082736,"0.038":0.8655886002,"0.0385":0.8699515671,"0.039":0.8703918665,"0.0395":0.8705119481,"0.04":0.8713124925,"0.0405":0.8714325742,"0.041":0.8716327102,"0.0415":0.8721130369,"0.042":0.8751150783,"0.0425":0.8760757315,"0.043":0.8761557859,"0.0435":0.8766361126,"0.044":0.8767561942,"0.0445":0.8769563303,"0.045":0.877076412,"0.0455":0.8771164392,"0.046":0.8772365208,"0.0465":0.8780370652,"0.047":0.8780770924,"0.0475":0.8782372013,"0.048":0.8788376096,"0.0485":0.8791978545,"0.049":0.8795981267,"0.0495":0.8796381539,"0.05":0.8799583717},"davies2009\/mirex_qm_tempotracker":{"0.0":0.0,"0.0005":0.0133290638,"0.001":0.0133290638,"0.0015":0.0148500981,"0.002":0.0514349758,"0.0025":0.0550374254,"0.003":0.0555978065,"0.0035":0.0899811872,"0.004":0.1196813833,"0.0045":0.1318496578,"0.005":0.1356522435,"0.0055":0.1408157547,"0.006":0.1409758636,"0.0065":0.1497818517,"0.007":0.1642717048,"0.0075":0.2145458912,"0.008":0.2175079054,"0.0085":0.2329183845,"0.009":0.2454869311,"0.0095":0.2834327343,"0.01":0.2895168715,"0.0105":0.3016851459,"0.011":0.3076492015,"0.0115":0.3210583197,"0.012":0.3238201977,"0.0125":0.3353080094,"0.013":0.3588840411,"0.0135":0.420766121,"0.014":0.4209262298,"0.0145":0.4434615539,"0.015":0.4538686307,"0.0155":0.4543889845,"0.016":0.4759236281,"0.0165":0.4799263499,"0.017":0.5096265461,"0.0175":0.5161910099,"0.018":0.5161910099,"0.0185":0.5407276948,"0.019":0.5551775207,"0.0195":0.5787135252,"0.02":0.5830364648,"0.0205":0.5871592683,"0.021":0.5877596766,"0.0215":0.6164992195,"0.022":0.6165392467,"0.0225":0.6223031662,"0.023":0.628507385,"0.0235":0.6321498619,"0.024":0.6382740263,"0.0245":0.6450786535,"0.025":0.6532442061,"0.0255":0.7372213105,"0.026":0.7376616099,"0.0265":0.7379418004,"0.027":0.7383020454,"0.0275":0.7509906737,"0.028":0.7516711364,"0.0285":0.7516711364,"0.029":0.7523115719,"0.0295":0.7608773966,"0.03":0.7608773966,"0.0305":0.767361806,"0.031":0.7679221871,"0.0315":0.7685626226,"0.032":0.7688027859,"0.0325":0.7688027859,"0.033":0.7723251811,"0.0335":0.7732858344,"0.034":0.7754072769,"0.0345":0.7764880118,"0.035":0.7771284473,"0.0355":0.7853740544,"0.036":0.7856942721,"0.0365":0.7891766401,"0.037":0.7892967218,"0.0375":0.7918584638,"0.038":0.7925789537,"0.0385":0.7925789537,"0.039":0.7939799063,"0.0395":0.7941400152,"0.04":0.7945002602,"0.0405":0.7967017572,"0.041":0.7967017572,"0.0415":0.7995036625,"0.042":0.8023055678,"0.0425":0.8038666293,"0.043":0.805467718,"0.0435":0.8057479086,"0.044":0.8057479086,"0.0445":0.8073489973,"0.045":0.8075091062,"0.0455":0.8077492695,"0.046":0.8077892967,"0.0465":0.80802946,"0.047":0.8080694873,"0.0475":0.8081895689,"0.048":0.8083096506,"0.0485":0.8083096506,"0.049":0.8107913381,"0.0495":0.810951447,"0.05":0.8111115559},"percival2014\/stem":{"0.0":0.0,"0.0005":0.1131969739,"0.001":0.1840851779,"0.0015":0.3426730177,"0.002":0.4457030781,"0.0025":0.4683184566,"0.003":0.4900932634,"0.0035":0.538566225,"0.004":0.5625425289,"0.0045":0.5860785334,"0.005":0.60469119,"0.0055":0.6196213425,"0.006":0.6390745707,"0.0065":0.6584077172,"0.007":0.6750190129,"0.0075":0.6894688388,"0.008":0.7033182564,"0.0085":0.7104431013,"0.009":0.7199295521,"0.0095":0.7280550775,"0.01":0.737501501,"0.0105":0.7443861826,"0.011":0.7530320618,"0.0115":0.7581555458,"0.012":0.7611976144,"0.0125":0.7668414522,"0.013":0.7732858344,"0.0135":0.7783292639,"0.014":0.7804507065,"0.0145":0.7842532922,"0.015":0.7879357963,"0.0155":0.7904575111,"0.016":0.7958211584,"0.0165":0.7980226554,"0.017":0.8033462755,"0.0175":0.8045871192,"0.018":0.805267582,"0.0185":0.809670576,"0.019":0.8117519914,"0.0195":0.8127126446,"0.02":0.8143537606,"0.0205":0.8152343594,"0.021":0.8181163191,"0.0215":0.8213184966,"0.022":0.8221190409,"0.0225":0.8228395309,"0.023":0.8237201297,"0.0235":0.825601409,"0.024":0.8268022255,"0.0245":0.8277228515,"0.025":0.8285634231,"0.0255":0.8320457911,"0.026":0.8332065805,"0.0265":0.8340071248,"0.027":0.8350478325,"0.0275":0.836048513,"0.028":0.8365288396,"0.0285":0.8368890846,"0.029":0.8384101189,"0.0295":0.8399711804,"0.03":0.840811752,"0.0305":0.8422527319,"0.031":0.8425729496,"0.0315":0.8433334668,"0.032":0.8436937117,"0.0325":0.8442140656,"0.033":0.8450146099,"0.0335":0.8456550454,"0.034":0.8462954809,"0.0345":0.8474562703,"0.035":0.8484169235,"0.0355":0.8494576312,"0.036":0.8498178762,"0.0365":0.8500580395,"0.037":0.8505783933,"0.0375":0.8511788016,"0.038":0.851619101,"0.0385":0.8516991554,"0.039":0.8529399992,"0.0395":0.8531401353,"0.04":0.8535804347,"0.0405":0.8542608974,"0.041":0.854741224,"0.0415":0.8552215507,"0.042":0.8559420406,"0.0425":0.8565024216,"0.043":0.8576231838,"0.0435":0.857663211,"0.044":0.8577032382,"0.0445":0.8582636193,"0.045":0.8584237281,"0.0455":0.8587439459,"0.046":0.8592242725,"0.0465":0.8597446263,"0.047":0.8599047352,"0.0475":0.8603450346,"0.048":0.8607453068,"0.0485":0.8610655246,"0.049":0.861505824,"0.0495":0.8619461234,"0.05":0.8623864228},"schreiber2014\/default":{"0.0":0.0,"0.0005":0.351719169,"0.001":0.4220870192,"0.0015":0.468038266,"0.002":0.4994196053,"0.0025":0.5322018973,"0.003":0.5600208142,"0.0035":0.5882400032,"0.004":0.6126165793,"0.0045":0.635832366,"0.005":0.6564864108,"0.0055":0.6786214626,"0.006":0.6951126766,"0.0065":0.7131249249,"0.007":0.7252131449,"0.0075":0.7362606572,"0.008":0.7457871353,"0.0085":0.7543929872,"0.009":0.7610375055,"0.0095":0.7675619421,"0.01":0.7730856983,"0.0105":0.7781291278,"0.011":0.7828523396,"0.0115":0.786775007,"0.012":0.7916183004,"0.0125":0.795741104,"0.013":0.7987431453,"0.0135":0.8021854861,"0.014":0.8043069287,"0.0145":0.807108834,"0.015":0.8095504943,"0.0155":0.8120722091,"0.016":0.8141536245,"0.0165":0.8158347676,"0.017":0.818276428,"0.0175":0.8199175439,"0.018":0.8215586599,"0.0185":0.8233198575,"0.019":0.8246807829,"0.0195":0.82616179,"0.02":0.8278829604,"0.0205":0.8294039947,"0.021":0.8307248929,"0.0215":0.8318856823,"0.022":0.8330464716,"0.0225":0.8339670976,"0.023":0.8351679142,"0.0235":0.8364888124,"0.024":0.837329384,"0.0245":0.8383700917,"0.025":0.839170636,"0.0255":0.8402113437,"0.026":0.8414121603,"0.0265":0.842092623,"0.027":0.8428931674,"0.0275":0.8441740383,"0.028":0.8448144738,"0.0285":0.8458952087,"0.029":0.8467758075,"0.0295":0.8479365969,"0.03":0.8482568146,"0.0305":0.8492574951,"0.031":0.8500180122,"0.0315":0.8506584477,"0.032":0.8514189649,"0.0325":0.8519393187,"0.033":0.8527398631,