Estimator,Rock,Pop,International,Instrumental,Hip-Hop,Folk,Experimental,Electronic
boeck2015/tempodetector2016_default,0.7157157157157157,0.783,0.685,0.621,0.831,0.704,0.4164164164164164,0.7737737737737738
davies2009/mirex_qm_tempotracker,0.7037037037037037,0.745,0.665,0.561,0.802,0.59,0.42242242242242245,0.7437437437437437
percival2014/stem,0.7167167167167167,0.749,0.683,0.67,0.83,0.695,0.42842842842842843,0.7157157157157157
schreiber2014/default,0.7017017017017017,0.771,0.699,0.648,0.865,0.717,0.5015015015015015,0.7657657657657657
schreiber2017/ismir2017,0.7427427427427428,0.772,0.679,0.634,0.834,0.653,0.44044044044044045,0.8148148148148148
schreiber2017/mirex2017,0.7447447447447447,0.768,0.677,0.637,0.831,0.649,0.43043043043043044,0.8158158158158159
schreiber2018/cnn,0.7787787787787788,0.828,0.779,0.74,0.87,0.808,0.5405405405405406,0.8608608608608609
schreiber2018/fcn,0.7567567567567568,0.779,0.742,0.685,0.854,0.725,0.5285285285285285,0.8408408408408409
