{"Spoken":{"boeck2015\/tempodetector2016_default":0.3690175336,"davies2009\/mirex_qm_tempotracker":0.3012235986,"percival2014\/stem":0.2693450256,"schreiber2014\/default":0.4082832055,"schreiber2017\/ismir2017":0.448410845,"schreiber2017\/mirex2017":0.4009838686},"Soul-RnB":{"boeck2015\/tempodetector2016_default":0.9761058995,"davies2009\/mirex_qm_tempotracker":0.9406002629,"percival2014\/stem":0.8502369304,"schreiber2014\/default":0.9794546813,"schreiber2017\/ismir2017":0.9768078636,"schreiber2017\/mirex2017":0.9749298714},"Rock":{"boeck2015\/tempodetector2016_default":0.8988641956,"davies2009\/mirex_qm_tempotracker":0.865852875,"percival2014\/stem":0.6983614411,"schreiber2014\/default":0.9255364542,"schreiber2017\/ismir2017":0.9289094646,"schreiber2017\/mirex2017":0.9243176955},"Pop":{"boeck2015\/tempodetector2016_default":0.877633336,"davies2009\/mirex_qm_tempotracker":0.8329731511,"percival2014\/stem":0.7246249616,"schreiber2014\/default":0.8709893622,"schreiber2017\/ismir2017":0.8775734334,"schreiber2017\/mirex2017":0.8819558816},"Old-Time \/ Historic":{"boeck2015\/tempodetector2016_default":0.7152523967,"davies2009\/mirex_qm_tempotracker":0.6190440175,"percival2014\/stem":0.5523052088,"schreiber2014\/default":0.7119536659,"schreiber2017\/ismir2017":0.713185621,"schreiber2017\/mirex2017":0.6784659208},"Jazz":{"boeck2015\/tempodetector2016_default":0.6519839022,"davies2009\/mirex_qm_tempotracker":0.5842544827,"percival2014\/stem":0.4754326188,"schreiber2014\/default":0.66729977,"schreiber2017\/ismir2017":0.6656564207,"schreiber2017\/mirex2017":0.6522308245},"International":{"boeck2015\/tempodetector2016_default":0.774054004,"davies2009\/mirex_qm_tempotracker":0.6311960965,"percival2014\/stem":0.6564811472,"schreiber2014\/default":0.7674666726,"schreiber2017\/ismir2017":0.7598857217,"schreiber2017\/mirex2017":0.7568726937},"Instrumental":{"boeck2015\/tempodetector2016_default":0.6502297608,"davies2009\/mirex_qm_tempotracker":0.6174409024,"percival2014\/stem":0.5157594796,"schreiber2014\/default":0.6771775871,"schreiber2017\/ismir2017":0.6694223564,"schreiber2017\/mirex2017":0.6547016947},"Hip-Hop":{"boeck2015\/tempodetector2016_default":0.9278981856,"davies2009\/mirex_qm_tempotracker":0.850524034,"percival2014\/stem":0.7963256962,"schreiber2014\/default":0.9499569046,"schreiber2017\/ismir2017":0.9472046203,"schreiber2017\/mirex2017":0.9479245157},"Folk":{"boeck2015\/tempodetector2016_default":0.8524611856,"davies2009\/mirex_qm_tempotracker":0.8198181645,"percival2014\/stem":0.6745770302,"schreiber2014\/default":0.870698717,"schreiber2017\/ismir2017":0.8587837976,"schreiber2017\/mirex2017":0.8431029548},"Experimental":{"boeck2015\/tempodetector2016_default":0.5444649227,"davies2009\/mirex_qm_tempotracker":0.5035680425,"percival2014\/stem":0.4263828381,"schreiber2014\/default":0.5772963979,"schreiber2017\/ismir2017":0.5838944186,"schreiber2017\/mirex2017":0.5582587141},"Electronic":{"boeck2015\/tempodetector2016_default":0.8873830468,"davies2009\/mirex_qm_tempotracker":0.7973007694,"percival2014\/stem":0.7115217653,"schreiber2014\/default":0.9052716174,"schreiber2017\/ismir2017":0.9066387941,"schreiber2017\/mirex2017":0.9008039671},"Easy Listening":{"boeck2015\/tempodetector2016_default":0.9230606098,"davies2009\/mirex_qm_tempotracker":0.8880877995,"percival2014\/stem":0.7687325146,"schreiber2014\/default":0.9078132804,"schreiber2017\/ismir2017":0.8981875731,"schreiber2017\/mirex2017":0.9078411849},"Country":{"boeck2015\/tempodetector2016_default":0.9428210504,"davies2009\/mirex_qm_tempotracker":0.8294305985,"percival2014\/stem":0.6770998383,"schreiber2014\/default":0.9621674253,"schreiber2017\/ismir2017":0.9656111691,"schreiber2017\/mirex2017":0.9623537368},"Classical":{"boeck2015\/tempodetector2016_default":0.7098581824,"davies2009\/mirex_qm_tempotracker":0.6178309874,"percival2014\/stem":0.5661280933,"schreiber2014\/default":0.6924443051,"schreiber2017\/ismir2017":0.6923288772,"schreiber2017\/mirex2017":0.6790021502},"Blues":{"boeck2015\/tempodetector2016_default":0.9298599483,"davies2009\/mirex_qm_tempotracker":0.7639089377,"percival2014\/stem":0.6686089032,"schreiber2014\/default":0.9258836003,"schreiber2017\/ismir2017":0.9068681526,"schreiber2017\/mirex2017":0.8806266235}}