{"boeck2015\/tempodetector2016_default":{"0.0":0.1453044892,"0.001":0.2264599225,"0.002":0.2644741778,"0.003":0.4007752907,"0.004":0.5150681506,"0.005":0.5612104539,"0.006":0.6242340878,"0.007":0.6726272352,"0.008":0.7168938352,"0.009":0.7582843566,"0.01":0.7689133425,"0.011":0.793922721,"0.012":0.8131799425,"0.013":0.8246842566,"0.014":0.8373139927,"0.015":0.8460672752,"0.016":0.8485682131,"0.017":0.8550706515,"0.018":0.8584469176,"0.019":0.8621983244,"0.02":0.8677003876,"0.021":0.8713267475,"0.022":0.8737026385,"0.023":0.8750781543,"0.024":0.8780792797,"0.025":0.8817056396,"0.026":0.887082656,"0.027":0.8884581718,"0.028":0.890583969,"0.029":0.8913342503,"0.03":0.8927097662,"0.031":0.8934600475,"0.032":0.894085282,"0.033":0.8949606102,"0.034":0.8968363136,"0.035":0.8973365012,"0.036":0.897586595,"0.037":0.897586595,"0.038":0.8980867825,"0.039":0.9017131424,"0.04":0.9019632362,"0.041":0.9025884707,"0.042":0.904589221,"0.043":0.9050894085,"0.044":0.9054645492,"0.045":0.9062148306,"0.046":0.9063398775,"0.047":0.9073402526,"0.048":0.9077153933,"0.049":0.9084656746,"0.05":0.9089658622,"0.051":0.9104664249,"0.052":0.9105914718,"0.053":0.9108415656,"0.054":0.9114668001,"0.055":0.9119669876,"0.056":0.9125922221,"0.057":0.9135925972,"0.058":0.9137176441,"0.059":0.9140927848,"0.06":0.9147180193,"0.061":0.9154683006,"0.062":0.9168438164,"0.063":0.917344004,"0.064":0.9175940978,"0.065":0.9180942854,"0.066":0.9182193322,"0.067":0.9188445667,"0.068":0.9194698012,"0.069":0.9203451294,"0.07":0.9204701763,"0.071":0.9204701763,"0.072":0.9207202701,"0.073":0.9210954108,"0.074":0.9218456921,"0.075":0.9233462548,"0.076":0.9238464424,"0.077":0.92434663,"0.078":0.9249718644,"0.079":0.9250969113,"0.08":0.9252219582,"0.081":0.9257221458,"0.082":0.9262223334,"0.083":0.9262223334,"0.084":0.9263473803,"0.085":0.9263473803,"0.086":0.9265974741,"0.087":0.927847943,"0.088":0.9280980368,"0.089":0.9283481305,"0.09":0.9283481305,"0.091":0.9288483181,"0.092":0.9288483181,"0.093":0.928973365,"0.094":0.9290984119,"0.095":0.9294735526,"0.096":0.9295985995,"0.097":0.9302238339,"0.098":0.9302238339,"0.099":0.9310991622,"0.1":0.9310991622},"davies2009\/mirex_qm_tempotracker":{"0.0":0.0,"0.001":0.0345129424,"0.002":0.0771539327,"0.003":0.0832812305,"0.004":0.1600600225,"0.005":0.1764411654,"0.006":0.1826935101,"0.007":0.202575966,"0.008":0.2540952857,"0.009":0.2751031637,"0.01":0.3206202326,"0.011":0.3405026885,"0.012":0.357384019,"0.013":0.3976491184,"0.014":0.4657996749,"0.015":0.5019382268,"0.016":0.5253219957,"0.017":0.5622108291,"0.018":0.568088033,"0.019":0.6058521946,"0.02":0.6347380268,"0.021":0.6364886833,"0.022":0.6649993748,"0.023":0.6737526572,"0.024":0.6805051894,"0.025":0.6892584719,"0.026":0.7790421408,"0.027":0.7799174691,"0.028":0.7931724397,"0.029":0.7941728148,"0.03":0.8015505815,"0.031":0.8099287233,"0.032":0.8109290984,"0.033":0.8128048018,"0.034":0.8165562086,"0.035":0.8179317244,"0.036":0.8239339752,"0.037":0.8266850069,"0.038":0.8283106165,"0.039":0.8303113668,"0.04":0.8309366012,"0.041":0.832312117,"0.042":0.8364386645,"0.043":0.8403151182,"0.044":0.8409403526,"0.045":0.8426910091,"0.046":0.8431911967,"0.047":0.8436913843,"0.048":0.8438164312,"0.049":0.8458171814,"0.05":0.846317369,"0.051":0.8489433538,"0.052":0.8491934475,"0.053":0.8494435413,"0.054":0.8500687758,"0.055":0.8508190571,"0.056":0.8526947605,"0.057":0.8534450419,"0.058":0.8535700888,"0.059":0.8545704639,"0.06":0.8558209328,"0.061":0.856821308,"0.062":0.8576966362,"0.063":0.8583218707,"0.064":0.8596973865,"0.065":0.8596973865,"0.066":0.8601975741,"0.067":0.860322621,"0.068":0.8619482306,"0.069":0.8629486057,"0.07":0.8635738402,"0.071":0.8635738402,"0.072":0.8656996374,"0.073":0.8664499187,"0.074":0.8683256221,"0.075":0.8687007628,"0.076":0.8688258097,"0.077":0.8713267475,"0.078":0.8722020758,"0.079":0.8723271227,"0.08":0.8729523571,"0.081":0.873077404,"0.082":0.8734525447,"0.083":0.8739527323,"0.084":0.8752032012,"0.085":0.8753282481,"0.086":0.8758284357,"0.087":0.8764536701,"0.088":0.8772039515,"0.089":0.8774540453,"0.09":0.8775790922,"0.091":0.8775790922,"0.092":0.8782043266,"0.093":0.878954608,"0.094":0.8798299362,"0.095":0.8799549831,"0.096":0.8809553583,"0.097":0.881205452,"0.098":0.8813304989,"0.099":0.8820807803,"0.1":0.8828310616},"percival2014\/stem":{"0.0":0.0026259847,"0.001":0.1838189321,"0.002":0.441165437,"0.003":0.485432037,"0.004":0.5535825935,"0.005":0.5930974115,"0.006":0.622858572,"0.007":0.6573715143,"0.008":0.6876328623,"0.009":0.7037639115,"0.01":0.7210203826,"0.011":0.7371514318,"0.012":0.7457796674,"0.013":0.7585344504,"0.014":0.7646617482,"0.015":0.7715393272,"0.016":0.7797924222,"0.017":0.7866700013,"0.018":0.7887957984,"0.019":0.7956733775,"0.02":0.7995498312,"0.021":0.8030511442,"0.022":0.8074277854,"0.023":0.8103038639,"0.024":0.8141803176,"0.025":0.8164311617,"0.026":0.8199324747,"0.027":0.8218081781,"0.028":0.8229336001,"0.029":0.8244341628,"0.03":0.8263098662,"0.031":0.8280605227,"0.032":0.8294360385,"0.033":0.8309366012,"0.034":0.8326872577,"0.035":0.834688008,"0.036":0.8369388521,"0.037":0.8376891334,"0.038":0.8385644617,"0.039":0.8396898837,"0.04":0.8404401651,"0.041":0.8413154933,"0.042":0.8418156809,"0.043":0.8435663374,"0.044":0.8439414781,"0.045":0.8449418532,"0.046":0.8458171814,"0.047":0.8464424159,"0.048":0.8480680255,"0.049":0.84869326,"0.05":0.8490684007,"0.051":0.8504439165,"0.052":0.8511941978,"0.053":0.8515693385,"0.054":0.8516943854,"0.055":0.8526947605,"0.056":0.8534450419,"0.057":0.8538201826,"0.058":0.8540702764,"0.059":0.8545704639,"0.06":0.8550706515,"0.061":0.8560710266,"0.062":0.856821308,"0.063":0.8574465425,"0.064":0.8578216831,"0.065":0.85794673,"0.066":0.8584469176,"0.067":0.8586970114,"0.068":0.8595723396,"0.069":0.8599474803,"0.07":0.860322621,"0.071":0.8610729023,"0.072":0.8619482306,"0.073":0.8619482306,"0.074":0.8626985119,"0.075":0.8633237464,"0.076":0.8639489809,"0.077":0.864949356,"0.078":0.8650744029,"0.079":0.8653244967,"0.08":0.866074778,"0.081":0.8663248718,"0.082":0.8669501063,"0.083":0.867325247,"0.084":0.8677003876,"0.085":0.8679504814,"0.086":0.8679504814,"0.087":0.8685757159,"0.088":0.8694510441,"0.089":0.8699512317,"0.09":0.8703263724,"0.091":0.8709516069,"0.092":0.8710766537,"0.093":0.8712017006,"0.094":0.8713267475,"0.095":0.8713267475,"0.096":0.8722020758,"0.097":0.8724521696,"0.098":0.8725772165,"0.099":0.8727022633,"0.1":0.8732024509},"schreiber2014\/default":{"0.0":0.0,"0.001":0.4764286607,"0.002":0.566962611,"0.003":0.6339877454,"0.004":0.6876328623,"0.005":0.7282731024,"0.006":0.7617856696,"0.007":0.7875453295,"0.008":0.8039264724,"0.009":0.8165562086,"0.01":0.8291859447,"0.011":0.8368138052,"0.012":0.8441915718,"0.013":0.8495685882,"0.014":0.8530699012,"0.015":0.8570714018,"0.016":0.8606977617,"0.017":0.8646992622,"0.018":0.8678254345,"0.019":0.8712017006,"0.02":0.8733274978,"0.021":0.8752032012,"0.022":0.8777041391,"0.023":0.8799549831,"0.024":0.8815805927,"0.025":0.8822058272,"0.026":0.8843316244,"0.027":0.885957234,"0.028":0.8874577967,"0.029":0.8902088283,"0.03":0.8918344379,"0.031":0.8933350006,"0.032":0.8944604227,"0.033":0.8954607978,"0.034":0.8960860323,"0.035":0.8972114543,"0.036":0.8979617357,"0.037":0.9008378142,"0.038":0.9017131424,"0.039":0.9025884707,"0.04":0.9043391272,"0.041":0.9054645492,"0.042":0.9060897837,"0.043":0.9069651119,"0.044":0.9082155808,"0.045":0.9094660498,"0.046":0.9107165187,"0.047":0.9114668001,"0.048":0.9118419407,"0.049":0.912717269,"0.05":0.912717269,"0.051":0.9140927848,"0.052":0.9145929724,"0.053":0.9155933475,"0.054":0.916218582,"0.055":0.9168438164,"0.056":0.9174690509,"0.057":0.9180942854,"0.058":0.9187195198,"0.059":0.9189696136,"0.06":0.9193447543,"0.061":0.919719895,"0.062":0.9202200825,"0.063":0.9205952232,"0.064":0.9210954108,"0.065":0.9218456921,"0.066":0.9222208328,"0.067":0.923221208,"0.068":0.9235963486,"0.069":0.9239714893,"0.07":0.9247217707,"0.071":0.9249718644,"0.072":0.9253470051,"0.073":0.9258471927,"0.074":0.9262223334,"0.075":0.9269726147,