{"AOE1_MEAN":{"schreiber2014\/default":0.2173539849,"percival2014\/stem":0.2408927402,"davies2009\/mirex_qm_tempotracker":0.252026414,"schreiber2017\/ismir2017":0.2589964816,"schreiber2017\/mirex2017":0.2674169052,"boeck2015\/tempodetector2016_default":0.270337458},"AOE1_STDEV":{"schreiber2014\/default":0.37679973,"percival2014\/stem":0.4074544083,"davies2009\/mirex_qm_tempotracker":0.3815467103,"schreiber2017\/ismir2017":0.4537431843,"schreiber2017\/mirex2017":0.4642932119,"boeck2015\/tempodetector2016_default":0.4256533111},"AOE2_MEAN":{"schreiber2014\/default":0.0442998078,"percival2014\/stem":0.0484576332,"davies2009\/mirex_qm_tempotracker":0.0766060917,"schreiber2017\/ismir2017":0.0468245455,"schreiber2017\/mirex2017":0.0465881518,"boeck2015\/tempodetector2016_default":0.0444053531},"AOE2_STDEV":{"schreiber2014\/default":0.1093473748,"percival2014\/stem":0.1387419,"davies2009\/mirex_qm_tempotracker":0.1285096452,"schreiber2017\/ismir2017":0.1275245751,"schreiber2017\/mirex2017":0.1282037051,"boeck2015\/tempodetector2016_default":0.1032625054}}