{"boeck2015\/tempodetector2016_default":{"boeck2015\/tempodetector2016_default":1.0,"davies2009\/mirex_qm_tempotracker":1.379702811e-241,"percival2014\/stem":1.213409616e-21,"schreiber2014\/default":0.0000000008,"schreiber2017\/ismir2017":0.0000000001,"schreiber2017\/mirex2017":0.0000000335},"davies2009\/mirex_qm_tempotracker":{"boeck2015\/tempodetector2016_default":1.379702811e-241,"davies2009\/mirex_qm_tempotracker":1.0,"percival2014\/stem":1.321828655e-152,"schreiber2014\/default":7.784844898e-162,"schreiber2017\/ismir2017":1.459902069e-161,"schreiber2017\/mirex2017":6.40968723e-170},"percival2014\/stem":{"boeck2015\/tempodetector2016_default":1.213409616e-21,"davies2009\/mirex_qm_tempotracker":1.321828655e-152,"percival2014\/stem":1.0,"schreiber2014\/default":0.0013985539,"schreiber2017\/ismir2017":0.0037215706,"schreiber2017\/mirex2017":0.0001960453},"schreiber2014\/default":{"boeck2015\/tempodetector2016_default":0.0000000008,"davies2009\/mirex_qm_tempotracker":7.784844898e-162,"percival2014\/stem":0.0013985539,"schreiber2014\/default":1.0,"schreiber2017\/ismir2017":0.6987048549,"schreiber2017\/mirex2017":0.424712817},"schreiber2017\/ismir2017":{"boeck2015\/tempodetector2016_default":0.0000000001,"davies2009\/mirex_qm_tempotracker":1.459902069e-161,"percival2014\/stem":0.0037215706,"schreiber2014\/default":0.6987048549,"schreiber2017\/ismir2017":1.0,"schreiber2017\/mirex2017":0.0021186174},"schreiber2017\/mirex2017":{"boeck2015\/tempodetector2016_default":0.0000000335,"davies2009\/mirex_qm_tempotracker":6.40968723e-170,"percival2014\/stem":0.0001960453,"schreiber2014\/default":0.424712817,"schreiber2017\/ismir2017":0.0021186174,"schreiber2017\/mirex2017":1.0}}