Estimator,boeck2015/tempodetector2016_default,davies2009/mirex_qm_tempotracker,percival2014/stem,schreiber2014/default,schreiber2017/ismir2017,schreiber2017/mirex2017,schreiber2018/cnn,schreiber2018/fcn
boeck2015/tempodetector2016_default,1.0,1.8788097234626957e-11,0.3628286477787035,0.0029251836385934646,2.423346670246262e-08,1.1277143471682957e-07,1.4540035176493774e-58,6.396237233375586e-18
davies2009/mirex_qm_tempotracker,1.8788097234626957e-11,1.0,2.0402433552786058e-08,1.8367976068393746e-18,1.32090739060358e-32,3.4529956037758918e-31,3.313710193769006e-100,2.992295724793963e-44
percival2014/stem,0.3628286477787035,2.0402433552786058e-08,1.0,1.145901077522874e-05,9.411206361542703e-13,3.911361638313326e-10,1.6218949761979165e-55,2.0340915165840614e-19
schreiber2014/default,0.0029251836385934646,1.8367976068393746e-18,1.145901077522874e-05,1.0,0.004097915727497167,0.031718168119328004,3.2202163102660535e-32,1.2974852097456722e-07
schreiber2017/ismir2017,2.423346670246262e-08,1.32090739060358e-32,9.411206361542703e-13,0.004097915727497167,1.0,0.4764306537853328,3.4699027300932084e-24,0.001848556793731076
schreiber2017/mirex2017,1.1277143471682957e-07,3.4529956037758918e-31,3.911361638313326e-10,0.031718168119328004,0.4764306537853328,1.0,3.284636152351171e-28,0.00020597210776844926
schreiber2018/cnn,1.4540035176493774e-58,3.313710193769006e-100,1.6218949761979165e-55,3.2202163102660535e-32,3.4699027300932084e-24,3.284636152351171e-28,1.0,4.435492718330267e-15
schreiber2018/fcn,6.396237233375586e-18,2.992295724793963e-44,2.0340915165840614e-19,1.2974852097456722e-07,0.001848556793731076,0.00020597210776844926,4.435492718330267e-15,1.0
