{"boeck2015\/tempodetector2016_default":{"0.0":0.1317994248,"0.0005":0.1430536451,"0.001":0.1886957609,"0.0015":0.2077028886,"0.002":0.2139552332,"0.0025":0.2415905965,"0.003":0.3123671377,"0.0035":0.4036513693,"0.004":0.42253345,"0.0045":0.4452919845,"0.005":0.4570463924,"0.0055":0.5025634613,"0.006":0.5221958234,"0.0065":0.5440790296,"0.007":0.5658371889,"0.0075":0.5737151432,"0.008":0.6188570714,"0.0085":0.6710016256,"0.009":0.6721270476,"0.0095":0.6748780793,"0.01":0.6820057522,"0.0105":0.7197699137,"0.011":0.725271977,"0.0115":0.73802676,"0.012":0.7535325747,"0.0125":0.7669125922,"0.013":0.7691634363,"0.0135":0.7842941103,"0.014":0.7917969238,"0.0145":0.7984244092,"0.015":0.8029260973,"0.0155":0.8029260973,"0.016":0.8049268476,"0.0165":0.8120545204,"0.017":0.8135550832,"0.0175":0.8159309741,"0.018":0.8190571464,"0.0185":0.8201825685,"0.019":0.8228085532,"0.0195":0.8263098662,"0.02":0.8305614605,"0.0205":0.8354382894,"0.021":0.8355633363,"0.0215":0.8361885707,"0.022":0.8380642741,"0.0225":0.8395648368,"0.023":0.8395648368,"0.0235":0.8425659622,"0.024":0.8425659622,"0.0245":0.8471926973,"0.025":0.8479429786,"0.0255":0.8516943854,"0.026":0.8564461673,"0.0265":0.8570714018,"0.027":0.8576966362,"0.0275":0.8588220583,"0.028":0.8593222458,"0.0285":0.8594472927,"0.029":0.860322621,"0.0295":0.8608228086,"0.03":0.8609478554,"0.0305":0.8618231837,"0.031":0.8624484182,"0.0315":0.8628235588,"0.032":0.8628235588,"0.0325":0.8633237464,"0.033":0.8639489809,"0.0335":0.8653244967,"0.034":0.8655745905,"0.0345":0.8656996374,"0.035":0.8664499187,"0.0355":0.8668250594,"0.036":0.8669501063,"0.0365":0.8669501063,"0.037":0.8669501063,"0.0375":0.8669501063,"0.038":0.8674502939,"0.0385":0.8718269351,"0.039":0.8722020758,"0.0395":0.8722020758,"0.04":0.8727022633,"0.0405":0.8729523571,"0.041":0.873077404,"0.0415":0.873077404,"0.042":0.8750781543,"0.0425":0.8760785294,"0.043":0.8760785294,"0.0435":0.876578717,"0.044":0.876578717,"0.0445":0.8767037639,"0.045":0.8767037639,"0.0455":0.8767037639,"0.046":0.8767037639,"0.0465":0.8775790922,"0.047":0.8777041391,"0.0475":0.8778291859,"0.048":0.8780792797,"0.0485":0.8785794673,"0.049":0.8788295611,"0.0495":0.878954608,"0.05":0.8792047018},"davies2009\/mirex_qm_tempotracker":{"0.0":0.0,"0.0005":0.0132549706,"0.001":0.0132549706,"0.0015":0.0143803926,"0.002":0.0492684757,"0.0025":0.0521445542,"0.003":0.0528948356,"0.0035":0.0890333875,"0.004":0.1159184694,"0.0045":0.1282981118,"0.005":0.1309240965,"0.0055":0.1355508316,"0.006":0.1355508316,"0.0065":0.1448043016,"0.007":0.1569338502,"0.0075":0.2080780293,"0.008":0.2112042016,"0.0085":0.2259597349,"0.009":0.2392147055,"0.0095":0.279354758,"0.01":0.286357384,"0.0105":0.2987370264,"0.011":0.3058646993,"0.0115":0.3173690134,"0.012":0.3207452795,"0.0125":0.3314993122,"0.013":0.3546329874,"0.0135":0.4189070902,"0.014":0.4191571839,"0.0145":0.4430411404,"0.015":0.4520445167,"0.0155":0.4525447043,"0.016":0.4729273478,"0.0165":0.4765537076,"0.017":0.5055645867,"0.0175":0.5118169313,"0.018":0.5118169313,"0.0185":0.5383268726,"0.019":0.5528323121,"0.0195":0.5759659872,"0.02":0.5798424409,"0.0205":0.5825934726,"0.021":0.5830936601,"0.0215":0.613480055,"0.022":0.613480055,"0.0225":0.6187320245,"0.023":0.6248593222,"0.0235":0.6288608228,"0.024":0.6337376516,"0.0245":0.639114668,"0.025":0.6493685132,"0.0255":0.7407777917,"0.026":0.7410278855,"0.0265":0.741528073,"0.027":0.7416531199,"0.0275":0.7545329499,"0.028":0.7554082781,"0.0285":0.7554082781,"0.029":0.7559084657,"0.0295":0.7639114668,"0.03":0.7639114668,"0.0305":0.7709140928,"0.031":0.7712892335,"0.0315":0.7719144679,"0.032":0.7722896086,"0.0325":0.7722896086,"0.033":0.775290734,"0.0335":0.7760410154,"0.034":0.778792047,"0.0345":0.7796673753,"0.035":0.7804176566,"0.0355":0.7872952357,"0.036":0.7877954233,"0.0365":0.7911716894,"0.037":0.7911716894,"0.0375":0.7931724397,"0.038":0.7934225335,"0.0385":0.7934225335,"0.039":0.7945479555,"0.0395":0.7946730024,"0.04":0.7952982368,"0.0405":0.7971739402,"0.041":0.7971739402,"0.0415":0.7999249719,"0.042":0.8019257221,"0.0425":0.8036763786,"0.043":0.805552082,"0.0435":0.8059272227,"0.044":0.8059272227,"0.0445":0.8074277854,"0.045":0.8075528323,"0.0455":0.8075528323,"0.046":0.8076778792,"0.0465":0.807927973,"0.047":0.8080530199,"0.0475":0.8081780668,"0.048":0.8081780668,"0.0485":0.8081780668,"0.049":0.8105539577,"0.0495":0.8109290984,"0.05":0.8110541453},"percival2014\/stem":{"0.0":0.0026259847,"0.0005":0.1226710016,"0.001":0.1913217457,"0.0015":0.348130549,"0.002":0.4534200325,"0.0025":0.4781793172,"0.003":0.5013129924,"0.0035":0.5499562336,"0.004":0.5719644867,"0.0045":0.594848068,"0.005":0.6122295861,"0.0055":0.6244841816,"0.006":0.6412404652,"0.0065":0.6582468426,"0.007":0.6742528448,"0.0075":0.6885081906,"0.008":0.7003876454,"0.0085":0.70663999,"0.009":0.7161435538,"0.0095":0.7225209454,"0.01":0.732274603,"0.0105":0.7391521821,"0.011":0.7477804177,"0.0115":0.7526572465,"0.012":0.7557834188,"0.0125":0.7615355758,"0.013":0.7675378267,"0.0135":0.771789421,"0.014":0.7739152182,"0.0145":0.776541203,"0.015":0.7804176566,"0.0155":0.7835438289,"0.016":0.7882956109,"0.0165":0.790421408,"0.017":0.7944229086,"0.0175":0.7955483306,"0.018":0.796298612,"0.0185":0.8000500188,"0.019":0.8023008628,"0.0195":0.8041765662,"0.02":0.8058021758,"0.0205":0.8066775041,"0.021":0.8098036764,"0.0215":0.8129298487,"0.022":0.8138051769,"0.0225":0.8151806928,"0.023":0.8161810679,"0.0235":0.8181818182,"0.024":0.8196823809,"0.0245":0.8208078029,"0.025":0.8214330374,"0.0255":0.8231836939,"0.026":0.8240590221,"0.0265":0.8248093035,"0.027":0.8258096786,"0.0275":0.8268100538,"0.028":0.8273102413,"0.0285":0.827685382,"0.029":0.8285607103,"0.0295":0.8296861323,"0.03":0.8305614605,"0.0305":0.8319369764,"0.031":0.8321870702,"0.0315":0.8330623984,"0.032":0.8331874453,"0.0325":0.8339377266,"0.033":0.8348130549,"0.0335":0.83581343,"0.034":0.8364386645,"0.0345":0.8375640865,"0.035":0.8385644617,"0.0355":0.8399399775,"0.036":0.8401900713,"0.0365":0.8408153057,"0.037":0.8411904464,"0.0375":0.8415655871,"0.038":0.8420657747,"0.0385":0.8423158685,"0.039":0.8434412905,"0.0395":0.8438164312,"0.04":0.8441915718,"0.0405":0.8443166187,"0.041":0.8448168063,"0.0415":0.845191947,"0.042":0.8453169939,"0.0425":0.8454420408,"0.043":0.8470676504,"0.0435":0.847442791,"0.044":0.8476928848,"0.0445":0.8481930724,"0.045":0.8484431662,"0.0455":0.8490684007,"0.046":0.8490684007,"0.0465":0.8493184944,"0.047":0.8495685882,"0.0475":0.8505689634,"0.048":0.8508190571,"0.0485":0.8510691509,"0.049":0.8513192447,"0.0495":0.8513192447,"0.05":0.8514442916},"schreiber2014\/default":{"0.0":0.0,"0.0005":0.3716393648,"0.001":0.4504189071,"0.0015":0.4955608353,"0.002":0.5276978867,"0.0025":0.5580842816,"0.003":0.5802175816,"0.0035":0.6084781793,"0.004":0.6299862448,"0.0045":0.649618607,"0.005":0.6692509691,"0.0055":0.6887582844,"0.006":0.7061398024,"0.0065":0.725271977,"0.007":0.7365261973,"0.0075":0.7457796674,"0.008":0.7547830436,"0.0085":0.7631611854,"0.009":0.770663999,"0.0095":0.778792047,"0.01":0.7847942979,"0.0105":0.7886707515,"0.011":0.7936726272,"0.0115":0.7977991747,"0.012":0.8019257221,"0.0125":0.8061773165,"0.013":0.8093034888,"0.0135":0.8110541453,"0.014":0.8128048018,"0.0145":0.8151806928,"0.015":0.817181443,"0.0155":0.8193072402,"0.016":0.8218081781,"0.0165":0.8240590221,"0.017":0.8264349131,"0.0175":0.8273102413,"0.018":0.8288108041,"0.0185":0.8305614605,"0.019":0.8324371639,"0.0195":0.8334375391,"0.02":0.8348130549,"0.0205":0.8364386645,"0.021":0.837063899,"0.0215":0.838189321,"0.022":0.8394397899,"0.0225":0.8408153057,"0.023":0.8413154933,"0.0235":0.8423158685,"0.024":0.8430661498,"0.0245":0.8438164312,"0.025":0.8446917594,"0.0255":0.8459422283,"0.026":0.8464424159,"0.0265":0.8473177442,"0.027":0.8476928848,"0.0275":0.8483181193,"0.028":0.8494435413,"0.0285":0.8504439165,"0.029":0.8515693385,"0.0295":0.8525697136,"0.03":0.8526947605,"0.0305":0.853319995,"0.031":0.8539452295,"0.0315":0.854445417,"0.032":0.8548205577,"0.0325":0.855695886,"0.033":0.8558209328,