{"schreiber2018\/ismir2018":{"0.0":0.0,"1.0":0.0,"2.0":0.0,"3.0":0.0,"4.0":0.0,"5.0":0.0,"6.0":0.0,"7.0":0.0,"8.0":0.0,"9.0":0.0,"10.0":0.0,"11.0":0.0,"12.0":0.0,"13.0":0.0,"14.0":0.0,"15.0":0.0,"16.0":0.0,"17.0":0.0,"18.0":0.0,"19.0":0.0,"20.0":0.0,"21.0":0.0,"22.0":0.0,"23.0":0.0,"24.0":0.0,"25.0":0.0,"26.0":0.0,"27.0":0.0,"28.0":0.0,"29.0":0.0,"30.0":0.0,"31.0":0.0,"32.0":0.0,"33.0":0.0,"34.0":0.0,"35.0":0.0,"36.0":0.0,"37.0":0.0,"38.0":0.0,"39.0":0.0,"40.0":0.0,"41.0":0.0,"42.0":0.0,"43.0":0.0001250469,"44.0":0.0001250469,"45.0":0.0001250469,"46.0":0.0001250469,"47.0":0.0002500938,"48.0":0.001125422,"49.0":0.0013755158,"50.0":0.0022508441,"51.0":0.0031261723,"52.0":0.003501313,"53.0":0.0037514068,"54.0":0.0037514068,"55.0":0.0067525322,"56.0":0.0075028136,"57.0":0.0082530949,"58.0":0.0098787045,"59.0":0.0095035638,"60.0":0.0126297362,"61.0":0.0128798299,"62.0":0.0190071277,"63.0":0.0213830186,"64.0":0.0228835813,"65.0":0.0336376141,"66.0":0.0336376141,"67.0":0.0360135051,"68.0":0.043016131,"69.0":0.047767913,"70.0":0.0541453045,"71.0":0.0540202576,"72.0":0.0732774791,"73.0":0.0772789796,"74.0":0.0790296361,"75.0":0.109416031,"76.0":0.1075403276,"77.0":0.1106664999,"78.0":0.1149180943,"79.0":0.1300487683,"80.0":0.1378016756,"81.0":0.1409278479,"82.0":0.1516818807,"83.0":0.1429285982,"84.0":0.1370513943,"85.0":0.1716893835,"86.0":0.1484306615,"87.0":0.1553082406,"88.0":0.1600600225,"89.0":0.1656871327,"90.0":0.1553082406,"91.0":0.1779417281,"92.0":0.1728148056,"93.0":0.1686882581,"94.0":0.1631861948,"95.0":0.1898211829,"96.0":0.1603101163,"97.0":0.1593097412,"98.0":0.1471801926,"99.0":0.1464299112,"100.0":0.1389270977,"101.0":0.1369263474,"102.0":0.108290609,"103.0":0.1157934225,"104.0":0.1102913593,"105.0":0.1219207203,"106.0":0.093159935,"107.0":0.0944104039,"108.0":0.090784044,"109.0":0.0959109666,"110.0":0.0935350757,"111.0":0.100162561,"112.0":0.0927847943,"113.0":0.0932849819,"114.0":0.0864074028,"115.0":0.1480555208,"116.0":0.1519319745,"117.0":0.1544329123,"118.0":0.1588095536,"119.0":0.1604351632,"120.0":0.1680630236,"121.0":0.1673127423,"122.0":0.1626860073,"123.0":0.179317244,"124.0":0.1756908841,"125.0":0.1911966988,"126.0":0.12917344,"127.0":0.1161685632,"128.0":0.1189195948,"129.0":0.1110416406,"130.0":0.1136676254,"131.0":0.1041640615,"132.0":0.101287983,"133.0":0.102413405,"134.0":0.0855320745,"135.0":0.1074152807,"136.0":0.0894085282,"137.0":0.0900337627,"138.0":0.0950356384,"139.0":0.1016631237,"140.0":0.0987870451,"141.0":0.1004126547,"142.0":0.0944104039,"143.0":0.093159935,"144.0":0.0880330124,"145.0":0.0949105915,"146.0":0.0742778542,"147.0":0.0727772915,"148.0":0.0720270101,"149.0":0.0600225084,"150.0":0.0452669751,"151.0":0.0413905214,"152.0":0.0316368638,"153.0":0.0330123796,"154.0":0.0307615356,"155.0":0.0366387395,"156.0":0.0276353633,"157.0":0.0301363011,"158.0":0.0295110666,"159.0":0.0265099412,"160.0":0.0270101288,"161.0":0.0281355508,"162.0":0.0290108791,"163.0":0.0300112542,"164.0":0.0290108791,"165.0":0.0307615356,"166.0":0.0220082531,"167.0":0.0237589096,"168.0":0.0148805802,"169.0":0.0176316119,"170.0":0.0172564712,"171.0":0.0170063774,"172.0":0.0185069401,"173.0":0.0170063774,"174.0":0.0160060023,"175.0":0.0146304864,"176.0":0.0132549706,"177.0":0.0126297362,"178.0":0.0101287983,"179.0":0.010503939,"180.0":0.0068775791,"181.0":0.0077529073,"182.0":0.005877204,"183.0":0.0062523446,"184.0":0.0062523446,"185.0":0.005877204,"186.0":0.0066274853,"187.0":0.0062523446,"188.0":0.0066274853,"189.0":0.0066274853,"190.0":0.0076278604,"191.0":0.0076278604,"192.0":0.0062523446,"193.0":0.0067525322,"194.0":0.0036263599,"195.0":0.0056271102,"196.0":0.0056271102,"197.0":0.0050018757,"198.0":0.0043766412,"199.0":0.0041265475,"200.0":0.0045016881,"201.0":0.0031261723,"202.0":0.0031261723,"203.0":0.0037514068,"204.0":0.0032512192,"205.0":0.0032512192,"206.0":0.0012504689,"207.0":0.0012504689,"208.0":0.001125422,"209.0":0.001125422,"210.0":0.0010003751,"211.0":0.0007502814,"212.0":0.0007502814,"213.0":0.0007502814,"214.0":0.0001250469,"215.0":0.0003751407,"216.0":0.0003751407,"217.0":0.0003751407,"218.0":0.0003751407,"219.0":0.0003751407,"220.0":0.0003751407,"221.0":0.0003751407,"222.0":0.0002500938,"223.0":0.0002500938,"224.0":0.0002500938,"225.0":0.0002500938,"226.0":0.0,"227.0":0.0001250469,"228.0":0.0001250469,"229.0":0.0001250469,"230.0":0.0001250469,"231.0":0.0001250469,"232.0":0.0001250469,"233.0":0.0001250469,"234.0":0.0001250469,"235.0":0.0001250469,"236.0":0.0001250469,"237.0":0.0001250469,"238.0":0.0,"239.0":0.0,"240.0":0.0,"241.0":0.0,"242.0":0.0,"243.0":0.0,"244.0":0.0,"245.0":0.0,"246.0":0.0,"247.0":0.0,"248.0":0.0,"249.0":0.0,"250.0":0.0,"251.0":0.0,"252.0":0.0,"253.0":0.0,"254.0":0.0,"255.0":0.0,"256.0":0.0,"257.0":0.0,"258.0":0.0,"259.0":0.0,"260.0":0.0,"261.0":0.0,"262.0":0.0,"263.0":0.0,"264.0":0.0,"265.0":0.0,"266.0":0.0,"267.0":0.0,"268.0":0.0,"269.0":0.0,"270.0":0.0,"271.0":0.0,"272.0":0.0,"273.0":0.0,"274.0":0.0,"275.0":0.0,"276.0":0.0,"277.0":0.0,"278.0":0.0,"279.0":0.0,"280.0":0.0,"281.0":0.0,"282.0":0.0,"283.0":0.0,"284.0":0.0,"285.0":0.0,"286.0":0.0,"287.0":0.0,"288.0":0.0,"289.0":0.0,"290.0":0.0,"291.0":0.0,"292.0":0.0,"293.0":0.0,"294.0":0.0,"295.0":0.0,"296.0":0.0,"297.0":0.0,"298.0":0.0,"299.0":0.0,"300.0":0.0}}