{"boeck2015\/tempodetector2016_default":{"0.0":0.125017994,"0.001":0.1741141173,"0.002":0.1977309288,"0.003":0.2948649915,"0.004":0.4019253506,"0.005":0.4337302472,"0.006":0.4994256797,"0.007":0.5459309822,"0.008":0.5968120948,"0.009":0.6430085555,"0.01":0.6535891931,"0.011":0.6914021754,"0.012":0.7179329136,"0.013":0.7320366381,"0.014":0.7536948352,"0.015":0.766213957,"0.016":0.7689836871,"0.017":0.7776798739,"0.018":0.782210655,"0.019":0.7867412938,"0.02":0.792326224,"0.021":0.7957984155,"0.022":0.7984925928,"0.023":0.7999121981,"0.024":0.8022090399,"0.025":0.806126427,"0.026":0.8123578322,"0.027":0.8141815324,"0.028":0.8163860363,"0.029":0.8173834667,"0.03":0.818230098,"0.031":0.81910061,"0.032":0.819674743,"0.033":0.8204153751,"0.034":0.82198811,"0.035":0.8227809598,"0.036":0.8232929536,"0.037":0.8233721635,"0.038":0.8238274968,"0.039":0.8264322443,"0.04":0.8266715873,"0.041":0.8271650222,"0.042":0.8284397778,"0.043":0.8289095366,"0.044":0.829282376,"0.045":0.8295989857,"0.046":0.8297091918,"0.047":0.8306336052,"0.048":0.8308919101,"0.049":0.8316571711,"0.05":0.8319695762,"0.051":0.8329477789,"0.052":0.8330728257,"0.053":0.8332403188,"0.054":0.8339126015,"0.055":0.8342033282,"0.056":0.8349779657,"0.057":0.8357226935,"0.058":0.8357247363,"0.059":0.8364182704,"0.06":0.8368700989,"0.061":0.8374472569,"0.062":0.8382155588,"0.063":0.8386913011,"0.064":0.838884428,"0.065":0.8391926491,"0.066":0.839325338,"0.067":0.8400230095,"0.068":0.8408681274,"0.069":0.8416023,"0.07":0.8417193645,"0.071":0.8417193645,"0.072":0.8420509676,"0.073":0.842377713,"0.074":0.8428384824,"0.075":0.8439226754,"0.076":0.8444370046,"0.077":0.8446462687,"0.078":0.8451671837,"0.079":0.8453678975,"0.08":0.8454918872,"0.081":0.8462347924,"0.082":0.8468237483,"0.083":0.8470521573,"0.084":0.8474067608,"0.085":0.847438567,"0.086":0.8476818678,"0.087":0.8487385258,"0.088":0.848966511,"0.089":0.8493679366,"0.09":0.8493679366,"0.091":0.8496612702,"0.092":0.8496665802,"0.093":0.8498727127,"0.094":0.8500212728,"0.095":0.850376757,"0.096":0.8506235144,"0.097":0.851081493,"0.098":0.8511439649,"0.099":0.8520781562,"0.1":0.8520781562},"davies2009\/mirex_qm_tempotracker":{"0.0":0.0,"0.001":0.0123966689,"0.002":0.046636944,"0.003":0.0502028578,"0.004":0.109050623,"0.005":0.1229573921,"0.006":0.1277840296,"0.007":0.1452581408,"0.008":0.1972508641,"0.009":0.2240608832,"0.01":0.2675971536,"0.011":0.2841060021,"0.012":0.2975108268,"0.013":0.3273276028,"0.014":0.3871331332,"0.015":0.4181032266,"0.016":0.4381827872,"0.017":0.4697012036,"0.018":0.4756885654,"0.019":0.5122997449,"0.02":0.5381754281,"0.021":0.5412825565,"0.022":0.5702492206,"0.023":0.5809947346,"0.024":0.5885706765,"0.025":0.603293649,"0.026":0.693825286,"0.027":0.694432576,"0.028":0.7079100596,"0.029":0.7084193918,"0.03":0.7157460149,"0.031":0.7229153475,"0.032":0.723986483,"0.033":0.7267902893,"0.034":0.7302868958,"0.035":0.7319306155,"0.036":0.7387166887,"0.037":0.7416781886,"0.038":0.743785644,"0.039":0.744944198,"0.04":0.7457049856,"0.041":0.7472854936,"0.042":0.7514061643,"0.043":0.7550618145,"0.044":0.7555678529,"0.045":0.7571681599,"0.046":0.7574590921,"0.047":0.7578661978,"0.048":0.7579924002,"0.049":0.7602523471,"0.05":0.7605890731,"0.051":0.7632136372,"0.052":0.7632856847,"0.053":0.7635992494,"0.054":0.7641749598,"0.055":0.7649215085,"0.056":0.7663116469,"0.057":0.7667152432,"0.058":0.7668228238,"0.059":0.7675460092,"0.06":0.7684598603,"0.061":0.7696054183,"0.062":0.7701620735,"0.063":0.7707541038,"0.064":0.7722704401,"0.065":0.7722704401,"0.066":0.7731520037,"0.067":0.7731871864,"0.068":0.7745188734,"0.069":0.7750961411,"0.07":0.7756938394,"0.071":0.7757872254,"0.072":0.7772688029,"0.073":0.7777449832,"0.074":0.7788842048,"0.075":0.7793151251,"0.076":0.7794189058,"0.077":0.7816370637,"0.078":0.7824519893,"0.079":0.7824824271,"0.08":0.7828386978,"0.081":0.7830398143,"0.082":0.7834158956,"0.083":0.7840579846,"0.084":0.7849574841,"0.085":0.7850318813,"0.086":0.7854053255,"0.087":0.7858715924,"0.088":0.7865782357,"0.089":0.78665405,"0.09":0.7868216928,"0.091":0.7868837844,"0.092":0.7874223359,"0.093":0.7879314371,"0.094":0.7885326821,"0.095":0.7885692288,"0.096":0.7896791721,"0.097":0.7897853769,"0.098":0.7898560486,"0.099":0.790368134,"0.1":0.7909985642},"percival2014\/stem":{"0.0":0.0020051121,"0.001":0.1522763845,"0.002":0.3629409144,"0.003":0.3976253744,"0.004":0.4530316876,"0.005":0.4837481994,"0.006":0.5062204763,"0.007":0.5283354831,"0.008":0.5495172099,"0.009":0.5609331783,"0.01":0.5725386213,"0.011":0.5837812894,"0.012":0.589598888,"0.013":0.5989259295,"0.014":0.603484901,"0.015":0.60802259,"0.016":0.6139119053,"0.017":0.6184803708,"0.018":0.6197861202,"0.019":0.624125424,"0.02":0.6264918182,"0.021":0.6288651855,"0.022":0.6318709903,"0.023":0.633565131,"0.024":0.6360724434,"0.025":0.6375171736,"0.026":0.6395810311,"0.027":0.6407804613,"0.028":0.6414971703,"0.029":0.6421976342,"0.03":0.6435000666,"0.031":0.6447261835,"0.032":0.6455188838,"0.033":0.6464192493,"0.034":0.6475611304,"0.035":0.6488610446,"0.036":0.6502076869,"0.037":0.650734131,"0.038":0.6512202425,"0.039":0.6520514264,"0.04":0.6526595957,"0.041":0.6531658452,"0.042":0.653439909,"0.043":0.654642473,"0.044":0.6548394581,"0.045":0.6555311125,"0.046":0.6561294176,"0.047":0.6564986431,"0.048":0.6574626122,"0.049":0.6579321992,"0.05":0.6581703297,"0.051":0.6591512426,"0.052":0.659843369,"0.053":0.6601605672,"0.054":0.6603654527,"0.055":0.661012659,"0.056":0.6617551856,"0.057":0.6620054702,"0.058":0.6622343965,"0.059":0.6625359544,"0.06":0.6629113776,"0.061":0.6637816263,"0.062":0.6642409553,"0.063":0.6648184827,"0.064":0.665114849,"0.065":0.6652000123,"0.066":0.665592537,"0.067":0.6657363775,"0.068":0.6662684971,"0.069":0.6666702151,"0.07":0.6669075328,"0.071":0.6673349591,"0.072":0.6680112549,"0.073":0.6680272771,"0.074":0.6685817769,"0.075":0.6689864057,"0.076":0.669461894,"0.077":0.6700832591,"0.078":0.6702033381,"0.079":0.6704109828,"0.08":0.6709687469,"0.081":0.6711788345,"0.082":0.6715425829,"0.083":0.6718613078,"0.084":0.6721437021,"0.085":0.6722493528,"0.086":0.672294589,"0.087":0.6727812082,"0.088":0.6735509908,"0.089":0.6739577732,"0.09":0.6742669025,"0.091":0.6746503492,"0.092":0.6748616949,"0.093":0.6748986938,"0.094":0.6750369443,"0.095":0.6750369443,"0.096":0.6757028342,"0.097":0.6758915089,"0.098":0.6761074559,"0.099":0.6761795672,"0.1":0.6764400565},"schreiber2014\/default":{"0.0":0.0,"0.001":0.4409386589,"0.002":0.5152504312,"0.003":0.5663786044,"0.004":0.6139715811,"0.005":0.6528083151,"0.006":0.6898242791,"0.007":0.7206744364,"0.008":0.7392904483,"0.009":0.755602163,"0.01":0.769516754,"0.011":0.7781152674,"0.012":0.7861911321,"0.013":0.7930874373,"0.014":0.7968455632,"0.015":0.8008992779,"0.016":0.8051514377,"0.017":0.8093788123,"0.018":0.8119664174,"0.019":0.8153203288,"0.02":0.8179220241,"0.021":0.8200770649,"0.022":0.8219462216,"0.023":0.8237344142,"0.024":0.825697221,"0.025":0.8272922087,"0.026":0.828997099,"0.027":0.8304392582,"0.028":0.8318599862,"0.029":0.833956075,"0.03":0.835210573,"0.031":0.8364221298,"0.032":0.8374147262,"0.033":0.8383570082,"0.034":0.839056944,"0.035":0.839992359,"0.036":0.8409363996,"0.037":0.8428640242,"0.038":0.8435573265,"0.039":0.8444385445,"0.04":0.8458135222,"0.041":0.8468249991,"0.042":0.8473373451,"0.043":0.8480302175,"0.044":0.8488487303,"0.045":0.8498149646,"0.046":0.8507709982,"0.047":0.8515164284,"0.048":0.851954761,"0.049":0.8528306052,"0.05":0.8528441368,"0.051":0.8538593001,"0.052":0.8543680256,"0.053":0.8551125894,"0.054":0.8553911042,"0.055":0.856087791,"0.056":0.8567461126,"0.057":0.8574685023,"0.058":0.8579160819,"0.059":0.8581934787,"0.06":0.8587092142,"0.061":0.859181601,"0.062":0.8594956985,"0.063":0.859817925,"0.064":0.8603557218,"0.065":0.8609995593,"0.066":0.8615386303,"0.067":0.8622795069,"0.068":0.8624813772,"0.069":0.8626399391,"0.07":0.8630280115,"0.071":0.8635141831,"0.072":0.8638252865,"0.073":0.8644836101,"0.074":0.8646775055,"0.075":0.8650841208,"0.076":0.8655268836,