{"boeck2015\/tempodetector2016_default":{"0.0":0.0510191322,"0.001":0.0612729774,"0.002":0.0648993373,"0.003":0.09778667,"0.004":0.1413029886,"0.005":0.1611854445,"0.006":0.1835688383,"0.007":0.2043266225,"0.008":0.2487182694,"0.009":0.2884831812,"0.01":0.300362636,"0.011":0.3301237964,"0.012":0.3551331749,"0.013":0.3717644117,"0.014":0.4079029636,"0.015":0.4264099037,"0.016":0.4314117794,"0.017":0.4379142178,"0.018":0.4430411404,"0.019":0.4484181568,"0.02":0.4576716269,"0.021":0.4612979867,"0.022":0.4631736901,"0.023":0.4649243466,"0.024":0.4671751907,"0.025":0.4709265975,"0.026":0.4793047393,"0.027":0.4816806302,"0.028":0.4841815681,"0.029":0.4859322246,"0.03":0.4868075528,"0.031":0.4883081155,"0.032":0.4893084907,"0.033":0.4901838189,"0.034":0.4909341003,"0.035":0.4929348506,"0.036":0.493560085,"0.037":0.4938101788,"0.038":0.4941853195,"0.039":0.4955608353,"0.04":0.495935976,"0.041":0.4964361636,"0.042":0.4976866325,"0.043":0.4981868201,"0.044":0.4986870076,"0.045":0.4990621483,"0.046":0.4991871952,"0.047":0.4998124297,"0.048":0.5001875703,"0.049":0.5010628986,"0.05":0.5010628986,"0.051":0.5015630862,"0.052":0.501688133,"0.053":0.5018131799,"0.054":0.5025634613,"0.055":0.5026885082,"0.056":0.5034387895,"0.057":0.5039389771,"0.058":0.5039389771,"0.059":0.505189446,"0.06":0.5055645867,"0.061":0.5059397274,"0.062":0.5063148681,"0.063":0.5069401025,"0.064":0.5070651494,"0.065":0.5071901963,"0.066":0.5073152432,"0.067":0.5083156184,"0.068":0.5094410404,"0.069":0.5104414155,"0.07":0.5106915093,"0.071":0.5106915093,"0.072":0.5114417907,"0.073":0.5116918845,"0.074":0.5119419782,"0.075":0.5125672127,"0.076":0.5143178692,"0.077":0.514567963,"0.078":0.5151931974,"0.079":0.5154432912,"0.08":0.5155683381,"0.081":0.5166937602,"0.082":0.5173189946,"0.083":0.518069276,"0.084":0.5189446042,"0.085":0.5190696511,"0.086":0.5193197449,"0.087":0.5199449794,"0.088":0.5205702138,"0.089":0.5210704014,"0.09":0.5210704014,"0.091":0.5218206828,"0.092":0.5219457296,"0.093":0.5223208703,"0.094":0.5225709641,"0.095":0.5229461048,"0.096":0.5234462924,"0.097":0.5240715268,"0.098":0.5245717144,"0.099":0.5256971364,"0.1":0.5256971364},"davies2009\/mirex_qm_tempotracker":{"0.0":0.0,"0.001":0.0042515943,"0.002":0.0268850819,"0.003":0.0280105039,"0.004":0.0458922096,"0.005":0.0503938977,"0.006":0.0553957734,"0.007":0.0603976491,"0.008":0.0729023384,"0.009":0.091909466,"0.01":0.1244216581,"0.011":0.1329248468,"0.012":0.1411779417,"0.013":0.1526822558,"0.014":0.1724396649,"0.015":0.1798174315,"0.016":0.1856946355,"0.017":0.2063273728,"0.018":0.2069526072,"0.019":0.2210829061,"0.02":0.242090784,"0.021":0.2448418157,"0.022":0.260722771,"0.023":0.2689758659,"0.024":0.2727272727,"0.025":0.2847317744,"0.026":0.374890584,"0.027":0.3750156309,"0.028":0.3873952732,"0.029":0.3877704139,"0.03":0.3940227585,"0.031":0.4004001501,"0.032":0.4021508066,"0.033":0.4041515568,"0.034":0.4065274478,"0.035":0.4080280105,"0.036":0.4161560585,"0.037":0.4189070902,"0.038":0.4217831687,"0.039":0.4221583094,"0.04":0.4234087783,"0.041":0.424909341,"0.042":0.4285357009,"0.043":0.4309115918,"0.044":0.4311616856,"0.045":0.4321620608,"0.046":0.4324121546,"0.047":0.433037389,"0.048":0.4332874828,"0.049":0.4357884207,"0.05":0.4360385144,"0.051":0.4381643116,"0.052":0.4381643116,"0.053":0.4384144054,"0.054":0.4386644992,"0.055":0.4395398274,"0.056":0.4409153433,"0.057":0.4410403901,"0.058":0.441165437,"0.059":0.4416656246,"0.06":0.4419157184,"0.061":0.4426659997,"0.062":0.4431661873,"0.063":0.4440415156,"0.064":0.4455420783,"0.065":0.4455420783,"0.066":0.4461673127,"0.067":0.4461673127,"0.068":0.4469175941,"0.069":0.4474177817,"0.07":0.4480430161,"0.071":0.4485432037,"0.072":0.4492934851,"0.073":0.4494185319,"0.074":0.4501688133,"0.075":0.4507940478,"0.076":0.4509190947,"0.077":0.4526697512,"0.078":0.4535450794,"0.079":0.4535450794,"0.08":0.4541703139,"0.081":0.4545454545,"0.082":0.4550456421,"0.083":0.4560460173,"0.084":0.4565462048,"0.085":0.4565462048,"0.086":0.4569213455,"0.087":0.4574215331,"0.088":0.4585469551,"0.089":0.4585469551,"0.09":0.4589220958,"0.091":0.4596723771,"0.092":0.4604226585,"0.093":0.4607977992,"0.094":0.4609228461,"0.095":0.4609228461,"0.096":0.4620482681,"0.097":0.4631736901,"0.098":0.463298737,"0.099":0.4637989246,"0.1":0.464549206},"percival2014\/stem":{"0.0":0.0,"0.001":0.0,"0.002":0.0,"0.003":0.0,"0.004":0.0,"0.005":0.0,"0.006":0.0,"0.007":0.0,"0.008":0.0,"0.009":0.0,"0.01":0.0,"0.011":0.0,"0.012":0.0,"0.013":0.0,"0.014":0.0,"0.015":0.0,"0.016":0.0,"0.017":0.0,"0.018":0.0,"0.019":0.0,"0.02":0.0,"0.021":0.0,"0.022":0.0,"0.023":0.0,"0.024":0.0,"0.025":0.0,"0.026":0.0,"0.027":0.0001250469,"0.028":0.0001250469,"0.029":0.0001250469,"0.03":0.0002500938,"0.031":0.0003751407,"0.032":0.0003751407,"0.033":0.0006252345,"0.034":0.0006252345,"0.035":0.0006252345,"0.036":0.0006252345,"0.037":0.0007502814,"0.038":0.0007502814,"0.039":0.0008753282,"0.04":0.001125422,"0.041":0.0012504689,"0.042":0.0012504689,"0.043":0.0017506565,"0.044":0.0017506565,"0.045":0.0018757034,"0.046":0.0020007503,"0.047":0.0020007503,"0.048":0.0021257972,"0.049":0.002375891,"0.05":0.0025009379,"0.051":0.0028760785,"0.052":0.003501313,"0.053":0.0036263599,"0.054":0.0038764537,"0.055":0.0041265475,"0.056":0.0050018757,"0.057":0.0052519695,"0.058":0.0055020633,"0.059":0.005877204,"0.06":0.0061272977,"0.061":0.0066274853,"0.062":0.0067525322,"0.063":0.0073777667,"0.064":0.0075028136,"0.065":0.0076278604,"0.066":0.0078779542,"0.067":0.0080030011,"0.068":0.0080030011,"0.069":0.0083781418,"0.07":0.0083781418,"0.071":0.0086282356,"0.072":0.0091284232,"0.073":0.0092534701,"0.074":0.0096286107,"0.075":0.0097536576,"0.076":0.0102538452,"0.077":0.0107540328,"0.078":0.0108790797,"0.079":0.0111291734,"0.08":0.0121295486,"0.081":0.0130048768,"0.082":0.0133800175,"0.083":0.0137551582,"0.084":0.014005252,"0.085":0.0143803926,"0.086":0.0146304864,"0.087":0.0150056271,"0.088":0.0155058147,"0.089":0.0157559085,"0.09":0.0158809554,"0.091":0.0160060023,"0.092":0.0163811429,"0.093":0.0166312367,"0.094":0.0167562836,"0.095":0.0167562836,"0.096":0.0172564712,"0.097":0.0176316119,"0.098":0.0178817056,"0.099":0.0181317994,"0.1":0.0182568463},"schreiber2014\/default":{"0.0":0.0,"0.001":0.2594723021,"0.002":0.2901087908,"0.003":0.3114918094,"0.004":0.3405026885,"0.005":0.3733900213,"0.006":0.427285232,"0.007":0.471426785,"0.008":0.5094410404,"0.009":0.5430786545,"0.01":0.5608353132,"0.011":0.570463924,"0.012":0.5789671127,"0.013":0.5870951607,"0.014":0.5924721771,"0.015":0.5975990997,"0.016":0.602976116,"0.017":0.6068525697,"0.018":0.6093535076,"0.019":0.612354633,"0.02":0.615855946,"0.021":0.6187320245,"0.022":0.6199824934,"0.023":0.6213580093,"0.024":0.6238589471,"0.025":0.6258596974,"0.026":0.6281105415,"0.027":0.6296111042,"0.028":0.6306114793,"0.029":0.6322370889,"0.03":0.6331124172,"0.031":0.6339877454,"0.032":0.6351131674,"0.033":0.6357384019,"0.034":0.6366137301,"0.035":0.6373640115,"0.036":0.6387395273,"0.037":0.6396148556,"0.038":0.6403651369,"0.039":0.6409903714,"0.04":0.641490559,"0.041":0.6421157934,"0.042":0.6427410279,"0.043":0.6431161686,"0.044":0.643741403,"0.045":0.6442415906,"0.046":0.644991872,"0.047":0.6459922471,"0.048":0.6463673878,"0.049":0.6474928098,"0.05":0.6477429036,"0.051":0.6482430912,"0.052":0.6486182318,"0.053":0.6489933725,"0.054":0.6492434663,"0.055":0.6499937477,"0.056":0.6508690759,"0.057":0.6514943104,"0.058":0.651869451,"0.059":0.6523696386,"0.06":0.6529948731,"0.061":0.6536201075,"0.062":0.6538702013,"0.063":0.6541202951,"0.064":0.6548705765,"0.065":0.6554958109,"0.066":0.6562460923,"0.067":0.6564961861,"0.068":0.656621233,"0.069":0.6567462799,"0.07":0.6567462799,"0.071":0.6573715143,"0.072":0.6579967488,"0.073":0.6589971239,"0.074":0.6593722646,"0.075":0.6594973115,"0.076":0.6597474053,"0.077":0.6606227335,"0.078":0.6611229211,"0.079":0.661247968,"0.08":0.6619982493,"0.081":0.6638739527,"0.082":0.6642490934,"0.083":0.6648743279,"0.084":0.6656246092,"0.085":0.6661247968,"0.086":0.6664999375,"0.087":0.667000125,