{"Rock":{"boeck2015\/tempodetector2016_default":0.9069372241,"davies2009\/mirex_qm_tempotracker":0.861942867,"percival2014\/stem":0.6948734294,"schreiber2014\/default":0.9269212531,"schreiber2017\/ismir2017":0.902254039,"schreiber2017\/mirex2017":0.8845102581,"schreiber2018\/cnn":0.9415900882,"schreiber2018\/fcn":0.941412503},"Pop":{"boeck2015\/tempodetector2016_default":0.9113520093,"davies2009\/mirex_qm_tempotracker":0.8542566224,"percival2014\/stem":0.7292054922,"schreiber2014\/default":0.9220228311,"schreiber2017\/ismir2017":0.9028759505,"schreiber2017\/mirex2017":0.889284928,"schreiber2018\/cnn":0.9390704621,"schreiber2018\/fcn":0.9329268902},"International":{"boeck2015\/tempodetector2016_default":0.8448725337,"davies2009\/mirex_qm_tempotracker":0.7683588189,"percival2014\/stem":0.6614368727,"schreiber2014\/default":0.864091155,"schreiber2017\/ismir2017":0.8178523778,"schreiber2017\/mirex2017":0.7847993545,"schreiber2018\/cnn":0.9021901274,"schreiber2018\/fcn":0.9008424132},"Instrumental":{"boeck2015\/tempodetector2016_default":0.8085949098,"davies2009\/mirex_qm_tempotracker":0.7496009424,"percival2014\/stem":0.6538001814,"schreiber2014\/default":0.820611984,"schreiber2017\/ismir2017":0.8211927835,"schreiber2017\/mirex2017":0.8153096369,"schreiber2018\/cnn":0.8755513669,"schreiber2018\/fcn":0.8696297675},"Hip-Hop":{"boeck2015\/tempodetector2016_default":0.9287817856,"davies2009\/mirex_qm_tempotracker":0.8608415863,"percival2014\/stem":0.7876095384,"schreiber2014\/default":0.9534068658,"schreiber2017\/ismir2017":0.9179705223,"schreiber2017\/mirex2017":0.8999719981,"schreiber2018\/cnn":0.9635801473,"schreiber2018\/fcn":0.9702171992},"Folk":{"boeck2015\/tempodetector2016_default":0.8589498502,"davies2009\/mirex_qm_tempotracker":0.785762989,"percival2014\/stem":0.6790069392,"schreiber2014\/default":0.878869528,"schreiber2017\/ismir2017":0.8539347394,"schreiber2017\/mirex2017":0.8404650371,"schreiber2018\/cnn":0.9191207159,"schreiber2018\/fcn":0.9081543886},"Experimental":{"boeck2015\/tempodetector2016_default":0.6042886467,"davies2009\/mirex_qm_tempotracker":0.5673186916,"percival2014\/stem":0.4545441614,"schreiber2014\/default":0.6452813084,"schreiber2017\/ismir2017":0.601448932,"schreiber2017\/mirex2017":0.5911140396,"schreiber2018\/cnn":0.7010438997,"schreiber2018\/fcn":0.7347906597},"Electronic":{"boeck2015\/tempodetector2016_default":0.9000329212,"davies2009\/mirex_qm_tempotracker":0.814522333,"percival2014\/stem":0.7071169885,"schreiber2014\/default":0.9279934179,"schreiber2017\/ismir2017":0.9147122917,"schreiber2017\/mirex2017":0.9108103862,"schreiber2018\/cnn":0.9564510627,"schreiber2018\/fcn":0.9535292926}}