{"boeck2015\/tempodetector2016_default":{"boeck2015\/tempodetector2016_default":1.0,"davies2009\/mirex_qm_tempotracker":1.011619604e-112,"percival2014\/stem":0.0000002653,"schreiber2014\/default":0.5732134054,"schreiber2017\/ismir2017":0.1496319451,"schreiber2017\/mirex2017":0.1584745339,"schreiber2018\/cnn":0.0,"schreiber2018\/fcn":0.0000000879},"davies2009\/mirex_qm_tempotracker":{"boeck2015\/tempodetector2016_default":1.011619604e-112,"davies2009\/mirex_qm_tempotracker":1.0,"percival2014\/stem":2.12765698e-41,"schreiber2014\/default":1.370940472e-100,"schreiber2017\/ismir2017":6.729645303e-76,"schreiber2017\/mirex2017":8.024249514e-75,"schreiber2018\/cnn":4.925766587e-160,"schreiber2018\/fcn":1.161492058e-146},"percival2014\/stem":{"boeck2015\/tempodetector2016_default":0.0000002653,"davies2009\/mirex_qm_tempotracker":2.12765698e-41,"percival2014\/stem":1.0,"schreiber2014\/default":0.0000001326,"schreiber2017\/ismir2017":0.0000767925,"schreiber2017\/mirex2017":0.0000853059,"schreiber2018\/cnn":5.886953584e-21,"schreiber2018\/fcn":4.041974379e-17},"schreiber2014\/default":{"boeck2015\/tempodetector2016_default":0.5732134054,"davies2009\/mirex_qm_tempotracker":1.370940472e-100,"percival2014\/stem":0.0000001326,"schreiber2014\/default":1.0,"schreiber2017\/ismir2017":0.0551532042,"schreiber2017\/mirex2017":0.0615892703,"schreiber2018\/cnn":0.0000000063,"schreiber2018\/fcn":0.0000059447},"schreiber2017\/ismir2017":{"boeck2015\/tempodetector2016_default":0.1496319451,"davies2009\/mirex_qm_tempotracker":6.729645303e-76,"percival2014\/stem":0.0000767925,"schreiber2014\/default":0.0551532042,"schreiber2017\/ismir2017":1.0,"schreiber2017\/mirex2017":0.9928318986,"schreiber2018\/cnn":0.0,"schreiber2018\/fcn":0.0000000179},"schreiber2017\/mirex2017":{"boeck2015\/tempodetector2016_default":0.1584745339,"davies2009\/mirex_qm_tempotracker":8.024249514e-75,"percival2014\/stem":0.0000853059,"schreiber2014\/default":0.0615892703,"schreiber2017\/ismir2017":0.9928318986,"schreiber2017\/mirex2017":1.0,"schreiber2018\/cnn":0.0,"schreiber2018\/fcn":0.0000000275},"schreiber2018\/cnn":{"boeck2015\/tempodetector2016_default":0.0,"davies2009\/mirex_qm_tempotracker":4.925766587e-160,"percival2014\/stem":5.886953584e-21,"schreiber2014\/default":0.0000000063,"schreiber2017\/ismir2017":0.0,"schreiber2017\/mirex2017":0.0,"schreiber2018\/cnn":1.0,"schreiber2018\/fcn":0.1267229647},"schreiber2018\/fcn":{"boeck2015\/tempodetector2016_default":0.0000000879,"davies2009\/mirex_qm_tempotracker":1.161492058e-146,"percival2014\/stem":4.041974379e-17,"schreiber2014\/default":0.0000059447,"schreiber2017\/ismir2017":0.0000000179,"schreiber2017\/mirex2017":0.0000000275,"schreiber2018\/cnn":0.1267229647,"schreiber2018\/fcn":1.0}}