{"boeck2015\/tempodetector2016_default":{"boeck2015\/tempodetector2016_default":1.0,"davies2009\/mirex_qm_tempotracker":6.149801127e-57,"percival2014\/stem":0.0,"schreiber2014\/default":0.0,"schreiber2017\/ismir2017":0.0,"schreiber2017\/mirex2017":0.0},"davies2009\/mirex_qm_tempotracker":{"boeck2015\/tempodetector2016_default":6.149801127e-57,"davies2009\/mirex_qm_tempotracker":1.0,"percival2014\/stem":0.0,"schreiber2014\/default":0.0,"schreiber2017\/ismir2017":0.0,"schreiber2017\/mirex2017":0.0},"percival2014\/stem":{"boeck2015\/tempodetector2016_default":0.0,"davies2009\/mirex_qm_tempotracker":0.0,"percival2014\/stem":1.0,"schreiber2014\/default":2.35216323e-44,"schreiber2017\/ismir2017":2.940555176e-53,"schreiber2017\/mirex2017":0.0000000002},"schreiber2014\/default":{"boeck2015\/tempodetector2016_default":0.0,"davies2009\/mirex_qm_tempotracker":0.0,"percival2014\/stem":2.35216323e-44,"schreiber2014\/default":1.0,"schreiber2017\/ismir2017":0.0000050438,"schreiber2017\/mirex2017":0.0000071947},"schreiber2017\/ismir2017":{"boeck2015\/tempodetector2016_default":0.0,"davies2009\/mirex_qm_tempotracker":0.0,"percival2014\/stem":2.940555176e-53,"schreiber2014\/default":0.0000050438,"schreiber2017\/ismir2017":1.0,"schreiber2017\/mirex2017":4.706689448e-171},"schreiber2017\/mirex2017":{"boeck2015\/tempodetector2016_default":0.0,"davies2009\/mirex_qm_tempotracker":0.0,"percival2014\/stem":0.0000000002,"schreiber2014\/default":0.0000071947,"schreiber2017\/ismir2017":4.706689448e-171,"schreiber2017\/mirex2017":1.0}}