Estimator,boeck2015/tempodetector2016_default,davies2009/mirex_qm_tempotracker,percival2014/stem,schreiber2014/default,schreiber2017/ismir2017,schreiber2017/mirex2017,schreiber2018/cnn,schreiber2018/fcn
boeck2015/tempodetector2016_default,1.0,1.5926927858740802e-56,3.9293587373149177e-190,1.5807050044525662e-179,8.154837686120898e-106,2.3298906660415115e-144,1.1589732106217753e-07,8.925173259043254e-42
davies2009/mirex_qm_tempotracker,1.5926927858740802e-56,1.0,0.0,0.0,0.0,0.0,8.747218351672927e-118,1.982249162444834e-194
percival2014/stem,3.9293587373149177e-190,0.0,1.0,0.0020190808309233045,3.489729269322604e-07,0.9508886536743337,2.7836493572583742e-179,1.7885023330692657e-77
schreiber2014/default,1.5807050044525662e-179,0.0,0.0020190808309233045,1.0,0.005858710199183619,0.017274160833789565,5.023538045535238e-176,1.0800851187535935e-70
schreiber2017/ismir2017,8.154837686120898e-106,0.0,3.489729269322604e-07,0.005858710199183619,1.0,2.688326556404599e-58,1.5995588471376353e-95,1.8849251167234538e-33
schreiber2017/mirex2017,2.3298906660415115e-144,0.0,0.9508886536743337,0.017274160833789565,2.688326556404599e-58,1.0,4.0867509572612526e-141,2.3295229377803028e-62
schreiber2018/cnn,1.1589732106217753e-07,8.747218351672927e-118,2.7836493572583742e-179,5.023538045535238e-176,1.5995588471376353e-95,4.0867509572612526e-141,1.0,9.116883819365523e-30
schreiber2018/fcn,8.925173259043254e-42,1.982249162444834e-194,1.7885023330692657e-77,1.0800851187535935e-70,1.8849251167234538e-33,2.3295229377803028e-62,9.116883819365523e-30,1.0
