Estimator,boeck2015/tempodetector2016_default,davies2009/mirex_qm_tempotracker,percival2014/stem,schreiber2014/default,schreiber2017/ismir2017,schreiber2017/mirex2017
boeck2015/tempodetector2016_default,1.0,1.3797028111951472e-241,1.213409615772722e-21,7.743866806889173e-10,3.910335399244838e-08,1.1788553938812165e-07
davies2009/mirex_qm_tempotracker,1.3797028111951472e-241,1.0,1.3218286551869335e-152,7.784844897954583e-162,1.0227649252485223e-168,6.4265367845733196e-170
percival2014/stem,1.213409615772722e-21,1.3218286551869335e-152,1.0,0.0013985538754780888,0.00014835531970906388,7.375572943667091e-05
schreiber2014/default,7.743866806889173e-10,7.784844897954583e-162,0.0013985538754780888,1.0,0.33815036237912466,0.21515988319618792
schreiber2017/ismir2017,3.910335399244838e-08,1.0227649252485223e-168,0.00014835531970906388,0.33815036237912466,1.0,0.07835388183593749
schreiber2017/mirex2017,1.1788553938812165e-07,6.4265367845733196e-170,7.375572943667091e-05,0.21515988319618792,0.07835388183593749,1.0
