{"Size":{"boeck2015\/tempodetector2016_default":24985,"davies2009\/mirex_qm_tempotracker":24946,"percival2014\/stem":24985,"schreiber2014\/default":24951,"schreiber2017\/ismir2017":24985,"schreiber2017\/mirex2017":24985},"Min":{"boeck2015\/tempodetector2016_default":40.0,"davies2009\/mirex_qm_tempotracker":58.0671,"percival2014\/stem":50.1745,"schreiber2014\/default":40.177612,"schreiber2017\/ismir2017":15.850245,"schreiber2017\/mirex2017":10.014832},"Max":{"boeck2015\/tempodetector2016_default":250.0,"davies2009\/mirex_qm_tempotracker":258.398,"percival2014\/stem":null,"schreiber2014\/default":182.00183,"schreiber2017\/ismir2017":208.10349,"schreiber2017\/mirex2017":216.06802},"Avg":{"boeck2015\/tempodetector2016_default":123.8920772463,"davies2009\/mirex_qm_tempotracker":125.0848957188,"percival2014\/stem":null,"schreiber2014\/default":104.0371493545,"schreiber2017\/ismir2017":null,"schreiber2017\/mirex2017":null},"Stdev":{"boeck2015\/tempodetector2016_default":39.779868791,"davies2009\/mirex_qm_tempotracker":28.8329466026,"percival2014\/stem":null,"schreiber2014\/default":24.0687543867,"schreiber2017\/ismir2017":null,"schreiber2017\/mirex2017":null},"Sweet Oct. Start":{"boeck2015\/tempodetector2016_default":84.0,"davies2009\/mirex_qm_tempotracker":87.0,"percival2014\/stem":72.0,"schreiber2014\/default":72.0,"schreiber2017\/ismir2017":72.0,"schreiber2017\/mirex2017":75.0},"Sweet Oct. Coverage":{"boeck2015\/tempodetector2016_default":0.7174704823,"davies2009\/mirex_qm_tempotracker":0.8848312355,"percival2014\/stem":0.8761256754,"schreiber2014\/default":0.8699050138,"schreiber2017\/ismir2017":0.8460276166,"schreiber2017\/mirex2017":0.7839503702}}