{"Rock":{"boeck2015\/tempodetector2016_default":0.6246246246,"davies2009\/mirex_qm_tempotracker":0.5985985986,"percival2014\/stem":0.012012012,"schreiber2014\/default":0.7627627628,"schreiber2017\/ismir2017":0.7607607608,"schreiber2017\/mirex2017":0.7627627628,"schreiber2018\/cnn":0.7887887888,"schreiber2018\/fcn":0.7817817818},"Pop":{"boeck2015\/tempodetector2016_default":0.587,"davies2009\/mirex_qm_tempotracker":0.559,"percival2014\/stem":0.015,"schreiber2014\/default":0.729,"schreiber2017\/ismir2017":0.741,"schreiber2017\/mirex2017":0.726,"schreiber2018\/cnn":0.756,"schreiber2018\/fcn":0.719},"International":{"boeck2015\/tempodetector2016_default":0.538,"davies2009\/mirex_qm_tempotracker":0.454,"percival2014\/stem":0.014,"schreiber2014\/default":0.679,"schreiber2017\/ismir2017":0.679,"schreiber2017\/mirex2017":0.665,"schreiber2018\/cnn":0.7,"schreiber2018\/fcn":0.697},"Instrumental":{"boeck2015\/tempodetector2016_default":0.498,"davies2009\/mirex_qm_tempotracker":0.471,"percival2014\/stem":0.011,"schreiber2014\/default":0.581,"schreiber2017\/ismir2017":0.595,"schreiber2017\/mirex2017":0.592,"schreiber2018\/cnn":0.63,"schreiber2018\/fcn":0.619},"Hip-Hop":{"boeck2015\/tempodetector2016_default":0.512,"davies2009\/mirex_qm_tempotracker":0.264,"percival2014\/stem":0.005,"schreiber2014\/default":0.798,"schreiber2017\/ismir2017":0.765,"schreiber2017\/mirex2017":0.703,"schreiber2018\/cnn":0.709,"schreiber2018\/fcn":0.713},"Folk":{"boeck2015\/tempodetector2016_default":0.546,"davies2009\/mirex_qm_tempotracker":0.462,"percival2014\/stem":0.016,"schreiber2014\/default":0.645,"schreiber2017\/ismir2017":0.639,"schreiber2017\/mirex2017":0.622,"schreiber2018\/cnn":0.674,"schreiber2018\/fcn":0.642},"Experimental":{"boeck2015\/tempodetector2016_default":0.3123123123,"davies2009\/mirex_qm_tempotracker":0.2812812813,"percival2014\/stem":0.02002002,"schreiber2014\/default":0.3863863864,"schreiber2017\/ismir2017":0.3853853854,"schreiber2017\/mirex2017":0.3773773774,"schreiber2018\/cnn":0.4354354354,"schreiber2018\/fcn":0.4464464464},"Electronic":{"boeck2015\/tempodetector2016_default":0.5065065065,"davies2009\/mirex_qm_tempotracker":0.5435435435,"percival2014\/stem":0.004004004,"schreiber2014\/default":0.7147147147,"schreiber2017\/ismir2017":0.7337337337,"schreiber2017\/mirex2017":0.7287287287,"schreiber2018\/cnn":0.7507507508,"schreiber2018\/fcn":0.7367367367}}