{"Rock":{"boeck2015\/tempodetector2016_default":0.7157157157,"davies2009\/mirex_qm_tempotracker":0.7037037037,"percival2014\/stem":0.7167167167,"schreiber2014\/default":0.7017017017,"schreiber2017\/ismir2017":0.7427427427,"schreiber2017\/mirex2017":0.7447447447,"schreiber2018\/cnn":0.7787787788,"schreiber2018\/fcn":0.7567567568},"Pop":{"boeck2015\/tempodetector2016_default":0.783,"davies2009\/mirex_qm_tempotracker":0.745,"percival2014\/stem":0.749,"schreiber2014\/default":0.771,"schreiber2017\/ismir2017":0.772,"schreiber2017\/mirex2017":0.768,"schreiber2018\/cnn":0.828,"schreiber2018\/fcn":0.779},"International":{"boeck2015\/tempodetector2016_default":0.685,"davies2009\/mirex_qm_tempotracker":0.665,"percival2014\/stem":0.683,"schreiber2014\/default":0.699,"schreiber2017\/ismir2017":0.679,"schreiber2017\/mirex2017":0.677,"schreiber2018\/cnn":0.779,"schreiber2018\/fcn":0.742},"Instrumental":{"boeck2015\/tempodetector2016_default":0.621,"davies2009\/mirex_qm_tempotracker":0.561,"percival2014\/stem":0.67,"schreiber2014\/default":0.648,"schreiber2017\/ismir2017":0.634,"schreiber2017\/mirex2017":0.637,"schreiber2018\/cnn":0.74,"schreiber2018\/fcn":0.685},"Hip-Hop":{"boeck2015\/tempodetector2016_default":0.831,"davies2009\/mirex_qm_tempotracker":0.802,"percival2014\/stem":0.83,"schreiber2014\/default":0.865,"schreiber2017\/ismir2017":0.834,"schreiber2017\/mirex2017":0.831,"schreiber2018\/cnn":0.87,"schreiber2018\/fcn":0.854},"Folk":{"boeck2015\/tempodetector2016_default":0.704,"davies2009\/mirex_qm_tempotracker":0.59,"percival2014\/stem":0.695,"schreiber2014\/default":0.717,"schreiber2017\/ismir2017":0.653,"schreiber2017\/mirex2017":0.649,"schreiber2018\/cnn":0.808,"schreiber2018\/fcn":0.725},"Experimental":{"boeck2015\/tempodetector2016_default":0.4164164164,"davies2009\/mirex_qm_tempotracker":0.4224224224,"percival2014\/stem":0.4284284284,"schreiber2014\/default":0.5015015015,"schreiber2017\/ismir2017":0.4404404404,"schreiber2017\/mirex2017":0.4304304304,"schreiber2018\/cnn":0.5405405405,"schreiber2018\/fcn":0.5285285285},"Electronic":{"boeck2015\/tempodetector2016_default":0.7737737738,"davies2009\/mirex_qm_tempotracker":0.7437437437,"percival2014\/stem":0.7157157157,"schreiber2014\/default":0.7657657658,"schreiber2017\/ismir2017":0.8148148148,"schreiber2017\/mirex2017":0.8158158158,"schreiber2018\/cnn":0.8608608609,"schreiber2018\/fcn":0.8408408408}}