Estimator,boeck2015/tempodetector2016_default,davies2009/mirex_qm_tempotracker,percival2014/stem,schreiber2014/default,schreiber2017/ismir2017,schreiber2017/mirex2017,schreiber2018/cnn,schreiber2018/fcn
boeck2015/tempodetector2016_default,1.0,8.659837449114842e-87,2.9425178084967945e-11,0.015777763320695685,0.11246053278169184,0.013104551454177014,1.1463570668672823e-10,0.6412668576358398
davies2009/mirex_qm_tempotracker,8.659837449114842e-87,1.0,9.745382864063919e-29,1.2951846477504646e-93,8.755659878265315e-84,1.780131642160256e-87,4.9394501632955716e-45,1.613355683414847e-82
percival2014/stem,2.9425178084967945e-11,9.745382864063919e-29,1.0,4.661947838984184e-16,3.231944349301662e-13,2.4153814203831126e-14,0.08019819609620557,4.757826699596895e-10
schreiber2014/default,0.015777763320695685,1.2951846477504646e-93,4.661947838984184e-16,1.0,0.2778365561435465,0.8960719879919685,3.760270853584175e-18,0.004780970527441186
schreiber2017/ismir2017,0.11246053278169184,8.755659878265315e-84,3.231944349301662e-13,0.2778365561435465,1.0,0.0554211341028393,6.988753428961976e-15,0.039986807689139155
schreiber2017/mirex2017,0.013104551454177014,1.780131642160256e-87,2.4153814203831126e-14,0.8960719879919685,0.0554211341028393,1.0,6.842376745563662e-17,0.0031339048093934983
schreiber2018/cnn,1.1463570668672823e-10,4.9394501632955716e-45,0.08019819609620557,3.760270853584175e-18,6.988753428961976e-15,6.842376745563662e-17,1.0,2.4735409067896753e-10
schreiber2018/fcn,0.6412668576358398,1.613355683414847e-82,4.757826699596895e-10,0.004780970527441186,0.039986807689139155,0.0031339048093934983,2.4735409067896753e-10,1.0
