Estimator,Spoken,Soul-RnB,Rock,Pop,Old-Time / Historic,Jazz,International,Instrumental,Hip-Hop,Folk,Experimental,Electronic,Easy Listening,Country,Classical,Blues
boeck2015/tempodetector2016_default,0.13559322033898305,0.6623376623376623,0.6099360550909986,0.5483870967741935,0.4019607843137255,0.3411458333333333,0.4444444444444444,0.3553008595988539,0.48705096073517123,0.5752895752895753,0.2514011208967174,0.5088478915662651,0.8095238095238095,0.6910112359550562,0.3893376413570275,0.581081081081081
davies2009/mirex_qm_tempotracker,0.1016949152542373,0.6428571428571429,0.5930480406624037,0.5,0.3137254901960784,0.2864583333333333,0.3888888888888889,0.3553008595988539,0.23809523809523808,0.5366795366795367,0.22898318654923938,0.5045180722891566,0.6666666666666666,0.5561797752808989,0.3360258481421648,0.40540540540540543
percival2014/stem,0.01694915254237288,0.0,0.020823085751762584,0.021505376344086023,0.043137254901960784,0.0234375,0.05555555555555555,0.022922636103151862,0.002506265664160401,0.03088803088803089,0.02241793434747798,0.005082831325301205,0.047619047619047616,0.011235955056179775,0.05492730210016155,0.013513513513513514
schreiber2014/default,0.19491525423728814,0.7662337662337663,0.7716019019511395,0.6344086021505376,0.43137254901960786,0.3828125,0.5555555555555556,0.4670487106017192,0.7986633249791144,0.6312741312741312,0.31625300240192156,0.6775225903614458,0.7619047619047619,0.8089887640449438,0.37318255250403876,0.7162162162162162
schreiber2017/ismir2017,0.19491525423728814,0.8376623376623377,0.7707820954254796,0.6290322580645161,0.4196078431372549,0.3984375,0.5555555555555556,0.45558739255014324,0.7811194653299917,0.637065637065637,0.32986389111289033,0.7018072289156626,0.7142857142857143,0.8370786516853933,0.40064620355411956,0.6891891891891891
schreiber2017/mirex2017,0.13559322033898305,0.8441558441558441,0.76586325627152,0.6935483870967742,0.39215686274509803,0.3619791666666667,0.5,0.4584527220630373,0.7360066833751044,0.61003861003861,0.3130504403522818,0.6993599397590361,0.7619047619047619,0.8033707865168539,0.38287560581583197,0.6351351351351351
