{"Size":{"schreiber2018\/ismir2018":24983},"Min":{"schreiber2018\/ismir2018":48.0},"Max":{"schreiber2018\/ismir2018":232.0},"Avg":{"schreiber2018\/ismir2018":113.2384421407},"Stdev":{"schreiber2018\/ismir2018":27.6241157339},"Sweet Oct. Start":{"schreiber2018\/ismir2018":77.0},"Sweet Oct. Coverage":{"schreiber2018\/ismir2018":0.8710723292}}