{"P-Score":{"schreiber2017\/ismir2017":0.8661635423,"schreiber2014\/default":0.8651252252,"schreiber2017\/mirex2017":0.8577752801,"boeck2015\/tempodetector2016_default":0.8447203256,"davies2009\/mirex_qm_tempotracker":0.7827586188,"percival2014\/stem":0.6697728503},"One Correct":{"schreiber2017\/ismir2017":0.9283512789,"schreiber2014\/default":0.9281111156,"schreiber2017\/mirex2017":0.9185045831,"boeck2015\/tempodetector2016_default":0.9254292919,"davies2009\/mirex_qm_tempotracker":0.8736740984,"percival2014\/stem":0.8728335268},"Both Correct":{"schreiber2017\/ismir2017":0.6672937598,"schreiber2014\/default":0.6611295681,"schreiber2017\/mirex2017":0.6554457031,"boeck2015\/tempodetector2016_default":0.5141496217,"davies2009\/mirex_qm_tempotracker":0.469679382,"percival2014\/stem":0.0154104791}}