Estimator,boeck2015/tempodetector2016_default,davies2009/mirex_qm_tempotracker,percival2014/stem,schreiber2014/default,schreiber2017/ismir2017,schreiber2017/mirex2017,schreiber2018/cnn,schreiber2018/fcn
boeck2015/tempodetector2016_default,1.0,2.9673277393920824e-78,1.2543142515727326e-16,0.0052147858807977225,0.01134784153419784,0.01290385987899893,0.030629275711121298,0.009319544080235616
davies2009/mirex_qm_tempotracker,2.9673277393920824e-78,1.0,1.1017601269805464e-32,4.1780735022423715e-56,6.2805650609383036e-58,5.454184843786469e-58,2.610905110042779e-90,3.7949320682568927e-90
percival2014/stem,1.2543142515727326e-16,1.1017601269805464e-32,1.0,1.7977382375927123e-07,4.988101194399167e-08,4.348214453920125e-08,4.7113741669014794e-23,1.1596931540713749e-24
schreiber2014/default,0.0052147858807977225,4.1780735022423715e-56,1.7977382375927123e-07,1.0,0.7466731726289577,0.7066772793966465,1.5310408624783716e-06,2.2161943477429392e-07
schreiber2017/ismir2017,0.01134784153419784,6.2805650609383036e-58,4.988101194399167e-08,0.7466731726289577,1.0,1.0,3.718060029368186e-06,1.0140670844453472e-06
schreiber2017/mirex2017,0.01290385987899893,5.454184843786469e-58,4.348214453920125e-08,0.7066772793966465,1.0,1.0,4.688024179763042e-06,1.243812735617457e-06
schreiber2018/cnn,0.030629275711121298,2.610905110042779e-90,4.7113741669014794e-23,1.5310408624783716e-06,3.718060029368186e-06,4.688024179763042e-06,1.0,0.6766573217164242
schreiber2018/fcn,0.009319544080235616,3.7949320682568927e-90,1.1596931540713749e-24,2.2161943477429392e-07,1.0140670844453472e-06,1.243812735617457e-06,0.6766573217164242,1.0
