Estimator,boeck2015/tempodetector2016_default,davies2009/mirex_qm_tempotracker,percival2014/stem,schreiber2014/default,schreiber2017/ismir2017,schreiber2017/mirex2017
boeck2015/tempodetector2016_default,1.0,2.5373615549444495e-17,0.5337024889504358,2.3118994412599374e-09,4.6907841348758147e-07,5.618476999511967e-06
davies2009/mirex_qm_tempotracker,2.5373615549444495e-17,1.0,7.447061118675236e-18,2.886790118883455e-41,4.87600447087313e-42,8.73106842432846e-39
percival2014/stem,0.5337024889504358,7.447061118675236e-18,1.0,1.4708822092460898e-10,5.702892015957636e-06,5.751202508208572e-05
schreiber2014/default,2.3118994412599374e-09,2.886790118883455e-41,1.4708822092460898e-10,1.0,0.13019354295718172,0.03457676967625941
schreiber2017/ismir2017,4.6907841348758147e-07,4.87600447087313e-42,5.702892015957636e-06,0.13019354295718172,1.0,0.02981783504454038
schreiber2017/mirex2017,5.618476999511967e-06,8.73106842432846e-39,5.751202508208572e-05,0.03457676967625941,0.02981783504454038,1.0
