Estimator,boeck2015/tempodetector2016_default,davies2009/mirex_qm_tempotracker,percival2014/stem,schreiber2014/default,schreiber2017/ismir2017,schreiber2017/mirex2017
boeck2015/tempodetector2016_default,1.0,2.9632292967201502e-251,3.382165993198251e-31,0.16556060844171633,1.5889976231940541e-12,7.294159078372123e-13
davies2009/mirex_qm_tempotracker,2.9632292967201502e-251,1.0,5.7956366199396815e-108,6.779455080455734e-238,4.638042844772934e-273,7.725324354085965e-274
percival2014/stem,3.382165993198251e-31,5.7956366199396815e-108,1.0,5.802706741965971e-34,2.0344631523573566e-55,1.31200274352923e-55
schreiber2014/default,0.16556060844171633,6.779455080455734e-238,5.802706741965971e-34,1.0,8.491438033818954e-12,1.0163263366577672e-11
schreiber2017/ismir2017,1.5889976231940541e-12,4.638042844772934e-273,2.0344631523573566e-55,8.491438033818954e-12,1.0,0.6044917573038926
schreiber2017/mirex2017,7.294159078372123e-13,7.725324354085965e-274,1.31200274352923e-55,1.0163263366577672e-11,0.6044917573038926,1.0
