Reference,Size,Min,Max,Avg,Stdev,Sweet Oct. Start,Sweet Oct. Coverage
schreiber2018/ismir2018,7997,48.0,232.0,111.22896086032262,27.27888909905117,77.0,0.8699512317118919
