{"boeck2015\/tempodetector2016_default":{"0.0":0.1096661248,"0.0005":0.1171689384,"0.001":0.149055896,"0.0015":0.1648118044,"0.002":0.1700637739,"0.0025":0.193197449,"0.003":0.2517193948,"0.0035":0.328248093,"0.004":0.3460047518,"0.0045":0.3635113167,"0.005":0.3726397399,"0.0055":0.4149055896,"0.006":0.430786545,"0.0065":0.4506690009,"0.007":0.4711766913,"0.0075":0.4774290359,"0.008":0.5129423534,"0.0085":0.5512067025,"0.009":0.551831937,"0.0095":0.5545829686,"0.01":0.5603351257,"0.0105":0.5898461923,"0.011":0.5942228336,"0.0115":0.6036013505,"0.012":0.6148555708,"0.0125":0.6233587595,"0.013":0.625109416,"0.0135":0.6338626985,"0.014":0.6386144804,"0.0145":0.6441165437,"0.015":0.6469926222,"0.0155":0.6469926222,"0.016":0.6486182318,"0.0165":0.6547455296,"0.017":0.655370764,"0.0175":0.6568713267,"0.018":0.6593722646,"0.0185":0.6604976866,"0.019":0.6629986245,"0.0195":0.664749281,"0.02":0.6676253595,"0.0205":0.6707515318,"0.021":0.6707515318,"0.0215":0.6711266725,"0.022":0.6726272352,"0.0225":0.6736276104,"0.023":0.6736276104,"0.0235":0.6745029386,"0.024":0.6745029386,"0.0245":0.6771289233,"0.025":0.677504064,"0.0255":0.6793797674,"0.026":0.682130799,"0.0265":0.6827560335,"0.027":0.6830061273,"0.0275":0.6840065024,"0.028":0.68450669,"0.0285":0.68450669,"0.029":0.6852569714,"0.0295":0.6857571589,"0.03":0.6857571589,"0.0305":0.6858822058,"0.031":0.6861322996,"0.0315":0.6865074403,"0.032":0.6865074403,"0.0325":0.6867575341,"0.033":0.6870076279,"0.0335":0.6882580968,"0.034":0.6885081906,"0.0345":0.6886332375,"0.035":0.6887582844,"0.0355":0.689133425,"0.036":0.6892584719,"0.0365":0.6892584719,"0.037":0.6892584719,"0.0375":0.6892584719,"0.038":0.6896336126,"0.0385":0.6908840815,"0.039":0.6911341753,"0.0395":0.6911341753,"0.04":0.6912592222,"0.0405":0.6913842691,"0.041":0.691509316,"0.0415":0.691509316,"0.042":0.6918844567,"0.0425":0.6921345505,"0.043":0.6921345505,"0.0435":0.6925096911,"0.044":0.6925096911,"0.0445":0.692634738,"0.045":0.692634738,"0.0455":0.692634738,"0.046":0.692634738,"0.0465":0.6932599725,"0.047":0.6932599725,"0.0475":0.6932599725,"0.048":0.6933850194,"0.0485":0.6937601601,"0.049":0.6940102538,"0.0495":0.6940102538,"0.05":0.6941353007},"davies2009\/mirex_qm_tempotracker":{"0.0":0.0,"0.0005":0.0101287983,"0.001":0.0101287983,"0.0015":0.0111291734,"0.002":0.0437664124,"0.0025":0.0451419282,"0.003":0.0457671627,"0.0035":0.0770288858,"0.004":0.0974115293,"0.0045":0.1071651869,"0.005":0.1096661248,"0.0055":0.1142928598,"0.006":0.1142928598,"0.0065":0.1224209078,"0.007":0.1317994248,"0.0075":0.1824434163,"0.008":0.1836938852,"0.0085":0.1981993247,"0.009":0.210704014,"0.0095":0.2379642366,"0.01":0.2429661123,"0.0105":0.2538451919,"0.011":0.2589721145,"0.0115":0.2671001626,"0.012":0.2704764287,"0.0125":0.2789796174,"0.013":0.296861323,"0.0135":0.3496311117,"0.014":0.3498812055,"0.0145":0.3722645992,"0.015":0.3792672252,"0.0155":0.379517319,"0.016":0.3985244467,"0.0165":0.4020257597,"0.017":0.4204076529,"0.0175":0.4266599975,"0.018":0.4266599975,"0.0185":0.450543954,"0.019":0.4641740653,"0.0195":0.4838064274,"0.02":0.4876828811,"0.0205":0.4904339127,"0.021":0.4908090534,"0.0215":0.519194698,"0.022":0.519194698,"0.0225":0.5206952607,"0.023":0.5266975116,"0.0235":0.5299487308,"0.024":0.534325372,"0.0245":0.5364511692,"0.025":0.545954733,"0.0255":0.6166062273,"0.026":0.6167312742,"0.0265":0.6172314618,"0.027":0.6173565087,"0.0275":0.6259847443,"0.028":0.6268600725,"0.0285":0.6268600725,"0.029":0.6272352132,"0.0295":0.6328623234,"0.03":0.6328623234,"0.0305":0.6384894335,"0.031":0.6388645742,"0.0315":0.6393647618,"0.032":0.6396148556,"0.0325":0.6396148556,"0.033":0.642615981,"0.0335":0.6431161686,"0.034":0.6447417782,"0.0345":0.6456171064,"0.035":0.6463673878,"0.0355":0.649618607,"0.036":0.6497436539,"0.0365":0.6514943104,"0.037":0.6514943104,"0.0375":0.6532449669,"0.038":0.6532449669,"0.0385":0.6532449669,"0.039":0.6537451544,"0.0395":0.6538702013,"0.04":0.6541202951,"0.0405":0.6554958109,"0.041":0.6554958109,"0.0415":0.6571214205,"0.042":0.6586219832,"0.0425":0.6591221708,"0.043":0.6604976866,"0.0435":0.6608728273,"0.044":0.6608728273,"0.0445":0.6621232962,"0.045":0.6622483431,"0.0455":0.6622483431,"0.046":0.66237339,"0.0465":0.6626234838,"0.047":0.6627485307,"0.0475":0.6628735776,"0.048":0.6628735776,"0.0485":0.6628735776,"0.049":0.6639989996,"0.0495":0.6643741403,"0.05":0.6644991872},"percival2014\/stem":{"0.0":0.0020007503,"0.0005":0.1034137802,"0.001":0.158309366,"0.0015":0.2896086032,"0.002":0.377141428,"0.0025":0.3965236964,"0.003":0.4136551207,"0.0035":0.4552957359,"0.004":0.4730523946,"0.0045":0.4919344754,"0.005":0.5053144929,"0.0055":0.5150681506,"0.006":0.5286982618,"0.0065":0.54245342,"0.007":0.552957359,"0.0075":0.5647117669,"0.008":0.5749656121,"0.0085":0.5798424409,"0.009":0.5870951607,"0.0095":0.5918469426,"0.01":0.5988495686,"0.0105":0.6041015381,"0.011":0.6108540703,"0.0115":0.6143553833,"0.012":0.6167312742,"0.0125":0.6219832437,"0.013":0.6271101663,"0.0135":0.6308615731,"0.014":0.6319869951,"0.0145":0.6341127923,"0.015":0.6369888708,"0.0155":0.6393647618,"0.016":0.6432412155,"0.0165":0.6452419657,"0.017":0.6482430912,"0.0175":0.6489933725,"0.018":0.649618607,"0.0185":0.6529948731,"0.019":0.6543703889,"0.0195":0.6554958109,"0.02":0.656621233,"0.0205":0.6569963736,"0.021":0.6593722646,"0.0215":0.66237339,"0.022":0.6627485307,"0.0225":0.6637489058,"0.023":0.6646242341,"0.0235":0.6664999375,"0.024":0.6675003126,"0.0245":0.668250594,"0.025":0.6688758284,"0.0255":0.6702513443,"0.026":0.6711266725,"0.0265":0.6715018132,"0.027":0.6723771414,"0.0275":0.6727522821,"0.028":0.6731274228,"0.0285":0.6732524697,"0.029":0.6741277979,"0.0295":0.6745029386,"0.03":0.6753782669,"0.0305":0.6765036889,"0.031":0.6767537827,"0.0315":0.677504064,"0.032":0.677504064,"0.0325":0.6780042516,"0.033":0.6787545329,"0.0335":0.6796298612,"0.034":0.6801300488,"0.0345":0.681005377,"0.035":0.6817556584,"0.0355":0.6828810804,"0.036":0.6831311742,"0.0365":0.6835063149,"0.037":0.6837564087,"0.0375":0.6840065024,"0.038":0.6843816431,"0.0385":0.68450669,"0.039":0.6853820183,"0.0395":0.685632112,"0.04":0.6860072527,"0.0405":0.6861322996,"0.041":0.6865074403,"0.0415":0.6867575341,"0.042":0.6867575341,"0.0425":0.686882581,"0.043":0.6881330499,"0.0435":0.6882580968,"0.044":0.6883831437,"0.0445":0.6888833312,"0.045":0.689133425,"0.0455":0.6897586595,"0.046":0.6897586595,"0.0465":0.6900087533,"0.047":0.6902588471,"0.0475":0.6910091284,"0.048":0.6911341753,"0.0485":0.6913842691,"0.049":0.691509316,"0.0495":0.691509316,"0.05":0.6916343629},"schreiber2014\/default":{"0.0":0.0,"0.0005":0.3133675128,"0.001":0.3753907715,"0.0015":0.4125296986,"0.002":0.4379142178,"0.0025":0.4625484557,"0.003":0.480805302,"0.0035":0.504064024,"0.004":0.5221958234,"0.0045":0.5385769664,"0.005":0.5547080155,"0.0055":0.5703388771,"0.006":0.5838439415,"0.0065":0.5989746155,"0.007":0.6079779917,"0.0075":0.6146054771,"0.008":0.621608103,"0.0085":0.6281105415,"0.009":0.6336126047,"0.0095":0.6404901838,"0.01":0.6453670126,"0.0105":0.6484931849,"0.011":0.6524946855,"0.0115":0.6557459047,"0.012":0.6592472177,"0.0125":0.6627485307,"0.013":0.6652494686,"0.0135":0.6666249844,"0.014":0.668250594,"0.0145":0.6702513443,"0.015":0.6715018132,"0.0155":0.6730023759,"0.016":0.6746279855,"0.0165":0.676378642,"0.017":0.6785044392,"0.0175":0.6790046267,"0.018":0.679879955,"0.0185":0.6815055646,"0.019":0.6831311742,"0.0195":0.6841315493,"0.02":0.6853820183,"0.0205":0.6865074403,"0.021":0.6870076279,"0.0215":0.688008003,"0.022":0.6887582844,"0.0225":0.6897586595,"0.023":0.6902588471,"0.0235":0.6912592222,"0.024":0.6920095036,"0.0245":0.6925096911,"0.025":0.6930098787,"0.0255":0.6942603476,"0.026":0.6946354883,"0.0265":0.6952607228,"0.027":0.6956358634,"0.0275":0.6962610979,"0.028":0.6970113793,"0.0285":0.6975115668,"0.029":0.6983868951,"0.0295":0.6992622233,"0.03":0.6993872702,"0.0305":0.6997624109,"0.031":0.7002625985,"0.0315":0.700762786,"0.032":0.7011379267,"0.0325":0.7018882081,"0.033":0.702013255,"0.0335":0.7025134425,