{"Spoken":{"boeck2015\/tempodetector2016_default":0.3690175336,"davies2009\/mirex_qm_tempotracker":0.3012235986,"percival2014\/stem":0.2693450256,"schreiber2014\/default":0.4082832055,"schreiber2017\/ismir2017":0.3553564959,"schreiber2017\/mirex2017":0.3477350282},"Soul-RnB":{"boeck2015\/tempodetector2016_default":0.9761058995,"davies2009\/mirex_qm_tempotracker":0.9406002629,"percival2014\/stem":0.8502369304,"schreiber2014\/default":0.9794546813,"schreiber2017\/ismir2017":0.9669497058,"schreiber2017\/mirex2017":0.9441340691},"Rock":{"boeck2015\/tempodetector2016_default":0.8988641956,"davies2009\/mirex_qm_tempotracker":0.865852875,"percival2014\/stem":0.6983614411,"schreiber2014\/default":0.9255364542,"schreiber2017\/ismir2017":0.9006735503,"schreiber2017\/mirex2017":0.88640157},"Pop":{"boeck2015\/tempodetector2016_default":0.877633336,"davies2009\/mirex_qm_tempotracker":0.8329731511,"percival2014\/stem":0.7246249616,"schreiber2014\/default":0.8709893622,"schreiber2017\/ismir2017":0.8722113367,"schreiber2017\/mirex2017":0.8555613732},"Old-Time \/ Historic":{"boeck2015\/tempodetector2016_default":0.7152523967,"davies2009\/mirex_qm_tempotracker":0.6190440175,"percival2014\/stem":0.5523052088,"schreiber2014\/default":0.7119536659,"schreiber2017\/ismir2017":0.6439079886,"schreiber2017\/mirex2017":0.6316843084},"Jazz":{"boeck2015\/tempodetector2016_default":0.6519839022,"davies2009\/mirex_qm_tempotracker":0.5842544827,"percival2014\/stem":0.4754326188,"schreiber2014\/default":0.66729977,"schreiber2017\/ismir2017":0.6169532763,"schreiber2017\/mirex2017":0.6096895605},"International":{"boeck2015\/tempodetector2016_default":0.774054004,"davies2009\/mirex_qm_tempotracker":0.6311960965,"percival2014\/stem":0.6564811472,"schreiber2014\/default":0.7674666726,"schreiber2017\/ismir2017":0.705387642,"schreiber2017\/mirex2017":0.705387642},"Instrumental":{"boeck2015\/tempodetector2016_default":0.6502297608,"davies2009\/mirex_qm_tempotracker":0.6174409024,"percival2014\/stem":0.5157594796,"schreiber2014\/default":0.6771775871,"schreiber2017\/ismir2017":0.6508208526,"schreiber2017\/mirex2017":0.6414553404},"Hip-Hop":{"boeck2015\/tempodetector2016_default":0.9278981856,"davies2009\/mirex_qm_tempotracker":0.850524034,"percival2014\/stem":0.7963256962,"schreiber2014\/default":0.9499569046,"schreiber2017\/ismir2017":0.9127322608,"schreiber2017\/mirex2017":0.8964776038},"Folk":{"boeck2015\/tempodetector2016_default":0.8524611856,"davies2009\/mirex_qm_tempotracker":0.8198181645,"percival2014\/stem":0.6745770302,"schreiber2014\/default":0.870698717,"schreiber2017\/ismir2017":0.8406202118,"schreiber2017\/mirex2017":0.828115497},"Experimental":{"boeck2015\/tempodetector2016_default":0.5444649227,"davies2009\/mirex_qm_tempotracker":0.5035680425,"percival2014\/stem":0.4263828381,"schreiber2014\/default":0.5772963979,"schreiber2017\/ismir2017":0.5488250883,"schreiber2017\/mirex2017":0.5415486955},"Electronic":{"boeck2015\/tempodetector2016_default":0.8873830468,"davies2009\/mirex_qm_tempotracker":0.7973007694,"percival2014\/stem":0.7115217653,"schreiber2014\/default":0.9052716174,"schreiber2017\/ismir2017":0.8875994237,"schreiber2017\/mirex2017":0.8792158207},"Easy Listening":{"boeck2015\/tempodetector2016_default":0.9230606098,"davies2009\/mirex_qm_tempotracker":0.8880877995,"percival2014\/stem":0.7687325146,"schreiber2014\/default":0.9078132804,"schreiber2017\/ismir2017":0.8880877995,"schreiber2017\/mirex2017":0.8590769899},"Country":{"boeck2015\/tempodetector2016_default":0.9428210504,"davies2009\/mirex_qm_tempotracker":0.8294305985,"percival2014\/stem":0.6770998383,"schreiber2014\/default":0.9621674253,"schreiber2017\/ismir2017":0.8726095721,"schreiber2017\/mirex2017":0.8333032868},"Classical":{"boeck2015\/tempodetector2016_default":0.7098581824,"davies2009\/mirex_qm_tempotracker":0.6178309874,"percival2014\/stem":0.5661280933,"schreiber2014\/default":0.6924443051,"schreiber2017\/ismir2017":0.6722377734,"schreiber2017\/mirex2017":0.6595204801},"Blues":{"boeck2015\/tempodetector2016_default":0.9298599483,"davies2009\/mirex_qm_tempotracker":0.7639089377,"percival2014\/stem":0.6686089032,"schreiber2014\/default":0.9258836003,"schreiber2017\/ismir2017":0.8482084195,"schreiber2017\/mirex2017":0.8254644172}}