{"Spoken":{"boeck2015\/tempodetector2016_default":0.1355932203,"davies2009\/mirex_qm_tempotracker":0.1016949153,"percival2014\/stem":0.0169491525,"schreiber2014\/default":0.1949152542,"schreiber2017\/ismir2017":0.1949152542,"schreiber2017\/mirex2017":0.1355932203},"Soul-RnB":{"boeck2015\/tempodetector2016_default":0.6623376623,"davies2009\/mirex_qm_tempotracker":0.6428571429,"percival2014\/stem":0.0,"schreiber2014\/default":0.7662337662,"schreiber2017\/ismir2017":0.8376623377,"schreiber2017\/mirex2017":0.8441558442},"Rock":{"boeck2015\/tempodetector2016_default":0.6099360551,"davies2009\/mirex_qm_tempotracker":0.5930480407,"percival2014\/stem":0.0208230858,"schreiber2014\/default":0.771601902,"schreiber2017\/ismir2017":0.7707820954,"schreiber2017\/mirex2017":0.7658632563},"Pop":{"boeck2015\/tempodetector2016_default":0.5483870968,"davies2009\/mirex_qm_tempotracker":0.5,"percival2014\/stem":0.0215053763,"schreiber2014\/default":0.6344086022,"schreiber2017\/ismir2017":0.6290322581,"schreiber2017\/mirex2017":0.6935483871},"Old-Time \/ Historic":{"boeck2015\/tempodetector2016_default":0.4019607843,"davies2009\/mirex_qm_tempotracker":0.3137254902,"percival2014\/stem":0.0431372549,"schreiber2014\/default":0.431372549,"schreiber2017\/ismir2017":0.4196078431,"schreiber2017\/mirex2017":0.3921568627},"Jazz":{"boeck2015\/tempodetector2016_default":0.3411458333,"davies2009\/mirex_qm_tempotracker":0.2864583333,"percival2014\/stem":0.0234375,"schreiber2014\/default":0.3828125,"schreiber2017\/ismir2017":0.3984375,"schreiber2017\/mirex2017":0.3619791667},"International":{"boeck2015\/tempodetector2016_default":0.4444444444,"davies2009\/mirex_qm_tempotracker":0.3888888889,"percival2014\/stem":0.0555555556,"schreiber2014\/default":0.5555555556,"schreiber2017\/ismir2017":0.5555555556,"schreiber2017\/mirex2017":0.5},"Instrumental":{"boeck2015\/tempodetector2016_default":0.3553008596,"davies2009\/mirex_qm_tempotracker":0.3553008596,"percival2014\/stem":0.0229226361,"schreiber2014\/default":0.4670487106,"schreiber2017\/ismir2017":0.4555873926,"schreiber2017\/mirex2017":0.4584527221},"Hip-Hop":{"boeck2015\/tempodetector2016_default":0.4870509607,"davies2009\/mirex_qm_tempotracker":0.2380952381,"percival2014\/stem":0.0025062657,"schreiber2014\/default":0.798663325,"schreiber2017\/ismir2017":0.7811194653,"schreiber2017\/mirex2017":0.7360066834},"Folk":{"boeck2015\/tempodetector2016_default":0.5752895753,"davies2009\/mirex_qm_tempotracker":0.5366795367,"percival2014\/stem":0.0308880309,"schreiber2014\/default":0.6312741313,"schreiber2017\/ismir2017":0.6370656371,"schreiber2017\/mirex2017":0.61003861},"Experimental":{"boeck2015\/tempodetector2016_default":0.2514011209,"davies2009\/mirex_qm_tempotracker":0.2289831865,"percival2014\/stem":0.0224179343,"schreiber2014\/default":0.3162530024,"schreiber2017\/ismir2017":0.3298638911,"schreiber2017\/mirex2017":0.3130504404},"Electronic":{"boeck2015\/tempodetector2016_default":0.5088478916,"davies2009\/mirex_qm_tempotracker":0.5045180723,"percival2014\/stem":0.0050828313,"schreiber2014\/default":0.6775225904,"schreiber2017\/ismir2017":0.7018072289,"schreiber2017\/mirex2017":0.6993599398},"Easy Listening":{"boeck2015\/tempodetector2016_default":0.8095238095,"davies2009\/mirex_qm_tempotracker":0.6666666667,"percival2014\/stem":0.0476190476,"schreiber2014\/default":0.7619047619,"schreiber2017\/ismir2017":0.7142857143,"schreiber2017\/mirex2017":0.7619047619},"Country":{"boeck2015\/tempodetector2016_default":0.691011236,"davies2009\/mirex_qm_tempotracker":0.5561797753,"percival2014\/stem":0.0112359551,"schreiber2014\/default":0.808988764,"schreiber2017\/ismir2017":0.8370786517,"schreiber2017\/mirex2017":0.8033707865},"Classical":{"boeck2015\/tempodetector2016_default":0.3893376414,"davies2009\/mirex_qm_tempotracker":0.3360258481,"percival2014\/stem":0.0549273021,"schreiber2014\/default":0.3731825525,"schreiber2017\/ismir2017":0.4006462036,"schreiber2017\/mirex2017":0.3828756058},"Blues":{"boeck2015\/tempodetector2016_default":0.5810810811,"davies2009\/mirex_qm_tempotracker":0.4054054054,"percival2014\/stem":0.0135135135,"schreiber2014\/default":0.7162162162,"schreiber2017\/ismir2017":0.6891891892,"schreiber2017\/mirex2017":0.6351351351}}