Estimator,boeck2015/tempodetector2016_default,davies2009/mirex_qm_tempotracker,percival2014/stem,schreiber2014/default,schreiber2017/ismir2017,schreiber2017/mirex2017
boeck2015/tempodetector2016_default,1.0,4.4824811478434715e-10,1.1886512720483509e-17,8.73366964809785e-56,0.0009086387450976659,0.40236623125448
davies2009/mirex_qm_tempotracker,4.4824811478434715e-10,1.0,0.0001510378980079157,2.505941495088415e-28,0.08560913856761601,1.8028996544244234e-05
percival2014/stem,1.1886512720483509e-17,0.0001510378980079157,1.0,7.953622247468869e-20,1.2946723982615255e-07,5.2820117189212135e-15
schreiber2014/default,8.73366964809785e-56,2.505941495088415e-28,7.953622247468869e-20,1.0,8.858497181192856e-40,1.7409596369810503e-55
schreiber2017/ismir2017,0.0009086387450976659,0.08560913856761601,1.2946723982615255e-07,8.858497181192856e-40,1.0,2.93137607545315e-19
schreiber2017/mirex2017,0.40236623125448,1.8028996544244234e-05,5.2820117189212135e-15,1.7409596369810503e-55,2.93137607545315e-19,1.0
