{"boeck2015\/tempodetector2016_default":{"boeck2015\/tempodetector2016_default":1.0,"davies2009\/mirex_qm_tempotracker":0.0994829882,"percival2014\/stem":0.0000885826,"schreiber2014\/default":8.812080125e-17,"schreiber2017\/ismir2017":5.841527172e-19,"schreiber2017\/mirex2017":0.0000048684,"schreiber2018\/cnn":6.938939518e-101,"schreiber2018\/fcn":2.315131172e-31},"davies2009\/mirex_qm_tempotracker":{"boeck2015\/tempodetector2016_default":0.0994829882,"davies2009\/mirex_qm_tempotracker":1.0,"percival2014\/stem":0.0054145753,"schreiber2014\/default":0.0,"schreiber2017\/ismir2017":0.0,"schreiber2017\/mirex2017":0.001290689,"schreiber2018\/cnn":1.664360316e-88,"schreiber2018\/fcn":9.444822409e-23},"percival2014\/stem":{"boeck2015\/tempodetector2016_default":0.0000885826,"davies2009\/mirex_qm_tempotracker":0.0054145753,"percival2014\/stem":1.0,"schreiber2014\/default":0.0000001311,"schreiber2017\/ismir2017":0.0000000127,"schreiber2017\/mirex2017":0.5452429794,"schreiber2018\/cnn":4.0360946e-55,"schreiber2018\/fcn":0.0},"schreiber2014\/default":{"boeck2015\/tempodetector2016_default":8.812080125e-17,"davies2009\/mirex_qm_tempotracker":0.0,"percival2014\/stem":0.0000001311,"schreiber2014\/default":1.0,"schreiber2017\/ismir2017":0.6533794178,"schreiber2017\/mirex2017":0.0000393734,"schreiber2018\/cnn":6.643490113e-32,"schreiber2018\/fcn":0.0041549642},"schreiber2017\/ismir2017":{"boeck2015\/tempodetector2016_default":5.841527172e-19,"davies2009\/mirex_qm_tempotracker":0.0,"percival2014\/stem":0.0000000127,"schreiber2014\/default":0.6533794178,"schreiber2017\/ismir2017":1.0,"schreiber2017\/mirex2017":0.0000000001,"schreiber2018\/cnn":2.484833574e-31,"schreiber2018\/fcn":0.0093733053},"schreiber2017\/mirex2017":{"boeck2015\/tempodetector2016_default":0.0000048684,"davies2009\/mirex_qm_tempotracker":0.001290689,"percival2014\/stem":0.5452429794,"schreiber2014\/default":0.0000393734,"schreiber2017\/ismir2017":0.0000000001,"schreiber2017\/mirex2017":1.0,"schreiber2018\/cnn":1.176398105e-55,"schreiber2018\/fcn":0.0},"schreiber2018\/cnn":{"boeck2015\/tempodetector2016_default":6.938939518e-101,"davies2009\/mirex_qm_tempotracker":1.664360316e-88,"percival2014\/stem":4.0360946e-55,"schreiber2014\/default":6.643490113e-32,"schreiber2017\/ismir2017":2.484833574e-31,"schreiber2017\/mirex2017":1.176398105e-55,"schreiber2018\/cnn":1.0,"schreiber2018\/fcn":1.27026665e-25},"schreiber2018\/fcn":{"boeck2015\/tempodetector2016_default":2.315131172e-31,"davies2009\/mirex_qm_tempotracker":9.444822409e-23,"percival2014\/stem":0.0,"schreiber2014\/default":0.0041549642,"schreiber2017\/ismir2017":0.0093733053,"schreiber2017\/mirex2017":0.0,"schreiber2018\/cnn":1.27026665e-25,"schreiber2018\/fcn":1.0}}