{"Size":{"boeck2015\/tempodetector2016_default":7997,"davies2009\/mirex_qm_tempotracker":7970,"percival2014\/stem":7997,"schreiber2014\/default":7994,"schreiber2017\/ismir2017":7997,"schreiber2017\/mirex2017":7997,"schreiber2018\/cnn":7997,"schreiber2018\/fcn":7997},"Min":{"boeck2015\/tempodetector2016_default":40.0,"davies2009\/mirex_qm_tempotracker":60.0927,"percival2014\/stem":50.1745,"schreiber2014\/default":34.99277,"schreiber2017\/ismir2017":10.014832,"schreiber2017\/mirex2017":10.014832,"schreiber2018\/cnn":41.0,"schreiber2018\/fcn":35.0},"Max":{"boeck2015\/tempodetector2016_default":240.0,"davies2009\/mirex_qm_tempotracker":246.094,"percival2014\/stem":null,"schreiber2014\/default":177.58585,"schreiber2017\/ismir2017":176.71841,"schreiber2017\/mirex2017":161.4596,"schreiber2018\/cnn":232.0,"schreiber2018\/fcn":232.0},"Avg":{"boeck2015\/tempodetector2016_default":118.8687845442,"davies2009\/mirex_qm_tempotracker":123.1452569511,"percival2014\/stem":null,"schreiber2014\/default":102.2613266287,"schreiber2017\/ismir2017":105.7890715872,"schreiber2017\/mirex2017":103.9443717798,"schreiber2018\/cnn":114.442415906,"schreiber2018\/fcn":110.985994748},"Stdev":{"boeck2015\/tempodetector2016_default":39.524375105,"davies2009\/mirex_qm_tempotracker":28.3991062347,"percival2014\/stem":null,"schreiber2014\/default":23.8234603081,"schreiber2017\/ismir2017":30.3584961992,"schreiber2017\/mirex2017":31.0641613533,"schreiber2018\/cnn":31.4487217962,"schreiber2018\/fcn":32.0097893969},"Sweet Oct. Start":{"boeck2015\/tempodetector2016_default":79.0,"davies2009\/mirex_qm_tempotracker":84.0,"percival2014\/stem":71.0,"schreiber2014\/default":71.0,"schreiber2017\/ismir2017":81.0,"schreiber2017\/mirex2017":81.0,"schreiber2018\/cnn":77.0,"schreiber2018\/fcn":76.0},"Sweet Oct. Coverage":{"boeck2015\/tempodetector2016_default":0.7126422408,"davies2009\/mirex_qm_tempotracker":0.8854454203,"percival2014\/stem":0.8722020758,"schreiber2014\/default":0.8611458594,"schreiber2017\/ismir2017":0.819557334,"schreiber2017\/mirex2017":0.7950481431,"schreiber2018\/cnn":0.8040515193,"schreiber2018\/fcn":0.7784169063}}