{"boeck2015\/tempodetector2016_default":{"0.0":0.1434575511,"0.001":0.2293559621,"0.002":0.2669415202,"0.003":0.4034743626,"0.004":0.5145098667,"0.005":0.5617019573,"0.006":0.6222631389,"0.007":0.6692150662,"0.008":0.7114037546,"0.009":0.7564343754,"0.01":0.766080935,"0.011":0.7880959052,"0.012":0.8079093784,"0.013":0.8192370812,"0.014":0.8321658728,"0.015":0.8410519153,"0.016":0.8430532762,"0.017":0.8495777128,"0.018":0.8532201897,"0.019":0.8581835648,"0.02":0.8630668855,"0.021":0.8663891446,"0.022":0.8689508866,"0.023":0.8704719209,"0.024":0.8741143978,"0.025":0.878917664,"0.026":0.8848016651,"0.027":0.8860425089,"0.028":0.8889644959,"0.029":0.8902453668,"0.03":0.8912860745,"0.031":0.8922467278,"0.032":0.8930072449,"0.033":0.8940879798,"0.034":0.8959692591,"0.035":0.8965696674,"0.036":0.8972501301,"0.037":0.8972501301,"0.038":0.8977304567,"0.039":0.9009726614,"0.04":0.9013329064,"0.041":0.901813233,"0.042":0.9051354921,"0.043":0.9056158188,"0.044":0.9060160909,"0.045":0.906576472,"0.046":0.9070567986,"0.047":0.9080174519,"0.048":0.9086178601,"0.049":0.9097386223,"0.05":0.91005884,"0.051":0.9111796021,"0.052":0.9113797382,"0.053":0.9117800104,"0.054":0.9131009086,"0.055":0.913541208,"0.056":0.9141416163,"0.057":0.9149421607,"0.058":0.9151422968,"0.059":0.9154625145,"0.06":0.9161830044,"0.061":0.9169034944,"0.062":0.9174238482,"0.063":0.9180242565,"0.064":0.9182243926,"0.065":0.9185045831,"0.066":0.918664692,"0.067":0.9191450186,"0.068":0.9200256174,"0.069":0.9207861346,"0.07":0.920866189,"0.071":0.920866189,"0.072":0.9215466517,"0.073":0.921786815,"0.074":0.9223872233,"0.075":0.9232678221,"0.076":0.9240283393,"0.077":0.9244686387,"0.078":0.9251491014,"0.079":0.9253492375,"0.08":0.9254292919,"0.081":0.9257895369,"0.082":0.9261097546,"0.083":0.9263098907,"0.084":0.9264299724,"0.085":0.9265100268,"0.086":0.9268702718,"0.087":0.9277508706,"0.088":0.9279109795,"0.089":0.9280310611,"0.09":0.9282311972,"0.091":0.9285113877,"0.092":0.928551415,"0.093":0.9287515511,"0.094":0.9288716327,"0.095":0.9294320138,"0.096":0.9295921226,"0.097":0.9308329664,"0.098":0.9308329664,"0.099":0.9312732658,"0.1":0.9313933475},"davies2009\/mirex_qm_tempotracker":{"0.0":0.0,"0.001":0.0363447144,"0.002":0.080774927,"0.003":0.0881399352,"0.004":0.1659528479,"0.005":0.1824040347,"0.006":0.1887283353,"0.007":0.2111836049,"0.008":0.2608974102,"0.009":0.2806708562,"0.01":0.3240203338,"0.011":0.3426329904,"0.012":0.3612856743,"0.013":0.4018332466,"0.014":0.4691990554,"0.015":0.504663171,"0.016":0.5287195293,"0.017":0.5679061762,"0.018":0.5738702318,"0.019":0.6105351639,"0.02":0.6406756594,"0.021":0.6424368571,"0.022":0.6698555017,"0.023":0.6793819797,"0.024":0.6873473962,"0.025":0.6963535204,"0.026":0.7782892367,"0.027":0.7790497538,"0.028":0.7910579194,"0.029":0.7920585998,"0.03":0.8000240163,"0.031":0.8077492695,"0.032":0.8089100588,"0.033":0.810951447,"0.034":0.8137133251,"0.035":0.8149541688,"0.036":0.8228395309,"0.037":0.8258815995,"0.038":0.8281631509,"0.039":0.8303246207,"0.04":0.8309650562,"0.041":0.8328863627,"0.042":0.8384101189,"0.043":0.841732378,"0.044":0.8421326502,"0.045":0.8441340111,"0.046":0.8446943922,"0.047":0.8450546372,"0.048":0.8453348277,"0.049":0.8478165152,"0.05":0.848136733,"0.051":0.8512188288,"0.052":0.8514589921,"0.053":0.851979346,"0.054":0.852539727,"0.055":0.8529800264,"0.056":0.854741224,"0.057":0.8553416323,"0.058":0.8556218228,"0.059":0.8564223672,"0.06":0.8572229116,"0.061":0.8588640275,"0.062":0.8594644358,"0.063":0.8601048713,"0.064":0.8618260417,"0.065":0.8618260417,"0.066":0.8621462595,"0.067":0.8623463955,"0.068":0.8638274026,"0.069":0.8645879198,"0.07":0.8649481648,"0.071":0.8650282192,"0.072":0.8673097706,"0.073":0.8679902334,"0.074":0.8689909138,"0.075":0.8693511588,"0.076":0.8695913221,"0.077":0.871952928,"0.078":0.8729135812,"0.079":0.8730736901,"0.08":0.8736740984,"0.081":0.8739542889,"0.082":0.8746747788,"0.083":0.8751150783,"0.084":0.8762758676,"0.085":0.876355922,"0.086":0.8768362486,"0.087":0.8775167114,"0.088":0.8781171196,"0.089":0.8785173918,"0.09":0.8786374735,"0.091":0.8787175279,"0.092":0.8795981267,"0.093":0.8799583717,"0.094":0.8805988072,"0.095":0.8806788616,"0.096":0.8821198415,"0.097":0.8828403314,"0.098":0.8830804947,"0.099":0.884041148,"0.1":0.8850018012},"percival2014\/stem":{"0.0":0.0,"0.001":0.1763198975,"0.002":0.4339350759,"0.003":0.4735620222,"0.004":0.545891206,"0.005":0.5873193772,"0.006":0.621542649,"0.007":0.657086819,"0.008":0.6879077773,"0.009":0.7050394268,"0.01":0.7241724373,"0.011":0.7382620182,"0.012":0.7473481968,"0.013":0.7603170156,"0.014":0.7674818877,"0.015":0.7745266781,"0.016":0.7826922307,"0.017":0.7907377016,"0.018":0.792819117,"0.019":0.7991033903,"0.02":0.8022255133,"0.021":0.8062282352,"0.022":0.810591202,"0.023":0.8122723452,"0.024":0.815714686,"0.025":0.817916183,"0.026":0.8234399392,"0.027":0.8253612456,"0.028":0.8268022255,"0.029":0.8288035864,"0.03":0.8311251651,"0.031":0.8337269343,"0.032":0.835127887,"0.033":0.8366489213,"0.034":0.8381299284,"0.035":0.8407316976,"0.036":0.8422927591,"0.037":0.8430933034,"0.038":0.8440939839,"0.039":0.8457350999,"0.04":0.8462554537,"0.041":0.8475363247,"0.042":0.8487771685,"0.043":0.8508585838,"0.044":0.8510186927,"0.045":0.8518592643,"0.046":0.8525797542,"0.047":0.8533402714,"0.048":0.8544610335,"0.049":0.8551815234,"0.05":0.8560621222,"0.051":0.8572229116,"0.052":0.8577032382,"0.053":0.8578633471,"0.054":0.8587439459,"0.055":0.8593443542,"0.056":0.8605051435,"0.057":0.8612656606,"0.058":0.8616259056,"0.059":0.8621862867,"0.06":0.8627466677,"0.061":0.8633871032,"0.062":0.8640675659,"0.063":0.8645078653,"0.064":0.8655085458,"0.065":0.8656686547,"0.066":0.8659888724,"0.067":0.8664291718,"0.068":0.8673097706,"0.069":0.8676700156,"0.07":0.8679902334,"0.071":0.8684305328,"0.072":0.8692711044,"0.073":0.869391186,"0.074":0.8700316215,"0.075":0.8704719209,"0.076":0.8708321659,"0.077":0.8713925469,"0.078":0.8717527919,"0.079":0.871952928,"0.08":0.8728335268,"0.081":0.8731937718,"0.082":0.8734739623,"0.083":0.8739943161,"0.084":0.8743945883,"0.085":0.8744746428,"0.086":0.8752351599,"0.087":0.8754753232,"0.088":0.8759556498,"0.089":0.8764359765,"0.09":0.8766361126,"0.091":0.8767962214,"0.092":0.8771164392,"0.093":0.8773165753,"0.094":0.8778769563,"0.095":0.8782772285,"0.096":0.8791978545,"0.097":0.8795180723,"0.098":0.8797982628,"0.099":0.8801585078,"0.1":0.8804386983},"schreiber2014\/default":{"0.0":0.0,"0.001":0.4496657727,"0.002":0.5413681303,"0.003":0.615498539,"0.004":0.6725373254,"0.005":0.7152863947,"0.006":0.7507104831,"0.007":0.7762878758,"0.008":0.7952207501,"0.009":0.8088300044,"0.01":0.8205980066,"0.011":0.8289636953,"0.012":0.836608894,"0.013":0.8426129768,"0.014":0.8473361886,"0.015":0.8520193732,"0.016":0.8561822039,"0.017":0.8595444903,"0.018":0.862786695,"0.019":0.8654284914,"0.02":0.8679101789,"0.021":0.8701517032,"0.022":0.8731537445,"0.023":0.8751551055,"0.024":0.8773165753,"0.025":0.879277909,"0.026":0.8817595965,"0.027":0.8828803586,"0.028":0.884601529,"0.029":0.8865628627,"0.03":0.8886843053,"0.031":0.8906056118,"0.032":0.8919665372,"0.033":0.8933274627,"0.034":0.8942881159,"0.035":0.8956890686,"0.036":0.8968098307,"0.037":0.8993715727,"0.038":0.9000120082,"0.039":0.9012128247,"0.04":0.9019733419,"0.041":0.9030540768,"0.042":0.9040947845,"0.043":0.9051755194,"0.044":0.9058960093,"0.045":0.9069767442,"0.046":0.9076171797,"0.047":0.908777969,"0.048":0.9095384862,"0.049":0.9104591122,"0.05":0.9110595205,"0.051":0.911699956,"0.052":0.9120602009,"0.053":0.9124604731,"0.054":0.9131009086,"0.055":0.9139414802,"0.056":0.9143417524,"0.057":0.9150222151,"0.058":0.9162230317,"0.059":0.9169835488,"0.06":0.9176640115,"0.061":0.9182243926,"0.062":0.9187047192,"0.063":0.9193451547,"0.064":0.9200256174,"0.065":0.9208261618,"0.066":0.9211864068,"0.067":0.9223071689,"0.068":0.9228675499,"0.069":0.9231077132,"0.07":0.9237481487,"0.071":0.9239883121,"0.072":0.9245887203,"0.073":0.9251891286,"0.074":0.9256694552,"0.075":0.9261898091,"0.076":0.9266301085,