{"OE1_MEAN":{"schreiber2018\/cnn":0.0305618138,"schreiber2014\/default":-0.1180548326,"schreiber2018\/fcn":-0.0213030395,"davies2009\/mirex_qm_tempotracker":0.1518112036,"percival2014\/stem":-0.1333986676,"boeck2015\/tempodetector2016_default":0.0602689433,"schreiber2017\/ismir2017":-0.1020383965,"schreiber2017\/mirex2017":-0.1339253541},"OE1_STDEV":{"schreiber2018\/cnn":0.3631041881,"schreiber2014\/default":0.4162797982,"schreiber2018\/fcn":0.4234430108,"davies2009\/mirex_qm_tempotracker":0.4341435152,"percival2014\/stem":0.4609685265,"boeck2015\/tempodetector2016_default":0.4955385942,"schreiber2017\/ismir2017":0.5297210447,"schreiber2017\/mirex2017":0.5352252201},"OE2_MEAN":{"schreiber2018\/cnn":0.0095751844,"schreiber2014\/default":-0.0045215624,"schreiber2018\/fcn":0.000115519,"davies2009\/mirex_qm_tempotracker":0.0366243654,"percival2014\/stem":0.0133130584,"boeck2015\/tempodetector2016_default":-0.0006125341,"schreiber2017\/ismir2017":-0.0088630401,"schreiber2017\/mirex2017":-0.0089194519},"OE2_STDEV":{"schreiber2018\/cnn":0.1084309308,"schreiber2014\/default":0.1186729906,"schreiber2018\/fcn":0.1102279117,"davies2009\/mirex_qm_tempotracker":0.1452152286,"percival2014\/stem":0.1706043934,"boeck2015\/tempodetector2016_default":0.1143356731,"schreiber2017\/ismir2017":0.1386209989,"schreiber2017\/mirex2017":0.1400136085}}