{"boeck2015\/tempodetector2016_default":{"boeck2015\/tempodetector2016_default":1.0,"davies2009\/mirex_qm_tempotracker":2.967327739e-78,"percival2014\/stem":1.254314252e-16,"schreiber2014\/default":0.0052147859,"schreiber2017\/ismir2017":0.0005420174,"schreiber2017\/mirex2017":0.0050079582,"schreiber2018\/cnn":0.0306292757,"schreiber2018\/fcn":0.0093195441},"davies2009\/mirex_qm_tempotracker":{"boeck2015\/tempodetector2016_default":2.967327739e-78,"davies2009\/mirex_qm_tempotracker":1.0,"percival2014\/stem":1.101760127e-32,"schreiber2014\/default":4.178073502e-56,"schreiber2017\/ismir2017":5.182663634e-53,"schreiber2017\/mirex2017":4.993220884e-57,"schreiber2018\/cnn":2.61090511e-90,"schreiber2018\/fcn":3.794932068e-90},"percival2014\/stem":{"boeck2015\/tempodetector2016_default":1.254314252e-16,"davies2009\/mirex_qm_tempotracker":1.101760127e-32,"percival2014\/stem":1.0,"schreiber2014\/default":0.0000001798,"schreiber2017\/ismir2017":0.0000038695,"schreiber2017\/mirex2017":0.0000001741,"schreiber2018\/cnn":4.711374167e-23,"schreiber2018\/fcn":1.159693154e-24},"schreiber2014\/default":{"boeck2015\/tempodetector2016_default":0.0052147859,"davies2009\/mirex_qm_tempotracker":4.178073502e-56,"percival2014\/stem":0.0000001798,"schreiber2014\/default":1.0,"schreiber2017\/ismir2017":0.3508219252,"schreiber2017\/mirex2017":0.9562323686,"schreiber2018\/cnn":0.000001531,"schreiber2018\/fcn":0.0000002216},"schreiber2017\/ismir2017":{"boeck2015\/tempodetector2016_default":0.0005420174,"davies2009\/mirex_qm_tempotracker":5.182663634e-53,"percival2014\/stem":0.0000038695,"schreiber2014\/default":0.3508219252,"schreiber2017\/ismir2017":1.0,"schreiber2017\/mirex2017":0.0355827245,"schreiber2018\/cnn":0.0000000266,"schreiber2018\/fcn":0.0000000072},"schreiber2017\/mirex2017":{"boeck2015\/tempodetector2016_default":0.0050079582,"davies2009\/mirex_qm_tempotracker":4.993220884e-57,"percival2014\/stem":0.0000001741,"schreiber2014\/default":0.9562323686,"schreiber2017\/ismir2017":0.0355827245,"schreiber2017\/mirex2017":1.0,"schreiber2018\/cnn":0.0000009344,"schreiber2018\/fcn":0.0000002582},"schreiber2018\/cnn":{"boeck2015\/tempodetector2016_default":0.0306292757,"davies2009\/mirex_qm_tempotracker":2.61090511e-90,"percival2014\/stem":4.711374167e-23,"schreiber2014\/default":0.000001531,"schreiber2017\/ismir2017":0.0000000266,"schreiber2017\/mirex2017":0.0000009344,"schreiber2018\/cnn":1.0,"schreiber2018\/fcn":0.6766573217},"schreiber2018\/fcn":{"boeck2015\/tempodetector2016_default":0.0093195441,"davies2009\/mirex_qm_tempotracker":3.794932068e-90,"percival2014\/stem":1.159693154e-24,"schreiber2014\/default":0.0000002216,"schreiber2017\/ismir2017":0.0000000072,"schreiber2017\/mirex2017":0.0000002582,"schreiber2018\/cnn":0.6766573217,"schreiber2018\/fcn":1.0}}