{"OE1_MEAN":{"schreiber2014\/default":-0.1188351963,"schreiber2017\/ismir2017":-0.11171751,"davies2009\/mirex_qm_tempotracker":0.1484160157,"percival2014\/stem":-0.1566116284,"schreiber2017\/mirex2017":-0.0897670295,"boeck2015\/tempodetector2016_default":0.0974869841},"OE1_STDEV":{"schreiber2014\/default":0.4184483091,"schreiber2017\/ismir2017":0.4249854894,"davies2009\/mirex_qm_tempotracker":0.4325134585,"percival2014\/stem":0.4466779656,"schreiber2017\/mirex2017":0.480042187,"boeck2015\/tempodetector2016_default":0.4947316145},"OE2_MEAN":{"schreiber2014\/default":-0.0021725526,"schreiber2017\/ismir2017":-0.0025026944,"davies2009\/mirex_qm_tempotracker":0.0349087645,"percival2014\/stem":0.0112474208,"schreiber2017\/mirex2017":-0.0047660378,"boeck2015\/tempodetector2016_default":-0.0009341683},"OE2_STDEV":{"schreiber2014\/default":0.1179601686,"schreiber2017\/ismir2017":0.1216183481,"davies2009\/mirex_qm_tempotracker":0.1454805841,"percival2014\/stem":0.1465296985,"schreiber2017\/mirex2017":0.1304850626,"boeck2015\/tempodetector2016_default":0.1124015468}}