{"Spoken":{"boeck2015\/tempodetector2016_default":0.3559322034,"davies2009\/mirex_qm_tempotracker":0.2372881356,"percival2014\/stem":0.2796610169,"schreiber2014\/default":0.3220338983,"schreiber2017\/ismir2017":0.3220338983,"schreiber2017\/mirex2017":0.3305084746},"Soul-RnB":{"boeck2015\/tempodetector2016_default":0.9805194805,"davies2009\/mirex_qm_tempotracker":0.9545454545,"percival2014\/stem":0.9805194805,"schreiber2014\/default":0.9805194805,"schreiber2017\/ismir2017":0.987012987,"schreiber2017\/mirex2017":0.987012987},"Rock":{"boeck2015\/tempodetector2016_default":0.9344154779,"davies2009\/mirex_qm_tempotracker":0.8717822594,"percival2014\/stem":0.9267092966,"schreiber2014\/default":0.9239219544,"schreiber2017\/ismir2017":0.928020987,"schreiber2017\/mirex2017":0.9276930644},"Pop":{"boeck2015\/tempodetector2016_default":0.8870967742,"davies2009\/mirex_qm_tempotracker":0.8279569892,"percival2014\/stem":0.8440860215,"schreiber2014\/default":0.8870967742,"schreiber2017\/ismir2017":0.8924731183,"schreiber2017\/mirex2017":0.8924731183},"Old-Time \/ Historic":{"boeck2015\/tempodetector2016_default":0.7019607843,"davies2009\/mirex_qm_tempotracker":0.5901960784,"percival2014\/stem":0.6980392157,"schreiber2014\/default":0.6745098039,"schreiber2017\/ismir2017":0.6745098039,"schreiber2017\/mirex2017":0.6764705882},"Jazz":{"boeck2015\/tempodetector2016_default":0.6770833333,"davies2009\/mirex_qm_tempotracker":0.59375,"percival2014\/stem":0.6458333333,"schreiber2014\/default":0.6588541667,"schreiber2017\/ismir2017":0.6588541667,"schreiber2017\/mirex2017":0.6588541667},"International":{"boeck2015\/tempodetector2016_default":0.7777777778,"davies2009\/mirex_qm_tempotracker":0.6666666667,"percival2014\/stem":0.8333333333,"schreiber2014\/default":0.7777777778,"schreiber2017\/ismir2017":0.7777777778,"schreiber2017\/mirex2017":0.7777777778},"Instrumental":{"boeck2015\/tempodetector2016_default":0.6446991404,"davies2009\/mirex_qm_tempotracker":0.5730659026,"percival2014\/stem":0.6160458453,"schreiber2014\/default":0.6303724928,"schreiber2017\/ismir2017":0.6532951289,"schreiber2017\/mirex2017":0.6532951289},"Hip-Hop":{"boeck2015\/tempodetector2016_default":0.969924812,"davies2009\/mirex_qm_tempotracker":0.925647452,"percival2014\/stem":0.962406015,"schreiber2014\/default":0.9565580618,"schreiber2017\/ismir2017":0.9573934837,"schreiber2017\/mirex2017":0.9573934837},"Folk":{"boeck2015\/tempodetector2016_default":0.8725868726,"davies2009\/mirex_qm_tempotracker":0.7876447876,"percival2014\/stem":0.8281853282,"schreiber2014\/default":0.8725868726,"schreiber2017\/ismir2017":0.8725868726,"schreiber2017\/mirex2017":0.8745173745},"Experimental":{"boeck2015\/tempodetector2016_default":0.5396317054,"davies2009\/mirex_qm_tempotracker":0.4523618895,"percival2014\/stem":0.5332265813,"schreiber2014\/default":0.5364291433,"schreiber2017\/ismir2017":0.5364291433,"schreiber2017\/mirex2017":0.5388310649},"Electronic":{"boeck2015\/tempodetector2016_default":0.922063253,"davies2009\/mirex_qm_tempotracker":0.8375376506,"percival2014\/stem":0.9096385542,"schreiber2014\/default":0.9102033133,"schreiber2017\/ismir2017":0.9098268072,"schreiber2017\/mirex2017":0.9100150602},"Easy Listening":{"boeck2015\/tempodetector2016_default":0.9523809524,"davies2009\/mirex_qm_tempotracker":0.9047619048,"percival2014\/stem":0.8571428571,"schreiber2014\/default":0.9047619048,"schreiber2017\/ismir2017":0.9047619048,"schreiber2017\/mirex2017":0.9047619048},"Country":{"boeck2015\/tempodetector2016_default":0.9606741573,"davies2009\/mirex_qm_tempotracker":0.9213483146,"percival2014\/stem":0.9606741573,"schreiber2014\/default":0.9606741573,"schreiber2017\/ismir2017":0.9719101124,"schreiber2017\/mirex2017":0.9719101124},"Classical":{"boeck2015\/tempodetector2016_default":0.6978998384,"davies2009\/mirex_qm_tempotracker":0.534733441,"percival2014\/stem":0.6720516963,"schreiber2014\/default":0.6849757674,"schreiber2017\/ismir2017":0.6752827141,"schreiber2017\/mirex2017":0.6752827141},"Blues":{"boeck2015\/tempodetector2016_default":0.9324324324,"davies2009\/mirex_qm_tempotracker":0.7837837838,"percival2014\/stem":0.9189189189,"schreiber2014\/default":0.9054054054,"schreiber2017\/ismir2017":0.9054054054,"schreiber2017\/mirex2017":0.9054054054}}