{"schreiber2018\/ismir2018":{"0.0":0.0,"1.0":0.0,"2.0":0.0,"3.0":0.0,"4.0":0.0,"5.0":0.0,"6.0":0.0,"7.0":0.0,"8.0":0.0,"9.0":0.0,"10.0":0.0,"11.0":0.0,"12.0":0.0,"13.0":0.0,"14.0":0.0,"15.0":0.0,"16.0":0.0,"17.0":0.0,"18.0":0.0,"19.0":0.0,"20.0":0.0,"21.0":0.0,"22.0":0.0,"23.0":0.0,"24.0":0.0,"25.0":0.0,"26.0":0.0,"27.0":0.0,"28.0":0.0,"29.0":0.0,"30.0":0.0,"31.0":0.0,"32.0":0.0,"33.0":0.0,"34.0":0.0,"35.0":0.0,"36.0":0.0,"37.0":0.0,"38.0":0.0,"39.0":0.0,"40.0":0.0,"41.0":0.0,"42.0":0.0,"43.0":0.0000400272,"44.0":0.0000400272,"45.0":0.0000400272,"46.0":0.0000400272,"47.0":0.0001200817,"48.0":0.0010807349,"49.0":0.0011607893,"50.0":0.0017211704,"51.0":0.0024416603,"52.0":0.0028019053,"53.0":0.0028819597,"54.0":0.0028819597,"55.0":0.0046031301,"56.0":0.0052835928,"57.0":0.0058439739,"58.0":0.0066445183,"59.0":0.006404355,"60.0":0.0087259336,"61.0":0.0090461514,"62.0":0.0144097987,"63.0":0.015930833,"64.0":0.0169715406,"65.0":0.0263379098,"66.0":0.0268982908,"67.0":0.0287795701,"68.0":0.0340231357,"69.0":0.0397870552,"70.0":0.0464716007,"71.0":0.0464716007,"72.0":0.0636833046,"73.0":0.068686707,"74.0":0.0716887483,"75.0":0.10130889,"76.0":0.099827883,"77.0":0.1033502782,"78.0":0.107353,"79.0":0.1266060921,"80.0":0.1317295761,"81.0":0.1334107193,"82.0":0.1462194292,"83.0":0.1392947204,"84.0":0.1333706921,"85.0":0.1668334467,"86.0":0.1450586399,"87.0":0.1517832126,"88.0":0.156066125,"89.0":0.1611095545,"90.0":0.1487011168,"91.0":0.1729976384,"92.0":0.169074971,"93.0":0.1637513509,"94.0":0.1590681664,"95.0":0.1853660489,"96.0":0.1539046552,"97.0":0.1519833487,"98.0":0.1415762719,"99.0":0.1412960813,"100.0":0.1351719169,"101.0":0.1330905015,"102.0":0.1036704959,"103.0":0.1098747148,"104.0":0.1037105232,"105.0":0.1149581716,"106.0":0.0861385742,"107.0":0.0905415683,"108.0":0.0885802346,"109.0":0.0919425209,"110.0":0.0897009967,"111.0":0.0961053516,"112.0":0.0889004523,"113.0":0.0925829564,"114.0":0.0867389825,"115.0":0.1481407357,"116.0":0.1509026138,"117.0":0.1531841652,"118.0":0.1554657167,"119.0":0.157346996,"120.0":0.1671136373,"121.0":0.166873474,"122.0":0.1631909699,"123.0":0.1792819117,"124.0":0.1739182644,"125.0":0.1902893968,"126.0":0.1281271264,"127.0":0.1175199135,"128.0":0.1205219549,"129.0":0.1155185526,"130.0":0.118160349,"131.0":0.1075931634,"132.0":0.1052315575,"133.0":0.1077532722,"134.0":0.0917023576,"135.0":0.1140375455,"136.0":0.0958651883,"137.0":0.097266141,"138.0":0.1030700877,"139.0":0.1091542249,"140.0":0.105151503,"141.0":0.1094344154,"142.0":0.1037505504,"143.0":0.1024296522,"144.0":0.0966657327,"145.0":0.1029900332,"146.0":0.0850578393,"147.0":0.0831365328,"148.0":0.0838570228,"149.0":0.0707681223,"150.0":0.0568786775,"151.0":0.0538766361,"152.0":0.0404274907,"153.0":0.0417483889,"154.0":0.0391866469,"155.0":0.0443901853,"156.0":0.0352639795,"157.0":0.0376656126,"158.0":0.0364247688,"159.0":0.0326622103,"160.0":0.0332225914,"161.0":0.0350238162,"162.0":0.0351438979,"163.0":0.0364247688,"164.0":0.0355841973,"165.0":0.0372253132,"166.0":0.0277388624,"167.0":0.0295801145,"168.0":0.0178121122,"169.0":0.0208141536,"170.0":0.0202937998,"171.0":0.0192130649,"172.0":0.0212944802,"173.0":0.0196133371,"174.0":0.0184125205,"175.0":0.0168114318,"176.0":0.0150102069,"177.0":0.0143297442,"178.0":0.0118880839,"179.0":0.0122883561,"180.0":0.0087259336,"181.0":0.009526478,"182.0":0.0074450626,"183.0":0.0061641917,"184.0":0.0061641917,"185.0":0.0057238922,"186.0":0.0061241644,"187.0":0.0060040828,"188.0":0.0064443822,"189.0":0.0064443822,"190.0":0.0070447905,"191.0":0.0070447905,"192.0":0.0054437017,"193.0":0.0058840011,"194.0":0.0031621503,"195.0":0.0050034023,"196.0":0.0049233479,"197.0":0.0046031301,"198.0":0.0038025858,"199.0":0.0036424769,"200.0":0.003842613,"201.0":0.0028419325,"202.0":0.0028419325,"203.0":0.0033222591,"204.0":0.0028819597,"205.0":0.0028819597,"206.0":0.0010407077,"207.0":0.0012008166,"208.0":0.0011207621,"209.0":0.0011207621,"210.0":0.0008405716,"211.0":0.0010807349,"212.0":0.0010807349,"213.0":0.0010807349,"214.0":0.0006004083,"215.0":0.0007605172,"216.0":0.0007605172,"217.0":0.0007605172,"218.0":0.0006004083,"219.0":0.0007605172,"220.0":0.0007605172,"221.0":0.0007605172,"222.0":0.0003202177,"223.0":0.0004803266,"224.0":0.0004803266,"225.0":0.0004803266,"226.0":0.0003202177,"227.0":0.0005603811,"228.0":0.0005603811,"229.0":0.0005603811,"230.0":0.0004002722,"231.0":0.0004002722,"232.0":0.0004002722,"233.0":0.0004002722,"234.0":0.0002401633,"235.0":0.0002401633,"236.0":0.0002401633,"237.0":0.0002401633,"238.0":0.0,"239.0":0.0,"240.0":0.0,"241.0":0.0,"242.0":0.0,"243.0":0.0,"244.0":0.0,"245.0":0.0,"246.0":0.0,"247.0":0.0,"248.0":0.0,"249.0":0.0,"250.0":0.0,"251.0":0.0,"252.0":0.0,"253.0":0.0,"254.0":0.0,"255.0":0.0,"256.0":0.0,"257.0":0.0,"258.0":0.0,"259.0":0.0,"260.0":0.0,"261.0":0.0,"262.0":0.0,"263.0":0.0,"264.0":0.0,"265.0":0.0,"266.0":0.0,"267.0":0.0,"268.0":0.0,"269.0":0.0,"270.0":0.0,"271.0":0.0,"272.0":0.0,"273.0":0.0,"274.0":0.0,"275.0":0.0,"276.0":0.0,"277.0":0.0,"278.0":0.0,"279.0":0.0,"280.0":0.0,"281.0":0.0,"282.0":0.0,"283.0":0.0,"284.0":0.0,"285.0":0.0,"286.0":0.0,"287.0":0.0,"288.0":0.0,"289.0":0.0,"290.0":0.0,"291.0":0.0,"292.0":0.0,"293.0":0.0,"294.0":0.0,"295.0":0.0,"296.0":0.0,"297.0":0.0,"298.0":0.0,"299.0":0.0,"300.0":0.0}}