{"boeck2015\/tempodetector2016_default":{"0.0":0.1219417023,"0.001":0.1727724659,"0.002":0.1949338447,"0.003":0.2929227053,"0.004":0.3939184292,"0.005":0.4261104791,"0.006":0.4902494848,"0.007":0.5365873916,"0.008":0.5836625819,"0.009":0.6338266518,"0.01":0.6428470576,"0.011":0.6794854172,"0.012":0.7077065186,"0.013":0.7221589789,"0.014":0.7443124609,"0.015":0.7575747672,"0.016":0.7601659077,"0.017":0.7693385369,"0.018":0.7746554782,"0.019":0.7799227937,"0.02":0.7855543264,"0.021":0.7893928762,"0.022":0.7919346449,"0.023":0.7936982118,"0.024":0.7967732576,"0.025":0.8014559488,"0.026":0.8082226073,"0.027":0.8096488854,"0.028":0.8126433661,"0.029":0.8140066874,"0.03":0.8149046953,"0.031":0.8158127611,"0.032":0.8164416723,"0.033":0.8175702006,"0.034":0.8191795777,"0.035":0.8201000437,"0.036":0.8208502139,"0.037":0.8208852858,"0.038":0.8214962774,"0.039":0.823790836,"0.04":0.8240896241,"0.041":0.8245269883,"0.042":0.8270574383,"0.043":0.8275090433,"0.044":0.8279972957,"0.045":0.8283196432,"0.046":0.8287277604,"0.047":0.829431115,"0.048":0.8299067771,"0.049":0.8308871768,"0.05":0.8311149285,"0.051":0.8320664942,"0.052":0.832247465,"0.053":0.8325658933,"0.054":0.8336804641,"0.055":0.8339594492,"0.056":0.8346065172,"0.057":0.835197545,"0.058":0.8354114035,"0.059":0.8360707974,"0.06":0.8365222972,"0.061":0.8372357209,"0.062":0.8376739701,"0.063":0.8380587222,"0.064":0.8384256734,"0.065":0.8386331019,"0.066":0.838813535,"0.067":0.8393280103,"0.068":0.8400142794,"0.069":0.8407743622,"0.07":0.8409044393,"0.071":0.8409044393,"0.072":0.8413792207,"0.073":0.8416662364,"0.074":0.8420880224,"0.075":0.8428474539,"0.076":0.8435665874,"0.077":0.8438137832,"0.078":0.8444387699,"0.079":0.8446165476,"0.08":0.8447203256,"0.081":0.8453310373,"0.082":0.8456800665,"0.083":0.8460021229,"0.084":0.8462022221,"0.085":0.8463038235,"0.086":0.8465785742,"0.087":0.8474256433,"0.088":0.8475855197,"0.089":0.8478109509,"0.09":0.8479150196,"0.091":0.8482961571,"0.092":0.8483327345,"0.093":0.8486625009,"0.094":0.8488096871,"0.095":0.849308233,"0.096":0.8495310619,"0.097":0.8504961053,"0.098":0.8506489358,"0.099":0.8511952831,"0.1":0.8513526809},"davies2009\/mirex_qm_tempotracker":{"0.0":0.0,"0.001":0.0127706262,"0.002":0.0493058158,"0.003":0.0534593145,"0.004":0.1134420863,"0.005":0.1276237129,"0.006":0.1328251144,"0.007":0.1516055755,"0.008":0.2013059472,"0.009":0.2276760326,"0.01":0.2686903943,"0.011":0.2834172944,"0.012":0.2979490837,"0.013":0.3289521317,"0.014":0.3868194826,"0.015":0.4177317453,"0.016":0.4384047577,"0.017":0.4712437294,"0.018":0.477616472,"0.019":0.5127347971,"0.02":0.5398367728,"0.021":0.5439572093,"0.022":0.5714930094,"0.023":0.5833602581,"0.024":0.5921674885,"0.025":0.6059953106,"0.026":0.6885418769,"0.027":0.6890244869,"0.028":0.7020835915,"0.029":0.7026759618,"0.03":0.7107532858,"0.031":0.7177280903,"0.032":0.7188577549,"0.033":0.7221065615,"0.034":0.7251016415,"0.035":0.7267242497,"0.036":0.7348836387,"0.037":0.7380923243,"0.038":0.7412631209,"0.039":0.7425998904,"0.04":0.7433031596,"0.041":0.7454340129,"0.042":0.7507066176,"0.043":0.7539674261,"0.044":0.7543156834,"0.045":0.7561375371,"0.046":0.7565524813,"0.047":0.7568974163,"0.048":0.7571379918,"0.049":0.759469058,"0.05":0.7597979462,"0.051":0.7624469796,"0.052":0.762747398,"0.053":0.763234306,"0.054":0.7637039288,"0.055":0.7643181996,"0.056":0.7659569606,"0.057":0.7664622224,"0.058":0.766778254,"0.059":0.7675205989,"0.06":0.7682420869,"0.061":0.77006536,"0.062":0.7704978205,"0.063":0.7712200737,"0.064":0.7727829567,"0.065":0.7727829567,"0.066":0.7732189656,"0.067":0.7733722325,"0.068":0.774670269,"0.069":0.7752442989,"0.07":0.7756029121,"0.071":0.7756791795,"0.072":0.7773687778,"0.073":0.7778347028,"0.074":0.7785808069,"0.075":0.7789077372,"0.076":0.7791160906,"0.077":0.7812048689,"0.078":0.7821272603,"0.079":0.7823080941,"0.08":0.7827586188,"0.081":0.7829911393,"0.082":0.7834795326,"0.083":0.783950112,"0.084":0.7847071337,"0.085":0.7847902012,"0.086":0.7850386516,"0.087":0.7855478381,"0.088":0.786264779,"0.089":0.7865523594,"0.09":0.7866610072,"0.091":0.7867341682,"0.092":0.787382535,"0.093":0.7876277189,"0.094":0.7882292208,"0.095":0.7883168709,"0.096":0.7898773379,"0.097":0.7902792038,"0.098":0.790370893,"0.099":0.7910742102,"0.1":0.7918165493},"percival2014\/stem":{"0.0":0.0,"0.001":0.1457708124,"0.002":0.3543952978,"0.003":0.3843952524,"0.004":0.4415993858,"0.005":0.4725509631,"0.006":0.498387322,"0.007":0.5219494571,"0.008":0.5436162138,"0.009":0.5553477941,"0.01":0.5680830832,"0.011":0.5786135077,"0.012":0.5844937769,"0.013":0.5935967861,"0.014":0.5986577219,"0.015":0.6034602347,"0.016":0.6090709326,"0.017":0.6144588026,"0.018":0.6157667734,"0.019":0.6201850051,"0.02":0.6222387687,"0.021":0.6250241244,"0.022":0.6278199286,"0.023":0.6288122882,"0.024":0.6311163301,"0.025":0.6325482572,"0.026":0.6359675548,"0.027":0.6371467234,"0.028":0.6380275787,"0.029":0.6393099575,"0.03":0.6408180022,"0.031":0.6423031385,"0.032":0.6432199054,"0.033":0.6440789471,"0.034":0.6449266353,"0.035":0.6466430137,"0.036":0.6476260508,"0.037":0.6481807442,"0.038":0.6488020729,"0.039":0.6497880989,"0.04":0.650078017,"0.041":0.6509954514,"0.042":0.6518353727,"0.043":0.6532040425,"0.044":0.6533382551,"0.045":0.6539384934,"0.046":0.6544496034,"0.047":0.6549149552,"0.048":0.6556206348,"0.049":0.6562416555,"0.05":0.656887083,"0.051":0.6577694392,"0.052":0.6582551632,"0.053":0.6584156785,"0.054":0.6590275846,"0.055":0.659432387,"0.056":0.6602615943,"0.057":0.6607819032,"0.058":0.6610904838,"0.059":0.6615386687,"0.06":0.6619240352,"0.061":0.6624376272,"0.062":0.6629812047,"0.063":0.6633048765,"0.064":0.6640496373,"0.065":0.6642114655,"0.066":0.6645188435,"0.067":0.6648733322,"0.068":0.6655066193,"0.069":0.6658221242,"0.07":0.6660952699,"0.071":0.666379797,"0.072":0.6670321121,"0.073":0.6671221221,"0.074":0.6675933989,"0.075":0.6679599024,"0.076":0.6682670748,"0.077":0.6687539203,"0.078":0.6690399381,"0.079":0.6692230209,"0.08":0.6697728503,"0.081":0.6699812068,"0.082":0.6702101173,"0.083":0.6705821957,"0.084":0.6708630555,"0.085":0.6710281203,"0.086":0.6714915268,"0.087":0.6717221278,"0.088":0.6719824445,"0.089":0.6724826209,"0.09":0.6726971099,"0.091":0.6728339287,"0.092":0.6731124165,"0.093":0.6733186592,"0.094":0.673650462,"0.095":0.6742289801,"0.096":0.6748942506,"0.097":0.6750978207,"0.098":0.6753895515,"0.099":0.6756977381,"0.1":0.675929057},"schreiber2014\/default":{"0.0":0.0,"0.001":0.4133396683,"0.002":0.4875698941,"0.003":0.5456607126,"0.004":0.5963827533,"0.005":0.6392661108,"0.006":0.6778673289,"0.007":0.7077988011,"0.008":0.728255102,"0.009":0.7438581407,"0.01":0.7558655886,"0.011":0.7655729614,"0.012":0.7739110822,"0.013":0.780810696,"0.014":0.7860688511,"0.015":0.7910156119,"0.016":0.7955418837,"0.017":0.7994780374,"0.018":0.802649373,"0.019":0.8056364592,"0.02":0.8085220688,"0.021":0.8110238601,"0.022":0.8134076966,"0.023":0.8156179704,"0.024":0.8178646749,"0.025":0.819955476,"0.026":0.8222515614,"0.027":0.8237147906,"0.028":0.8255216486,"0.029":0.8274540008,"0.03":0.8289528835,"0.031":0.8306791058,"0.032":0.832084584,"0.033":0.8334497596,"0.034":0.8342574882,"0.035":0.8354242416,"0.036":0.8364970367,"0.037":0.838299693,"0.038":0.8389599746,"0.039":0.8399381494,"0.04":0.8405821257,"0.041":0.8415466549,"0.042":0.8423412326,"0.043":0.8433339441,"0.044":0.8440896484,"0.045":0.8449702002,"0.046":0.8455907406,"0.047":0.8465213119,"0.048":0.8471731559,"0.049":0.847998239,"0.05":0.8486368241,"0.051":0.8493140011,"0.052":0.8496456351,"0.053":0.850349021,"0.054":0.850930293,"0.055":0.8515333024,"0.056":0.8520796002,"0.057":0.8526597986,"0.058":0.8536737323,"0.059":0.8542673809,"0.06":0.8550006641,"0.061":0.8555433836,"0.062":0.8559326765,"0.063":0.8565976972,"0.064":0.8572337951,"0.065":0.8578622469,"0.066":0.858284069,"0.067":0.8591590472,"0.068":0.859613983,"0.069":0.859977612,"0.07":0.8605915672,"0.071":0.8609386188,"0.072":0.8613508366,"0.073":0.8618682396,"0.074":0.8622244093,"0.075":0.8627253629,"0.076":0.863134243,