{"boeck2015\/tempodetector2016_default":{"boeck2015\/tempodetector2016_default":1.0,"davies2009\/mirex_qm_tempotracker":1.592692786e-56,"percival2014\/stem":3.929358737e-190,"schreiber2014\/default":1.580705004e-179,"schreiber2017\/ismir2017":4.504939012e-151,"schreiber2017\/mirex2017":4.622709961e-125,"schreiber2018\/cnn":0.0000001159,"schreiber2018\/fcn":8.925173259e-42},"davies2009\/mirex_qm_tempotracker":{"boeck2015\/tempodetector2016_default":1.592692786e-56,"davies2009\/mirex_qm_tempotracker":1.0,"percival2014\/stem":0.0,"schreiber2014\/default":0.0,"schreiber2017\/ismir2017":0.0,"schreiber2017\/mirex2017":0.0,"schreiber2018\/cnn":8.747218352e-118,"schreiber2018\/fcn":1.982249162e-194},"percival2014\/stem":{"boeck2015\/tempodetector2016_default":3.929358737e-190,"davies2009\/mirex_qm_tempotracker":0.0,"percival2014\/stem":1.0,"schreiber2014\/default":0.0020190808,"schreiber2017\/ismir2017":0.0000023384,"schreiber2017\/mirex2017":0.0000031735,"schreiber2018\/cnn":2.783649357e-179,"schreiber2018\/fcn":1.788502333e-77},"schreiber2014\/default":{"boeck2015\/tempodetector2016_default":1.580705004e-179,"davies2009\/mirex_qm_tempotracker":0.0,"percival2014\/stem":0.0020190808,"schreiber2014\/default":1.0,"schreiber2017\/ismir2017":0.0653919948,"schreiber2017\/mirex2017":0.0283415335,"schreiber2018\/cnn":5.023538046e-176,"schreiber2018\/fcn":1.080085119e-70},"schreiber2017\/ismir2017":{"boeck2015\/tempodetector2016_default":4.504939012e-151,"davies2009\/mirex_qm_tempotracker":0.0,"percival2014\/stem":0.0000023384,"schreiber2014\/default":0.0653919948,"schreiber2017\/ismir2017":1.0,"schreiber2017\/mirex2017":0.3822787834,"schreiber2018\/cnn":2.475694516e-150,"schreiber2018\/fcn":1.226092172e-56},"schreiber2017\/mirex2017":{"boeck2015\/tempodetector2016_default":4.622709961e-125,"davies2009\/mirex_qm_tempotracker":0.0,"percival2014\/stem":0.0000031735,"schreiber2014\/default":0.0283415335,"schreiber2017\/ismir2017":0.3822787834,"schreiber2017\/mirex2017":1.0,"schreiber2018\/cnn":2.816203495e-122,"schreiber2018\/fcn":1.461800849e-45},"schreiber2018\/cnn":{"boeck2015\/tempodetector2016_default":0.0000001159,"davies2009\/mirex_qm_tempotracker":8.747218352e-118,"percival2014\/stem":2.783649357e-179,"schreiber2014\/default":5.023538046e-176,"schreiber2017\/ismir2017":2.475694516e-150,"schreiber2017\/mirex2017":2.816203495e-122,"schreiber2018\/cnn":1.0,"schreiber2018\/fcn":9.116883819e-30},"schreiber2018\/fcn":{"boeck2015\/tempodetector2016_default":8.925173259e-42,"davies2009\/mirex_qm_tempotracker":1.982249162e-194,"percival2014\/stem":1.788502333e-77,"schreiber2014\/default":1.080085119e-70,"schreiber2017\/ismir2017":1.226092172e-56,"schreiber2017\/mirex2017":1.461800849e-45,"schreiber2018\/cnn":9.116883819e-30,"schreiber2018\/fcn":1.0}}