{"boeck2015\/tempodetector2016_default":{"boeck2015\/tempodetector2016_default":1.0,"davies2009\/mirex_qm_tempotracker":0.0000000004,"percival2014\/stem":1.188651272e-17,"schreiber2014\/default":8.733669648e-56,"schreiber2017\/ismir2017":0.0009086387,"schreiber2017\/mirex2017":0.4023662313},"davies2009\/mirex_qm_tempotracker":{"boeck2015\/tempodetector2016_default":0.0000000004,"davies2009\/mirex_qm_tempotracker":1.0,"percival2014\/stem":0.0001510379,"schreiber2014\/default":2.505941495e-28,"schreiber2017\/ismir2017":0.0856091386,"schreiber2017\/mirex2017":0.000018029},"percival2014\/stem":{"boeck2015\/tempodetector2016_default":1.188651272e-17,"davies2009\/mirex_qm_tempotracker":0.0001510379,"percival2014\/stem":1.0,"schreiber2014\/default":7.953622247e-20,"schreiber2017\/ismir2017":0.0000001295,"schreiber2017\/mirex2017":0.0},"schreiber2014\/default":{"boeck2015\/tempodetector2016_default":8.733669648e-56,"davies2009\/mirex_qm_tempotracker":2.505941495e-28,"percival2014\/stem":7.953622247e-20,"schreiber2014\/default":1.0,"schreiber2017\/ismir2017":8.858497181e-40,"schreiber2017\/mirex2017":1.740959637e-55},"schreiber2017\/ismir2017":{"boeck2015\/tempodetector2016_default":0.0009086387,"davies2009\/mirex_qm_tempotracker":0.0856091386,"percival2014\/stem":0.0000001295,"schreiber2014\/default":8.858497181e-40,"schreiber2017\/ismir2017":1.0,"schreiber2017\/mirex2017":2.931376075e-19},"schreiber2017\/mirex2017":{"boeck2015\/tempodetector2016_default":0.4023662313,"davies2009\/mirex_qm_tempotracker":0.000018029,"percival2014\/stem":0.0,"schreiber2014\/default":1.740959637e-55,"schreiber2017\/ismir2017":2.931376075e-19,"schreiber2017\/mirex2017":1.0}}