{"Count":{"Blues":0.0043529412,"Classical":0.0364117647,"Country":0.0104705882,"Easy Listening":0.0012352941,"Electronic":0.3125882353,"Experimental":0.0735882353,"Folk":0.0305294118,"Hip-Hop":0.0706470588,"Instrumental":0.0205882353,"International":0.0010588235,"Jazz":0.0225882353,"Old-Time \/ Historic":0.03,"Pop":0.0109411765,"Rock":0.359,"Soul-RnB":0.0090588235,"Spoken":0.0069411765}}