{"Size":{"schreiber2018\/ismir2018":7997},"Min":{"schreiber2018\/ismir2018":48.0},"Max":{"schreiber2018\/ismir2018":232.0},"Avg":{"schreiber2018\/ismir2018":111.2289608603},"Stdev":{"schreiber2018\/ismir2018":27.2788890991},"Sweet Oct. Start":{"schreiber2018\/ismir2018":77.0},"Sweet Oct. Coverage":{"schreiber2018\/ismir2018":0.8699512317}}