{"boeck2015\/tempodetector2016_default":{"boeck2015\/tempodetector2016_default":1.0,"davies2009\/mirex_qm_tempotracker":0.0,"percival2014\/stem":0.3628286478,"schreiber2014\/default":0.0029251836,"schreiber2017\/ismir2017":0.0000000242,"schreiber2017\/mirex2017":0.0000001128,"schreiber2018\/cnn":1.454003518e-58,"schreiber2018\/fcn":6.396237233e-18},"davies2009\/mirex_qm_tempotracker":{"boeck2015\/tempodetector2016_default":0.0,"davies2009\/mirex_qm_tempotracker":1.0,"percival2014\/stem":0.0000000204,"schreiber2014\/default":1.836797607e-18,"schreiber2017\/ismir2017":1.320907391e-32,"schreiber2017\/mirex2017":3.452995604e-31,"schreiber2018\/cnn":3.313710194e-100,"schreiber2018\/fcn":2.992295725e-44},"percival2014\/stem":{"boeck2015\/tempodetector2016_default":0.3628286478,"davies2009\/mirex_qm_tempotracker":0.0000000204,"percival2014\/stem":1.0,"schreiber2014\/default":0.000011459,"schreiber2017\/ismir2017":0.0,"schreiber2017\/mirex2017":0.0000000004,"schreiber2018\/cnn":1.621894976e-55,"schreiber2018\/fcn":2.034091517e-19},"schreiber2014\/default":{"boeck2015\/tempodetector2016_default":0.0029251836,"davies2009\/mirex_qm_tempotracker":1.836797607e-18,"percival2014\/stem":0.000011459,"schreiber2014\/default":1.0,"schreiber2017\/ismir2017":0.0040979157,"schreiber2017\/mirex2017":0.0317181681,"schreiber2018\/cnn":3.22021631e-32,"schreiber2018\/fcn":0.0000001297},"schreiber2017\/ismir2017":{"boeck2015\/tempodetector2016_default":0.0000000242,"davies2009\/mirex_qm_tempotracker":1.320907391e-32,"percival2014\/stem":0.0,"schreiber2014\/default":0.0040979157,"schreiber2017\/ismir2017":1.0,"schreiber2017\/mirex2017":0.4764306538,"schreiber2018\/cnn":3.46990273e-24,"schreiber2018\/fcn":0.0018485568},"schreiber2017\/mirex2017":{"boeck2015\/tempodetector2016_default":0.0000001128,"davies2009\/mirex_qm_tempotracker":3.452995604e-31,"percival2014\/stem":0.0000000004,"schreiber2014\/default":0.0317181681,"schreiber2017\/ismir2017":0.4764306538,"schreiber2017\/mirex2017":1.0,"schreiber2018\/cnn":3.284636152e-28,"schreiber2018\/fcn":0.0002059721},"schreiber2018\/cnn":{"boeck2015\/tempodetector2016_default":1.454003518e-58,"davies2009\/mirex_qm_tempotracker":3.313710194e-100,"percival2014\/stem":1.621894976e-55,"schreiber2014\/default":3.22021631e-32,"schreiber2017\/ismir2017":3.46990273e-24,"schreiber2017\/mirex2017":3.284636152e-28,"schreiber2018\/cnn":1.0,"schreiber2018\/fcn":0.0},"schreiber2018\/fcn":{"boeck2015\/tempodetector2016_default":6.396237233e-18,"davies2009\/mirex_qm_tempotracker":2.992295725e-44,"percival2014\/stem":2.034091517e-19,"schreiber2014\/default":0.0000001297,"schreiber2017\/ismir2017":0.0018485568,"schreiber2017\/mirex2017":0.0002059721,"schreiber2018\/cnn":0.0,"schreiber2018\/fcn":1.0}}