{"Rock":{"boeck2015\/tempodetector2016_default":0.9389389389,"davies2009\/mirex_qm_tempotracker":0.8668668669,"percival2014\/stem":0.9239239239,"schreiber2014\/default":0.9159159159,"schreiber2017\/ismir2017":0.9209209209,"schreiber2017\/mirex2017":0.9209209209,"schreiber2018\/cnn":0.9309309309,"schreiber2018\/fcn":0.9379379379},"Pop":{"boeck2015\/tempodetector2016_default":0.934,"davies2009\/mirex_qm_tempotracker":0.874,"percival2014\/stem":0.909,"schreiber2014\/default":0.927,"schreiber2017\/ismir2017":0.931,"schreiber2017\/mirex2017":0.931,"schreiber2018\/cnn":0.926,"schreiber2018\/fcn":0.934},"International":{"boeck2015\/tempodetector2016_default":0.878,"davies2009\/mirex_qm_tempotracker":0.794,"percival2014\/stem":0.859,"schreiber2014\/default":0.863,"schreiber2017\/ismir2017":0.849,"schreiber2017\/mirex2017":0.849,"schreiber2018\/cnn":0.882,"schreiber2018\/fcn":0.894},"Instrumental":{"boeck2015\/tempodetector2016_default":0.835,"davies2009\/mirex_qm_tempotracker":0.725,"percival2014\/stem":0.804,"schreiber2014\/default":0.822,"schreiber2017\/ismir2017":0.838,"schreiber2017\/mirex2017":0.838,"schreiber2018\/cnn":0.845,"schreiber2018\/fcn":0.844},"Hip-Hop":{"boeck2015\/tempodetector2016_default":0.965,"davies2009\/mirex_qm_tempotracker":0.927,"percival2014\/stem":0.948,"schreiber2014\/default":0.96,"schreiber2017\/ismir2017":0.962,"schreiber2017\/mirex2017":0.961,"schreiber2018\/cnn":0.97,"schreiber2018\/fcn":0.974},"Folk":{"boeck2015\/tempodetector2016_default":0.881,"davies2009\/mirex_qm_tempotracker":0.76,"percival2014\/stem":0.812,"schreiber2014\/default":0.874,"schreiber2017\/ismir2017":0.875,"schreiber2017\/mirex2017":0.875,"schreiber2018\/cnn":0.901,"schreiber2018\/fcn":0.881},"Experimental":{"boeck2015\/tempodetector2016_default":0.6086086086,"davies2009\/mirex_qm_tempotracker":0.5475475475,"percival2014\/stem":0.5715715716,"schreiber2014\/default":0.6126126126,"schreiber2017\/ismir2017":0.6036036036,"schreiber2017\/mirex2017":0.6056056056,"schreiber2018\/cnn":0.6336336336,"schreiber2018\/fcn":0.6336336336},"Electronic":{"boeck2015\/tempodetector2016_default":0.9409409409,"davies2009\/mirex_qm_tempotracker":0.8678678679,"percival2014\/stem":0.9259259259,"schreiber2014\/default":0.9349349349,"schreiber2017\/ismir2017":0.9369369369,"schreiber2017\/mirex2017":0.9369369369,"schreiber2018\/cnn":0.9499499499,"schreiber2018\/fcn":0.950950951}}