{"P-Score":{"schreiber2018\/fcn":0.9014472154,"schreiber2018\/cnn":0.8998372871,"schreiber2014\/default":0.8674125481,"boeck2015\/tempodetector2016_default":0.8454918872,"schreiber2017\/ismir2017":0.8415434814,"schreiber2017\/mirex2017":0.8270450424,"davies2009\/mirex_qm_tempotracker":0.7828386978,"percival2014\/stem":0.6709687469},"One Correct":{"schreiber2018\/fcn":0.9618606978,"schreiber2018\/cnn":0.9601100413,"schreiber2014\/default":0.9298486933,"boeck2015\/tempodetector2016_default":0.9252219582,"schreiber2017\/ismir2017":0.9180942854,"schreiber2017\/mirex2017":0.9160935351,"davies2009\/mirex_qm_tempotracker":0.8729523571,"percival2014\/stem":0.866074778},"Both Correct":{"schreiber2018\/fcn":0.669376016,"schreiber2018\/cnn":0.6805051894,"schreiber2014\/default":0.6619982493,"boeck2015\/tempodetector2016_default":0.5155683381,"schreiber2017\/ismir2017":0.5318244342,"schreiber2017\/mirex2017":0.5025634613,"davies2009\/mirex_qm_tempotracker":0.4541703139,"percival2014\/stem":0.0121295486}}