Estimator,boeck2015/tempodetector2016_default,davies2009/mirex_qm_tempotracker,percival2014/stem,schreiber2014/default,schreiber2017/ismir2017,schreiber2017/mirex2017
boeck2015/tempodetector2016_default,1.0,0.0,6.628748534343555e-07,0.8456841008751713,0.0007320350363684666,0.0025953372959467377
davies2009/mirex_qm_tempotracker,0.0,1.0,1.2899603833561239e-253,0.0,1.904927105335338e-231,1.872096124441494e-233
percival2014/stem,6.628748534343555e-07,1.2899603833561239e-253,1.0,1.903145600347052e-06,0.04551944115148117,0.02337407469334771
schreiber2014/default,0.8456841008751713,0.0,1.903145600347052e-06,1.0,0.00011895399319397246,0.0007955583250695271
schreiber2017/ismir2017,0.0007320350363684666,1.904927105335338e-231,0.04551944115148117,0.00011895399319397246,1.0,0.1302519146966101
schreiber2017/mirex2017,0.0025953372959467377,1.872096124441494e-233,0.02337407469334771,0.0007955583250695271,0.1302519146966101,1.0
