{"boeck2015\/tempodetector2016_default":{"boeck2015\/tempodetector2016_default":1.0,"davies2009\/mirex_qm_tempotracker":2.963229297e-251,"percival2014\/stem":3.382165993e-31,"schreiber2014\/default":0.1655606084,"schreiber2017\/ismir2017":0.0,"schreiber2017\/mirex2017":0.0},"davies2009\/mirex_qm_tempotracker":{"boeck2015\/tempodetector2016_default":2.963229297e-251,"davies2009\/mirex_qm_tempotracker":1.0,"percival2014\/stem":5.79563662e-108,"schreiber2014\/default":6.77945508e-238,"schreiber2017\/ismir2017":4.638042845e-273,"schreiber2017\/mirex2017":7.725324354e-274},"percival2014\/stem":{"boeck2015\/tempodetector2016_default":3.382165993e-31,"davies2009\/mirex_qm_tempotracker":5.79563662e-108,"percival2014\/stem":1.0,"schreiber2014\/default":5.802706742e-34,"schreiber2017\/ismir2017":2.034463152e-55,"schreiber2017\/mirex2017":1.312002744e-55},"schreiber2014\/default":{"boeck2015\/tempodetector2016_default":0.1655606084,"davies2009\/mirex_qm_tempotracker":6.77945508e-238,"percival2014\/stem":5.802706742e-34,"schreiber2014\/default":1.0,"schreiber2017\/ismir2017":0.0,"schreiber2017\/mirex2017":0.0},"schreiber2017\/ismir2017":{"boeck2015\/tempodetector2016_default":0.0,"davies2009\/mirex_qm_tempotracker":4.638042845e-273,"percival2014\/stem":2.034463152e-55,"schreiber2014\/default":0.0,"schreiber2017\/ismir2017":1.0,"schreiber2017\/mirex2017":0.6044917573},"schreiber2017\/mirex2017":{"boeck2015\/tempodetector2016_default":0.0,"davies2009\/mirex_qm_tempotracker":7.725324354e-274,"percival2014\/stem":1.312002744e-55,"schreiber2014\/default":0.0,"schreiber2017\/ismir2017":0.6044917573,"schreiber2017\/mirex2017":1.0}}