{"boeck2015\/tempodetector2016_default":{"boeck2015\/tempodetector2016_default":1.0,"davies2009\/mirex_qm_tempotracker":8.659837449e-87,"percival2014\/stem":0.0,"schreiber2014\/default":0.0157777633,"schreiber2017\/ismir2017":0.0000086723,"schreiber2017\/mirex2017":0.0000072982,"schreiber2018\/cnn":0.0000000001,"schreiber2018\/fcn":0.6412668576},"davies2009\/mirex_qm_tempotracker":{"boeck2015\/tempodetector2016_default":8.659837449e-87,"davies2009\/mirex_qm_tempotracker":1.0,"percival2014\/stem":9.745382864e-29,"schreiber2014\/default":1.295184648e-93,"schreiber2017\/ismir2017":1.848092709e-97,"schreiber2017\/mirex2017":7.479960685e-98,"schreiber2018\/cnn":4.939450163e-45,"schreiber2018\/fcn":1.613355683e-82},"percival2014\/stem":{"boeck2015\/tempodetector2016_default":0.0,"davies2009\/mirex_qm_tempotracker":9.745382864e-29,"percival2014\/stem":1.0,"schreiber2014\/default":4.661947839e-16,"schreiber2017\/ismir2017":2.668028731e-19,"schreiber2017\/mirex2017":2.859319587e-19,"schreiber2018\/cnn":0.0801981961,"schreiber2018\/fcn":0.0000000005},"schreiber2014\/default":{"boeck2015\/tempodetector2016_default":0.0157777633,"davies2009\/mirex_qm_tempotracker":1.295184648e-93,"percival2014\/stem":4.661947839e-16,"schreiber2014\/default":1.0,"schreiber2017\/ismir2017":0.009988032,"schreiber2017\/mirex2017":0.0107142892,"schreiber2018\/cnn":3.760270854e-18,"schreiber2018\/fcn":0.0047809705},"schreiber2017\/ismir2017":{"boeck2015\/tempodetector2016_default":0.0000086723,"davies2009\/mirex_qm_tempotracker":1.848092709e-97,"percival2014\/stem":2.668028731e-19,"schreiber2014\/default":0.009988032,"schreiber2017\/ismir2017":1.0,"schreiber2017\/mirex2017":0.8959045322,"schreiber2018\/cnn":1.596252542e-23,"schreiber2018\/fcn":0.0000007115},"schreiber2017\/mirex2017":{"boeck2015\/tempodetector2016_default":0.0000072982,"davies2009\/mirex_qm_tempotracker":7.479960685e-98,"percival2014\/stem":2.859319587e-19,"schreiber2014\/default":0.0107142892,"schreiber2017\/ismir2017":0.8959045322,"schreiber2017\/mirex2017":1.0,"schreiber2018\/cnn":4.537187733e-23,"schreiber2018\/fcn":0.0000008062},"schreiber2018\/cnn":{"boeck2015\/tempodetector2016_default":0.0000000001,"davies2009\/mirex_qm_tempotracker":4.939450163e-45,"percival2014\/stem":0.0801981961,"schreiber2014\/default":3.760270854e-18,"schreiber2017\/ismir2017":1.596252542e-23,"schreiber2017\/mirex2017":4.537187733e-23,"schreiber2018\/cnn":1.0,"schreiber2018\/fcn":0.0000000002},"schreiber2018\/fcn":{"boeck2015\/tempodetector2016_default":0.6412668576,"davies2009\/mirex_qm_tempotracker":1.613355683e-82,"percival2014\/stem":0.0000000005,"schreiber2014\/default":0.0047809705,"schreiber2017\/ismir2017":0.0000007115,"schreiber2017\/mirex2017":0.0000008062,"schreiber2018\/cnn":0.0000000002,"schreiber2018\/fcn":1.0}}