{"boeck2015\/tempodetector2016_default":{"boeck2015\/tempodetector2016_default":1.0,"davies2009\/mirex_qm_tempotracker":0.0,"percival2014\/stem":0.0000006629,"schreiber2014\/default":0.8456841009,"schreiber2017\/ismir2017":0.000732035,"schreiber2017\/mirex2017":0.0025953373},"davies2009\/mirex_qm_tempotracker":{"boeck2015\/tempodetector2016_default":0.0,"davies2009\/mirex_qm_tempotracker":1.0,"percival2014\/stem":1.289960383e-253,"schreiber2014\/default":0.0,"schreiber2017\/ismir2017":1.904927105e-231,"schreiber2017\/mirex2017":1.872096124e-233},"percival2014\/stem":{"boeck2015\/tempodetector2016_default":0.0000006629,"davies2009\/mirex_qm_tempotracker":1.289960383e-253,"percival2014\/stem":1.0,"schreiber2014\/default":0.0000019031,"schreiber2017\/ismir2017":0.0455194412,"schreiber2017\/mirex2017":0.0233740747},"schreiber2014\/default":{"boeck2015\/tempodetector2016_default":0.8456841009,"davies2009\/mirex_qm_tempotracker":0.0,"percival2014\/stem":0.0000019031,"schreiber2014\/default":1.0,"schreiber2017\/ismir2017":0.000118954,"schreiber2017\/mirex2017":0.0007955583},"schreiber2017\/ismir2017":{"boeck2015\/tempodetector2016_default":0.000732035,"davies2009\/mirex_qm_tempotracker":1.904927105e-231,"percival2014\/stem":0.0455194412,"schreiber2014\/default":0.000118954,"schreiber2017\/ismir2017":1.0,"schreiber2017\/mirex2017":0.1302519147},"schreiber2017\/mirex2017":{"boeck2015\/tempodetector2016_default":0.0025953373,"davies2009\/mirex_qm_tempotracker":1.872096124e-233,"percival2014\/stem":0.0233740747,"schreiber2014\/default":0.0007955583,"schreiber2017\/ismir2017":0.1302519147,"schreiber2017\/mirex2017":1.0}}