{"boeck2015\/tempodetector2016_default":{"0.0":0.0635400908,"0.001":0.154311649,"0.002":0.1709531014,"0.003":0.2102874433,"0.004":0.4583963691,"0.005":0.5189107413,"0.006":0.6096822995,"0.007":0.6323751891,"0.008":0.6475037821,"0.009":0.7140695915,"0.01":0.7231467474,"0.011":0.7624810893,"0.012":0.8063540091,"0.013":0.8214826021,"0.014":0.82602118,"0.015":0.8668683812,"0.016":0.9167927383,"0.017":0.9183055976,"0.018":0.9531013616,"0.019":0.9546142209,"0.02":0.9546142209,"0.021":0.965204236,"0.022":0.965204236,"0.023":0.9697428139,"0.024":0.9712556732,"0.025":0.9742813918,"0.026":0.9742813918,"0.027":0.9742813918,"0.028":0.9742813918,"0.029":0.9742813918,"0.03":0.9742813918,"0.031":0.9742813918,"0.032":0.9742813918,"0.033":0.9742813918,"0.034":0.9742813918,"0.035":0.9742813918,"0.036":0.9742813918,"0.037":0.9742813918,"0.038":0.9742813918,"0.039":0.9742813918,"0.04":0.9742813918,"0.041":0.9742813918,"0.042":0.9757942511,"0.043":0.9757942511,"0.044":0.9757942511,"0.045":0.9757942511,"0.046":0.9757942511,"0.047":0.9757942511,"0.048":0.9757942511,"0.049":0.9757942511,"0.05":0.9757942511,"0.051":0.9757942511,"0.052":0.9757942511,"0.053":0.9757942511,"0.054":0.9757942511,"0.055":0.9757942511,"0.056":0.9757942511,"0.057":0.9757942511,"0.058":0.9773071104,"0.059":0.9773071104,"0.06":0.9773071104,"0.061":0.9773071104,"0.062":0.9773071104,"0.063":0.9773071104,"0.064":0.9788199697,"0.065":0.9788199697,"0.066":0.9788199697,"0.067":0.980332829,"0.068":0.980332829,"0.069":0.980332829,"0.07":0.980332829,"0.071":0.980332829,"0.072":0.9818456884,"0.073":0.9818456884,"0.074":0.9818456884,"0.075":0.9818456884,"0.076":0.9818456884,"0.077":0.9818456884,"0.078":0.9818456884,"0.079":0.9818456884,"0.08":0.9818456884,"0.081":0.9818456884,"0.082":0.9818456884,"0.083":0.9818456884,"0.084":0.9818456884,"0.085":0.9818456884,"0.086":0.9818456884,"0.087":0.9818456884,"0.088":0.9818456884,"0.089":0.9818456884,"0.09":0.9818456884,"0.091":0.9818456884,"0.092":0.9818456884,"0.093":0.9818456884,"0.094":0.9818456884,"0.095":0.9818456884,"0.096":0.9818456884,"0.097":0.9818456884,"0.098":0.9818456884,"0.099":0.9818456884,"0.1":0.9818456884},"davies2009\/mirex_qm_tempotracker":{"0.0":0.0,"0.001":0.0211800303,"0.002":0.0559757943,"0.003":0.0635400908,"0.004":0.0953101362,"0.005":0.1210287443,"0.006":0.1225416036,"0.007":0.1724659607,"0.008":0.1906202723,"0.009":0.2102874433,"0.01":0.2481089259,"0.011":0.2768532526,"0.012":0.2844175492,"0.013":0.2904689864,"0.014":0.3207261725,"0.015":0.328290469,"0.016":0.3343419062,"0.017":0.3509833585,"0.018":0.4024205749,"0.019":0.4220877458,"0.02":0.4281391831,"0.021":0.4311649017,"0.022":0.4417549168,"0.023":0.4447806354,"0.024":0.447806354,"0.025":0.4583963691,"0.026":0.4856278366,"0.027":0.4886535552,"0.028":0.5052950076,"0.029":0.5052950076,"0.03":0.5068078669,"0.031":0.5128593041,"0.032":0.5143721634,"0.033":0.5279878971,"0.034":0.5279878971,"0.035":0.5295007564,"0.036":0.5310136157,"0.037":0.532526475,"0.038":0.532526475,"0.039":0.532526475,"0.04":0.5340393343,"0.041":0.5340393343,"0.042":0.5340393343,"0.043":0.5340393343,"0.044":0.5340393343,"0.045":0.5355521936,"0.046":0.5355521936,"0.047":0.5355521936,"0.048":0.5355521936,"0.049":0.537065053,"0.05":0.537065053,"0.051":0.5385779123,"0.052":0.5385779123,"0.053":0.5385779123,"0.054":0.5416036309,"0.055":0.5431164902,"0.056":0.5446293495,"0.057":0.5446293495,"0.058":0.5446293495,"0.059":0.5446293495,"0.06":0.5446293495,"0.061":0.5446293495,"0.062":0.5446293495,"0.063":0.5446293495,"0.064":0.5446293495,"0.065":0.5446293495,"0.066":0.5446293495,"0.067":0.5446293495,"0.068":0.5476550681,"0.069":0.5476550681,"0.07":0.5476550681,"0.071":0.5476550681,"0.072":0.5491679274,"0.073":0.5491679274,"0.074":0.5491679274,"0.075":0.5491679274,"0.076":0.5491679274,"0.077":0.5506807867,"0.078":0.5506807867,"0.079":0.5506807867,"0.08":0.5506807867,"0.081":0.552193646,"0.082":0.552193646,"0.083":0.552193646,"0.084":0.5537065053,"0.085":0.5537065053,"0.086":0.5537065053,"0.087":0.5537065053,"0.088":0.5537065053,"0.089":0.5537065053,"0.09":0.5552193646,"0.091":0.5552193646,"0.092":0.5552193646,"0.093":0.5552193646,"0.094":0.5552193646,"0.095":0.5552193646,"0.096":0.5567322239,"0.097":0.5567322239,"0.098":0.5567322239,"0.099":0.5567322239,"0.1":0.5567322239},"percival2014\/stem":{"0.0":0.0,"0.001":0.119515885,"0.002":0.3040847201,"0.003":0.3071104387,"0.004":0.3222390318,"0.005":0.3585476551,"0.006":0.3767019667,"0.007":0.4508320726,"0.008":0.5627836611,"0.009":0.7352496218,"0.01":0.76096823,"0.011":0.7836611195,"0.012":0.7897125567,"0.013":0.810892587,"0.014":0.8593040847,"0.015":0.8623298033,"0.016":0.8729198185,"0.017":0.8759455371,"0.018":0.8789712557,"0.019":0.880484115,"0.02":0.880484115,"0.021":0.880484115,"0.022":0.880484115,"0.023":0.880484115,"0.024":0.880484115,"0.025":0.8835098336,"0.026":0.8865355522,"0.027":0.8865355522,"0.028":0.8865355522,"0.029":0.8865355522,"0.03":0.8880484115,"0.031":0.8880484115,"0.032":0.8880484115,"0.033":0.8880484115,"0.034":0.8880484115,"0.035":0.8880484115,"0.036":0.8880484115,"0.037":0.8880484115,"0.038":0.8895612708,"0.039":0.8895612708,"0.04":0.8895612708,"0.041":0.8895612708,"0.042":0.8895612708,"0.043":0.8910741301,"0.044":0.8910741301,"0.045":0.8910741301,"0.046":0.8910741301,"0.047":0.8910741301,"0.048":0.8910741301,"0.049":0.8910741301,"0.05":0.8910741301,"0.051":0.8910741301,"0.052":0.8910741301,"0.053":0.8910741301,"0.054":0.8910741301,"0.055":0.8910741301,"0.056":0.8910741301,"0.057":0.8910741301,"0.058":0.8925869894,"0.059":0.8925869894,"0.06":0.8925869894,"0.061":0.8925869894,"0.062":0.895612708,"0.063":0.895612708,"0.064":0.895612708,"0.065":0.895612708,"0.066":0.895612708,"0.067":0.895612708,"0.068":0.895612708,"0.069":0.895612708,"0.07":0.895612708,"0.071":0.895612708,"0.072":0.895612708,"0.073":0.895612708,"0.074":0.895612708,"0.075":0.895612708,"0.076":0.895612708,"0.077":0.895612708,"0.078":0.895612708,"0.079":0.895612708,"0.08":0.895612708,"0.081":0.895612708,"0.082":0.895612708,"0.083":0.895612708,"0.084":0.895612708,"0.085":0.895612708,"0.086":0.895612708,"0.087":0.895612708,"0.088":0.895612708,"0.089":0.895612708,"0.09":0.895612708,"0.091":0.895612708,"0.092":0.895612708,"0.093":0.895612708,"0.094":0.895612708,"0.095":0.895612708,"0.096":0.8971255673,"0.097":0.8971255673,"0.098":0.8971255673,"0.099":0.8971255673,"0.1":0.8971255673},"schreiber2014\/default":{"0.0":0.0,"0.001":0.432677761,"0.002":0.4402420575,"0.003":0.4523449319,"0.004":0.4614220877,"0.005":0.482602118,"0.006":0.5491679274,"0.007":0.6611195159,"0.008":0.8214826021,"0.009":0.8910741301,"0.01":0.8940998487,"0.011":0.8971255673,"0.012":0.9122541604,"0.013":0.9167927383,"0.014":0.9258698941,"0.015":0.9425113464,"0.016":0.9440242057,"0.017":0.9440242057,"0.018":0.9440242057,"0.019":0.9440242057,"0.02":0.9440242057,"0.021":0.9455370651,"0.022":0.9455370651,"0.023":0.9455370651,"0.024":0.9455370651,"0.025":0.9455370651,"0.026":0.9455370651,"0.027":0.9455370651,"0.028":0.9455370651,"0.029":0.9455370651,"0.03":0.9455370651,"0.031":0.9485627837,"0.032":0.9485627837,"0.033":0.9485627837,"0.034":0.9485627837,"0.035":0.9485627837,"0.036":0.9485627837,"0.037":0.9485627837,"0.038":0.9485627837,"0.039":0.9485627837,"0.04":0.950075643,"0.041":0.950075643,"0.042":0.950075643,"0.043":0.950075643,"0.044":0.9515885023,"0.045":0.9515885023,"0.046":0.9515885023,"0.047":0.9515885023,"0.048":0.9515885023,"0.049":0.9515885023,"0.05":0.9515885023,"0.051":0.9515885023,"0.052":0.9515885023,"0.053":0.9515885023,"0.054":0.9515885023,"0.055":0.9515885023,"0.056":0.9515885023,"0.057":0.9515885023,"0.058":0.9515885023,"0.059":0.9515885023,"0.06":0.9515885023,"0.061":0.9515885023,"0.062":0.9515885023,"0.063":0.9515885023,"0.064":0.9515885023,"0.065":0.9515885023,"0.066":0.9531013616,"0.067":0.9531013616,"0.068":0.9531013616,"0.069":0.9531013616,"0.07":0.9531013616,"0.071":0.9531013616,"0.072":0.9531013616,"0.073":0.9531013616,"0.074":0.9531013616,"0.075":0.9531013616,"0.076":0.9531013616,"0.077":0.9531013616,