Estimator,boeck2015/tempodetector2016_default,davies2009/mirex_qm_tempotracker,percival2014/stem,schreiber2014/default,schreiber2017/ismir2017,schreiber2017/mirex2017,schreiber2018/cnn,schreiber2018/fcn,schreiber2018/ismir2018
boeck2015/tempodetector2016_default,1.0,6.836789348001067e-75,3.1405914427896444e-08,0.09937853857481163,0.030242534183610555,0.030242534183610555,0.0014461943728858225,0.0005745916679125011,0.00504191442019652
davies2009/mirex_qm_tempotracker,6.836789348001067e-75,1.0,5.3135537243833186e-67,2.4572919528537303e-74,1.4209547225179476e-76,1.4209547225179476e-76,1.7057741736964076e-75,6.7554284978812396e-74,2.261511959761751e-75
percival2014/stem,3.1405914427896444e-08,5.3135537243833186e-67,1.0,4.2434553803018656e-05,8.240603789969466e-06,8.240603789969466e-06,8.264537055066748e-05,0.00017127246844779809,5.374268655429918e-05
schreiber2014/default,0.09937853857481163,2.4572919528537303e-74,4.2434553803018656e-05,1.0,0.7546239655644106,0.7546239655644106,0.13407541991562819,0.07996837684203362,0.27353589990957916
schreiber2017/ismir2017,0.030242534183610555,1.4209547225179476e-76,8.240603789969466e-06,0.7546239655644106,1.0,1.0,0.08906776077828367,0.028933178541921074,0.2838226985655757
schreiber2017/mirex2017,0.030242534183610555,1.4209547225179476e-76,8.240603789969466e-06,0.7546239655644106,1.0,1.0,0.08906776077828367,0.028933178541921074,0.2838226985655757
schreiber2018/cnn,0.0014461943728858225,1.7057741736964076e-75,8.264537055066748e-05,0.13407541991562819,0.08906776077828367,0.08906776077828367,1.0,0.7882927992523754,0.5222615555549703
schreiber2018/fcn,0.0005745916679125011,6.7554284978812396e-74,0.00017127246844779809,0.07996837684203362,0.028933178541921074,0.028933178541921074,0.7882927992523754,1.0,0.3700054094233116
schreiber2018/ismir2018,0.00504191442019652,2.261511959761751e-75,5.374268655429918e-05,0.27353589990957916,0.2838226985655757,0.2838226985655757,0.5222615555549703,0.3700054094233116,1.0
