Reference,Size,Min,Max,Avg,Stdev,Sweet Oct. Start,Sweet Oct. Coverage
1.0,664,53.0,200.0,136.6594954819277,28.352389081316954,91.0,0.8810240963855421
2.0,661,64.0,197.0,138.58093797276854,25.914981037021366,90.0,0.9152798789712556
