{"1.0":{"0.0":0.0,"1.0":0.0,"2.0":0.0,"3.0":0.0,"4.0":0.0,"5.0":0.0,"6.0":0.0,"7.0":0.0,"8.0":0.0,"9.0":0.0,"10.0":0.0,"11.0":0.0,"12.0":0.0,"13.0":0.0,"14.0":0.0,"15.0":0.0,"16.0":0.0,"17.0":0.0,"18.0":0.0,"19.0":0.0,"20.0":0.0,"21.0":0.0,"22.0":0.0,"23.0":0.0,"24.0":0.0,"25.0":0.0,"26.0":0.0,"27.0":0.0,"28.0":0.0,"29.0":0.0,"30.0":0.0,"31.0":0.0,"32.0":0.0,"33.0":0.0,"34.0":0.0,"35.0":0.0,"36.0":0.0,"37.0":0.0,"38.0":0.0,"39.0":0.0,"40.0":0.0,"41.0":0.0,"42.0":0.0,"43.0":0.0,"44.0":0.0,"45.0":0.0,"46.0":0.0,"47.0":0.0,"48.0":0.0015060241,"49.0":0.0015060241,"50.0":0.0015060241,"51.0":0.0015060241,"52.0":0.0015060241,"53.0":0.0030120482,"54.0":0.0030120482,"55.0":0.0030120482,"56.0":0.0030120482,"57.0":0.0030120482,"58.0":0.0045180723,"59.0":0.0060240964,"60.0":0.0075301205,"61.0":0.0075301205,"62.0":0.0075301205,"63.0":0.0075301205,"64.0":0.0075301205,"65.0":0.0180722892,"66.0":0.0180722892,"67.0":0.0210843373,"68.0":0.0225903614,"69.0":0.0210843373,"70.0":0.0225903614,"71.0":0.0225903614,"72.0":0.0225903614,"73.0":0.0225903614,"74.0":0.0240963855,"75.0":0.0391566265,"76.0":0.0286144578,"77.0":0.0331325301,"78.0":0.0331325301,"79.0":0.0346385542,"80.0":0.0496987952,"81.0":0.0542168675,"82.0":0.0647590361,"83.0":0.0692771084,"84.0":0.0707831325,"85.0":0.0753012048,"86.0":0.0587349398,"87.0":0.061746988,"88.0":0.0602409639,"89.0":0.0557228916,"90.0":0.0572289157,"91.0":0.0436746988,"92.0":0.0361445783,"93.0":0.0210843373,"94.0":0.0256024096,"95.0":0.0271084337,"96.0":0.0256024096,"97.0":0.0256024096,"98.0":0.0225903614,"99.0":0.0195783133,"100.0":0.0225903614,"101.0":0.0165662651,"102.0":0.0165662651,"103.0":0.0165662651,"104.0":0.0165662651,"105.0":0.0225903614,"106.0":0.0210843373,"107.0":0.0180722892,"108.0":0.0195783133,"109.0":0.0195783133,"110.0":0.0256024096,"111.0":0.0225903614,"112.0":0.0225903614,"113.0":0.0240963855,"114.0":0.0256024096,"115.0":0.0527108434,"116.0":0.0421686747,"117.0":0.0496987952,"118.0":0.0647590361,"119.0":0.0813253012,"120.0":0.0993975904,"121.0":0.1506024096,"122.0":0.1641566265,"123.0":0.2213855422,"124.0":0.2213855422,"125.0":0.2379518072,"126.0":0.2108433735,"127.0":0.2228915663,"128.0":0.218373494,"129.0":0.2063253012,"130.0":0.1912650602,"131.0":0.1837349398,"132.0":0.1265060241,"133.0":0.1189759036,"134.0":0.0677710843,"135.0":0.2996987952,"136.0":0.2876506024,"137.0":0.2891566265,"138.0":0.2771084337,"139.0":0.2786144578,"140.0":0.281626506,"141.0":0.2786144578,"142.0":0.2756024096,"143.0":0.2981927711,"144.0":0.2921686747,"145.0":0.2951807229,"146.0":0.061746988,"147.0":0.0572289157,"148.0":0.0572289157,"149.0":0.0542168675,"150.0":0.0496987952,"151.0":0.0451807229,"152.0":0.0451807229,"153.0":0.0406626506,"154.0":0.015060241,"155.0":0.0225903614,"156.0":0.0135542169,"157.0":0.0120481928,"158.0":0.0120481928,"159.0":0.0120481928,"160.0":0.0180722892,"161.0":0.0195783133,"162.0":0.0195783133,"163.0":0.0180722892,"164.0":0.0165662651,"165.0":0.0572289157,"166.0":0.0542168675,"167.0":0.0828313253,"168.0":0.0993975904,"169.0":0.1611445783,"170.0":0.2093373494,"171.0":0.2063253012,"172.0":0.2048192771,"173.0":0.2078313253,"174.0":0.2078313253,"175.0":0.218373494,"176.0":0.1777108434,"177.0":0.171686747,"178.0":0.1445783133,"179.0":0.1295180723,"180.0":0.0692771084,"181.0":0.0225903614,"182.0":0.0195783133,"183.0":0.0180722892,"184.0":0.015060241,"185.0":0.0195783133,"186.0":0.0075301205,"187.0":0.0075301205,"188.0":0.0075301205,"189.0":0.0075301205,"190.0":0.0075301205,"191.0":0.0060240964,"192.0":0.0045180723,"193.0":0.0045180723,"194.0":0.0060240964,"195.0":0.0075301205,"196.0":0.0030120482,"197.0":0.0030120482,"198.0":0.0030120482,"199.0":0.0030120482,"200.0":0.0030120482,"201.0":0.0030120482,"202.0":0.0030120482,"203.0":0.0030120482,"204.0":0.0030120482,"205.0":0.0015060241,"206.0":0.0,"207.0":0.0,"208.0":0.0,"209.0":0.0,"210.0":0.0,"211.0":0.0,"212.0":0.0,"213.0":0.0,"214.0":0.0,"215.0":0.0,"216.0":0.0,"217.0":0.0,"218.0":0.0,"219.0":0.0,"220.0":0.0,"221.0":0.0,"222.0":0.0,"223.0":0.0,"224.0":0.0,"225.0":0.0,"226.0":0.0,"227.0":0.0,"228.0":0.0,"229.0":0.0,"230.0":0.0,"231.0":0.0,"232.0":0.0,"233.0":0.0,"234.0":0.0,"235.0":0.0,"236.0":0.0,"237.0":0.0,"238.0":0.0,"239.0":0.0,"240.0":0.0,"241.0":0.0,"242.0":0.0,"243.0":0.0,"244.0":0.0,"245.0":0.0,"246.0":0.0,"247.0":0.0,"248.0":0.0,"249.0":0.0,"250.0":0.0,"251.0":0.0,"252.0":0.0,"253.0":0.0,"254.0":0.0,"255.0":0.0,"256.0":0.0,"257.0":0.0,"258.0":0.0,"259.0":0.0,"260.0":0.0,"261.0":0.0,"262.0":0.0,"263.0":0.0,"264.0":0.0,"265.0":0.0,"266.0":0.0,"267.0":0.0,"268.0":0.0,"269.0":0.0,"270.0":0.0,"271.0":0.0,"272.0":0.0,"273.0":0.0,"274.0":0.0,"275.0":0.0,"276.0":0.0,"277.0":0.0,"278.0":0.0,"279.0":0.0,"280.0":0.0,"281.0":0.0,"282.0":0.0,"283.0":0.0,"284.0":0.0,"285.0":0.0,"286.0":0.0,"287.0":0.0,"288.0":0.0,"289.0":0.0,"290.0":0.0,"291.0":0.0,"292.0":0.0,"293.0":0.0,"294.0":0.0,"295.0":0.0,"296.0":0.0,"297.0":0.0,"298.0":0.0,"299.0":0.0,"300.0":0.0},"2.0":{"0.0":0.0,"1.0":0.0,"2.0":0.0,"3.0":0.0,"4.0":0.0,"5.0":0.0,"6.0":0.0,"7.0":0.0,"8.0":0.0,"9.0":0.0,"10.0":0.0,"11.0":0.0,"12.0":0.0,"13.0":0.0,"14.0":0.0,"15.0":0.0,"16.0":0.0,"17.0":0.0,"18.0":0.0,"19.0":0.0,"20.0":0.0,"21.0":0.0,"22.0":0.0,"23.0":0.0,"24.0":0.0,"25.0":0.0,"26.0":0.0,"27.0":0.0,"28.0":0.0,"29.0":0.0,"30.0":0.0,"31.0":0.0,"32.0":0.0,"33.0":0.0,"34.0":0.0,"35.0":0.0,"36.0":0.0,"37.0":0.0,"38.0":0.0,"39.0":0.0,"40.0":0.0,"41.0":0.0,"42.0":0.0,"43.0":0.0,"44.0":0.0,"45.0":0.0,"46.0":0.0,"47.0":0.0,"48.0":0.0,"49.0":0.0,"50.0":0.0,"51.0":0.0,"52.0":0.0,"53.0":0.0,"54.0":0.0,"55.0":0.0,"56.0":0.0,"57.0":0.0,"58.0":0.0,"59.0":0.0015128593,"60.0":0.0015128593,"61.0":0.0030257186,"62.0":0.0030257186,"63.0":0.0030257186,"64.0":0.0045385779,"65.0":0.0075642965,"66.0":0.0136157337,"67.0":0.0136157337,"68.0":0.0136157337,"69.0":0.015128593,"70.0":0.0136157337,"71.0":0.0136157337,"72.0":0.0121028744,"73.0":0.0136157337,"74.0":0.015128593,"75.0":0.019667171,"76.0":0.019667171,"77.0":0.0166414523,"78.0":0.019667171,"79.0":0.0211800303,"80.0":0.0302571861,"81.0":0.0378214826,"82.0":0.0559757943,"83.0":0.0590015129,"84.0":0.0590015129,"85.0":0.0635400908,"86.0":0.0574886536,"87.0":0.0559757943,"88.0":0.0544629349,"89.0":0.0514372163,"90.0":0.0514372163,"91.0":0.0423600605,"92.0":0.034795764,"93.0":0.0166414523,"94.0":0.0166414523,"95.0":0.0166414523,"96.0":0.015128593,"97.0":0.015128593,"98.0":0.0136157337,"99.0":0.0136157337,"100.0":0.0136157337,"101.0":0.015128593,"102.0":0.0136157337,"103.0":0.0136157337,"104.0":0.015128593,"105.0":0.0226928896,"106.0":0.0211800303,"107.0":0.0226928896,"108.0":0.0226928896,"109.0":0.0226928896,"110.0":0.0242057489,"111.0":0.0257186082,"112.0":0.0378214826,"113.0":0.0378214826,"114.0":0.0423600605,"115.0":0.0423600605,"116.0":0.0680786687,"117.0":0.0680786687,"118.0":0.0862329803,"119.0":0.0877458396,"120.0":0.1104387292,"121.0":0.1074130106,"122.0":0.2118003026,"123.0":0.1981845688,"124.0":0.2314674735,"125.0":0.2360060514,"126.0":0.2344931921,"127.0":0.2118003026,"128.0":0.2133131619,"129.0":0.2012102874,"130.0":0.1996974281,"131.0":0.1906202723,"132.0":0.1906202723,"133.0":0.084720121,"134.0":0.273827534,"135.0":0.2602118003,"136.0":0.2617246596,"137.0":0.293494705,"138.0":0.2798789713,"139.0":0.293494705,"140.0":0.2813918306,"141.0":0.2813918306,"142.0":0.3040847201,"143.0":0.3040847201,"144.0":0.3040847201,"145.0":0.1270801815,"146.0":0.1074130106,"147.0":0.0968229955,"148.0":0.0680786687,"149.0":0.0680786687,"150.0":0.0529500756,"151.0":0.0559757943,"152.0":0.0559757943,"153.0":0.019667171,"154.0":0.019667171,"155.0":0.034795764,"156.0":0.0211800303,"157.0":0.0211800303,"158.0":0.0226928896,"159.0":0.019667171,"160.0":0.019667171,"161.0":0.019667171,"162.0":0.0272314675,"163.0":0.0272314675,"164.0":0.0287443268,"165.0":0.084720121,"166.0":0.0726172466,"167.0":0.0771558245,"168.0":0.0771558245,"169.0":0.2148260212,"170.0":0.2148260212,"171.0":0.2148260212,"172.0":0.2148260212,"173.0":0.2057488654,"174.0":0.2193645991,"175.0":0.2178517398,"176.0":0.1618759455,