{"trance":{"boeck2015\/tempodetector2016_default":0.972972973,"davies2009\/mirex_qm_tempotracker":0.2297297297,"percival2014\/stem":0.972972973,"schreiber2014\/default":0.9054054054,"schreiber2017\/ismir2017":0.972972973,"schreiber2017\/mirex2017":0.972972973,"schreiber2018\/cnn":0.9864864865,"schreiber2018\/fcn":0.972972973,"schreiber2018\/ismir2018":0.9864864865},"techno":{"boeck2015\/tempodetector2016_default":0.8196721311,"davies2009\/mirex_qm_tempotracker":0.5573770492,"percival2014\/stem":0.7213114754,"schreiber2014\/default":0.8032786885,"schreiber2017\/ismir2017":0.7540983607,"schreiber2017\/mirex2017":0.7540983607,"schreiber2018\/cnn":0.7868852459,"schreiber2018\/fcn":0.8032786885,"schreiber2018\/ismir2018":0.7868852459},"tech-house":{"boeck2015\/tempodetector2016_default":0.9090909091,"davies2009\/mirex_qm_tempotracker":0.6363636364,"percival2014\/stem":0.9090909091,"schreiber2014\/default":0.9090909091,"schreiber2017\/ismir2017":0.9090909091,"schreiber2017\/mirex2017":0.9090909091,"schreiber2018\/cnn":0.9090909091,"schreiber2018\/fcn":0.9090909091,"schreiber2018\/ismir2018":0.9090909091},"reggae-dub":{"boeck2015\/tempodetector2016_default":1.0,"davies2009\/mirex_qm_tempotracker":0.5,"percival2014\/stem":0.5,"schreiber2014\/default":1.0,"schreiber2017\/ismir2017":1.0,"schreiber2017\/mirex2017":1.0,"schreiber2018\/cnn":0.5,"schreiber2018\/fcn":1.0,"schreiber2018\/ismir2018":1.0},"psy-trance":{"boeck2015\/tempodetector2016_default":0.8823529412,"davies2009\/mirex_qm_tempotracker":0.3235294118,"percival2014\/stem":0.8529411765,"schreiber2014\/default":0.8529411765,"schreiber2017\/ismir2017":0.8529411765,"schreiber2017\/mirex2017":0.8529411765,"schreiber2018\/cnn":0.8529411765,"schreiber2018\/fcn":0.8529411765,"schreiber2018\/ismir2018":0.8529411765},"progressive-house":{"boeck2015\/tempodetector2016_default":0.9473684211,"davies2009\/mirex_qm_tempotracker":0.6315789474,"percival2014\/stem":0.8421052632,"schreiber2014\/default":0.9473684211,"schreiber2017\/ismir2017":0.9473684211,"schreiber2017\/mirex2017":0.9473684211,"schreiber2018\/cnn":0.8947368421,"schreiber2018\/fcn":0.8947368421,"schreiber2018\/ismir2018":0.9473684211},"pop-rock":{"boeck2015\/tempodetector2016_default":0.6666666667,"davies2009\/mirex_qm_tempotracker":0.6666666667,"percival2014\/stem":0.6666666667,"schreiber2014\/default":0.6666666667,"schreiber2017\/ismir2017":0.6666666667,"schreiber2017\/mirex2017":0.6666666667,"schreiber2018\/cnn":0.6666666667,"schreiber2018\/fcn":0.6666666667,"schreiber2018\/ismir2018":0.6666666667},"minimal":{"boeck2015\/tempodetector2016_default":0.75,"davies2009\/mirex_qm_tempotracker":0.625,"percival2014\/stem":0.625,"schreiber2014\/default":0.75,"schreiber2017\/ismir2017":0.75,"schreiber2017\/mirex2017":0.75,"schreiber2018\/cnn":0.625,"schreiber2018\/fcn":0.75,"schreiber2018\/ismir2018":0.75},"indie-dance-nu-disco":{"boeck2015\/tempodetector2016_default":0.9090909091,"davies2009\/mirex_qm_tempotracker":0.5454545455,"percival2014\/stem":0.9090909091,"schreiber2014\/default":0.9090909091,"schreiber2017\/ismir2017":0.9090909091,"schreiber2017\/mirex2017":0.9090909091,"schreiber2018\/cnn":0.9090909091,"schreiber2018\/fcn":0.9090909091,"schreiber2018\/ismir2018":0.9090909091},"house":{"boeck2015\/tempodetector2016_default":0.8260869565,"davies2009\/mirex_qm_tempotracker":0.6086956522,"percival2014\/stem":0.8260869565,"schreiber2014\/default":0.6956521739,"schreiber2017\/ismir2017":0.7826086957,"schreiber2017\/mirex2017":0.7826086957,"schreiber2018\/cnn":0.8260869565,"schreiber2018\/fcn":0.8260869565,"schreiber2018\/ismir2018":0.8260869565},"hip-hop":{"boeck2015\/tempodetector2016_default":1.0,"davies2009\/mirex_qm_tempotracker":0.0,"percival2014\/stem":1.0,"schreiber2014\/default":1.0,"schreiber2017\/ismir2017":1.0,"schreiber2017\/mirex2017":1.0,"schreiber2018\/cnn":1.0,"schreiber2018\/fcn":1.0,"schreiber2018\/ismir2018":1.0},"hardcore-hard-techno":{"boeck2015\/tempodetector2016_default":0.9285714286,"davies2009\/mirex_qm_tempotracker":0.3571428571,"percival2014\/stem":0.9285714286,"schreiber2014\/default":0.7142857143,"schreiber2017\/ismir2017":0.8571428571,"schreiber2017\/mirex2017":0.8571428571,"schreiber2018\/cnn":0.9285714286,"schreiber2018\/fcn":0.9285714286,"schreiber2018\/ismir2018":0.9285714286},"hard-dance":{"boeck2015\/tempodetector2016_default":0.625,"davies2009\/mirex_qm_tempotracker":0.125,"percival2014\/stem":0.625,"schreiber2014\/default":0.75,"schreiber2017\/ismir2017":0.625,"schreiber2017\/mirex2017":0.625,"schreiber2018\/cnn":0.625,"schreiber2018\/fcn":0.625,"schreiber2018\/ismir2018":0.625},"glitch-hop":{"boeck2015\/tempodetector2016_default":0.8823529412,"davies2009\/mirex_qm_tempotracker":0.5294117647,"percival2014\/stem":0.8823529412,"schreiber2014\/default":0.9411764706,"schreiber2017\/ismir2017":0.8823529412,"schreiber2017\/mirex2017":0.8823529412,"schreiber2018\/cnn":0.8823529412,"schreiber2018\/fcn":0.8823529412,"schreiber2018\/ismir2018":0.8823529412},"funk-r-and-b":{"boeck2015\/tempodetector2016_default":1.0,"davies2009\/mirex_qm_tempotracker":1.0,"percival2014\/stem":1.0,"schreiber2014\/default":1.0,"schreiber2017\/ismir2017":1.0,"schreiber2017\/mirex2017":1.0,"schreiber2018\/cnn":1.0,"schreiber2018\/fcn":1.0,"schreiber2018\/ismir2018":1.0},"electronica":{"boeck2015\/tempodetector2016_default":0.8333333333,"davies2009\/mirex_qm_tempotracker":0.4259259259,"percival2014\/stem":0.8703703704,"schreiber2014\/default":0.8888888889,"schreiber2017\/ismir2017":0.8888888889,"schreiber2017\/mirex2017":0.8888888889,"schreiber2018\/cnn":0.8888888889,"schreiber2018\/fcn":0.9444444444,"schreiber2018\/ismir2018":0.9074074074},"electro-house":{"boeck2015\/tempodetector2016_default":0.8181818182,"davies2009\/mirex_qm_tempotracker":0.5454545455,"percival2014\/stem":0.7727272727,"schreiber2014\/default":0.8636363636,"schreiber2017\/ismir2017":0.8636363636,"schreiber2017\/mirex2017":0.8636363636,"schreiber2018\/cnn":0.8636363636,"schreiber2018\/fcn":0.8636363636,"schreiber2018\/ismir2018":0.8636363636},"dubstep":{"boeck2015\/tempodetector2016_default":0.8552631579,"davies2009\/mirex_qm_tempotracker":0.4078947368,"percival2014\/stem":0.9210526316,"schreiber2014\/default":0.8552631579,"schreiber2017\/ismir2017":0.8815789474,"schreiber2017\/mirex2017":0.8815789474,"schreiber2018\/cnn":0.8684210526,"schreiber2018\/fcn":0.9078947368,"schreiber2018\/ismir2018":0.8684210526},"drum-and-bass":{"boeck2015\/tempodetector2016_default":0.8273381295,"davies2009\/mirex_qm_tempotracker":0.5251798561,"percival2014\/stem":0.9856115108,"schreiber2014\/default":0.9136690647,"schreiber2017\/ismir2017":0.9424460432,"schreiber2017\/mirex2017":0.9424460432,"schreiber2018\/cnn":0.964028777,"schreiber2018\/fcn":0.9712230216,"schreiber2018\/ismir2018":0.9496402878},"dj-tools":{"boeck2015\/tempodetector2016_default":0.6666666667,"davies2009\/mirex_qm_tempotracker":0.4444444444,"percival2014\/stem":0.5555555556,"schreiber2014\/default":0.5555555556,"schreiber2017\/ismir2017":0.7777777778,"schreiber2017\/mirex2017":0.7777777778,"schreiber2018\/cnn":0.7777777778,"schreiber2018\/fcn":0.7777777778,"schreiber2018\/ismir2018":0.6666666667},"deep-house":{"boeck2015\/tempodetector2016_default":0.8333333333,"davies2009\/mirex_qm_tempotracker":0.5416666667,"percival2014\/stem":0.8333333333,"schreiber2014\/default":0.8333333333,"schreiber2017\/ismir2017":0.8333333333,"schreiber2017\/mirex2017":0.8333333333,"schreiber2018\/cnn":0.8333333333,"schreiber2018\/fcn":0.8333333333,"schreiber2018\/ismir2018":0.8333333333},"chill-out":{"boeck2015\/tempodetector2016_default":0.9333333333,"davies2009\/mirex_qm_tempotracker":0.7333333333,"percival2014\/stem":0.9333333333,"schreiber2014\/default":0.9333333333,"schreiber2017\/ismir2017":0.9333333333,"schreiber2017\/mirex2017":0.9333333333,"schreiber2018\/cnn":0.9333333333,"schreiber2018\/fcn":0.9333333333,"schreiber2018\/ismir2018":0.9333333333},"breaks":{"boeck2015\/tempodetector2016_default":0.9615384615,