Estimator,boeck2015/tempodetector2016_default,davies2009/mirex_qm_tempotracker,percival2014/stem,schreiber2014/default,schreiber2017/ismir2017,schreiber2017/mirex2017,schreiber2018/cnn,schreiber2018/fcn,schreiber2018/ismir2018
boeck2015/tempodetector2016_default,1.0,5.968022936938972e-27,2.360037303463711e-05,0.08991400091975714,2.48639641397685e-255,0.08043731524654962,1.9179362808124332e-10,8.790352875849118e-10,8.614363501955009e-09
davies2009/mirex_qm_tempotracker,5.968022936938972e-27,1.0,1.484083242759419e-39,4.897088539561958e-16,9.139431014137423e-183,6.998574975569076e-28,4.2750040121848075e-44,5.351196631672425e-43,4.121176347292921e-42
percival2014/stem,2.360037303463711e-05,1.484083242759419e-39,1.0,3.4772501911306125e-06,2.4353417496471957e-270,0.022796704691021654,0.09480877998687023,0.19576018766003483,0.29870550201718166
schreiber2014/default,0.08991400091975714,4.897088539561958e-16,3.4772501911306125e-06,1.0,2.469032973687122e-237,0.0004113866595014317,2.0755776422996947e-08,4.267876506008539e-08,8.62394209373237e-08
schreiber2017/ismir2017,2.48639641397685e-255,9.139431014137423e-183,2.4353417496471957e-270,2.469032973687122e-237,1.0,2.9256594647305605e-253,1.630804515050863e-270,4.082330097969688e-270,7.81904497295428e-269
schreiber2017/mirex2017,0.08043731524654962,6.998574975569076e-28,0.022796704691021654,0.0004113866595014317,2.9256594647305605e-253,1.0,0.00026981787973742743,0.0007193802123444311,0.0018011740064919363
schreiber2018/cnn,1.9179362808124332e-10,4.2750040121848075e-44,0.09480877998687023,2.0755776422996947e-08,1.630804515050863e-270,0.00026981787973742743,1.0,0.5200458176648197,0.2760580689946594
schreiber2018/fcn,8.790352875849118e-10,5.351196631672425e-43,0.19576018766003483,4.267876506008539e-08,4.082330097969688e-270,0.0007193802123444311,0.5200458176648197,1.0,0.2794341034805541
schreiber2018/ismir2018,8.614363501955009e-09,4.121176347292921e-42,0.29870550201718166,8.62394209373237e-08,7.81904497295428e-269,0.0018011740064919363,0.2760580689946594,0.2794341034805541,1.0
