Item,cvar,1.0,2.0,davies2009/mirex_qm_tempotracker,boeck2019/multi_task_hjdb,boeck2019/multi_task,boeck2020/dar,schreiber2018/fcn,schreiber2018/ismir2018,schreiber2018/cnn,percival2014/stem,schreiber2017/mirex2017,schreiber2017/ismir2017,boeck2015/tempodetector2016_default,schreiber2014/default
3630279.LOFI.jams,,173.0,174.0,117.454,132.13,132.47,131.4,132,132,132,86.4932,132.24309,132.24309,43.8,86.506065
3642438.LOFI.jams,,172.0,170.0,114.844,108.13,108.33,108.22,118,108,216,86.1328,107.48202,107.48202,42.86,107.48202
3980001.LOFI.jams,,53.0,167.0,84.7208,83.06,83.13,82.77,83,83,83,83.0196,82.99693,82.99693,41.38,82.99693
4625875.LOFI.jams,,172.0,170.0,114.844,86.06,86.24,85.84,86,86,86,86.1328,85.99349,85.99349,85.71,75.48581
5089294.LOFI.jams,,140.0,170.0,86.1328,84.92,84.88,85.0,85,85,85,85.0694,85.00779,85.00779,84.51,85.00779
5137154.LOFI.jams,,70.0,134.0,112.347,141.02,118.13,117.76,140,140,140,139.675,140.01051,140.01051,139.53,139.97108
942357.LOFI.jams,,170.0,170.0,114.844,85.06,84.65,84.14,85,85,85,84.7208,85.00779,85.00779,42.55,85.00779
