Tag,Count
Breaks,0.07260155574762317
Chill Out,0.06568712186689715
Deep House,0.056179775280898875
Drum & Bass,0.05012964563526361
Dubstep,0.05358686257562662
Electro House,0.07087294727744166
Electronica,0.06568712186689715
Hard Dance,0.06050129645635264
Hip-Hop,0.07173725151253241
House,0.06568712186689715
Minimal,0.04407951598962835
Progressive House,0.07087294727744166
Psy-Trance,0.07173725151253241
Tech House,0.06136560069144339
Techno,0.04753673292999136
Trance,0.07173725151253241
