{"trance":{"boeck2015\/tempodetector2016_default":0.972972973,"boeck2019\/multi_task":0.972972973,"boeck2019\/multi_task_hjdb":0.972972973,"boeck2020\/dar":0.972972973,"davies2009\/mirex_qm_tempotracker":0.2297297297,"percival2014\/stem":0.6891891892,"schreiber2014\/default":0.9189189189,"schreiber2017\/ismir2017":0.972972973,"schreiber2017\/mirex2017":0.972972973,"schreiber2018\/cnn":0.9864864865,"schreiber2018\/fcn":0.9864864865,"schreiber2018\/ismir2018":0.9864864865},"techno":{"boeck2015\/tempodetector2016_default":0.8360655738,"boeck2019\/multi_task":0.8360655738,"boeck2019\/multi_task_hjdb":0.8524590164,"boeck2020\/dar":0.9180327869,"davies2009\/mirex_qm_tempotracker":0.5901639344,"percival2014\/stem":0.7049180328,"schreiber2014\/default":0.8360655738,"schreiber2017\/ismir2017":0.8032786885,"schreiber2017\/mirex2017":0.8524590164,"schreiber2018\/cnn":0.9180327869,"schreiber2018\/fcn":0.9180327869,"schreiber2018\/ismir2018":0.9344262295},"tech-house":{"boeck2015\/tempodetector2016_default":0.9545454545,"boeck2019\/multi_task":0.9545454545,"boeck2019\/multi_task_hjdb":0.9545454545,"boeck2020\/dar":0.9545454545,"davies2009\/mirex_qm_tempotracker":0.6818181818,"percival2014\/stem":0.9090909091,"schreiber2014\/default":0.9090909091,"schreiber2017\/ismir2017":0.9090909091,"schreiber2017\/mirex2017":0.9090909091,"schreiber2018\/cnn":1.0,"schreiber2018\/fcn":0.9545454545,"schreiber2018\/ismir2018":0.9545454545},"reggae-dub":{"boeck2015\/tempodetector2016_default":0.5,"boeck2019\/multi_task":0.5,"boeck2019\/multi_task_hjdb":0.5,"boeck2020\/dar":1.0,"davies2009\/mirex_qm_tempotracker":0.5,"percival2014\/stem":0.5,"schreiber2014\/default":1.0,"schreiber2017\/ismir2017":1.0,"schreiber2017\/mirex2017":1.0,"schreiber2018\/cnn":0.5,"schreiber2018\/fcn":1.0,"schreiber2018\/ismir2018":1.0},"psy-trance":{"boeck2015\/tempodetector2016_default":0.9117647059,"boeck2019\/multi_task":0.9411764706,"boeck2019\/multi_task_hjdb":0.9705882353,"boeck2020\/dar":0.9117647059,"davies2009\/mirex_qm_tempotracker":0.3823529412,"percival2014\/stem":0.7058823529,"schreiber2014\/default":0.8823529412,"schreiber2017\/ismir2017":0.8823529412,"schreiber2017\/mirex2017":0.9117647059,"schreiber2018\/cnn":0.9117647059,"schreiber2018\/fcn":0.9117647059,"schreiber2018\/ismir2018":0.9117647059},"progressive-house":{"boeck2015\/tempodetector2016_default":0.8947368421,"boeck2019\/multi_task":0.8947368421,"boeck2019\/multi_task_hjdb":0.8947368421,"boeck2020\/dar":0.8947368421,"davies2009\/mirex_qm_tempotracker":0.5789473684,"percival2014\/stem":0.6315789474,"schreiber2014\/default":0.9473684211,"schreiber2017\/ismir2017":0.9473684211,"schreiber2017\/mirex2017":0.9473684211,"schreiber2018\/cnn":0.9473684211,"schreiber2018\/fcn":0.8947368421,"schreiber2018\/ismir2018":1.0},"pop-rock":{"boeck2015\/tempodetector2016_default":0.3333333333,"boeck2019\/multi_task":0.6666666667,"boeck2019\/multi_task_hjdb":0.6666666667,"boeck2020\/dar":0.6666666667,"davies2009\/mirex_qm_tempotracker":0.3333333333,"percival2014\/stem":0.3333333333,"schreiber2014\/default":0.6666666667,"schreiber2017\/ismir2017":0.6666666667,"schreiber2017\/mirex2017":0.6666666667,"schreiber2018\/cnn":0.6666666667,"schreiber2018\/fcn":0.6666666667,"schreiber2018\/ismir2018":0.6666666667},"minimal":{"boeck2015\/tempodetector2016_default":0.875,"boeck2019\/multi_task":0.875,"boeck2019\/multi_task_hjdb":0.875,"boeck2020\/dar":1.0,"davies2009\/mirex_qm_tempotracker":0.75,"percival2014\/stem":0.75,"schreiber2014\/default":0.875,"schreiber2017\/ismir2017":0.875,"schreiber2017\/mirex2017":0.875,"schreiber2018\/cnn":1.0,"schreiber2018\/fcn":1.0,"schreiber2018\/ismir2018":1.0},"indie-dance-nu-disco":{"boeck2015\/tempodetector2016_default":0.9090909091,"boeck2019\/multi_task":0.9090909091,"boeck2019\/multi_task_hjdb":0.9090909091,"boeck2020\/dar":0.9090909091,"davies2009\/mirex_qm_tempotracker":0.5454545455,"percival2014\/stem":0.9090909091,"schreiber2014\/default":0.9090909091,"schreiber2017\/ismir2017":0.9090909091,"schreiber2017\/mirex2017":0.9090909091,"schreiber2018\/cnn":0.9090909091,"schreiber2018\/fcn":0.9090909091,"schreiber2018\/ismir2018":0.9090909091},"house":{"boeck2015\/tempodetector2016_default":0.7826086957,"boeck2019\/multi_task":0.8260869565,"boeck2019\/multi_task_hjdb":0.7826086957,"boeck2020\/dar":0.7826086957,"davies2009\/mirex_qm_tempotracker":0.3043478261,"percival2014\/stem":0.5652173913,"schreiber2014\/default":0.6956521739,"schreiber2017\/ismir2017":0.7391304348,"schreiber2017\/mirex2017":0.9130434783,"schreiber2018\/cnn":0.7826086957,"schreiber2018\/fcn":0.7826086957,"schreiber2018\/ismir2018":0.7826086957},"hip-hop":{"boeck2015\/tempodetector2016_default":1.0,"boeck2019\/multi_task":1.0,"boeck2019\/multi_task_hjdb":1.0,"boeck2020\/dar":1.0,"davies2009\/mirex_qm_tempotracker":0.0,"percival2014\/stem":1.0,"schreiber2014\/default":1.0,"schreiber2017\/ismir2017":1.0,"schreiber2017\/mirex2017":1.0,"schreiber2018\/cnn":1.0,"schreiber2018\/fcn":1.0,"schreiber2018\/ismir2018":1.0},"hardcore-hard-techno":{"boeck2015\/tempodetector2016_default":0.9285714286,"boeck2019\/multi_task":0.9285714286,"boeck2019\/multi_task_hjdb":0.9285714286,"boeck2020\/dar":0.9285714286,"davies2009\/mirex_qm_tempotracker":0.0714285714,"percival2014\/stem":0.0,"schreiber2014\/default":0.7857142857,"schreiber2017\/ismir2017":0.8571428571,"schreiber2017\/mirex2017":0.8571428571,"schreiber2018\/cnn":1.0,"schreiber2018\/fcn":0.9285714286,"schreiber2018\/ismir2018":0.9285714286},"hard-dance":{"boeck2015\/tempodetector2016_default":0.625,"boeck2019\/multi_task":0.625,"boeck2019\/multi_task_hjdb":0.625,"boeck2020\/dar":0.75,"davies2009\/mirex_qm_tempotracker":0.125,"percival2014\/stem":0.375,"schreiber2014\/default":0.75,"schreiber2017\/ismir2017":0.625,"schreiber2017\/mirex2017":0.625,"schreiber2018\/cnn":0.75,"schreiber2018\/fcn":0.75,"schreiber2018\/ismir2018":0.75},"glitch-hop":{"boeck2015\/tempodetector2016_default":0.9411764706,"boeck2019\/multi_task":0.9411764706,"boeck2019\/multi_task_hjdb":0.9411764706,"boeck2020\/dar":0.9411764706,"davies2009\/mirex_qm_tempotracker":0.5294117647,"percival2014\/stem":0.5882352941,"schreiber2014\/default":0.9411764706,"schreiber2017\/ismir2017":0.8823529412,"schreiber2017\/mirex2017":0.9411764706,"schreiber2018\/cnn":0.9411764706,"schreiber2018\/fcn":1.0,"schreiber2018\/ismir2018":0.9411764706},"funk-r-and-b":{"boeck2015\/tempodetector2016_default":0.0,"boeck2019\/multi_task":1.0,"boeck2019\/multi_task_hjdb":1.0,"boeck2020\/dar":1.0,"davies2009\/mirex_qm_tempotracker":1.0,"percival2014\/stem":0.0,"schreiber2014\/default":1.0,"schreiber2017\/ismir2017":1.0,"schreiber2017\/mirex2017":1.0,"schreiber2018\/cnn":1.0,"schreiber2018\/fcn":1.0,"schreiber2018\/ismir2018":1.0},"electronica":{"boeck2015\/tempodetector2016_default":0.8518518519,"boeck2019\/multi_task":0.7962962963,"boeck2019\/multi_task_hjdb":0.8703703704,"boeck2020\/dar":0.8333333333,"davies2009\/mirex_qm_tempotracker":0.3148148148,"percival2014\/stem":0.5555555556,"schreiber2014\/default":0.9074074074,"schreiber2017\/ismir2017":0.9074074074,"schreiber2017\/mirex2017":0.9259259259,"schreiber2018\/cnn":0.9259259259,"schreiber2018\/fcn":0.9259259259,"schreiber2018\/ismir2018":0.962962963},"electro-house":{"boeck2015\/tempodetector2016_default":0.9090909091,"boeck2019\/multi_task":0.9545454545,"boeck2019\/multi_task_hjdb":0.9090909091,"boeck2020\/dar":0.9090909091,"davies2009\/mirex_qm_tempotracker":0.5909090909,"percival2014\/stem":0.5,"schreiber2014\/default":0.9090909091,"schreiber2017\/ismir2017":0.9090909091,"schreiber2017\/mirex2017":0.9090909091,"schreiber2018\/cnn":0.9545454545,"schreiber2018\/fcn":0.9545454545,"schreiber2018\/ismir2018":0.9090909091},"dubstep":{"boeck2015\/tempodetector2016_default":0.75,"boeck2019\/multi_task":0.8289473684,"boeck2019\/multi_task_hjdb":0.8815789474,"boeck2020\/dar":0.8815789474,"davies2009\/mirex_qm_tempotracker":0.3289473684,"percival2014\/stem":0.5263157895,"schreiber2014\/default":0.8684210526,