{"AOE1_MEAN":{"schreiber2018\/cnn":0.0564564717,"schreiber2018\/fcn":0.0576734337,"schreiber2018\/ismir2018":0.0773401765,"schreiber2017\/mirex2017":0.1170304188,"schreiber2017\/ismir2017":0.1189482147,"schreiber2014\/default":0.1408529695,"davies2009\/mirex_qm_tempotracker":0.147201852,"percival2014\/stem":0.2041003009,"boeck2015\/tempodetector2016_default":0.2521179724},"AOE1_STDEV":{"schreiber2018\/cnn":0.2258638787,"schreiber2018\/fcn":0.2275402149,"schreiber2018\/ismir2018":0.261473911,"schreiber2017\/mirex2017":0.3126886908,"schreiber2017\/ismir2017":0.3150231381,"schreiber2014\/default":0.3368107077,"davies2009\/mirex_qm_tempotracker":0.3175397575,"percival2014\/stem":0.3986672737,"boeck2015\/tempodetector2016_default":0.4467359676},"AOE2_MEAN":{"schreiber2018\/cnn":0.0037747055,"schreiber2018\/fcn":0.0040138494,"schreiber2018\/ismir2018":0.0042232103,"schreiber2017\/mirex2017":0.0083264733,"schreiber2017\/ismir2017":0.0083264732,"schreiber2014\/default":0.0137438859,"davies2009\/mirex_qm_tempotracker":0.0372940666,"percival2014\/stem":0.0050016482,"boeck2015\/tempodetector2016_default":0.0106210383},"AOE2_STDEV":{"schreiber2018\/cnn":0.0290461083,"schreiber2018\/fcn":0.029193935,"schreiber2018\/ismir2018":0.0319536534,"schreiber2017\/mirex2017":0.0499605658,"schreiber2017\/ismir2017":0.0499605657,"schreiber2014\/default":0.0669911417,"davies2009\/mirex_qm_tempotracker":0.0804972078,"percival2014\/stem":0.0300667158,"boeck2015\/tempodetector2016_default":0.0428995803}}