Item,cvar,1.0,davies2009/mirex_qm_tempotracker,schreiber2018/fcn,schreiber2018/ismir2018,schreiber2018/cnn,percival2014/stem,schreiber2017/mirex2017,schreiber2017/ismir2017,boeck2015/tempodetector2016_default,schreiber2014/default
1478848.LOFI.jams,,70.0,126.048,100,100,100,130.012,99.99061,126.99911,50.0,99.95118
1579295.LOFI.jams,,87.0,92.2852,138,138,96,91.875,137.99965,140.01051,92.31,68.98012
1669212.LOFI.jams,,65.0,161.499,52,96,87,92.2852,74.99296,87.01865,115.38,94.47062
1895483.LOFI.jams,,90.0,135.999,100,100,100,99.384,99.99061,85.520355,50.0,99.99061
297513.LOFI.jams,,104.0,129.199,127,127,127,126.821,126.99911,137.01395,127.66,126.99911
298399.LOFI.jams,,150.0,112.347,166,167,83,83.3543,83.233505,69.98554,41.67,83.272934
