{"boeck2015\/tempodetector2016_default":{"0.0":0.019667171,"0.0005":0.0332829047,"0.001":0.0363086233,"0.0015":0.0363086233,"0.002":0.0423600605,"0.0025":0.0453857791,"0.003":0.0635400908,"0.0035":0.0953101362,"0.004":0.2617246596,"0.0045":0.2919818457,"0.005":0.2995461422,"0.0055":0.3403933434,"0.006":0.3645990923,"0.0065":0.3736762481,"0.007":0.3797276853,"0.0075":0.3797276853,"0.008":0.3918305598,"0.0085":0.4553706505,"0.009":0.4553706505,"0.0095":0.4553706505,"0.01":0.4599092284,"0.0105":0.4947049924,"0.011":0.4962178517,"0.0115":0.5083207262,"0.012":0.5143721634,"0.0125":0.5204236006,"0.013":0.5204236006,"0.0135":0.5279878971,"0.014":0.5279878971,"0.0145":0.5567322239,"0.015":0.5763993949,"0.0155":0.5763993949,"0.016":0.6051437216,"0.0165":0.6051437216,"0.017":0.6051437216,"0.0175":0.6308623298,"0.018":0.6308623298,"0.0185":0.6308623298,"0.019":0.6323751891,"0.0195":0.6323751891,"0.02":0.6338880484,"0.0205":0.6338880484,"0.021":0.6338880484,"0.0215":0.6338880484,"0.022":0.6338880484,"0.0225":0.6338880484,"0.023":0.6354009077,"0.0235":0.636913767,"0.024":0.636913767,"0.0245":0.636913767,"0.025":0.636913767,"0.0255":0.636913767,"0.026":0.636913767,"0.0265":0.636913767,"0.027":0.636913767,"0.0275":0.636913767,"0.028":0.6384266263,"0.0285":0.6384266263,"0.029":0.6384266263,"0.0295":0.6384266263,"0.03":0.6384266263,"0.0305":0.6384266263,"0.031":0.6384266263,"0.0315":0.6384266263,"0.032":0.6384266263,"0.0325":0.6384266263,"0.033":0.6384266263,"0.0335":0.6384266263,"0.034":0.6384266263,"0.0345":0.6384266263,"0.035":0.6384266263,"0.0355":0.6384266263,"0.036":0.6384266263,"0.0365":0.6384266263,"0.037":0.6384266263,"0.0375":0.6384266263,"0.038":0.6384266263,"0.0385":0.6384266263,"0.039":0.6384266263,"0.0395":0.6384266263,"0.04":0.6384266263,"0.0405":0.6384266263,"0.041":0.6384266263,"0.0415":0.6399394856,"0.042":0.6399394856,"0.0425":0.6399394856,"0.043":0.6399394856,"0.0435":0.6399394856,"0.044":0.6414523449,"0.0445":0.6414523449,"0.045":0.6414523449,"0.0455":0.6414523449,"0.046":0.6414523449,"0.0465":0.6414523449,"0.047":0.6414523449,"0.0475":0.6414523449,"0.048":0.6414523449,"0.0485":0.6414523449,"0.049":0.6414523449,"0.0495":0.6414523449,"0.05":0.6414523449},"davies2009\/mirex_qm_tempotracker":{"0.0":0.0,"0.0005":0.015128593,"0.001":0.015128593,"0.0015":0.015128593,"0.002":0.0317700454,"0.0025":0.0317700454,"0.003":0.0317700454,"0.0035":0.0393343419,"0.004":0.0529500756,"0.0045":0.0590015129,"0.005":0.069591528,"0.0055":0.0711043873,"0.006":0.0711043873,"0.0065":0.0711043873,"0.007":0.0892586989,"0.0075":0.0998487141,"0.008":0.0998487141,"0.0085":0.1180030257,"0.009":0.1210287443,"0.0095":0.1270801815,"0.01":0.1316187595,"0.0105":0.1316187595,"0.011":0.1437216339,"0.0115":0.1437216339,"0.012":0.1437216339,"0.0125":0.1437216339,"0.013":0.1452344932,"0.0135":0.1588502269,"0.014":0.1588502269,"0.0145":0.1588502269,"0.015":0.1664145234,"0.0155":0.1664145234,"0.016":0.1679273828,"0.0165":0.1679273828,"0.017":0.1815431165,"0.0175":0.243570348,"0.018":0.243570348,"0.0185":0.2465960666,"0.019":0.2481089259,"0.0195":0.2511346445,"0.02":0.2511346445,"0.0205":0.2511346445,"0.021":0.2511346445,"0.0215":0.2602118003,"0.022":0.2602118003,"0.0225":0.2602118003,"0.023":0.2602118003,"0.0235":0.2617246596,"0.024":0.2632375189,"0.0245":0.273827534,"0.025":0.278366112,"0.0255":0.2844175492,"0.026":0.2844175492,"0.0265":0.2844175492,"0.027":0.2844175492,"0.0275":0.3040847201,"0.028":0.3040847201,"0.0285":0.3040847201,"0.029":0.3040847201,"0.0295":0.3055975794,"0.03":0.3055975794,"0.0305":0.3055975794,"0.031":0.3055975794,"0.0315":0.3055975794,"0.032":0.3071104387,"0.0325":0.3071104387,"0.033":0.3494704992,"0.0335":0.3494704992,"0.034":0.3494704992,"0.0345":0.3524962179,"0.035":0.3524962179,"0.0355":0.3540090772,"0.036":0.3540090772,"0.0365":0.3540090772,"0.037":0.3540090772,"0.0375":0.3540090772,"0.038":0.3540090772,"0.0385":0.3540090772,"0.039":0.3540090772,"0.0395":0.3540090772,"0.04":0.3540090772,"0.0405":0.3540090772,"0.041":0.3540090772,"0.0415":0.3540090772,"0.042":0.3540090772,"0.0425":0.3540090772,"0.043":0.3540090772,"0.0435":0.3540090772,"0.044":0.3540090772,"0.0445":0.3540090772,"0.045":0.3540090772,"0.0455":0.3540090772,"0.046":0.3540090772,"0.0465":0.3540090772,"0.047":0.3540090772,"0.0475":0.3540090772,"0.048":0.3540090772,"0.0485":0.3540090772,"0.049":0.3540090772,"0.0495":0.3540090772,"0.05":0.3540090772},"percival2014\/stem":{"0.0":0.0,"0.0005":0.0423600605,"0.001":0.0711043873,"0.0015":0.1119515885,"0.002":0.1452344932,"0.0025":0.1467473525,"0.003":0.1467473525,"0.0035":0.1512859304,"0.004":0.1618759455,"0.0045":0.1649016641,"0.005":0.1800302572,"0.0055":0.1800302572,"0.006":0.189107413,"0.0065":0.1966717095,"0.007":0.23903177,"0.0075":0.2950075643,"0.008":0.3419062027,"0.0085":0.502269289,"0.009":0.5068078669,"0.0095":0.5083207262,"0.01":0.5264750378,"0.0105":0.5295007564,"0.011":0.532526475,"0.0115":0.532526475,"0.012":0.537065053,"0.0125":0.5416036309,"0.013":0.5431164902,"0.0135":0.5658093797,"0.014":0.567322239,"0.0145":0.567322239,"0.015":0.567322239,"0.0155":0.567322239,"0.016":0.567322239,"0.0165":0.567322239,"0.017":0.567322239,"0.0175":0.5688350983,"0.018":0.5688350983,"0.0185":0.5688350983,"0.019":0.5688350983,"0.0195":0.5688350983,"0.02":0.5688350983,"0.0205":0.5688350983,"0.021":0.5688350983,"0.0215":0.5688350983,"0.022":0.5688350983,"0.0225":0.5688350983,"0.023":0.5688350983,"0.0235":0.5688350983,"0.024":0.5688350983,"0.0245":0.5688350983,"0.025":0.5688350983,"0.0255":0.5703479576,"0.026":0.5703479576,"0.0265":0.5703479576,"0.027":0.5703479576,"0.0275":0.5703479576,"0.028":0.5703479576,"0.0285":0.5703479576,"0.029":0.5703479576,"0.0295":0.5703479576,"0.03":0.5703479576,"0.0305":0.5703479576,"0.031":0.5703479576,"0.0315":0.5703479576,"0.032":0.5703479576,"0.0325":0.5703479576,"0.033":0.5703479576,"0.0335":0.5703479576,"0.034":0.5703479576,"0.0345":0.5703479576,"0.035":0.5703479576,"0.0355":0.5703479576,"0.036":0.5703479576,"0.0365":0.5703479576,"0.037":0.5703479576,"0.0375":0.5703479576,"0.038":0.5703479576,"0.0385":0.5703479576,"0.039":0.5703479576,"0.0395":0.5703479576,"0.04":0.5703479576,"0.0405":0.5703479576,"0.041":0.5703479576,"0.0415":0.5703479576,"0.042":0.5703479576,"0.0425":0.5718608169,"0.043":0.5718608169,"0.0435":0.5718608169,"0.044":0.5718608169,"0.0445":0.5718608169,"0.045":0.5718608169,"0.0455":0.5718608169,"0.046":0.5718608169,"0.0465":0.5718608169,"0.047":0.5718608169,"0.0475":0.5718608169,"0.048":0.5718608169,"0.0485":0.5718608169,"0.049":0.5718608169,"0.0495":0.5718608169,"0.05":0.5718608169},"schreiber2014\/default":{"0.0":0.0,"0.0005":0.1467473525,"0.001":0.1603630862,"0.0015":0.1603630862,"0.002":0.1618759455,"0.0025":0.1664145234,"0.003":0.1709531014,"0.0035":0.1724659607,"0.004":0.1770045386,"0.0045":0.1800302572,"0.005":0.189107413,"0.0055":0.1951588502,"0.006":0.2012102874,"0.0065":0.2072617247,"0.007":0.2965204236,"0.0075":0.378214826,"0.008":0.4689863843,"0.0085":0.5446293495,"0.009":0.5537065053,"0.0095":0.5552193646,"0.01":0.5567322239,"0.0105":0.5582450832,"0.011":0.5597579425,"0.0115":0.5612708018,"0.012":0.5627836611,"0.0125":0.5642965204,"0.013":0.5703479576,"0.0135":0.5763993949,"0.014":0.5779122542,"0.0145":0.5945537065,"0.015":0.602118003,"0.0155":0.6036308623,"0.016":0.6036308623,"0.0165":0.6051437216,"0.017":0.6051437216,"0.0175":0.6051437216,"0.018":0.6051437216,"0.0185":0.6051437216,"0.019":0.6051437216,"0.0195":0.6051437216,"0.02":0.6051437216,"0.0205":0.6051437216,"0.021":0.6051437216,"0.0215":0.6051437216,"0.022":0.6051437216,"0.0225":0.6051437216,"0.023":0.6051437216,"0.0235":0.6051437216,"0.024":0.6051437216,"0.0245":0.6051437216,"0.025":0.6051437216,"0.0255":0.6051437216,"0.026":0.6051437216,"0.0265":0.6051437216,"0.027":0.6051437216,"0.0275":0.6051437216,"0.028":0.6051437216,"0.0285":0.6051437216,"0.029":0.6051437216,"0.0295":0.6051437216,"0.03":0.6051437216,"0.0305":0.6051437216,"0.031":0.6051437216,"0.0315":0.6051437216,"0.032":0.6051437216,"0.0325":0.6051437216,"0.033":0.6051437216,