Estimator,boeck2015/tempodetector2016_default,davies2009/mirex_qm_tempotracker,percival2014/stem,schreiber2014/default,schreiber2017/ismir2017,schreiber2017/mirex2017,schreiber2018/cnn,schreiber2018/fcn,schreiber2018/ismir2018
boeck2015/tempodetector2016_default,1.0,1.6824620995461316e-61,3.2966639788089256e-05,2.238680423452924e-18,8.703639432699209e-05,1.4879248232559848e-45,3.6952222316853055e-52,6.805194191011134e-55,4.2970610360533095e-47
davies2009/mirex_qm_tempotracker,1.6824620995461316e-61,1.0,3.5736524622959414e-51,6.82454707320415e-30,3.3256564858705475e-42,1.0270896966103332e-06,0.00119228300833561,0.0475774840788544,3.370914942729653e-06
percival2014/stem,3.2966639788089256e-05,3.5736524622959414e-51,1.0,1.5616690336108076e-09,0.8002351426802871,1.3484851196022736e-35,7.81978337917394e-37,1.5948393187285818e-41,3.5551077739394216e-36
schreiber2014/default,2.238680423452924e-18,6.82454707320415e-30,1.5616690336108076e-09,1.0,3.169097132728676e-06,2.348916283054222e-14,4.390526213434168e-18,6.948568079506591e-21,4.4046761001801815e-16
schreiber2017/ismir2017,8.703639432699209e-05,3.3256564858705475e-42,0.8002351426802871,3.169097132728676e-06,1.0,5.397183589638317e-25,5.629464585074388e-29,5.263927754390521e-33,5.947386651168113e-27
schreiber2017/mirex2017,1.4879248232559848e-45,1.0270896966103332e-06,1.3484851196022736e-35,2.348916283054222e-14,5.397183589638317e-25,1.0,0.04408087965935464,0.0006770609402768414,0.5063036611404315
schreiber2018/cnn,3.6952222316853055e-52,0.00119228300833561,7.81978337917394e-37,4.390526213434168e-18,5.629464585074388e-29,0.04408087965935464,1.0,0.08077270598454911,0.0990271459148209
schreiber2018/fcn,6.805194191011134e-55,0.0475774840788544,1.5948393187285818e-41,6.948568079506591e-21,5.263927754390521e-33,0.0006770609402768414,0.08077270598454911,1.0,0.0008534233855188325
schreiber2018/ismir2018,4.2970610360533095e-47,3.370914942729653e-06,3.5551077739394216e-36,4.4046761001801815e-16,5.947386651168113e-27,0.5063036611404315,0.0990271459148209,0.0008534233855188325,1.0
