{"boeck2015\/tempodetector2016_default":{"boeck2015\/tempodetector2016_default":1.0,"davies2009\/mirex_qm_tempotracker":1.614683138e-40,"percival2014\/stem":0.0058448631,"schreiber2014\/default":0.1841898003,"schreiber2017\/ismir2017":0.5938330253,"schreiber2017\/mirex2017":0.5938330011,"schreiber2018\/cnn":0.0003908136,"schreiber2018\/fcn":0.0069913749,"schreiber2018\/ismir2018":0.0218131539},"davies2009\/mirex_qm_tempotracker":{"boeck2015\/tempodetector2016_default":1.614683138e-40,"davies2009\/mirex_qm_tempotracker":1.0,"percival2014\/stem":5.779624963e-37,"schreiber2014\/default":2.321854327e-35,"schreiber2017\/ismir2017":5.702215041e-36,"schreiber2017\/mirex2017":5.702218073e-36,"schreiber2018\/cnn":5.774989198e-37,"schreiber2018\/fcn":2.802539735e-40,"schreiber2018\/ismir2018":3.016529813e-41},"percival2014\/stem":{"boeck2015\/tempodetector2016_default":0.0058448631,"davies2009\/mirex_qm_tempotracker":5.779624963e-37,"percival2014\/stem":1.0,"schreiber2014\/default":0.0012469181,"schreiber2017\/ismir2017":0.0785521662,"schreiber2017\/mirex2017":0.0785521726,"schreiber2018\/cnn":0.6474039733,"schreiber2018\/fcn":0.5070811589,"schreiber2018\/ismir2018":0.197690182},"schreiber2014\/default":{"boeck2015\/tempodetector2016_default":0.1841898003,"davies2009\/mirex_qm_tempotracker":2.321854327e-35,"percival2014\/stem":0.0012469181,"schreiber2014\/default":1.0,"schreiber2017\/ismir2017":0.04139186,"schreiber2017\/mirex2017":0.0413918571,"schreiber2018\/cnn":0.0005355326,"schreiber2018\/fcn":0.0014996102,"schreiber2018\/ismir2018":0.0034979543},"schreiber2017\/ismir2017":{"boeck2015\/tempodetector2016_default":0.5938330253,"davies2009\/mirex_qm_tempotracker":5.702215041e-36,"percival2014\/stem":0.0785521662,"schreiber2014\/default":0.04139186,"schreiber2017\/ismir2017":1.0,"schreiber2017\/mirex2017":0.4746747609,"schreiber2018\/cnn":0.0065778332,"schreiber2018\/fcn":0.0737904798,"schreiber2018\/ismir2018":0.1730819437},"schreiber2017\/mirex2017":{"boeck2015\/tempodetector2016_default":0.5938330011,"davies2009\/mirex_qm_tempotracker":5.702218073e-36,"percival2014\/stem":0.0785521726,"schreiber2014\/default":0.0413918571,"schreiber2017\/ismir2017":0.4746747609,"schreiber2017\/mirex2017":1.0,"schreiber2018\/cnn":0.0065778342,"schreiber2018\/fcn":0.0737904876,"schreiber2018\/ismir2018":0.1730819577},"schreiber2018\/cnn":{"boeck2015\/tempodetector2016_default":0.0003908136,"davies2009\/mirex_qm_tempotracker":5.774989198e-37,"percival2014\/stem":0.6474039733,"schreiber2014\/default":0.0005355326,"schreiber2017\/ismir2017":0.0065778332,"schreiber2017\/mirex2017":0.0065778342,"schreiber2018\/cnn":1.0,"schreiber2018\/fcn":0.2010172951,"schreiber2018\/ismir2018":0.1021383775},"schreiber2018\/fcn":{"boeck2015\/tempodetector2016_default":0.0069913749,"davies2009\/mirex_qm_tempotracker":2.802539735e-40,"percival2014\/stem":0.5070811589,"schreiber2014\/default":0.0014996102,"schreiber2017\/ismir2017":0.0737904798,"schreiber2017\/mirex2017":0.0737904876,"schreiber2018\/cnn":0.2010172951,"schreiber2018\/fcn":1.0,"schreiber2018\/ismir2018":0.1530245147},"schreiber2018\/ismir2018":{"boeck2015\/tempodetector2016_default":0.0218131539,"davies2009\/mirex_qm_tempotracker":3.016529813e-41,"percival2014\/stem":0.197690182,"schreiber2014\/default":0.0034979543,"schreiber2017\/ismir2017":0.1730819437,"schreiber2017\/mirex2017":0.1730819577,"schreiber2018\/cnn":0.1021383775,"schreiber2018\/fcn":0.1530245147,"schreiber2018\/ismir2018":1.0}}