{"1.0":{"0.0":0.0,"1.0":0.0,"2.0":0.0,"3.0":0.0,"4.0":0.0,"5.0":0.0,"6.0":0.0,"7.0":0.0,"8.0":0.0,"9.0":0.0,"10.0":0.0,"11.0":0.0,"12.0":0.0,"13.0":0.0,"14.0":0.0,"15.0":0.0,"16.0":0.0,"17.0":0.0,"18.0":0.0,"19.0":0.0,"20.0":0.0,"21.0":0.0,"22.0":0.0,"23.0":0.0,"24.0":0.0,"25.0":0.0,"26.0":0.0,"27.0":0.0,"28.0":0.0,"29.0":0.0,"30.0":0.0,"31.0":0.0,"32.0":0.0,"33.0":0.0,"34.0":0.0,"35.0":0.0,"36.0":0.0,"37.0":0.0,"38.0":0.0,"39.0":0.0,"40.0":0.0,"41.0":0.0,"42.0":0.0,"43.0":0.0,"44.0":0.0,"45.0":0.0,"46.0":0.0,"47.0":0.0008643042,"48.0":0.0017286085,"49.0":0.0017286085,"50.0":0.0017286085,"51.0":0.0025929127,"52.0":0.0025929127,"53.0":0.0025929127,"54.0":0.0034572169,"55.0":0.0069144339,"56.0":0.0069144339,"57.0":0.0086430424,"58.0":0.0086430424,"59.0":0.0103716508,"60.0":0.0112359551,"61.0":0.0129645635,"62.0":0.014693172,"63.0":0.0172860847,"64.0":0.0190146932,"65.0":0.0432152118,"66.0":0.0397579948,"67.0":0.0423509075,"68.0":0.0414866033,"69.0":0.0423509075,"70.0":0.0458081245,"71.0":0.0458081245,"72.0":0.0492653414,"73.0":0.0501296456,"74.0":0.0518582541,"75.0":0.0561797753,"76.0":0.0311149525,"77.0":0.0328435609,"78.0":0.0302506482,"79.0":0.0302506482,"80.0":0.0363007779,"81.0":0.0328435609,"82.0":0.0345721694,"83.0":0.0345721694,"84.0":0.0337078652,"85.0":0.0423509075,"86.0":0.0397579948,"87.0":0.0466724287,"88.0":0.0475367329,"89.0":0.0518582541,"90.0":0.0596369922,"91.0":0.055315471,"92.0":0.0544511668,"93.0":0.055315471,"94.0":0.0501296456,"95.0":0.0579083838,"96.0":0.0458081245,"97.0":0.0449438202,"98.0":0.0380293863,"99.0":0.0380293863,"100.0":0.0388936906,"101.0":0.0311149525,"102.0":0.0302506482,"103.0":0.0302506482,"104.0":0.0267934313,"105.0":0.029386344,"106.0":0.0242005186,"107.0":0.0242005186,"108.0":0.0224719101,"109.0":0.0250648228,"110.0":0.029386344,"111.0":0.029386344,"112.0":0.0328435609,"113.0":0.0354364736,"114.0":0.0345721694,"115.0":0.0622299049,"116.0":0.0630942092,"117.0":0.0708729473,"118.0":0.088159032,"119.0":0.1149524633,"120.0":0.1685393258,"121.0":0.2126188418,"122.0":0.2515125324,"123.0":0.375108038,"124.0":0.3846153846,"125.0":0.4477095938,"126.0":0.4295592048,"127.0":0.4442523768,"128.0":0.4407951599,"129.0":0.4364736387,"130.0":0.4364736387,"131.0":0.4019014693,"132.0":0.3586862576,"133.0":0.3370786517,"134.0":0.2108902334,"135.0":0.2549697494,"136.0":0.1927398444,"137.0":0.2031114952,"138.0":0.191011236,"139.0":0.1927398444,"140.0":0.202247191,"141.0":0.1780466724,"142.0":0.1624891962,"143.0":0.1590319793,"144.0":0.1382886776,"145.0":0.1512532411,"146.0":0.0924805532,"147.0":0.0916162489,"148.0":0.0717372515,"149.0":0.0656871219,"150.0":0.0544511668,"151.0":0.0319792567,"152.0":0.029386344,"153.0":0.0242005186,"154.0":0.0198789974,"155.0":0.0242005186,"156.0":0.0095073466,"157.0":0.0095073466,"158.0":0.0086430424,"159.0":0.0086430424,"160.0":0.0086430424,"161.0":0.0086430424,"162.0":0.0077787381,"163.0":0.0069144339,"164.0":0.0086430424,"165.0":0.0112359551,"166.0":0.0060501296,"167.0":0.0112359551,"168.0":0.0129645635,"169.0":0.0216076059,"170.0":0.0337078652,"171.0":0.0380293863,"172.0":0.0388936906,"173.0":0.040622299,"174.0":0.0423509075,"175.0":0.0449438202,"176.0":0.0423509075,"177.0":0.0414866033,"178.0":0.0363007779,"179.0":0.0354364736,"180.0":0.0267934313,"181.0":0.014693172,"182.0":0.0103716508,"183.0":0.0095073466,"184.0":0.0077787381,"185.0":0.0060501296,"186.0":0.0008643042,"187.0":0.0008643042,"188.0":0.0008643042,"189.0":0.0008643042,"190.0":0.0,"191.0":0.0,"192.0":0.0,"193.0":0.0008643042,"194.0":0.0008643042,"195.0":0.0008643042,"196.0":0.0008643042,"197.0":0.0008643042,"198.0":0.0008643042,"199.0":0.0008643042,"200.0":0.0008643042,"201.0":0.0008643042,"202.0":0.0008643042,"203.0":0.0008643042,"204.0":0.0,"205.0":0.0,"206.0":0.0,"207.0":0.0,"208.0":0.0,"209.0":0.0,"210.0":0.0,"211.0":0.0,"212.0":0.0,"213.0":0.0,"214.0":0.0,"215.0":0.0,"216.0":0.0,"217.0":0.0,"218.0":0.0,"219.0":0.0,"220.0":0.0,"221.0":0.0,"222.0":0.0,"223.0":0.0,"224.0":0.0,"225.0":0.0,"226.0":0.0,"227.0":0.0,"228.0":0.0,"229.0":0.0,"230.0":0.0,"231.0":0.0,"232.0":0.0,"233.0":0.0,"234.0":0.0,"235.0":0.0,"236.0":0.0,"237.0":0.0,"238.0":0.0,"239.0":0.0,"240.0":0.0,"241.0":0.0,"242.0":0.0,"243.0":0.0,"244.0":0.0,"245.0":0.0,"246.0":0.0,"247.0":0.0,"248.0":0.0,"249.0":0.0,"250.0":0.0,"251.0":0.0,"252.0":0.0,"253.0":0.0,"254.0":0.0,"255.0":0.0,"256.0":0.0,"257.0":0.0,"258.0":0.0,"259.0":0.0,"260.0":0.0,"261.0":0.0,"262.0":0.0,"263.0":0.0,"264.0":0.0,"265.0":0.0,"266.0":0.0,"267.0":0.0,"268.0":0.0,"269.0":0.0,"270.0":0.0,"271.0":0.0,"272.0":0.0,"273.0":0.0,"274.0":0.0,"275.0":0.0,"276.0":0.0,"277.0":0.0,"278.0":0.0,"279.0":0.0,"280.0":0.0,"281.0":0.0,"282.0":0.0,"283.0":0.0,"284.0":0.0,"285.0":0.0,"286.0":0.0,"287.0":0.0,"288.0":0.0,"289.0":0.0,"290.0":0.0,"291.0":0.0,"292.0":0.0,"293.0":0.0,"294.0":0.0,"295.0":0.0,"296.0":0.0,"297.0":0.0,"298.0":0.0,"299.0":0.0,"300.0":0.0}}