{"Accuracy1":{"schreiber2018\/fcn":0.8986384266,"schreiber2018\/cnn":0.8638426626,"schreiber2018\/ismir2018":0.8245083207,"schreiber2017\/mirex2017":0.7049924357,"schreiber2017\/ismir2017":0.7049924357,"boeck2015\/tempodetector2016_default":0.6384266263,"schreiber2014\/default":0.6051437216,"percival2014\/stem":0.5703479576,"davies2009\/mirex_qm_tempotracker":0.3540090772},"Accuracy2":{"schreiber2018\/fcn":0.980332829,"schreiber2018\/cnn":0.9757942511,"schreiber2018\/ismir2018":0.9757942511,"schreiber2017\/mirex2017":0.9561270802,"schreiber2017\/ismir2017":0.9561270802,"boeck2015\/tempodetector2016_default":0.9409984871,"schreiber2014\/default":0.9319213313,"percival2014\/stem":0.9606656581,"davies2009\/mirex_qm_tempotracker":0.532526475}}