Estimator,boeck2015/tempodetector2016_default,davies2009/mirex_qm_tempotracker,percival2014/stem,schreiber2014/default,schreiber2017/ismir2017,schreiber2017/mirex2017,schreiber2018/cnn,schreiber2018/fcn,schreiber2018/ismir2018
boeck2015/tempodetector2016_default,1.0,7.124254208168988e-69,0.07245426016254443,0.5044037600228253,0.14330665429588418,0.14330665429588418,0.00029407687543425725,6.164889782667164e-06,0.00019107642583549025
davies2009/mirex_qm_tempotracker,7.124254208168988e-69,1.0,8.089648151259769e-81,1.5990716831474398e-61,1.8320810918369566e-73,1.8320810918369566e-73,3.475952355412592e-85,4.4330095810320365e-86,2.5696096449990534e-81
percival2014/stem,0.07245426016254443,8.089648151259769e-81,1.0,0.012660335802414201,0.7283324808813629,0.7283324808813629,0.06391465663909912,0.0071973800659179705,0.09873714670538908
schreiber2014/default,0.5044037600228253,1.5990716831474398e-61,0.012660335802414201,1.0,0.0052228793501853926,0.0052228793501853926,8.96303936315234e-06,6.677873898297548e-08,8.96303936315234e-06
schreiber2017/ismir2017,0.14330665429588418,1.8320810918369566e-73,0.7283324808813629,0.0052228793501853926,1.0,1.0,0.0106220245361328,0.00014495849609375,0.0071973800659179705
schreiber2017/mirex2017,0.14330665429588418,1.8320810918369566e-73,0.7283324808813629,0.0052228793501853926,1.0,1.0,0.0106220245361328,0.00014495849609375,0.0071973800659179705
schreiber2018/cnn,0.00029407687543425725,3.475952355412592e-85,0.06391465663909912,8.96303936315234e-06,0.0106220245361328,0.0106220245361328,1.0,0.548828125,1.0
schreiber2018/fcn,6.164889782667164e-06,4.4330095810320365e-86,0.0071973800659179705,6.677873898297548e-08,0.00014495849609375,0.00014495849609375,0.548828125,1.0,0.548828125
schreiber2018/ismir2018,0.00019107642583549025,2.5696096449990534e-81,0.09873714670538908,8.96303936315234e-06,0.0071973800659179705,0.0071973800659179705,1.0,0.548828125,1.0
