{"boeck2015\/tempodetector2016_default":{"0.0":0.1235955056,"0.0005":0.1573033708,"0.001":0.1823681936,"0.0015":0.2281763181,"0.002":0.2290406223,"0.0025":0.2670700086,"0.003":0.4857389801,"0.0035":0.6404494382,"0.004":0.654278306,"0.0045":0.6888504754,"0.005":0.7130509939,"0.0055":0.7787381158,"0.006":0.7917026793,"0.0065":0.8193604149,"0.007":0.8245462403,"0.0075":0.8331892826,"0.008":0.8772687986,"0.0085":0.9023336214,"0.009":0.9049265341,"0.0095":0.9109766638,"0.01":0.9135695765,"0.0105":0.9351771824,"0.011":0.9360414866,"0.0115":0.944684529,"0.012":0.9481417459,"0.0125":0.9507346586,"0.013":0.9524632671,"0.0135":0.9619706137,"0.014":0.9662921348,"0.0145":0.9680207433,"0.015":0.970613656,"0.0155":0.970613656,"0.016":0.9757994814,"0.0165":0.9757994814,"0.017":0.9757994814,"0.0175":0.9757994814,"0.018":0.9766637857,"0.0185":0.9775280899,"0.019":0.9792566984,"0.0195":0.9792566984,"0.02":0.9801210026,"0.0205":0.9818496111,"0.021":0.9818496111,"0.0215":0.9827139153,"0.022":0.9827139153,"0.0225":0.9827139153,"0.023":0.9827139153,"0.0235":0.9835782195,"0.024":0.9835782195,"0.0245":0.9835782195,"0.025":0.9835782195,"0.0255":0.9835782195,"0.026":0.9844425238,"0.0265":0.9844425238,"0.027":0.9844425238,"0.0275":0.9844425238,"0.028":0.9844425238,"0.0285":0.9844425238,"0.029":0.9844425238,"0.0295":0.9844425238,"0.03":0.985306828,"0.0305":0.985306828,"0.031":0.985306828,"0.0315":0.985306828,"0.032":0.985306828,"0.0325":0.985306828,"0.033":0.985306828,"0.0335":0.985306828,"0.034":0.985306828,"0.0345":0.985306828,"0.035":0.985306828,"0.0355":0.985306828,"0.036":0.985306828,"0.0365":0.985306828,"0.037":0.985306828,"0.0375":0.985306828,"0.038":0.985306828,"0.0385":0.985306828,"0.039":0.985306828,"0.0395":0.985306828,"0.04":0.985306828,"0.0405":0.985306828,"0.041":0.985306828,"0.0415":0.985306828,"0.042":0.985306828,"0.0425":0.985306828,"0.043":0.985306828,"0.0435":0.985306828,"0.044":0.985306828,"0.0445":0.985306828,"0.045":0.985306828,"0.0455":0.985306828,"0.046":0.985306828,"0.0465":0.985306828,"0.047":0.985306828,"0.0475":0.985306828,"0.048":0.985306828,"0.0485":0.985306828,"0.049":0.985306828,"0.0495":0.985306828,"0.05":0.985306828},"davies2009\/mirex_qm_tempotracker":{"0.0":0.0,"0.0005":0.0190146932,"0.001":0.0190146932,"0.0015":0.0224719101,"0.002":0.055315471,"0.0025":0.058772688,"0.003":0.0596369922,"0.0035":0.0726015557,"0.004":0.1089023336,"0.0045":0.1210025929,"0.005":0.1235955056,"0.0055":0.1261884183,"0.006":0.1261884183,"0.0065":0.1313742437,"0.007":0.1417458946,"0.0075":0.1944684529,"0.008":0.1944684529,"0.0085":0.2489196197,"0.009":0.2618841832,"0.0095":0.3984442524,"0.01":0.4001728608,"0.0105":0.4027657736,"0.011":0.422644771,"0.0115":0.4286949006,"0.012":0.4382022472,"0.0125":0.4684528954,"0.013":0.4840103717,"0.0135":0.5263612792,"0.014":0.5263612792,"0.0145":0.5332757131,"0.015":0.5496974935,"0.0155":0.5496974935,"0.016":0.5522904062,"0.0165":0.5531547105,"0.017":0.5868625756,"0.0175":0.6309420916,"0.018":0.6309420916,"0.0185":0.665514261,"0.019":0.6732929991,"0.0195":0.7363872083,"0.02":0.7441659464,"0.0205":0.7458945549,"0.021":0.7458945549,"0.0215":0.7554019015,"0.022":0.7554019015,"0.0225":0.7597234226,"0.023":0.768366465,"0.0235":0.768366465,"0.024":0.768366465,"0.0245":0.7700950735,"0.025":0.7882454624,"0.0255":0.9196197061,"0.026":0.9196197061,"0.0265":0.9196197061,"0.027":0.9196197061,"0.0275":0.9438202247,"0.028":0.944684529,"0.0285":0.944684529,"0.029":0.944684529,"0.0295":0.944684529,"0.03":0.944684529,"0.0305":0.9455488332,"0.031":0.9455488332,"0.0315":0.9455488332,"0.032":0.9455488332,"0.0325":0.9455488332,"0.033":0.9455488332,"0.0335":0.9455488332,"0.034":0.9472774417,"0.0345":0.9472774417,"0.035":0.9472774417,"0.0355":0.9498703544,"0.036":0.9498703544,"0.0365":0.9507346586,"0.037":0.9507346586,"0.0375":0.9507346586,"0.038":0.9507346586,"0.0385":0.9507346586,"0.039":0.9507346586,"0.0395":0.9507346586,"0.04":0.9507346586,"0.0405":0.9507346586,"0.041":0.9507346586,"0.0415":0.9507346586,"0.042":0.9515989628,"0.0425":0.9515989628,"0.043":0.9515989628,"0.0435":0.9515989628,"0.044":0.9515989628,"0.0445":0.9515989628,"0.045":0.9515989628,"0.0455":0.9515989628,"0.046":0.9515989628,"0.0465":0.9515989628,"0.047":0.9515989628,"0.0475":0.9515989628,"0.048":0.9515989628,"0.0485":0.9515989628,"0.049":0.9515989628,"0.0495":0.9515989628,"0.05":0.9515989628},"percival2014\/stem":{"0.0":0.0,"0.0005":0.3284356093,"0.001":0.4693171997,"0.0015":0.7493517718,"0.002":0.8375108038,"0.0025":0.85306828,"0.003":0.8625756266,"0.0035":0.8772687986,"0.004":0.882454624,"0.0045":0.8885047537,"0.005":0.8919619706,"0.0055":0.897147796,"0.006":0.9075194468,"0.0065":0.9204840104,"0.007":0.9273984443,"0.0075":0.9334485739,"0.008":0.944684529,"0.0085":0.9472774417,"0.009":0.9507346586,"0.0095":0.9628349179,"0.01":0.9654278306,"0.0105":0.9697493518,"0.011":0.970613656,"0.0115":0.9714779602,"0.012":0.9723422645,"0.0125":0.9740708729,"0.013":0.9757994814,"0.0135":0.9766637857,"0.014":0.9783923941,"0.0145":0.9783923941,"0.015":0.9792566984,"0.0155":0.9801210026,"0.016":0.9827139153,"0.0165":0.9827139153,"0.017":0.9844425238,"0.0175":0.9844425238,"0.018":0.985306828,"0.0185":0.9887640449,"0.019":0.9887640449,"0.0195":0.9887640449,"0.02":0.9887640449,"0.0205":0.9887640449,"0.021":0.9896283492,"0.0215":0.9896283492,"0.022":0.9896283492,"0.0225":0.9896283492,"0.023":0.9904926534,"0.0235":0.9904926534,"0.024":0.9904926534,"0.0245":0.9904926534,"0.025":0.9904926534,"0.0255":0.9904926534,"0.026":0.9904926534,"0.0265":0.9904926534,"0.027":0.9904926534,"0.0275":0.9904926534,"0.028":0.9904926534,"0.0285":0.9904926534,"0.029":0.9913569576,"0.0295":0.9913569576,"0.03":0.9913569576,"0.0305":0.9913569576,"0.031":0.9913569576,"0.0315":0.9913569576,"0.032":0.9913569576,"0.0325":0.9913569576,"0.033":0.9913569576,"0.0335":0.9913569576,"0.034":0.9913569576,"0.0345":0.9913569576,"0.035":0.9913569576,"0.0355":0.9913569576,"0.036":0.9913569576,"0.0365":0.9913569576,"0.037":0.9913569576,"0.0375":0.9913569576,"0.038":0.9913569576,"0.0385":0.9913569576,"0.039":0.9913569576,"0.0395":0.9913569576,"0.04":0.9913569576,"0.0405":0.9913569576,"0.041":0.9913569576,"0.0415":0.9913569576,"0.042":0.9913569576,"0.0425":0.9913569576,"0.043":0.9913569576,"0.0435":0.9913569576,"0.044":0.9913569576,"0.0445":0.9913569576,"0.045":0.9913569576,"0.0455":0.9913569576,"0.046":0.9913569576,"0.0465":0.9913569576,"0.047":0.9913569576,"0.0475":0.9913569576,"0.048":0.9913569576,"0.0485":0.9913569576,"0.049":0.9913569576,"0.0495":0.9913569576,"0.05":0.9913569576},"schreiber2014\/default":{"0.0":0.0,"0.0005":0.7502160761,"0.001":0.8141745895,"0.0015":0.8288677615,"0.002":0.838375108,"0.0025":0.8435609334,"0.003":0.8522039758,"0.0035":0.8556611927,"0.004":0.8634399309,"0.0045":0.867761452,"0.005":0.8789974071,"0.0055":0.882454624,"0.006":0.8902333621,"0.0065":0.8945548833,"0.007":0.9023336214,"0.0075":0.9075194468,"0.008":0.9291270527,"0.0085":0.9394987035,"0.009":0.9403630078,"0.0095":0.9438202247,"0.01":0.9464131374,"0.0105":0.9472774417,"0.011":0.9515989628,"0.0115":0.9533275713,"0.012":0.955920484,"0.0125":0.955920484,"0.013":0.9567847882,"0.0135":0.9576490925,"0.014":0.9576490925,"0.0145":0.9585133967,"0.015":0.959377701,"0.0155":0.959377701,"0.016":0.9602420052,"0.0165":0.9602420052,"0.017":0.9619706137,"0.0175":0.9645635264,"0.018":0.9645635264,"0.0185":0.9645635264,"0.019":0.9645635264,"0.0195":0.9645635264,"0.02":0.9645635264,"0.0205":0.9645635264,"0.021":0.9645635264,"0.0215":0.9645635264,"0.022":0.9645635264,"0.0225":0.9645635264,"0.023":0.9645635264,"0.0235":0.9645635264,"0.024":0.9645635264,"0.0245":0.9654278306,"0.025":0.9654278306,"0.0255":0.9654278306,"0.026":0.9654278306,"0.0265":0.9654278306,"0.027":0.9654278306,"0.0275":0.9654278306,"0.028":0.9654278306,"0.0285":0.9654278306,"0.029":0.9654278306,"0.0295":0.9654278306,"0.03":0.9654278306,"0.0305":0.9654278306,"0.031":0.9654278306,"0.0315":0.9654278306,"0.032":0.9654278306,"0.0325":0.9654278306,"0.033":0.9654278306,"0.0335":0.9654278306,