{"boeck2015\/tempodetector2016_default":{"boeck2015\/tempodetector2016_default":1.0,"davies2009\/mirex_qm_tempotracker":5.968022937e-27,"percival2014\/stem":0.0000236004,"schreiber2014\/default":0.0899140009,"schreiber2017\/ismir2017":2.486396414e-255,"schreiber2017\/mirex2017":0.0804373152,"schreiber2018\/cnn":0.0000000002,"schreiber2018\/fcn":0.0000000009,"schreiber2018\/ismir2018":0.0000000086},"davies2009\/mirex_qm_tempotracker":{"boeck2015\/tempodetector2016_default":5.968022937e-27,"davies2009\/mirex_qm_tempotracker":1.0,"percival2014\/stem":1.484083243e-39,"schreiber2014\/default":4.89708854e-16,"schreiber2017\/ismir2017":9.139431014e-183,"schreiber2017\/mirex2017":6.998574976e-28,"schreiber2018\/cnn":4.275004012e-44,"schreiber2018\/fcn":5.351196632e-43,"schreiber2018\/ismir2018":4.121176347e-42},"percival2014\/stem":{"boeck2015\/tempodetector2016_default":0.0000236004,"davies2009\/mirex_qm_tempotracker":1.484083243e-39,"percival2014\/stem":1.0,"schreiber2014\/default":0.0000034773,"schreiber2017\/ismir2017":2.43534175e-270,"schreiber2017\/mirex2017":0.0227967047,"schreiber2018\/cnn":0.09480878,"schreiber2018\/fcn":0.1957601877,"schreiber2018\/ismir2018":0.298705502},"schreiber2014\/default":{"boeck2015\/tempodetector2016_default":0.0899140009,"davies2009\/mirex_qm_tempotracker":4.89708854e-16,"percival2014\/stem":0.0000034773,"schreiber2014\/default":1.0,"schreiber2017\/ismir2017":2.469032974e-237,"schreiber2017\/mirex2017":0.0004113867,"schreiber2018\/cnn":0.0000000208,"schreiber2018\/fcn":0.0000000427,"schreiber2018\/ismir2018":0.0000000862},"schreiber2017\/ismir2017":{"boeck2015\/tempodetector2016_default":2.486396414e-255,"davies2009\/mirex_qm_tempotracker":9.139431014e-183,"percival2014\/stem":2.43534175e-270,"schreiber2014\/default":2.469032974e-237,"schreiber2017\/ismir2017":1.0,"schreiber2017\/mirex2017":2.925659465e-253,"schreiber2018\/cnn":1.630804515e-270,"schreiber2018\/fcn":4.082330098e-270,"schreiber2018\/ismir2018":7.819044973e-269},"schreiber2017\/mirex2017":{"boeck2015\/tempodetector2016_default":0.0804373152,"davies2009\/mirex_qm_tempotracker":6.998574976e-28,"percival2014\/stem":0.0227967047,"schreiber2014\/default":0.0004113867,"schreiber2017\/ismir2017":2.925659465e-253,"schreiber2017\/mirex2017":1.0,"schreiber2018\/cnn":0.0002698179,"schreiber2018\/fcn":0.0007193802,"schreiber2018\/ismir2018":0.001801174},"schreiber2018\/cnn":{"boeck2015\/tempodetector2016_default":0.0000000002,"davies2009\/mirex_qm_tempotracker":4.275004012e-44,"percival2014\/stem":0.09480878,"schreiber2014\/default":0.0000000208,"schreiber2017\/ismir2017":1.630804515e-270,"schreiber2017\/mirex2017":0.0002698179,"schreiber2018\/cnn":1.0,"schreiber2018\/fcn":0.5200458177,"schreiber2018\/ismir2018":0.276058069},"schreiber2018\/fcn":{"boeck2015\/tempodetector2016_default":0.0000000009,"davies2009\/mirex_qm_tempotracker":5.351196632e-43,"percival2014\/stem":0.1957601877,"schreiber2014\/default":0.0000000427,"schreiber2017\/ismir2017":4.082330098e-270,"schreiber2017\/mirex2017":0.0007193802,"schreiber2018\/cnn":0.5200458177,"schreiber2018\/fcn":1.0,"schreiber2018\/ismir2018":0.2794341035},"schreiber2018\/ismir2018":{"boeck2015\/tempodetector2016_default":0.0000000086,"davies2009\/mirex_qm_tempotracker":4.121176347e-42,"percival2014\/stem":0.298705502,"schreiber2014\/default":0.0000000862,"schreiber2017\/ismir2017":7.819044973e-269,"schreiber2017\/mirex2017":0.001801174,"schreiber2018\/cnn":0.276058069,"schreiber2018\/fcn":0.2794341035,"schreiber2018\/ismir2018":1.0}}