{"Size":{"boeck2015\/tempodetector2016_default":664,"davies2009\/mirex_qm_tempotracker":664,"percival2014\/stem":664,"schreiber2014\/default":664,"schreiber2017\/ismir2017":664,"schreiber2017\/mirex2017":664,"schreiber2018\/cnn":664,"schreiber2018\/fcn":664,"schreiber2018\/ismir2018":664},"Min":{"boeck2015\/tempodetector2016_default":41.1,"davies2009\/mirex_qm_tempotracker":63.8021,"percival2014\/stem":54.9784,"schreiber2014\/default":63.026413,"schreiber2017\/ismir2017":41.87304,"schreiber2017\/mirex2017":41.87304,"schreiber2018\/cnn":67.0,"schreiber2018\/fcn":63.0,"schreiber2018\/ismir2018":69.0},"Max":{"boeck2015\/tempodetector2016_default":214.29,"davies2009\/mirex_qm_tempotracker":191.406,"percival2014\/stem":160.247,"schreiber2014\/default":171.90814,"schreiber2017\/ismir2017":160.00073,"schreiber2017\/mirex2017":160.00073,"schreiber2018\/cnn":216.0,"schreiber2018\/fcn":201.0,"schreiber2018\/ismir2018":186.0},"Avg":{"boeck2015\/tempodetector2016_default":112.4902259036,"davies2009\/mirex_qm_tempotracker":115.4566081325,"percival2014\/stem":106.5882754518,"schreiber2014\/default":112.053730262,"schreiber2017\/ismir2017":120.1394473012,"schreiber2017\/mirex2017":120.1394473012,"schreiber2018\/cnn":135.2530120482,"schreiber2018\/fcn":138.375,"schreiber2018\/ismir2018":129.6581325301},"Stdev":{"boeck2015\/tempodetector2016_default":37.3437133423,"davies2009\/mirex_qm_tempotracker":27.0896977041,"percival2014\/stem":27.2162815858,"schreiber2014\/default":27.0056668441,"schreiber2017\/ismir2017":24.0479042064,"schreiber2017\/mirex2017":24.0479042064,"schreiber2018\/cnn":27.2361189402,"schreiber2018\/fcn":26.854606156,"schreiber2018\/ismir2018":26.9622773207},"Sweet Oct. Start":{"boeck2015\/tempodetector2016_default":74.0,"davies2009\/mirex_qm_tempotracker":84.0,"percival2014\/stem":75.0,"schreiber2014\/default":78.0,"schreiber2017\/ismir2017":81.0,"schreiber2017\/mirex2017":81.0,"schreiber2018\/cnn":90.0,"schreiber2018\/fcn":90.0,"schreiber2018\/ismir2018":89.0},"Sweet Oct. Coverage":{"boeck2015\/tempodetector2016_default":0.6987951807,"davies2009\/mirex_qm_tempotracker":0.890060241,"percival2014\/stem":0.8509036145,"schreiber2014\/default":0.8734939759,"schreiber2017\/ismir2017":0.9969879518,"schreiber2017\/mirex2017":0.9969879518,"schreiber2018\/cnn":0.8810240964,"schreiber2018\/fcn":0.9036144578,"schreiber2018\/ismir2018":0.843373494}}