{"boeck2015\/tempodetector2016_default":{"boeck2015\/tempodetector2016_default":1.0,"boeck2019\/multi_task":0.0000000039,"boeck2019\/multi_task_hjdb":1.32850518e-21,"davies2009\/mirex_qm_tempotracker":0.0001793534,"percival2014\/stem":0.1738243004,"schreiber2014\/default":0.0967554173,"schreiber2017\/ismir2017":0.0000000194,"schreiber2017\/mirex2017":1.038295131e-35,"schreiber2018\/cnn":5.523405238e-41,"schreiber2018\/fcn":2.497851499e-48,"schreiber2018\/ismir2018":6.162075851e-28},"boeck2019\/multi_task":{"boeck2015\/tempodetector2016_default":0.0000000039,"boeck2019\/multi_task":1.0,"boeck2019\/multi_task_hjdb":0.0,"davies2009\/mirex_qm_tempotracker":0.0333951557,"percival2014\/stem":6.364487818e-25,"schreiber2014\/default":0.0000000043,"schreiber2017\/ismir2017":0.9491538205,"schreiber2017\/mirex2017":9.678089695e-23,"schreiber2018\/cnn":1.592825082e-26,"schreiber2018\/fcn":3.08063362e-34,"schreiber2018\/ismir2018":4.321019791e-17},"boeck2019\/multi_task_hjdb":{"boeck2015\/tempodetector2016_default":1.32850518e-21,"boeck2019\/multi_task":0.0,"boeck2019\/multi_task_hjdb":1.0,"davies2009\/mirex_qm_tempotracker":0.0000000014,"percival2014\/stem":3.574364127e-40,"schreiber2014\/default":2.804068938e-22,"schreiber2017\/ismir2017":0.0000004156,"schreiber2017\/mirex2017":0.0000000101,"schreiber2018\/cnn":0.0,"schreiber2018\/fcn":5.170218399e-20,"schreiber2018\/ismir2018":0.0001665179},"davies2009\/mirex_qm_tempotracker":{"boeck2015\/tempodetector2016_default":0.0001793534,"boeck2019\/multi_task":0.0333951557,"boeck2019\/multi_task_hjdb":0.0000000014,"davies2009\/mirex_qm_tempotracker":1.0,"percival2014\/stem":0.0000000005,"schreiber2014\/default":0.0085798219,"schreiber2017\/ismir2017":0.0370875268,"schreiber2017\/mirex2017":7.000849172e-27,"schreiber2018\/cnn":3.404919101e-34,"schreiber2018\/fcn":2.194949521e-41,"schreiber2018\/ismir2018":2.685754394e-19},"percival2014\/stem":{"boeck2015\/tempodetector2016_default":0.1738243004,"boeck2019\/multi_task":6.364487818e-25,"boeck2019\/multi_task_hjdb":3.574364127e-40,"davies2009\/mirex_qm_tempotracker":0.0000000005,"percival2014\/stem":1.0,"schreiber2014\/default":0.0000191614,"schreiber2017\/ismir2017":2.819172375e-20,"schreiber2017\/mirex2017":6.442775367e-59,"schreiber2018\/cnn":8.668025484e-63,"schreiber2018\/fcn":4.252497991e-72,"schreiber2018\/ismir2018":8.934144279e-53},"schreiber2014\/default":{"boeck2015\/tempodetector2016_default":0.0967554173,"boeck2019\/multi_task":0.0000000043,"boeck2019\/multi_task_hjdb":2.804068938e-22,"davies2009\/mirex_qm_tempotracker":0.0085798219,"percival2014\/stem":0.0000191614,"schreiber2014\/default":1.0,"schreiber2017\/ismir2017":0.0000001782,"schreiber2017\/mirex2017":2.087503334e-40,"schreiber2018\/cnn":4.570954621e-43,"schreiber2018\/fcn":6.310858494e-51,"schreiber2018\/ismir2018":3.39048111e-33},"schreiber2017\/ismir2017":{"boeck2015\/tempodetector2016_default":0.0000000194,"boeck2019\/multi_task":0.9491538205,"boeck2019\/multi_task_hjdb":0.0000004156,"davies2009\/mirex_qm_tempotracker":0.0370875268,"percival2014\/stem":2.819172375e-20,"schreiber2014\/default":0.0000001782,"schreiber2017\/ismir2017":1.0,"schreiber2017\/mirex2017":1.888573918e-25,"schreiber2018\/cnn":5.574921906e-28,"schreiber2018\/fcn":4.674246514e-34,"schreiber2018\/ismir2018":1.485946523e-16},"schreiber2017\/mirex2017":{"boeck2015\/tempodetector2016_default":1.038295131e-35,"boeck2019\/multi_task":9.678089695e-23,"boeck2019\/multi_task_hjdb":0.0000000101,"davies2009\/mirex_qm_tempotracker":7.000849172e-27,"percival2014\/stem":6.442775367e-59,"schreiber2014\/default":2.087503334e-40,"schreiber2017\/ismir2017":1.888573918e-25,"schreiber2017\/mirex2017":1.0,"schreiber2018\/cnn":0.0562744934,"schreiber2018\/fcn":0.0000043438,"schreiber2018\/ismir2018":0.0158674269},"schreiber2018\/cnn":{"boeck2015\/tempodetector2016_default":5.523405238e-41,"boeck2019\/multi_task":1.592825082e-26,"boeck2019\/multi_task_hjdb":0.0,"davies2009\/mirex_qm_tempotracker":3.404919101e-34,"percival2014\/stem":8.668025484e-63,"schreiber2014\/default":4.570954621e-43,"schreiber2017\/ismir2017":5.574921906e-28,"schreiber2017\/mirex2017":0.0562744934,"schreiber2018\/cnn":1.0,"schreiber2018\/fcn":0.0016619311,"schreiber2018\/ismir2018":0.0000060546},"schreiber2018\/fcn":{"boeck2015\/tempodetector2016_default":2.497851499e-48,"boeck2019\/multi_task":3.08063362e-34,"boeck2019\/multi_task_hjdb":5.170218399e-20,"davies2009\/mirex_qm_tempotracker":2.194949521e-41,"percival2014\/stem":4.252497991e-72,"schreiber2014\/default":6.310858494e-51,"schreiber2017\/ismir2017":4.674246514e-34,"schreiber2017\/mirex2017":0.0000043438,"schreiber2018\/cnn":0.0016619311,"schreiber2018\/fcn":1.0,"schreiber2018\/ismir2018":0.0},"schreiber2018\/ismir2018":{"boeck2015\/tempodetector2016_default":6.162075851e-28,"boeck2019\/multi_task":4.321019791e-17,"boeck2019\/multi_task_hjdb":0.0001665179,"davies2009\/mirex_qm_tempotracker":2.685754394e-19,"percival2014\/stem":8.934144279e-53,"schreiber2014\/default":3.39048111e-33,"schreiber2017\/ismir2017":1.485946523e-16,"schreiber2017\/mirex2017":0.0158674269,"schreiber2018\/cnn":0.0000060546,"schreiber2018\/fcn":0.0,"schreiber2018\/ismir2018":1.0}}