{"boeck2015\/tempodetector2016_default":{"boeck2015\/tempodetector2016_default":1.0,"davies2009\/mirex_qm_tempotracker":1.6824621e-61,"percival2014\/stem":0.0000329666,"schreiber2014\/default":2.238680423e-18,"schreiber2017\/ismir2017":5.072827059e-44,"schreiber2017\/mirex2017":1.036640468e-42,"schreiber2018\/cnn":3.695222232e-52,"schreiber2018\/fcn":6.805194191e-55,"schreiber2018\/ismir2018":4.297061036e-47},"davies2009\/mirex_qm_tempotracker":{"boeck2015\/tempodetector2016_default":1.6824621e-61,"davies2009\/mirex_qm_tempotracker":1.0,"percival2014\/stem":3.573652462e-51,"schreiber2014\/default":6.824547073e-30,"schreiber2017\/ismir2017":0.0000000096,"schreiber2017\/mirex2017":0.0000000003,"schreiber2018\/cnn":0.001192283,"schreiber2018\/fcn":0.0475774841,"schreiber2018\/ismir2018":0.0000033709},"percival2014\/stem":{"boeck2015\/tempodetector2016_default":0.0000329666,"davies2009\/mirex_qm_tempotracker":3.573652462e-51,"percival2014\/stem":1.0,"schreiber2014\/default":0.0000000016,"schreiber2017\/ismir2017":1.005373917e-37,"schreiber2017\/mirex2017":2.643159046e-36,"schreiber2018\/cnn":7.819783379e-37,"schreiber2018\/fcn":1.594839319e-41,"schreiber2018\/ismir2018":3.555107774e-36},"schreiber2014\/default":{"boeck2015\/tempodetector2016_default":2.238680423e-18,"davies2009\/mirex_qm_tempotracker":6.824547073e-30,"percival2014\/stem":0.0000000016,"schreiber2014\/default":1.0,"schreiber2017\/ismir2017":8.33461689e-17,"schreiber2017\/mirex2017":0.0,"schreiber2018\/cnn":4.390526213e-18,"schreiber2018\/fcn":6.94856808e-21,"schreiber2018\/ismir2018":4.4046761e-16},"schreiber2017\/ismir2017":{"boeck2015\/tempodetector2016_default":5.072827059e-44,"davies2009\/mirex_qm_tempotracker":0.0000000096,"percival2014\/stem":1.005373917e-37,"schreiber2014\/default":8.33461689e-17,"schreiber2017\/ismir2017":1.0,"schreiber2017\/mirex2017":0.0252838428,"schreiber2018\/cnn":0.1154690118,"schreiber2018\/fcn":0.0090444601,"schreiber2018\/ismir2018":0.6983584812},"schreiber2017\/mirex2017":{"boeck2015\/tempodetector2016_default":1.036640468e-42,"davies2009\/mirex_qm_tempotracker":0.0000000003,"percival2014\/stem":2.643159046e-36,"schreiber2014\/default":0.0,"schreiber2017\/ismir2017":0.0252838428,"schreiber2017\/mirex2017":1.0,"schreiber2018\/cnn":0.0325180531,"schreiber2018\/fcn":0.0015104379,"schreiber2018\/ismir2018":0.3124208385},"schreiber2018\/cnn":{"boeck2015\/tempodetector2016_default":3.695222232e-52,"davies2009\/mirex_qm_tempotracker":0.001192283,"percival2014\/stem":7.819783379e-37,"schreiber2014\/default":4.390526213e-18,"schreiber2017\/ismir2017":0.1154690118,"schreiber2017\/mirex2017":0.0325180531,"schreiber2018\/cnn":1.0,"schreiber2018\/fcn":0.080772706,"schreiber2018\/ismir2018":0.0990271459},"schreiber2018\/fcn":{"boeck2015\/tempodetector2016_default":6.805194191e-55,"davies2009\/mirex_qm_tempotracker":0.0475774841,"percival2014\/stem":1.594839319e-41,"schreiber2014\/default":6.94856808e-21,"schreiber2017\/ismir2017":0.0090444601,"schreiber2017\/mirex2017":0.0015104379,"schreiber2018\/cnn":0.080772706,"schreiber2018\/fcn":1.0,"schreiber2018\/ismir2018":0.0008534234},"schreiber2018\/ismir2018":{"boeck2015\/tempodetector2016_default":4.297061036e-47,"davies2009\/mirex_qm_tempotracker":0.0000033709,"percival2014\/stem":3.555107774e-36,"schreiber2014\/default":4.4046761e-16,"schreiber2017\/ismir2017":0.6983584812,"schreiber2017\/mirex2017":0.3124208385,"schreiber2018\/cnn":0.0990271459,"schreiber2018\/fcn":0.0008534234,"schreiber2018\/ismir2018":1.0}}