Estimator,boeck2015/tempodetector2016_default,davies2009/mirex_qm_tempotracker,percival2014/stem,schreiber2014/default,schreiber2017/ismir2017,schreiber2017/mirex2017,schreiber2018/cnn,schreiber2018/fcn,schreiber2018/ismir2018
boeck2015/tempodetector2016_default,1.0,3.6950003355440376e-09,0.023763364413430545,5.42340079956507e-09,8.183490134475067e-15,2.063386801018596e-15,5.218224507554529e-37,1.3530435792040124e-35,3.35456882403542e-29
davies2009/mirex_qm_tempotracker,3.6950003355440376e-09,1.0,1.377526685813072e-05,0.7495485048794944,0.0017618720029406237,0.0007645817391550474,1.4454106072298383e-24,1.5520595483907536e-22,2.5812862792321847e-16
percival2014/stem,0.023763364413430545,1.377526685813072e-05,1.0,9.191392031726621e-06,5.248344868916289e-12,9.83657148531146e-13,6.095578646745771e-36,5.550768603056697e-35,3.6313391817486325e-29
schreiber2014/default,5.42340079956507e-09,0.7495485048794944,9.191392031726621e-06,1.0,0.002609839417260355,0.0012503549718006987,7.290949803013336e-21,3.194277354377698e-19,1.3865723932093634e-14
schreiber2017/ismir2017,8.183490134475067e-15,0.0017618720029406237,5.248344868916289e-12,0.002609839417260355,1.0,0.625,1.2361586946455694e-17,1.904346946456813e-14,3.108521862394648e-10
schreiber2017/mirex2017,2.063386801018596e-15,0.0007645817391550474,9.83657148531146e-13,0.0012503549718006987,0.625,1.0,4.144248005348918e-17,2.775387682522505e-14,4.6446053760977145e-10
schreiber2018/cnn,5.218224507554529e-37,1.4454106072298383e-24,6.095578646745771e-36,7.290949803013336e-21,1.2361586946455694e-17,4.144248005348918e-17,1.0,0.8776143287523163,0.00024708778460080783
schreiber2018/fcn,1.3530435792040124e-35,1.5520595483907536e-22,5.550768603056697e-35,3.194277354377698e-19,1.904346946456813e-14,2.775387682522505e-14,0.8776143287523163,1.0,0.001088538206474253
schreiber2018/ismir2018,3.35456882403542e-29,2.5812862792321847e-16,3.6313391817486325e-29,1.3865723932093634e-14,3.108521862394648e-10,4.6446053760977145e-10,0.00024708778460080783,0.001088538206474253,1.0
