{"AOE1_MEAN":{"schreiber2018\/fcn":0.150399806,"schreiber2018\/cnn":0.1730946146,"schreiber2018\/ismir2018":0.2032344204,"schreiber2017\/mirex2017":0.3023515057,"schreiber2017\/ismir2017":0.3023515057,"schreiber2014\/default":0.3588799348,"boeck2015\/tempodetector2016_default":0.4129187771,"percival2014\/stem":0.4277762126,"davies2009\/mirex_qm_tempotracker":0.4661818509},"AOE1_STDEV":{"schreiber2018\/fcn":0.3342054715,"schreiber2018\/cnn":0.3507810586,"schreiber2018\/ismir2018":0.3790000689,"schreiber2017\/mirex2017":0.440619629,"schreiber2017\/ismir2017":0.440619629,"schreiber2014\/default":0.454612553,"boeck2015\/tempodetector2016_default":0.5605643041,"percival2014\/stem":0.476495977,"davies2009\/mirex_qm_tempotracker":0.348386337},"AOE2_MEAN":{"schreiber2018\/fcn":0.0275357841,"schreiber2018\/cnn":0.0319141263,"schreiber2018\/ismir2018":0.0294550278,"schreiber2017\/mirex2017":0.0323205456,"schreiber2017\/ismir2017":0.0323205456,"schreiber2014\/default":0.0386052792,"boeck2015\/tempodetector2016_default":0.0469652894,"percival2014\/stem":0.0342378778,"davies2009\/mirex_qm_tempotracker":0.2141105461},"AOE2_STDEV":{"schreiber2018\/fcn":0.0829905956,"schreiber2018\/cnn":0.0929538745,"schreiber2018\/ismir2018":0.0869722521,"schreiber2017\/mirex2017":0.0932347041,"schreiber2017\/ismir2017":0.0932347041,"schreiber2014\/default":0.1018568322,"boeck2015\/tempodetector2016_default":0.1107892021,"percival2014\/stem":0.0951579047,"davies2009\/mirex_qm_tempotracker":0.1946453907}}