{"Size":{"boeck2015\/tempodetector2016_default":1485,"davies2009\/mirex_qm_tempotracker":1485,"percival2014\/stem":1485,"schreiber2014\/default":1485,"schreiber2017\/ismir2017":1485,"schreiber2017\/mirex2017":1485,"schreiber2018\/cnn":1485,"schreiber2018\/fcn":1485,"schreiber2018\/ismir2018":1485},"Min":{"boeck2015\/tempodetector2016_default":41.67,"davies2009\/mirex_qm_tempotracker":63.024,"percival2014\/stem":56.9473,"schreiber2014\/default":59.004707,"schreiber2017\/ismir2017":44.869602,"schreiber2017\/mirex2017":42.247612,"schreiber2018\/cnn":60.0,"schreiber2018\/fcn":52.0,"schreiber2018\/ismir2018":60.0},"Max":{"boeck2015\/tempodetector2016_default":230.77,"davies2009\/mirex_qm_tempotracker":198.768,"percival2014\/stem":160.247,"schreiber2014\/default":174.98357,"schreiber2017\/ismir2017":160.00073,"schreiber2017\/mirex2017":160.00073,"schreiber2018\/cnn":195.0,"schreiber2018\/fcn":237.0,"schreiber2018\/ismir2018":186.0},"Avg":{"boeck2015\/tempodetector2016_default":111.3921885522,"davies2009\/mirex_qm_tempotracker":128.0871624242,"percival2014\/stem":114.1919409428,"schreiber2014\/default":119.7843237515,"schreiber2017\/ismir2017":124.4364986047,"schreiber2017\/mirex2017":124.1582557306,"schreiber2018\/cnn":126.5218855219,"schreiber2018\/fcn":127.7434343434,"schreiber2018\/ismir2018":125.2484848485},"Stdev":{"boeck2015\/tempodetector2016_default":31.5137215011,"davies2009\/mirex_qm_tempotracker":19.027378232,"percival2014\/stem":23.9171918704,"schreiber2014\/default":21.6911105685,"schreiber2017\/ismir2017":18.3404788085,"schreiber2017\/mirex2017":18.5985514417,"schreiber2018\/cnn":21.0363973297,"schreiber2018\/fcn":21.3381712639,"schreiber2018\/ismir2018":20.3018878514},"Sweet Oct. Start":{"boeck2015\/tempodetector2016_default":72.0,"davies2009\/mirex_qm_tempotracker":84.0,"percival2014\/stem":72.0,"schreiber2014\/default":75.0,"schreiber2017\/ismir2017":81.0,"schreiber2017\/mirex2017":81.0,"schreiber2018\/cnn":88.0,"schreiber2018\/fcn":90.0,"schreiber2018\/ismir2018":77.0},"Sweet Oct. Coverage":{"boeck2015\/tempodetector2016_default":0.7353535354,"davies2009\/mirex_qm_tempotracker":0.9575757576,"percival2014\/stem":0.8936026936,"schreiber2014\/default":0.9265993266,"schreiber2017\/ismir2017":0.9831649832,"schreiber2017\/mirex2017":0.9791245791,"schreiber2018\/cnn":0.9218855219,"schreiber2018\/fcn":0.9252525253,"schreiber2018\/ismir2018":0.9346801347}}