{"trance":{"boeck2015\/tempodetector2016_default":0.972972973,"boeck2019\/multi_task":0.972972973,"boeck2019\/multi_task_hjdb":0.9864864865,"boeck2020\/dar":0.9864864865,"davies2009\/mirex_qm_tempotracker":0.2297297297,"percival2014\/stem":0.972972973,"schreiber2014\/default":0.9054054054,"schreiber2017\/ismir2017":0.972972973,"schreiber2017\/mirex2017":0.972972973,"schreiber2018\/cnn":0.9864864865,"schreiber2018\/fcn":0.972972973,"schreiber2018\/ismir2018":0.9864864865,"sun2021\/default":0.9864864865},"techno":{"boeck2015\/tempodetector2016_default":0.8196721311,"boeck2019\/multi_task":0.7868852459,"boeck2019\/multi_task_hjdb":0.8032786885,"boeck2020\/dar":0.7540983607,"davies2009\/mirex_qm_tempotracker":0.5573770492,"percival2014\/stem":0.7213114754,"schreiber2014\/default":0.8032786885,"schreiber2017\/ismir2017":0.7540983607,"schreiber2017\/mirex2017":0.7704918033,"schreiber2018\/cnn":0.7868852459,"schreiber2018\/fcn":0.8032786885,"schreiber2018\/ismir2018":0.7868852459,"sun2021\/default":0.8196721311},"tech-house":{"boeck2015\/tempodetector2016_default":0.9090909091,"boeck2019\/multi_task":0.9090909091,"boeck2019\/multi_task_hjdb":0.8636363636,"boeck2020\/dar":0.9090909091,"davies2009\/mirex_qm_tempotracker":0.6363636364,"percival2014\/stem":0.9090909091,"schreiber2014\/default":0.9090909091,"schreiber2017\/ismir2017":0.9090909091,"schreiber2017\/mirex2017":0.9090909091,"schreiber2018\/cnn":0.9090909091,"schreiber2018\/fcn":0.9090909091,"schreiber2018\/ismir2018":0.9090909091,"sun2021\/default":0.9090909091},"reggae-dub":{"boeck2015\/tempodetector2016_default":1.0,"boeck2019\/multi_task":1.0,"boeck2019\/multi_task_hjdb":1.0,"boeck2020\/dar":1.0,"davies2009\/mirex_qm_tempotracker":0.5,"percival2014\/stem":0.5,"schreiber2014\/default":1.0,"schreiber2017\/ismir2017":1.0,"schreiber2017\/mirex2017":1.0,"schreiber2018\/cnn":0.5,"schreiber2018\/fcn":1.0,"schreiber2018\/ismir2018":1.0,"sun2021\/default":1.0},"psy-trance":{"boeck2015\/tempodetector2016_default":0.8823529412,"boeck2019\/multi_task":0.8529411765,"boeck2019\/multi_task_hjdb":0.8823529412,"boeck2020\/dar":0.8529411765,"davies2009\/mirex_qm_tempotracker":0.3235294118,"percival2014\/stem":0.8529411765,"schreiber2014\/default":0.8529411765,"schreiber2017\/ismir2017":0.8529411765,"schreiber2017\/mirex2017":0.8529411765,"schreiber2018\/cnn":0.8529411765,"schreiber2018\/fcn":0.8529411765,"schreiber2018\/ismir2018":0.8529411765,"sun2021\/default":0.8529411765},"progressive-house":{"boeck2015\/tempodetector2016_default":0.9473684211,"boeck2019\/multi_task":0.8947368421,"boeck2019\/multi_task_hjdb":0.8947368421,"boeck2020\/dar":0.8947368421,"davies2009\/mirex_qm_tempotracker":0.6315789474,"percival2014\/stem":0.8421052632,"schreiber2014\/default":0.9473684211,"schreiber2017\/ismir2017":0.9473684211,"schreiber2017\/mirex2017":0.9473684211,"schreiber2018\/cnn":0.8947368421,"schreiber2018\/fcn":0.8947368421,"schreiber2018\/ismir2018":0.9473684211,"sun2021\/default":0.8947368421},"pop-rock":{"boeck2015\/tempodetector2016_default":0.6666666667,"boeck2019\/multi_task":0.6666666667,"boeck2019\/multi_task_hjdb":0.6666666667,"boeck2020\/dar":0.6666666667,"davies2009\/mirex_qm_tempotracker":0.6666666667,"percival2014\/stem":0.6666666667,"schreiber2014\/default":0.6666666667,"schreiber2017\/ismir2017":0.6666666667,"schreiber2017\/mirex2017":0.6666666667,"schreiber2018\/cnn":0.6666666667,"schreiber2018\/fcn":0.6666666667,"schreiber2018\/ismir2018":0.6666666667,"sun2021\/default":0.6666666667},"minimal":{"boeck2015\/tempodetector2016_default":0.75,"boeck2019\/multi_task":0.75,"boeck2019\/multi_task_hjdb":0.75,"boeck2020\/dar":0.75,"davies2009\/mirex_qm_tempotracker":0.625,"percival2014\/stem":0.625,"schreiber2014\/default":0.75,"schreiber2017\/ismir2017":0.75,"schreiber2017\/mirex2017":0.75,"schreiber2018\/cnn":0.625,"schreiber2018\/fcn":0.75,"schreiber2018\/ismir2018":0.75,"sun2021\/default":0.75},"indie-dance-nu-disco":{"boeck2015\/tempodetector2016_default":0.9090909091,"boeck2019\/multi_task":0.9090909091,"boeck2019\/multi_task_hjdb":0.9090909091,"boeck2020\/dar":0.9090909091,"davies2009\/mirex_qm_tempotracker":0.5454545455,"percival2014\/stem":0.9090909091,"schreiber2014\/default":0.9090909091,"schreiber2017\/ismir2017":0.9090909091,"schreiber2017\/mirex2017":0.9090909091,"schreiber2018\/cnn":0.9090909091,"schreiber2018\/fcn":0.9090909091,"schreiber2018\/ismir2018":0.9090909091,"sun2021\/default":0.9090909091},"house":{"boeck2015\/tempodetector2016_default":0.8260869565,"boeck2019\/multi_task":0.8260869565,"boeck2019\/multi_task_hjdb":0.8260869565,"boeck2020\/dar":0.8260869565,"davies2009\/mirex_qm_tempotracker":0.6086956522,"percival2014\/stem":0.8260869565,"schreiber2014\/default":0.6956521739,"schreiber2017\/ismir2017":0.7826086957,"schreiber2017\/mirex2017":0.7826086957,"schreiber2018\/cnn":0.8260869565,"schreiber2018\/fcn":0.8260869565,"schreiber2018\/ismir2018":0.8260869565,"sun2021\/default":0.8260869565},"hip-hop":{"boeck2015\/tempodetector2016_default":1.0,"boeck2019\/multi_task":1.0,"boeck2019\/multi_task_hjdb":1.0,"boeck2020\/dar":1.0,"davies2009\/mirex_qm_tempotracker":0.0,"percival2014\/stem":1.0,"schreiber2014\/default":1.0,"schreiber2017\/ismir2017":1.0,"schreiber2017\/mirex2017":1.0,"schreiber2018\/cnn":1.0,"schreiber2018\/fcn":1.0,"schreiber2018\/ismir2018":1.0,"sun2021\/default":1.0},"hardcore-hard-techno":{"boeck2015\/tempodetector2016_default":0.9285714286,"boeck2019\/multi_task":0.9285714286,"boeck2019\/multi_task_hjdb":0.9285714286,"boeck2020\/dar":0.9285714286,"davies2009\/mirex_qm_tempotracker":0.3571428571,"percival2014\/stem":0.9285714286,"schreiber2014\/default":0.7142857143,"schreiber2017\/ismir2017":0.8571428571,"schreiber2017\/mirex2017":0.8571428571,"schreiber2018\/cnn":0.9285714286,"schreiber2018\/fcn":0.9285714286,"schreiber2018\/ismir2018":0.9285714286,"sun2021\/default":0.9285714286},"hard-dance":{"boeck2015\/tempodetector2016_default":0.625,"boeck2019\/multi_task":0.625,"boeck2019\/multi_task_hjdb":0.625,"boeck2020\/dar":0.625,"davies2009\/mirex_qm_tempotracker":0.125,"percival2014\/stem":0.625,"schreiber2014\/default":0.75,"schreiber2017\/ismir2017":0.625,"schreiber2017\/mirex2017":0.625,"schreiber2018\/cnn":0.625,"schreiber2018\/fcn":0.625,"schreiber2018\/ismir2018":0.625,"sun2021\/default":0.75},"glitch-hop":{"boeck2015\/tempodetector2016_default":0.8823529412,"boeck2019\/multi_task":0.8823529412,"boeck2019\/multi_task_hjdb":0.8823529412,"boeck2020\/dar":0.9411764706,"davies2009\/mirex_qm_tempotracker":0.5294117647,"percival2014\/stem":0.8823529412,"schreiber2014\/default":0.9411764706,"schreiber2017\/ismir2017":0.8823529412,"schreiber2017\/mirex2017":0.8823529412,"schreiber2018\/cnn":0.8823529412,"schreiber2018\/fcn":0.8823529412,"schreiber2018\/ismir2018":0.8823529412,"sun2021\/default":0.8823529412},"funk-r-and-b":{"boeck2015\/tempodetector2016_default":1.0,"boeck2019\/multi_task":1.0,"boeck2019\/multi_task_hjdb":1.0,"boeck2020\/dar":1.0,"davies2009\/mirex_qm_tempotracker":1.0,"percival2014\/stem":1.0,"schreiber2014\/default":1.0,"schreiber2017\/ismir2017":1.0,"schreiber2017\/mirex2017":1.0,"schreiber2018\/cnn":1.0,"schreiber2018\/fcn":1.0,"schreiber2018\/ismir2018":1.0,"sun2021\/default":1.0},"electronica":{"boeck2015\/tempodetector2016_default":0.8333333333,"boeck2019\/multi_task":0.8333333333,"boeck2019\/multi_task_hjdb":0.8333333333,"boeck2020\/dar":0.8518518519,"davies2009\/mirex_qm_tempotracker":0.4259259259,"percival2014\/stem":0.8703703704,"schreiber2014\/default":0.8888888889,"schreiber2017\/ismir2017":0.8888888889,"schreiber2017\/mirex2017":0.9074074074,"schreiber2018\/cnn":0.8888888889,"schreiber2018\/fcn":0.9444444444,"schreiber2018\/ismir2018":0.9074074074,"sun2021\/default":0.9259259259},"electro-house":{"boeck2015\/tempodetector2016_default":0.8181818182,"boeck2019\/multi_task":0.8636363636,"boeck2019\/multi_task_hjdb":0.8636363636,"boeck2020\/dar":0.8636363636,"davies2009\/mirex_qm_tempotracker":0.5454545455,"percival2014\/stem":0.7727272727,