{"boeck2015\/tempodetector2016_default":{"boeck2015\/tempodetector2016_default":1.0,"davies2009\/mirex_qm_tempotracker":0.0000000037,"percival2014\/stem":0.0237633644,"schreiber2014\/default":0.0000000054,"schreiber2017\/ismir2017":0.0,"schreiber2017\/mirex2017":0.0,"schreiber2018\/cnn":5.218224508e-37,"schreiber2018\/fcn":1.353043579e-35,"schreiber2018\/ismir2018":3.354568824e-29},"davies2009\/mirex_qm_tempotracker":{"boeck2015\/tempodetector2016_default":0.0000000037,"davies2009\/mirex_qm_tempotracker":1.0,"percival2014\/stem":0.0000137753,"schreiber2014\/default":0.7495485049,"schreiber2017\/ismir2017":0.001761872,"schreiber2017\/mirex2017":0.0007645817,"schreiber2018\/cnn":1.445410607e-24,"schreiber2018\/fcn":1.552059548e-22,"schreiber2018\/ismir2018":2.581286279e-16},"percival2014\/stem":{"boeck2015\/tempodetector2016_default":0.0237633644,"davies2009\/mirex_qm_tempotracker":0.0000137753,"percival2014\/stem":1.0,"schreiber2014\/default":0.0000091914,"schreiber2017\/ismir2017":0.0,"schreiber2017\/mirex2017":0.0,"schreiber2018\/cnn":6.095578647e-36,"schreiber2018\/fcn":5.550768603e-35,"schreiber2018\/ismir2018":3.631339182e-29},"schreiber2014\/default":{"boeck2015\/tempodetector2016_default":0.0000000054,"davies2009\/mirex_qm_tempotracker":0.7495485049,"percival2014\/stem":0.0000091914,"schreiber2014\/default":1.0,"schreiber2017\/ismir2017":0.0026098394,"schreiber2017\/mirex2017":0.001250355,"schreiber2018\/cnn":7.290949803e-21,"schreiber2018\/fcn":3.194277354e-19,"schreiber2018\/ismir2018":0.0},"schreiber2017\/ismir2017":{"boeck2015\/tempodetector2016_default":0.0,"davies2009\/mirex_qm_tempotracker":0.001761872,"percival2014\/stem":0.0,"schreiber2014\/default":0.0026098394,"schreiber2017\/ismir2017":1.0,"schreiber2017\/mirex2017":0.625,"schreiber2018\/cnn":1.236158695e-17,"schreiber2018\/fcn":0.0,"schreiber2018\/ismir2018":0.0000000003},"schreiber2017\/mirex2017":{"boeck2015\/tempodetector2016_default":0.0,"davies2009\/mirex_qm_tempotracker":0.0007645817,"percival2014\/stem":0.0,"schreiber2014\/default":0.001250355,"schreiber2017\/ismir2017":0.625,"schreiber2017\/mirex2017":1.0,"schreiber2018\/cnn":4.144248005e-17,"schreiber2018\/fcn":0.0,"schreiber2018\/ismir2018":0.0000000005},"schreiber2018\/cnn":{"boeck2015\/tempodetector2016_default":5.218224508e-37,"davies2009\/mirex_qm_tempotracker":1.445410607e-24,"percival2014\/stem":6.095578647e-36,"schreiber2014\/default":7.290949803e-21,"schreiber2017\/ismir2017":1.236158695e-17,"schreiber2017\/mirex2017":4.144248005e-17,"schreiber2018\/cnn":1.0,"schreiber2018\/fcn":0.8776143288,"schreiber2018\/ismir2018":0.0002470878},"schreiber2018\/fcn":{"boeck2015\/tempodetector2016_default":1.353043579e-35,"davies2009\/mirex_qm_tempotracker":1.552059548e-22,"percival2014\/stem":5.550768603e-35,"schreiber2014\/default":3.194277354e-19,"schreiber2017\/ismir2017":0.0,"schreiber2017\/mirex2017":0.0,"schreiber2018\/cnn":0.8776143288,"schreiber2018\/fcn":1.0,"schreiber2018\/ismir2018":0.0010885382},"schreiber2018\/ismir2018":{"boeck2015\/tempodetector2016_default":3.354568824e-29,"davies2009\/mirex_qm_tempotracker":2.581286279e-16,"percival2014\/stem":3.631339182e-29,"schreiber2014\/default":0.0,"schreiber2017\/ismir2017":0.0000000003,"schreiber2017\/mirex2017":0.0000000005,"schreiber2018\/cnn":0.0002470878,"schreiber2018\/fcn":0.0010885382,"schreiber2018\/ismir2018":1.0}}