{"OE1_MEAN":{"schreiber2018\/fcn":-0.0019922501,"boeck2020\/dar":-0.0520058862,"sun2021\/default":0.0035189668,"schreiber2018\/cnn":-0.0388190044,"schreiber2017\/mirex2017":-0.0676009774,"schreiber2018\/ismir2018":-0.102183928,"boeck2019\/multi_task_hjdb":-0.1595975494,"boeck2019\/multi_task":-0.2357967077,"schreiber2017\/ismir2017":-0.2366950482,"davies2009\/mirex_qm_tempotracker":-0.2755343317,"percival2014\/stem":-0.3978470111,"schreiber2014\/default":-0.3238523314,"boeck2015\/tempodetector2016_default":-0.3658170905},"OE1_STDEV":{"schreiber2018\/fcn":0.2935424599,"boeck2020\/dar":0.3224452131,"sun2021\/default":0.3269373545,"schreiber2018\/cnn":0.3414448769,"schreiber2017\/mirex2017":0.3735260197,"schreiber2018\/ismir2018":0.3832654394,"boeck2019\/multi_task_hjdb":0.4231154652,"boeck2019\/multi_task":0.4675681376,"schreiber2017\/ismir2017":0.4708739241,"davies2009\/mirex_qm_tempotracker":0.4871425395,"percival2014\/stem":0.4935936674,"schreiber2014\/default":0.4941423635,"boeck2015\/tempodetector2016_default":0.5810865364},"OE2_MEAN":{"schreiber2018\/fcn":0.0010334686,"boeck2020\/dar":-0.0018244565,"sun2021\/default":-0.0019045771,"schreiber2018\/cnn":0.0005153375,"schreiber2017\/mirex2017":-0.0040608866,"schreiber2018\/ismir2018":-0.0008223546,"boeck2019\/multi_task_hjdb":0.00770194,"boeck2019\/multi_task":0.0056328876,"schreiber2017\/ismir2017":-0.0037147153,"davies2009\/mirex_qm_tempotracker":0.1804642121,"percival2014\/stem":0.0121378603,"schreiber2014\/default":-0.0046390183,"boeck2015\/tempodetector2016_default":-0.0119763567},"OE2_STDEV":{"schreiber2018\/fcn":0.0465434359,"boeck2020\/dar":0.0587544314,"sun2021\/default":0.0422688623,"schreiber2018\/cnn":0.056776089,"schreiber2017\/mirex2017":0.0648347768,"schreiber2018\/ismir2018":0.0540904197,"boeck2019\/multi_task_hjdb":0.0658735898,"boeck2019\/multi_task":0.0682224381,"schreiber2017\/ismir2017":0.0691363616,"davies2009\/mirex_qm_tempotracker":0.2200156255,"percival2014\/stem":0.0723499102,"schreiber2014\/default":0.0874142817,"boeck2015\/tempodetector2016_default":0.0919717582}}