{"AOE1_MEAN":{"schreiber2018\/fcn":0.0967696259,"schreiber2018\/cnn":0.1298693011,"schreiber2018\/ismir2018":0.1683423963,"schreiber2017\/mirex2017":0.273133048,"schreiber2017\/ismir2017":0.273133048,"schreiber2014\/default":0.3661874588,"boeck2015\/tempodetector2016_default":0.3974401587,"percival2014\/stem":0.4156117159,"davies2009\/mirex_qm_tempotracker":0.4325307074},"AOE1_STDEV":{"schreiber2018\/fcn":0.2771403694,"schreiber2018\/cnn":0.3181595255,"schreiber2018\/ismir2018":0.3591584466,"schreiber2017\/mirex2017":0.4292191318,"schreiber2017\/ismir2017":0.4292191318,"schreiber2014\/default":0.463641837,"boeck2015\/tempodetector2016_default":0.5599330555,"percival2014\/stem":0.4787315055,"davies2009\/mirex_qm_tempotracker":0.3551678601},"AOE2_MEAN":{"schreiber2018\/fcn":0.0134814073,"schreiber2018\/cnn":0.0159051032,"schreiber2018\/ismir2018":0.0153951475,"schreiber2017\/mirex2017":0.0206736113,"schreiber2017\/ismir2017":0.0206736113,"schreiber2014\/default":0.0286667476,"boeck2015\/tempodetector2016_default":0.0302196117,"percival2014\/stem":0.0217299232,"davies2009\/mirex_qm_tempotracker":0.2026336799},"AOE2_STDEV":{"schreiber2018\/fcn":0.0445601968,"schreiber2018\/cnn":0.0545052067,"schreiber2018\/ismir2018":0.0518598033,"schreiber2017\/mirex2017":0.0660775104,"schreiber2017\/ismir2017":0.0660775104,"schreiber2014\/default":0.082710306,"boeck2015\/tempodetector2016_default":0.0876870144,"percival2014\/stem":0.0700688775,"davies2009\/mirex_qm_tempotracker":0.1997843815}}