Reference,Size,Min,Max,Avg,Stdev,Sweet Oct. Start,Sweet Oct. Coverage
1.0,1157,52.0,198.0,124.91875540190146,23.20012906776715,90.0,0.891961970613656
