{"boeck2015\/tempodetector2016_default":{"boeck2015\/tempodetector2016_default":1.0,"boeck2019\/multi_task":0.0243065101,"boeck2019\/multi_task_hjdb":0.0243065101,"boeck2020\/dar":0.0013187272,"davies2009\/mirex_qm_tempotracker":7.124254208e-69,"percival2014\/stem":0.0724542602,"schreiber2014\/default":0.50440376,"schreiber2017\/ismir2017":0.1433066543,"schreiber2017\/mirex2017":0.0532519141,"schreiber2018\/cnn":0.0002940769,"schreiber2018\/fcn":0.0000061649,"schreiber2018\/ismir2018":0.0001910764},"boeck2019\/multi_task":{"boeck2015\/tempodetector2016_default":0.0243065101,"boeck2019\/multi_task":1.0,"boeck2019\/multi_task_hjdb":1.0,"boeck2020\/dar":0.2265625,"davies2009\/mirex_qm_tempotracker":4.616715713e-84,"percival2014\/stem":1.0,"schreiber2014\/default":0.0045338616,"schreiber2017\/ismir2017":0.5234670639,"schreiber2017\/mirex2017":1.0,"schreiber2018\/cnn":0.0783538818,"schreiber2018\/fcn":0.0075378418,"schreiber2018\/ismir2018":0.0783538818},"boeck2019\/multi_task_hjdb":{"boeck2015\/tempodetector2016_default":0.0243065101,"boeck2019\/multi_task":1.0,"boeck2019\/multi_task_hjdb":1.0,"boeck2020\/dar":0.2265625,"davies2009\/mirex_qm_tempotracker":4.086955628e-81,"percival2014\/stem":1.0,"schreiber2014\/default":0.0045338616,"schreiber2017\/ismir2017":0.5234670639,"schreiber2017\/mirex2017":1.0,"schreiber2018\/cnn":0.0783538818,"schreiber2018\/fcn":0.0075378418,"schreiber2018\/ismir2018":0.0635681152},"boeck2020\/dar":{"boeck2015\/tempodetector2016_default":0.0013187272,"boeck2019\/multi_task":0.2265625,"boeck2019\/multi_task_hjdb":0.2265625,"boeck2020\/dar":1.0,"davies2009\/mirex_qm_tempotracker":1.34437716e-82,"percival2014\/stem":0.3615946081,"schreiber2014\/default":0.0001701552,"schreiber2017\/ismir2017":0.0783538818,"schreiber2017\/mirex2017":0.2862787247,"schreiber2018\/cnn":0.5034446716,"schreiber2018\/fcn":0.1434631348,"schreiber2018\/ismir2018":0.480682373},"davies2009\/mirex_qm_tempotracker":{"boeck2015\/tempodetector2016_default":7.124254208e-69,"boeck2019\/multi_task":4.616715713e-84,"boeck2019\/multi_task_hjdb":4.086955628e-81,"boeck2020\/dar":1.34437716e-82,"davies2009\/mirex_qm_tempotracker":1.0,"percival2014\/stem":8.089648151e-81,"schreiber2014\/default":1.599071683e-61,"schreiber2017\/ismir2017":1.832081092e-73,"schreiber2017\/mirex2017":2.910160478e-75,"schreiber2018\/cnn":3.475952355e-85,"schreiber2018\/fcn":4.433009581e-86,"schreiber2018\/ismir2018":2.569609645e-81},"percival2014\/stem":{"boeck2015\/tempodetector2016_default":0.0724542602,"boeck2019\/multi_task":1.0,"boeck2019\/multi_task_hjdb":1.0,"boeck2020\/dar":0.3615946081,"davies2009\/mirex_qm_tempotracker":8.089648151e-81,"percival2014\/stem":1.0,"schreiber2014\/default":0.0126603358,"schreiber2017\/ismir2017":0.7283324809,"schreiber2017\/mirex2017":1.0,"schreiber2018\/cnn":0.0639146566,"schreiber2018\/fcn":0.0071973801,"schreiber2018\/ismir2018":0.0987371467},"schreiber2014\/default":{"boeck2015\/tempodetector2016_default":0.50440376,"boeck2019\/multi_task":0.0045338616,"boeck2019\/multi_task_hjdb":0.0045338616,"boeck2020\/dar":0.0001701552,"davies2009\/mirex_qm_tempotracker":1.599071683e-61,"percival2014\/stem":0.0126603358,"schreiber2014\/default":1.0,"schreiber2017\/ismir2017":0.0052228794,"schreiber2017\/mirex2017":0.0008779103,"schreiber2018\/cnn":0.000008963,"schreiber2018\/fcn":0.0000000668,"schreiber2018\/ismir2018":0.000008963},"schreiber2017\/ismir2017":{"boeck2015\/tempodetector2016_default":0.1433066543,"boeck2019\/multi_task":0.5234670639,"boeck2019\/multi_task_hjdb":0.5234670639,"boeck2020\/dar":0.0783538818,"davies2009\/mirex_qm_tempotracker":1.832081092e-73,"percival2014\/stem":0.7283324809,"schreiber2014\/default":0.0052228794,"schreiber2017\/ismir2017":1.0,"schreiber2017\/mirex2017":0.25,"schreiber2018\/cnn":0.0106220245,"schreiber2018\/fcn":0.0001449585,"schreiber2018\/ismir2018":0.0071973801},"schreiber2017\/mirex2017":{"boeck2015\/tempodetector2016_default":0.0532519141,"boeck2019\/multi_task":1.0,"boeck2019\/multi_task_hjdb":1.0,"boeck2020\/dar":0.2862787247,"davies2009\/mirex_qm_tempotracker":2.910160478e-75,"percival2014\/stem":1.0,"schreiber2014\/default":0.0008779103,"schreiber2017\/ismir2017":0.25,"schreiber2017\/mirex2017":1.0,"schreiber2018\/cnn":0.0413894653,"schreiber2018\/fcn":0.0009765625,"schreiber2018\/ismir2018":0.0308837891},"schreiber2018\/cnn":{"boeck2015\/tempodetector2016_default":0.0002940769,"boeck2019\/multi_task":0.0783538818,"boeck2019\/multi_task_hjdb":0.0783538818,"boeck2020\/dar":0.5034446716,"davies2009\/mirex_qm_tempotracker":3.475952355e-85,"percival2014\/stem":0.0639146566,"schreiber2014\/default":0.000008963,"schreiber2017\/ismir2017":0.0106220245,"schreiber2017\/mirex2017":0.0413894653,"schreiber2018\/cnn":1.0,"schreiber2018\/fcn":0.548828125,"schreiber2018\/ismir2018":1.0},"schreiber2018\/fcn":{"boeck2015\/tempodetector2016_default":0.0000061649,"boeck2019\/multi_task":0.0075378418,"boeck2019\/multi_task_hjdb":0.0075378418,"boeck2020\/dar":0.1434631348,"davies2009\/mirex_qm_tempotracker":4.433009581e-86,"percival2014\/stem":0.0071973801,"schreiber2014\/default":0.0000000668,"schreiber2017\/ismir2017":0.0001449585,"schreiber2017\/mirex2017":0.0009765625,"schreiber2018\/cnn":0.548828125,"schreiber2018\/fcn":1.0,"schreiber2018\/ismir2018":0.548828125},"schreiber2018\/ismir2018":{"boeck2015\/tempodetector2016_default":0.0001910764,"boeck2019\/multi_task":0.0783538818,"boeck2019\/multi_task_hjdb":0.0635681152,"boeck2020\/dar":0.480682373,"davies2009\/mirex_qm_tempotracker":2.569609645e-81,"percival2014\/stem":0.0987371467,"schreiber2014\/default":0.000008963,"schreiber2017\/ismir2017":0.0071973801,"schreiber2017\/mirex2017":0.0308837891,"schreiber2018\/cnn":1.0,"schreiber2018\/fcn":0.548828125,"schreiber2018\/ismir2018":1.0}}