{"trance":{"boeck2015\/tempodetector2016_default":0.9864864865,"boeck2019\/multi_task":0.9864864865,"boeck2019\/multi_task_hjdb":1.0,"boeck2020\/dar":1.0,"davies2009\/mirex_qm_tempotracker":0.2432432432,"percival2014\/stem":0.9864864865,"schreiber2014\/default":0.9324324324,"schreiber2017\/ismir2017":0.9864864865,"schreiber2017\/mirex2017":0.9864864865,"schreiber2018\/cnn":1.0,"schreiber2018\/fcn":0.9864864865,"schreiber2018\/ismir2018":1.0},"techno":{"boeck2015\/tempodetector2016_default":0.9836065574,"boeck2019\/multi_task":0.9344262295,"boeck2019\/multi_task_hjdb":0.9508196721,"boeck2020\/dar":0.9672131148,"davies2009\/mirex_qm_tempotracker":0.6721311475,"percival2014\/stem":0.8852459016,"schreiber2014\/default":0.9836065574,"schreiber2017\/ismir2017":0.9508196721,"schreiber2017\/mirex2017":0.9672131148,"schreiber2018\/cnn":0.9672131148,"schreiber2018\/fcn":0.9836065574,"schreiber2018\/ismir2018":0.9672131148},"tech-house":{"boeck2015\/tempodetector2016_default":1.0,"boeck2019\/multi_task":1.0,"boeck2019\/multi_task_hjdb":0.9545454545,"boeck2020\/dar":1.0,"davies2009\/mirex_qm_tempotracker":0.7727272727,"percival2014\/stem":1.0,"schreiber2014\/default":1.0,"schreiber2017\/ismir2017":1.0,"schreiber2017\/mirex2017":1.0,"schreiber2018\/cnn":1.0,"schreiber2018\/fcn":1.0,"schreiber2018\/ismir2018":1.0},"reggae-dub":{"boeck2015\/tempodetector2016_default":1.0,"boeck2019\/multi_task":1.0,"boeck2019\/multi_task_hjdb":1.0,"boeck2020\/dar":1.0,"davies2009\/mirex_qm_tempotracker":0.5,"percival2014\/stem":0.5,"schreiber2014\/default":1.0,"schreiber2017\/ismir2017":1.0,"schreiber2017\/mirex2017":1.0,"schreiber2018\/cnn":0.5,"schreiber2018\/fcn":1.0,"schreiber2018\/ismir2018":1.0},"psy-trance":{"boeck2015\/tempodetector2016_default":1.0,"boeck2019\/multi_task":1.0,"boeck2019\/multi_task_hjdb":1.0,"boeck2020\/dar":1.0,"davies2009\/mirex_qm_tempotracker":0.4117647059,"percival2014\/stem":1.0,"schreiber2014\/default":0.9411764706,"schreiber2017\/ismir2017":0.9411764706,"schreiber2017\/mirex2017":0.9411764706,"schreiber2018\/cnn":0.9705882353,"schreiber2018\/fcn":0.9411764706,"schreiber2018\/ismir2018":0.9705882353},"progressive-house":{"boeck2015\/tempodetector2016_default":1.0,"boeck2019\/multi_task":0.9473684211,"boeck2019\/multi_task_hjdb":0.9473684211,"boeck2020\/dar":0.9473684211,"davies2009\/mirex_qm_tempotracker":0.6842105263,"percival2014\/stem":0.8947368421,"schreiber2014\/default":1.0,"schreiber2017\/ismir2017":1.0,"schreiber2017\/mirex2017":1.0,"schreiber2018\/cnn":0.9473684211,"schreiber2018\/fcn":0.9473684211,"schreiber2018\/ismir2018":1.0},"pop-rock":{"boeck2015\/tempodetector2016_default":1.0,"boeck2019\/multi_task":1.0,"boeck2019\/multi_task_hjdb":1.0,"boeck2020\/dar":1.0,"davies2009\/mirex_qm_tempotracker":1.0,"percival2014\/stem":1.0,"schreiber2014\/default":1.0,"schreiber2017\/ismir2017":1.0,"schreiber2017\/mirex2017":1.0,"schreiber2018\/cnn":1.0,"schreiber2018\/fcn":1.0,"schreiber2018\/ismir2018":1.0},"minimal":{"boeck2015\/tempodetector2016_default":1.0,"boeck2019\/multi_task":1.0,"boeck2019\/multi_task_hjdb":1.0,"boeck2020\/dar":1.0,"davies2009\/mirex_qm_tempotracker":0.875,"percival2014\/stem":0.875,"schreiber2014\/default":1.0,"schreiber2017\/ismir2017":1.0,"schreiber2017\/mirex2017":1.0,"schreiber2018\/cnn":0.875,"schreiber2018\/fcn":1.0,"schreiber2018\/ismir2018":1.0},"indie-dance-nu-disco":{"boeck2015\/tempodetector2016_default":1.0,"boeck2019\/multi_task":1.0,"boeck2019\/multi_task_hjdb":1.0,"boeck2020\/dar":1.0,"davies2009\/mirex_qm_tempotracker":0.6363636364,"percival2014\/stem":1.0,"schreiber2014\/default":1.0,"schreiber2017\/ismir2017":1.0,"schreiber2017\/mirex2017":1.0,"schreiber2018\/cnn":1.0,"schreiber2018\/fcn":1.0,"schreiber2018\/ismir2018":1.0},"house":{"boeck2015\/tempodetector2016_default":1.0,"boeck2019\/multi_task":1.0,"boeck2019\/multi_task_hjdb":1.0,"boeck2020\/dar":1.0,"davies2009\/mirex_qm_tempotracker":0.6956521739,"percival2014\/stem":1.0,"schreiber2014\/default":0.7826086957,"schreiber2017\/ismir2017":0.9130434783,"schreiber2017\/mirex2017":0.9130434783,"schreiber2018\/cnn":1.0,"schreiber2018\/fcn":1.0,"schreiber2018\/ismir2018":1.0},"hip-hop":{"boeck2015\/tempodetector2016_default":1.0,"boeck2019\/multi_task":1.0,"boeck2019\/multi_task_hjdb":1.0,"boeck2020\/dar":1.0,"davies2009\/mirex_qm_tempotracker":0.0,"percival2014\/stem":1.0,"schreiber2014\/default":1.0,"schreiber2017\/ismir2017":1.0,"schreiber2017\/mirex2017":1.0,"schreiber2018\/cnn":1.0,"schreiber2018\/fcn":1.0,"schreiber2018\/ismir2018":1.0},"hardcore-hard-techno":{"boeck2015\/tempodetector2016_default":1.0,"boeck2019\/multi_task":1.0,"boeck2019\/multi_task_hjdb":1.0,"boeck2020\/dar":1.0,"davies2009\/mirex_qm_tempotracker":0.4285714286,"percival2014\/stem":1.0,"schreiber2014\/default":0.7857142857,"schreiber2017\/ismir2017":0.9285714286,"schreiber2017\/mirex2017":0.9285714286,"schreiber2018\/cnn":1.0,"schreiber2018\/fcn":1.0,"schreiber2018\/ismir2018":1.0},"hard-dance":{"boeck2015\/tempodetector2016_default":0.875,"boeck2019\/multi_task":0.875,"boeck2019\/multi_task_hjdb":0.875,"boeck2020\/dar":0.875,"davies2009\/mirex_qm_tempotracker":0.375,"percival2014\/stem":0.875,"schreiber2014\/default":1.0,"schreiber2017\/ismir2017":0.875,"schreiber2017\/mirex2017":0.875,"schreiber2018\/cnn":0.875,"schreiber2018\/fcn":0.875,"schreiber2018\/ismir2018":0.875},"glitch-hop":{"boeck2015\/tempodetector2016_default":0.9411764706,"boeck2019\/multi_task":1.0,"boeck2019\/multi_task_hjdb":1.0,"boeck2020\/dar":0.9411764706,"davies2009\/mirex_qm_tempotracker":0.6470588235,"percival2014\/stem":1.0,"schreiber2014\/default":0.9411764706,"schreiber2017\/ismir2017":1.0,"schreiber2017\/mirex2017":1.0,"schreiber2018\/cnn":1.0,"schreiber2018\/fcn":1.0,"schreiber2018\/ismir2018":1.0},"funk-r-and-b":{"boeck2015\/tempodetector2016_default":1.0,"boeck2019\/multi_task":1.0,"boeck2019\/multi_task_hjdb":1.0,"boeck2020\/dar":1.0,"davies2009\/mirex_qm_tempotracker":1.0,"percival2014\/stem":1.0,"schreiber2014\/default":1.0,"schreiber2017\/ismir2017":1.0,"schreiber2017\/mirex2017":1.0,"schreiber2018\/cnn":1.0,"schreiber2018\/fcn":1.0,"schreiber2018\/ismir2018":1.0},"electronica":{"boeck2015\/tempodetector2016_default":0.9038461538,"boeck2019\/multi_task":0.9230769231,"boeck2019\/multi_task_hjdb":0.9230769231,"boeck2020\/dar":0.9423076923,"davies2009\/mirex_qm_tempotracker":0.4807692308,"percival2014\/stem":0.9615384615,"schreiber2014\/default":0.9615384615,"schreiber2017\/ismir2017":0.9615384615,"schreiber2017\/mirex2017":0.9807692308,"schreiber2018\/cnn":0.9807692308,"schreiber2018\/fcn":1.0,"schreiber2018\/ismir2018":0.9807692308},"electro-house":{"boeck2015\/tempodetector2016_default":0.9545454545,"boeck2019\/multi_task":1.0,"boeck2019\/multi_task_hjdb":1.0,"boeck2020\/dar":1.0,"davies2009\/mirex_qm_tempotracker":0.6818181818,"percival2014\/stem":0.9090909091,"schreiber2014\/default":0.9090909091,"schreiber2017\/ismir2017":1.0,"schreiber2017\/mirex2017":1.0,"schreiber2018\/cnn":1.0,"schreiber2018\/fcn":1.0,"schreiber2018\/ismir2018":1.0},"dubstep":{"boeck2015\/tempodetector2016_default":0.9078947368,"boeck2019\/multi_task":0.8947368421,"boeck2019\/multi_task_hjdb":0.8947368421,"boeck2020\/dar":0.9078947368,"davies2009\/mirex_qm_tempotracker":0.4736842105,"percival2014\/stem":0.9473684211,"schreiber2014\/default":0.8947368421,"schreiber2017\/ismir2017":0.8947368421,"schreiber2017\/mirex2017":0.8947368421,"schreiber2018\/cnn":0.9473684211,"schreiber2018\/fcn":0.9605263158,"schreiber2018\/ismir2018":0.9473684211},"drum-and-bass":{"boeck2015\/tempodetector2016_default":0.8705035971,"boeck2019\/multi_task":0.9784172662,"boeck2019\/multi_task_hjdb":0.9784172662,"boeck2020\/dar":0.9784172662,"davies2009\/mirex_qm_tempotracker":0.5323741007,"percival2014\/stem":0.9928057554,"schreiber2014\/default":0.9064748201,"schreiber2017\/ismir2017":0.9496402878,"schreiber2017\/mirex2017":0.9496402878,"schreiber2018\/cnn":0.9712230216,"schreiber2018\/fcn":0.9784172662,"schreiber2018\/ismir2018":0.964028777},