{"boeck2015\/tempodetector2016_default":{"boeck2015\/tempodetector2016_default":1.0,"davies2009\/mirex_qm_tempotracker":6.836789348e-75,"percival2014\/stem":0.0000000314,"schreiber2014\/default":0.0993785386,"schreiber2017\/ismir2017":0.0302425342,"schreiber2017\/mirex2017":0.0302425342,"schreiber2018\/cnn":0.0014461944,"schreiber2018\/fcn":0.0005745917,"schreiber2018\/ismir2018":0.0050419144},"davies2009\/mirex_qm_tempotracker":{"boeck2015\/tempodetector2016_default":6.836789348e-75,"davies2009\/mirex_qm_tempotracker":1.0,"percival2014\/stem":5.313553724e-67,"schreiber2014\/default":2.457291953e-74,"schreiber2017\/ismir2017":1.420954723e-76,"schreiber2017\/mirex2017":1.420954723e-76,"schreiber2018\/cnn":1.705774174e-75,"schreiber2018\/fcn":6.755428498e-74,"schreiber2018\/ismir2018":2.26151196e-75},"percival2014\/stem":{"boeck2015\/tempodetector2016_default":0.0000000314,"davies2009\/mirex_qm_tempotracker":5.313553724e-67,"percival2014\/stem":1.0,"schreiber2014\/default":0.0000424346,"schreiber2017\/ismir2017":0.0000082406,"schreiber2017\/mirex2017":0.0000082406,"schreiber2018\/cnn":0.0000826454,"schreiber2018\/fcn":0.0001712725,"schreiber2018\/ismir2018":0.0000537427},"schreiber2014\/default":{"boeck2015\/tempodetector2016_default":0.0993785386,"davies2009\/mirex_qm_tempotracker":2.457291953e-74,"percival2014\/stem":0.0000424346,"schreiber2014\/default":1.0,"schreiber2017\/ismir2017":0.7546239656,"schreiber2017\/mirex2017":0.7546239656,"schreiber2018\/cnn":0.1340754199,"schreiber2018\/fcn":0.0799683768,"schreiber2018\/ismir2018":0.2735358999},"schreiber2017\/ismir2017":{"boeck2015\/tempodetector2016_default":0.0302425342,"davies2009\/mirex_qm_tempotracker":1.420954723e-76,"percival2014\/stem":0.0000082406,"schreiber2014\/default":0.7546239656,"schreiber2017\/ismir2017":1.0,"schreiber2017\/mirex2017":1.0,"schreiber2018\/cnn":0.0890677608,"schreiber2018\/fcn":0.0289331785,"schreiber2018\/ismir2018":0.2838226986},"schreiber2017\/mirex2017":{"boeck2015\/tempodetector2016_default":0.0302425342,"davies2009\/mirex_qm_tempotracker":1.420954723e-76,"percival2014\/stem":0.0000082406,"schreiber2014\/default":0.7546239656,"schreiber2017\/ismir2017":1.0,"schreiber2017\/mirex2017":1.0,"schreiber2018\/cnn":0.0890677608,"schreiber2018\/fcn":0.0289331785,"schreiber2018\/ismir2018":0.2838226986},"schreiber2018\/cnn":{"boeck2015\/tempodetector2016_default":0.0014461944,"davies2009\/mirex_qm_tempotracker":1.705774174e-75,"percival2014\/stem":0.0000826454,"schreiber2014\/default":0.1340754199,"schreiber2017\/ismir2017":0.0890677608,"schreiber2017\/mirex2017":0.0890677608,"schreiber2018\/cnn":1.0,"schreiber2018\/fcn":0.7882927993,"schreiber2018\/ismir2018":0.5222615556},"schreiber2018\/fcn":{"boeck2015\/tempodetector2016_default":0.0005745917,"davies2009\/mirex_qm_tempotracker":6.755428498e-74,"percival2014\/stem":0.0001712725,"schreiber2014\/default":0.0799683768,"schreiber2017\/ismir2017":0.0289331785,"schreiber2017\/mirex2017":0.0289331785,"schreiber2018\/cnn":0.7882927993,"schreiber2018\/fcn":1.0,"schreiber2018\/ismir2018":0.3700054094},"schreiber2018\/ismir2018":{"boeck2015\/tempodetector2016_default":0.0050419144,"davies2009\/mirex_qm_tempotracker":2.26151196e-75,"percival2014\/stem":0.0000537427,"schreiber2014\/default":0.2735358999,"schreiber2017\/ismir2017":0.2838226986,"schreiber2017\/mirex2017":0.2838226986,"schreiber2018\/cnn":0.5222615556,"schreiber2018\/fcn":0.3700054094,"schreiber2018\/ismir2018":1.0}}