{"boeck2015\/tempodetector2016_default":{"boeck2015\/tempodetector2016_default":1.0,"boeck2019\/multi_task":0.0022216875,"boeck2019\/multi_task_hjdb":0.0000000001,"boeck2020\/dar":3.954941619e-31,"davies2009\/mirex_qm_tempotracker":1.646881342e-26,"percival2014\/stem":0.0022266243,"schreiber2014\/default":0.1716304569,"schreiber2017\/ismir2017":0.0172390206,"schreiber2017\/mirex2017":1.482376174e-17,"schreiber2018\/cnn":3.735934397e-23,"schreiber2018\/fcn":1.735758433e-29,"schreiber2018\/ismir2018":6.309027734e-17},"boeck2019\/multi_task":{"boeck2015\/tempodetector2016_default":0.0022216875,"boeck2019\/multi_task":1.0,"boeck2019\/multi_task_hjdb":0.0000000004,"boeck2020\/dar":6.30046916e-25,"davies2009\/mirex_qm_tempotracker":3.931650379e-42,"percival2014\/stem":3.407391433e-16,"schreiber2014\/default":0.0000000014,"schreiber2017\/ismir2017":0.5247772511,"schreiber2017\/mirex2017":0.0,"schreiber2018\/cnn":1.516109785e-16,"schreiber2018\/fcn":7.263603896e-22,"schreiber2018\/ismir2018":0.0},"boeck2019\/multi_task_hjdb":{"boeck2015\/tempodetector2016_default":0.0000000001,"boeck2019\/multi_task":0.0000000004,"boeck2019\/multi_task_hjdb":1.0,"boeck2020\/dar":0.0,"davies2009\/mirex_qm_tempotracker":2.315246091e-63,"percival2014\/stem":5.164644097e-27,"schreiber2014\/default":1.298526455e-19,"schreiber2017\/ismir2017":0.0000020769,"schreiber2017\/mirex2017":0.0006767642,"schreiber2018\/cnn":0.0000000819,"schreiber2018\/fcn":0.0,"schreiber2018\/ismir2018":0.0004190103},"boeck2020\/dar":{"boeck2015\/tempodetector2016_default":3.954941619e-31,"boeck2019\/multi_task":6.30046916e-25,"boeck2019\/multi_task_hjdb":0.0,"boeck2020\/dar":1.0,"davies2009\/mirex_qm_tempotracker":2.727006603e-88,"percival2014\/stem":1.510356078e-44,"schreiber2014\/default":5.790479667e-31,"schreiber2017\/ismir2017":3.196846329e-22,"schreiber2017\/mirex2017":0.0028546001,"schreiber2018\/cnn":0.5101619381,"schreiber2018\/fcn":0.0976260905,"schreiber2018\/ismir2018":0.0016157209},"davies2009\/mirex_qm_tempotracker":{"boeck2015\/tempodetector2016_default":1.646881342e-26,"boeck2019\/multi_task":3.931650379e-42,"boeck2019\/multi_task_hjdb":2.315246091e-63,"boeck2020\/dar":2.727006603e-88,"davies2009\/mirex_qm_tempotracker":1.0,"percival2014\/stem":5.852346662e-20,"schreiber2014\/default":4.054861346e-25,"schreiber2017\/ismir2017":2.739959252e-39,"schreiber2017\/mirex2017":2.101289046e-73,"schreiber2018\/cnn":1.839535582e-85,"schreiber2018\/fcn":7.87173352e-89,"schreiber2018\/ismir2018":1.901428778e-74},"percival2014\/stem":{"boeck2015\/tempodetector2016_default":0.0022266243,"boeck2019\/multi_task":3.407391433e-16,"boeck2019\/multi_task_hjdb":5.164644097e-27,"boeck2020\/dar":1.510356078e-44,"davies2009\/mirex_qm_tempotracker":5.852346662e-20,"percival2014\/stem":1.0,"schreiber2014\/default":0.0620391766,"schreiber2017\/ismir2017":0.0000000001,"schreiber2017\/mirex2017":7.116381188e-29,"schreiber2018\/cnn":5.210759528e-34,"schreiber2018\/fcn":4.702842903e-39,"schreiber2018\/ismir2018":2.303221099e-37},"schreiber2014\/default":{"boeck2015\/tempodetector2016_default":0.1716304569,"boeck2019\/multi_task":0.0000000014,"boeck2019\/multi_task_hjdb":1.298526455e-19,"boeck2020\/dar":5.790479667e-31,"davies2009\/mirex_qm_tempotracker":4.054861346e-25,"percival2014\/stem":0.0620391766,"schreiber2014\/default":1.0,"schreiber2017\/ismir2017":0.0000009594,"schreiber2017\/mirex2017":6.141176762e-28,"schreiber2018\/cnn":2.378142583e-28,"schreiber2018\/fcn":1.66646351e-33,"schreiber2018\/ismir2018":5.578276293e-30},"schreiber2017\/ismir2017":{"boeck2015\/tempodetector2016_default":0.0172390206,"boeck2019\/multi_task":0.5247772511,"boeck2019\/multi_task_hjdb":0.0000020769,"boeck2020\/dar":3.196846329e-22,"davies2009\/mirex_qm_tempotracker":2.739959252e-39,"percival2014\/stem":0.0000000001,"schreiber2014\/default":0.0000009594,"schreiber2017\/ismir2017":1.0,"schreiber2017\/mirex2017":3.844379296e-17,"schreiber2018\/cnn":1.128509606e-18,"schreiber2018\/fcn":2.815705365e-23,"schreiber2018\/ismir2018":0.0},"schreiber2017\/mirex2017":{"boeck2015\/tempodetector2016_default":1.482376174e-17,"boeck2019\/multi_task":0.0,"boeck2019\/multi_task_hjdb":0.0006767642,"boeck2020\/dar":0.0028546001,"davies2009\/mirex_qm_tempotracker":2.101289046e-73,"percival2014\/stem":7.116381188e-29,"schreiber2014\/default":6.141176762e-28,"schreiber2017\/ismir2017":3.844379296e-17,"schreiber2017\/mirex2017":1.0,"schreiber2018\/cnn":0.0215172598,"schreiber2018\/fcn":0.0000012796,"schreiber2018\/ismir2018":1.0},"schreiber2018\/cnn":{"boeck2015\/tempodetector2016_default":3.735934397e-23,"boeck2019\/multi_task":1.516109785e-16,"boeck2019\/multi_task_hjdb":0.0000000819,"boeck2020\/dar":0.5101619381,"davies2009\/mirex_qm_tempotracker":1.839535582e-85,"percival2014\/stem":5.210759528e-34,"schreiber2014\/default":2.378142583e-28,"schreiber2017\/ismir2017":1.128509606e-18,"schreiber2017\/mirex2017":0.0215172598,"schreiber2018\/cnn":1.0,"schreiber2018\/fcn":0.0059184333,"schreiber2018\/ismir2018":0.0099215045},"schreiber2018\/fcn":{"boeck2015\/tempodetector2016_default":1.735758433e-29,"boeck2019\/multi_task":7.263603896e-22,"boeck2019\/multi_task_hjdb":0.0,"boeck2020\/dar":0.0976260905,"davies2009\/mirex_qm_tempotracker":7.87173352e-89,"percival2014\/stem":4.702842903e-39,"schreiber2014\/default":1.66646351e-33,"schreiber2017\/ismir2017":2.815705365e-23,"schreiber2017\/mirex2017":0.0000012796,"schreiber2018\/cnn":0.0059184333,"schreiber2018\/fcn":1.0,"schreiber2018\/ismir2018":0.0000002509},"schreiber2018\/ismir2018":{"boeck2015\/tempodetector2016_default":6.309027734e-17,"boeck2019\/multi_task":0.0,"boeck2019\/multi_task_hjdb":0.0004190103,"boeck2020\/dar":0.0016157209,"davies2009\/mirex_qm_tempotracker":1.901428778e-74,"percival2014\/stem":2.303221099e-37,"schreiber2014\/default":5.578276293e-30,"schreiber2017\/ismir2017":0.0,"schreiber2017\/mirex2017":1.0,"schreiber2018\/cnn":0.0099215045,"schreiber2018\/fcn":0.0000002509,"schreiber2018\/ismir2018":1.0}}