{"Count":{"breaks":0.0391566265,"chill-out":0.0225903614,"deep-house":0.0361445783,"dj-tools":0.0135542169,"drum-and-bass":0.2093373494,"dubstep":0.1144578313,"electro-house":0.0331325301,"electronica":0.0813253012,"funk-r-and-b":0.0015060241,"glitch-hop":0.0256024096,"hard-dance":0.0120481928,"hardcore-hard-techno":0.0210843373,"hip-hop":0.0030120482,"house":0.0346385542,"indie-dance-nu-disco":0.0165662651,"minimal":0.0120481928,"pop-rock":0.0045180723,"progressive-house":0.0286144578,"psy-trance":0.0512048193,"reggae-dub":0.0030120482,"tech-house":0.0331325301,"techno":0.0918674699,"trance":0.1114457831}}