{"boeck2015\/tempodetector2016_default":{"boeck2015\/tempodetector2016_default":1.0,"boeck2019\/multi_task":0.0000002575,"boeck2019\/multi_task_hjdb":2.549690299e-17,"davies2009\/mirex_qm_tempotracker":0.1200298032,"percival2014\/stem":0.4301751729,"schreiber2014\/default":0.2060881183,"schreiber2017\/ismir2017":0.0000030945,"schreiber2017\/mirex2017":3.112896932e-24,"schreiber2018\/cnn":1.552640889e-28,"schreiber2018\/fcn":1.222285768e-33,"schreiber2018\/ismir2018":3.071008375e-22},"boeck2019\/multi_task":{"boeck2015\/tempodetector2016_default":0.0000002575,"boeck2019\/multi_task":1.0,"boeck2019\/multi_task_hjdb":0.0000000001,"davies2009\/mirex_qm_tempotracker":5.434692086e-17,"percival2014\/stem":9.025808803e-17,"schreiber2014\/default":0.0000000918,"schreiber2017\/ismir2017":0.7826095613,"schreiber2017\/mirex2017":0.0,"schreiber2018\/cnn":1.590237953e-17,"schreiber2018\/fcn":5.487893374e-23,"schreiber2018\/ismir2018":0.0},"boeck2019\/multi_task_hjdb":{"boeck2015\/tempodetector2016_default":2.549690299e-17,"boeck2019\/multi_task":0.0000000001,"boeck2019\/multi_task_hjdb":1.0,"davies2009\/mirex_qm_tempotracker":3.74058506e-34,"percival2014\/stem":1.122345662e-28,"schreiber2014\/default":1.048499843e-18,"schreiber2017\/ismir2017":0.000001091,"schreiber2017\/mirex2017":0.0001409822,"schreiber2018\/cnn":0.000000157,"schreiber2018\/fcn":0.0,"schreiber2018\/ismir2018":0.0008992455},"davies2009\/mirex_qm_tempotracker":{"boeck2015\/tempodetector2016_default":0.1200298032,"boeck2019\/multi_task":5.434692086e-17,"boeck2019\/multi_task_hjdb":3.74058506e-34,"davies2009\/mirex_qm_tempotracker":1.0,"percival2014\/stem":0.3502685183,"schreiber2014\/default":0.0001947387,"schreiber2017\/ismir2017":0.0,"schreiber2017\/mirex2017":5.902816363e-51,"schreiber2018\/cnn":2.316056648e-62,"schreiber2018\/fcn":6.161383816e-69,"schreiber2018\/ismir2018":7.30956313e-49},"percival2014\/stem":{"boeck2015\/tempodetector2016_default":0.4301751729,"boeck2019\/multi_task":9.025808803e-17,"boeck2019\/multi_task_hjdb":1.122345662e-28,"davies2009\/mirex_qm_tempotracker":0.3502685183,"percival2014\/stem":1.0,"schreiber2014\/default":0.0036029883,"schreiber2017\/ismir2017":0.0,"schreiber2017\/mirex2017":6.12932266e-35,"schreiber2018\/cnn":1.523984376e-38,"schreiber2018\/fcn":1.51334938e-44,"schreiber2018\/ismir2018":1.095957643e-36},"schreiber2014\/default":{"boeck2015\/tempodetector2016_default":0.2060881183,"boeck2019\/multi_task":0.0000000918,"boeck2019\/multi_task_hjdb":1.048499843e-18,"davies2009\/mirex_qm_tempotracker":0.0001947387,"percival2014\/stem":0.0036029883,"schreiber2014\/default":1.0,"schreiber2017\/ismir2017":0.0000048263,"schreiber2017\/mirex2017":6.07327213e-27,"schreiber2018\/cnn":1.149136032e-29,"schreiber2018\/fcn":1.939277526e-35,"schreiber2018\/ismir2018":4.230358868e-27},"schreiber2017\/ismir2017":{"boeck2015\/tempodetector2016_default":0.0000030945,"boeck2019\/multi_task":0.7826095613,"boeck2019\/multi_task_hjdb":0.000001091,"davies2009\/mirex_qm_tempotracker":0.0,"percival2014\/stem":0.0,"schreiber2014\/default":0.0000048263,"schreiber2017\/ismir2017":1.0,"schreiber2017\/mirex2017":1.35879082e-16,"schreiber2018\/cnn":4.404723261e-19,"schreiber2018\/fcn":1.151967547e-23,"schreiber2018\/ismir2018":0.0},"schreiber2017\/mirex2017":{"boeck2015\/tempodetector2016_default":3.112896932e-24,"boeck2019\/multi_task":0.0,"boeck2019\/multi_task_hjdb":0.0001409822,"davies2009\/mirex_qm_tempotracker":5.902816363e-51,"percival2014\/stem":6.12932266e-35,"schreiber2014\/default":6.07327213e-27,"schreiber2017\/ismir2017":1.35879082e-16,"schreiber2017\/mirex2017":1.0,"schreiber2018\/cnn":0.0628789828,"schreiber2018\/fcn":0.0000160882,"schreiber2018\/ismir2018":0.4387181365},"schreiber2018\/cnn":{"boeck2015\/tempodetector2016_default":1.552640889e-28,"boeck2019\/multi_task":1.590237953e-17,"boeck2019\/multi_task_hjdb":0.000000157,"davies2009\/mirex_qm_tempotracker":2.316056648e-62,"percival2014\/stem":1.523984376e-38,"schreiber2014\/default":1.149136032e-29,"schreiber2017\/ismir2017":4.404723261e-19,"schreiber2017\/mirex2017":0.0628789828,"schreiber2018\/cnn":1.0,"schreiber2018\/fcn":0.0036351224,"schreiber2018\/ismir2018":0.0055523609},"schreiber2018\/fcn":{"boeck2015\/tempodetector2016_default":1.222285768e-33,"boeck2019\/multi_task":5.487893374e-23,"boeck2019\/multi_task_hjdb":0.0,"davies2009\/mirex_qm_tempotracker":6.161383816e-69,"percival2014\/stem":1.51334938e-44,"schreiber2014\/default":1.939277526e-35,"schreiber2017\/ismir2017":1.151967547e-23,"schreiber2017\/mirex2017":0.0000160882,"schreiber2018\/cnn":0.0036351224,"schreiber2018\/fcn":1.0,"schreiber2018\/ismir2018":0.0000001176},"schreiber2018\/ismir2018":{"boeck2015\/tempodetector2016_default":3.071008375e-22,"boeck2019\/multi_task":0.0,"boeck2019\/multi_task_hjdb":0.0008992455,"davies2009\/mirex_qm_tempotracker":7.30956313e-49,"percival2014\/stem":1.095957643e-36,"schreiber2014\/default":4.230358868e-27,"schreiber2017\/ismir2017":0.0,"schreiber2017\/mirex2017":0.4387181365,"schreiber2018\/cnn":0.0055523609,"schreiber2018\/fcn":0.0000001176,"schreiber2018\/ismir2018":1.0}}