Estimator,AOE1_MEAN,AOE1_STDEV,AOE2_MEAN,AOE2_STDEV
schreiber2018/fcn,0.15039980601775838,0.3342054715385154,0.02753578405878828,0.08299059562036945
schreiber2018/cnn,0.1730946146278844,0.3507810585715252,0.03191412629100267,0.09295387454829951
schreiber2018/ismir2018,0.20323442042873724,0.3790000688575086,0.02945502775297164,0.08697225206270795
schreiber2017/mirex2017,0.3023515056819295,0.4406196289971667,0.032320545610892204,0.09323470407152527
schreiber2017/ismir2017,0.3023515056819295,0.4406196289971667,0.032320545610892204,0.09323470407152527
schreiber2014/default,0.35887993483271874,0.4546125529766261,0.03860527920903604,0.10185683222537545
boeck2015/tempodetector2016_default,0.4129187771248237,0.5605643041056195,0.04696528936230812,0.11078920209899917
percival2014/stem,0.4277762126332993,0.4764959769662479,0.03423787784512853,0.09515790465393477
davies2009/mirex_qm_tempotracker,0.46618185088838643,0.348386336951048,0.21411054613826971,0.1946453906724443
