{"Size":{"1.0":664,"2.0":661},"Min":{"1.0":53.0,"2.0":64.0},"Max":{"1.0":200.0,"2.0":197.0},"Avg":{"1.0":136.6594954819,"2.0":138.5809379728},"Stdev":{"1.0":28.3523890813,"2.0":25.914981037},"Sweet Oct. Start":{"1.0":91.0,"2.0":90.0},"Sweet Oct. Coverage":{"1.0":0.8810240964,"2.0":0.915279879}}