Estimator,OE1_MEAN,OE1_STDEV,OE2_MEAN,OE2_STDEV
schreiber2018/fcn,-0.0019922500514563245,0.29354245992992856,0.0010334685567131108,0.04654343589235269
schreiber2018/cnn,-0.03881900442004886,0.34144487690654896,0.0005153374861538624,0.0567760890483849
schreiber2018/ismir2018,-0.10218392797268967,0.38326543944099806,-0.000822354599013431,0.05409041966012493
schreiber2017/mirex2017,-0.20795072564982733,0.4643137093710127,-0.00371471959839007,0.06913636120269286
schreiber2017/ismir2017,-0.20795072564982733,0.4643137093710127,-0.00371471959839007,0.06913636120269286
davies2009/mirex_qm_tempotracker,-0.27553433173884767,0.48714253947178815,0.18046421213298114,0.22001562551685933
percival2014/stem,-0.39784701107465104,0.4935936674267566,0.012137860332308185,0.07234991018896712
schreiber2014/default,-0.3238523314400459,0.49414236353076085,-0.004639018278169967,0.087414281695412
boeck2015/tempodetector2016_default,-0.365817090470734,0.5810865363580516,-0.011976356696877282,0.09197175823554161
