Estimator,boeck2015/tempodetector2016_default,davies2009/mirex_qm_tempotracker,percival2014/stem,schreiber2014/default,schreiber2017/ismir2017,schreiber2017/mirex2017,schreiber2018/cnn,schreiber2018/fcn,schreiber2018/ismir2018
boeck2015/tempodetector2016_default,1.0,1.6146831381056746e-40,0.005844863124402869,0.18418980034883017,0.5938330253274089,0.5938330010727231,0.0003908136348358502,0.006991374937296844,0.021813153916209253
davies2009/mirex_qm_tempotracker,1.6146831381056746e-40,1.0,5.7796249633135545e-37,2.3218543269817833e-35,5.70221504139686e-36,5.702218073007546e-36,5.7749891984163235e-37,2.8025397345264975e-40,3.016529813174391e-41
percival2014/stem,0.005844863124402869,5.7796249633135545e-37,1.0,0.001246918083700664,0.07855216616807911,0.07855217257460685,0.6474039732713721,0.5070811588544498,0.19769018202304245
schreiber2014/default,0.18418980034883017,2.3218543269817833e-35,0.001246918083700664,1.0,0.04139186002793941,0.041391857139762324,0.0005355326355451234,0.0014996101702828668,0.003497954275372229
schreiber2017/ismir2017,0.5938330253274089,5.70221504139686e-36,0.07855216616807911,0.04139186002793941,1.0,0.4746747608996119,0.006577833157571928,0.073790479796369,0.1730819436617063
schreiber2017/mirex2017,0.5938330010727231,5.702218073007546e-36,0.07855217257460685,0.041391857139762324,0.4746747608996119,1.0,0.0065778342453817135,0.07379048764864467,0.17308195766666376
schreiber2018/cnn,0.0003908136348358502,5.7749891984163235e-37,0.6474039732713721,0.0005355326355451234,0.006577833157571928,0.0065778342453817135,1.0,0.20101729505990584,0.10213837753100545
schreiber2018/fcn,0.006991374937296844,2.8025397345264975e-40,0.5070811588544498,0.0014996101702828668,0.073790479796369,0.07379048764864467,0.20101729505990584,1.0,0.15302451474592682
schreiber2018/ismir2018,0.021813153916209253,3.016529813174391e-41,0.19769018202304245,0.003497954275372229,0.1730819436617063,0.17308195766666376,0.10213837753100545,0.15302451474592682,1.0
