{"boeck2015\/tempodetector2016_default":{"0.0":0.0015128593,"0.001":0.0015128593,"0.002":0.0015128593,"0.003":0.0090771558,"0.004":0.0257186082,"0.005":0.0302571861,"0.006":0.0378214826,"0.007":0.0393343419,"0.008":0.0438729198,"0.009":0.0801815431,"0.01":0.0816944024,"0.011":0.0862329803,"0.012":0.0968229955,"0.013":0.0998487141,"0.014":0.1225416036,"0.015":0.1906202723,"0.016":0.2012102874,"0.017":0.2057488654,"0.018":0.2299546142,"0.019":0.2375189107,"0.02":0.2420574887,"0.021":0.2450832073,"0.022":0.2450832073,"0.023":0.2496217852,"0.024":0.2511346445,"0.025":0.2541603631,"0.026":0.2541603631,"0.027":0.2541603631,"0.028":0.2556732224,"0.029":0.258698941,"0.03":0.258698941,"0.031":0.258698941,"0.032":0.258698941,"0.033":0.2602118003,"0.034":0.2602118003,"0.035":0.2602118003,"0.036":0.2602118003,"0.037":0.2602118003,"0.038":0.2602118003,"0.039":0.2617246596,"0.04":0.2617246596,"0.041":0.2617246596,"0.042":0.2617246596,"0.043":0.2632375189,"0.044":0.2662632375,"0.045":0.2662632375,"0.046":0.2662632375,"0.047":0.2662632375,"0.048":0.2662632375,"0.049":0.2662632375,"0.05":0.2708018154,"0.051":0.2723146747,"0.052":0.2723146747,"0.053":0.2768532526,"0.054":0.278366112,"0.055":0.2798789713,"0.056":0.2798789713,"0.057":0.2813918306,"0.058":0.2874432678,"0.059":0.2874432678,"0.06":0.2874432678,"0.061":0.2874432678,"0.062":0.2874432678,"0.063":0.2889561271,"0.064":0.2889561271,"0.065":0.2889561271,"0.066":0.2904689864,"0.067":0.2904689864,"0.068":0.2904689864,"0.069":0.293494705,"0.07":0.2995461422,"0.071":0.2995461422,"0.072":0.2995461422,"0.073":0.3025718608,"0.074":0.3055975794,"0.075":0.3071104387,"0.076":0.308623298,"0.077":0.308623298,"0.078":0.3116490166,"0.079":0.3131618759,"0.08":0.3131618759,"0.081":0.3146747352,"0.082":0.3192133132,"0.083":0.3252647504,"0.084":0.3252647504,"0.085":0.328290469,"0.086":0.328290469,"0.087":0.3298033283,"0.088":0.3298033283,"0.089":0.3313161876,"0.09":0.3328290469,"0.091":0.3343419062,"0.092":0.3343419062,"0.093":0.3343419062,"0.094":0.3343419062,"0.095":0.3373676248,"0.096":0.3373676248,"0.097":0.3388804841,"0.098":0.3388804841,"0.099":0.3419062027,"0.1":0.343419062},"davies2009\/mirex_qm_tempotracker":{"0.0":0.0,"0.001":0.0015128593,"0.002":0.0015128593,"0.003":0.0015128593,"0.004":0.0090771558,"0.005":0.0121028744,"0.006":0.0121028744,"0.007":0.0181543116,"0.008":0.019667171,"0.009":0.0287443268,"0.01":0.0468986384,"0.011":0.049924357,"0.012":0.0514372163,"0.013":0.0574886536,"0.014":0.0680786687,"0.015":0.069591528,"0.016":0.069591528,"0.017":0.0801815431,"0.018":0.0922844175,"0.019":0.0922844175,"0.02":0.0937972769,"0.021":0.0937972769,"0.022":0.0953101362,"0.023":0.0983358548,"0.024":0.0983358548,"0.025":0.1074130106,"0.026":0.1316187595,"0.027":0.1316187595,"0.028":0.139183056,"0.029":0.139183056,"0.03":0.139183056,"0.031":0.1406959153,"0.032":0.1406959153,"0.033":0.1724659607,"0.034":0.17397882,"0.035":0.1770045386,"0.036":0.1830559758,"0.037":0.1830559758,"0.038":0.1845688351,"0.039":0.1845688351,"0.04":0.1845688351,"0.041":0.189107413,"0.042":0.1936459909,"0.043":0.1936459909,"0.044":0.1936459909,"0.045":0.1936459909,"0.046":0.1936459909,"0.047":0.1951588502,"0.048":0.1951588502,"0.049":0.1951588502,"0.05":0.1966717095,"0.051":0.1966717095,"0.052":0.1966717095,"0.053":0.1966717095,"0.054":0.1966717095,"0.055":0.1966717095,"0.056":0.1981845688,"0.057":0.1996974281,"0.058":0.1996974281,"0.059":0.1996974281,"0.06":0.1996974281,"0.061":0.1996974281,"0.062":0.2012102874,"0.063":0.2012102874,"0.064":0.2027231467,"0.065":0.2027231467,"0.066":0.2027231467,"0.067":0.2027231467,"0.068":0.2027231467,"0.069":0.2042360061,"0.07":0.2057488654,"0.071":0.2072617247,"0.072":0.2072617247,"0.073":0.2072617247,"0.074":0.208774584,"0.075":0.2102874433,"0.076":0.2102874433,"0.077":0.2118003026,"0.078":0.2133131619,"0.079":0.2133131619,"0.08":0.2148260212,"0.081":0.2148260212,"0.082":0.2148260212,"0.083":0.2148260212,"0.084":0.2163388805,"0.085":0.2163388805,"0.086":0.2178517398,"0.087":0.2208774584,"0.088":0.2208774584,"0.089":0.2208774584,"0.09":0.2208774584,"0.091":0.2208774584,"0.092":0.2208774584,"0.093":0.2208774584,"0.094":0.223903177,"0.095":0.223903177,"0.096":0.223903177,"0.097":0.2254160363,"0.098":0.2269288956,"0.099":0.2269288956,"0.1":0.2269288956},"percival2014\/stem":{"0.0":0.0,"0.001":0.0,"0.002":0.0,"0.003":0.0,"0.004":0.0,"0.005":0.0,"0.006":0.0,"0.007":0.0,"0.008":0.0,"0.009":0.0,"0.01":0.0,"0.011":0.0,"0.012":0.0,"0.013":0.0,"0.014":0.0,"0.015":0.0,"0.016":0.0,"0.017":0.0,"0.018":0.0,"0.019":0.0,"0.02":0.0,"0.021":0.0,"0.022":0.0,"0.023":0.0,"0.024":0.0,"0.025":0.0,"0.026":0.0,"0.027":0.0,"0.028":0.0,"0.029":0.0,"0.03":0.0,"0.031":0.0,"0.032":0.0,"0.033":0.0,"0.034":0.0,"0.035":0.0,"0.036":0.0,"0.037":0.0,"0.038":0.0,"0.039":0.0,"0.04":0.0,"0.041":0.0,"0.042":0.0,"0.043":0.0,"0.044":0.0,"0.045":0.0,"0.046":0.0,"0.047":0.0,"0.048":0.0,"0.049":0.0,"0.05":0.0,"0.051":0.0,"0.052":0.0,"0.053":0.0,"0.054":0.0030257186,"0.055":0.0030257186,"0.056":0.0030257186,"0.057":0.0030257186,"0.058":0.0045385779,"0.059":0.0060514372,"0.06":0.0090771558,"0.061":0.0090771558,"0.062":0.0136157337,"0.063":0.0136157337,"0.064":0.0136157337,"0.065":0.015128593,"0.066":0.019667171,"0.067":0.019667171,"0.068":0.0211800303,"0.069":0.0242057489,"0.07":0.0257186082,"0.071":0.0257186082,"0.072":0.0257186082,"0.073":0.0257186082,"0.074":0.0287443268,"0.075":0.0317700454,"0.076":0.0332829047,"0.077":0.0332829047,"0.078":0.0378214826,"0.079":0.0393343419,"0.08":0.0408472012,"0.081":0.0408472012,"0.082":0.0423600605,"0.083":0.0438729198,"0.084":0.0438729198,"0.085":0.0438729198,"0.086":0.0453857791,"0.087":0.0514372163,"0.088":0.0529500756,"0.089":0.0529500756,"0.09":0.0544629349,"0.091":0.0574886536,"0.092":0.0574886536,"0.093":0.0574886536,"0.094":0.0590015129,"0.095":0.0590015129,"0.096":0.0620272315,"0.097":0.0620272315,"0.098":0.0635400908,"0.099":0.0635400908,"0.1":0.0650529501},"schreiber2014\/default":{"0.0":0.0,"0.001":0.119515885,"0.002":0.1210287443,"0.003":0.1225416036,"0.004":0.1225416036,"0.005":0.1331316188,"0.006":0.1815431165,"0.007":0.2541603631,"0.008":0.3177004539,"0.009":0.3464447806,"0.01":0.3464447806,"0.011":0.3600605144,"0.012":0.4024205749,"0.013":0.4205748865,"0.014":0.4387291982,"0.015":0.5068078669,"0.016":0.5219364599,"0.017":0.5279878971,"0.018":0.532526475,"0.019":0.532526475,"0.02":0.532526475,"0.021":0.532526475,"0.022":0.532526475,"0.023":0.5340393343,"0.024":0.537065053,"0.025":0.537065053,"0.026":0.537065053,"0.027":0.537065053,"0.028":0.5416036309,"0.029":0.5416036309,"0.03":0.5431164902,"0.031":0.5431164902,"0.032":0.5431164902,"0.033":0.5431164902,"0.034":0.5431164902,"0.035":0.5431164902,"0.036":0.5431164902,"0.037":0.5431164902,"0.038":0.5431164902,"0.039":0.5446293495,"0.04":0.5461422088,"0.041":0.5461422088,"0.042":0.5461422088,"0.043":0.5461422088,"0.044":0.5461422088,"0.045":0.5476550681,"0.046":0.5476550681,"0.047":0.5476550681,"0.048":0.5476550681,"0.049":0.5476550681,"0.05":0.5476550681,"0.051":0.5491679274,"0.052":0.5491679274,"0.053":0.5537065053,"0.054":0.5552193646,"0.055":0.5552193646,"0.056":0.5552193646,"0.057":0.5567322239,"0.058":0.5597579425,"0.059":0.5612708018,"0.06":0.5627836611,"0.061":0.5688350983,"0.062":0.5688350983,"0.063":0.5688350983,"0.064":0.5703479576,"0.065":0.5718608169,"0.066":0.5733736762,"0.067":0.5779122542,"0.068":0.5779122542,"0.069":0.5824508321,"0.07":0.5839636914,"0.071":0.5839636914,"0.072":0.5839636914,"0.073":0.58698941,"0.074":0.5885022693,"0.075":0.5885022693,"0.076":0.5915279879,"0.077":0.5945537065,"0.078":0.5945537065,"0.079":0.5960665658,"0.08":0.602118003,"0.081":0.6036308623,"0.082":0.6036308623,"0.083":0.6036308623,"0.084":0.6051437216,"0.085":0.6066565809,"0.086":0.6127080182,"0.087":0.6142208775,"0.088":0.6142208775,"0.089":0.6142208775,"0.09":0.6157337368,"0.091":0.6157337368,"0.092":0.6172465961,"0.093":0.6202723147,"0.094":0.6232980333,"0.095":0.6263237519,"0.096":0.6278366112,"0.097":0.6293494705,"0.098":0.6293494705,"0.099":0.6308623298,