{"OE1_MEAN":{"sun2021\/default":0.0293687719,"schreiber2018\/fcn":0.0231077515,"schreiber2017\/mirex2017":-0.0422989972,"boeck2020\/dar":-0.0275788406,"schreiber2018\/cnn":-0.0118018739,"schreiber2018\/ismir2018":-0.0744301078,"boeck2019\/multi_task_hjdb":-0.135081183,"boeck2019\/multi_task":-0.2109530383,"schreiber2017\/ismir2017":-0.2106290888,"schreiber2014\/default":-0.2953339689,"percival2014\/stem":-0.3715970339,"davies2009\/mirex_qm_tempotracker":-0.2466092452,"boeck2015\/tempodetector2016_default":-0.3380067792},"OE1_STDEV":{"sun2021\/default":0.3647956739,"schreiber2018\/fcn":0.3657587055,"schreiber2017\/mirex2017":0.3815207097,"boeck2020\/dar":0.3905445229,"schreiber2018\/cnn":0.3909856934,"schreiber2018\/ismir2018":0.4235627945,"boeck2019\/multi_task_hjdb":0.46332235,"boeck2019\/multi_task":0.4818565637,"schreiber2017\/ismir2017":0.4932508291,"schreiber2014\/default":0.4982421377,"percival2014\/stem":0.5214945336,"davies2009\/mirex_qm_tempotracker":0.5271455568,"boeck2015\/tempodetector2016_default":0.6086753427},"OE2_MEAN":{"sun2021\/default":-0.008906887,"schreiber2018\/fcn":-0.0024946581,"schreiber2017\/mirex2017":-0.0055293624,"boeck2020\/dar":-0.0059826809,"schreiber2018\/cnn":-0.005152721,"schreiber2018\/ismir2018":-0.0045279429,"boeck2019\/multi_task_hjdb":0.0028479774,"boeck2019\/multi_task":0.0016522705,"schreiber2017\/ismir2017":-0.0043037876,"schreiber2014\/default":-0.0055522859,"percival2014\/stem":0.0129509329,"davies2009\/mirex_qm_tempotracker":0.1750775018,"boeck2015\/tempodetector2016_default":-0.0162543506},"OE2_STDEV":{"sun2021\/default":0.0855593368,"schreiber2018\/fcn":0.0874038617,"schreiber2017\/mirex2017":0.0938695925,"boeck2020\/dar":0.09317157,"schreiber2018\/cnn":0.098144708,"schreiber2018\/ismir2018":0.0917129708,"boeck2019\/multi_task_hjdb":0.0977575256,"boeck2019\/multi_task":0.099469034,"schreiber2017\/ismir2017":0.0971174836,"schreiber2014\/default":0.108785817,"percival2014\/stem":0.1002972205,"davies2009\/mirex_qm_tempotracker":0.2303866803,"boeck2015\/tempodetector2016_default":0.1192299534}}