{"OE1_MEAN":{"schreiber2018\/cnn":0.0238362254,"schreiber2018\/fcn":0.033952487,"schreiber2018\/ismir2018":0.0139532832,"schreiber2017\/mirex2017":0.0068030846,"schreiber2017\/ismir2017":0.0111246057,"davies2009\/mirex_qm_tempotracker":0.051794545,"schreiber2014\/default":-0.0623993003,"percival2014\/stem":-0.1293551617,"boeck2015\/tempodetector2016_default":-0.1942176281},"OE1_STDEV":{"schreiber2018\/cnn":0.2315894195,"schreiber2018\/fcn":0.2322670941,"schreiber2018\/ismir2018":0.2723149186,"schreiber2017\/mirex2017":0.333802418,"schreiber2017\/ismir2017":0.3365479141,"davies2009\/mirex_qm_tempotracker":0.3461462233,"schreiber2014\/default":0.3597045165,"percival2014\/stem":0.4287887243,"boeck2015\/tempodetector2016_default":0.4747799592},"OE2_MEAN":{"schreiber2018\/cnn":-0.0008698787,"schreiber2018\/fcn":-0.0019895722,"schreiber2018\/ismir2018":-0.0024684972,"schreiber2017\/mirex2017":-0.0044328705,"schreiber2017\/ismir2017":-0.0044328706,"davies2009\/mirex_qm_tempotracker":0.0317686807,"schreiber2014\/default":-0.0079481335,"percival2014\/stem":-0.0014381349,"boeck2015\/tempodetector2016_default":-0.0052768221},"OE2_STDEV":{"schreiber2018\/cnn":0.0292774337,"schreiber2018\/fcn":0.0294013339,"schreiber2018\/ismir2018":0.0321368635,"schreiber2017\/mirex2017":0.0504553065,"schreiber2017\/ismir2017":0.0504553063,"davies2009\/mirex_qm_tempotracker":0.0828335608,"schreiber2014\/default":0.0679230053,"percival2014\/stem":0.0304459464,"boeck2015\/tempodetector2016_default":0.0438786462}}