{"boeck2015\/tempodetector2016_default":{"boeck2015\/tempodetector2016_default":1.0,"davies2009\/mirex_qm_tempotracker":1.646881342e-26,"percival2014\/stem":0.0022266243,"schreiber2014\/default":0.1716304569,"schreiber2017\/ismir2017":0.0021303713,"schreiber2017\/mirex2017":0.0021303713,"schreiber2018\/cnn":3.735934397e-23,"schreiber2018\/fcn":1.735758433e-29,"schreiber2018\/ismir2018":6.309027734e-17},"davies2009\/mirex_qm_tempotracker":{"boeck2015\/tempodetector2016_default":1.646881342e-26,"davies2009\/mirex_qm_tempotracker":1.0,"percival2014\/stem":5.852346662e-20,"schreiber2014\/default":4.054861346e-25,"schreiber2017\/ismir2017":2.012451683e-53,"schreiber2017\/mirex2017":2.012451683e-53,"schreiber2018\/cnn":1.839535582e-85,"schreiber2018\/fcn":7.87173352e-89,"schreiber2018\/ismir2018":1.901428778e-74},"percival2014\/stem":{"boeck2015\/tempodetector2016_default":0.0022266243,"davies2009\/mirex_qm_tempotracker":5.852346662e-20,"percival2014\/stem":1.0,"schreiber2014\/default":0.0620391766,"schreiber2017\/ismir2017":1.349409311e-16,"schreiber2017\/mirex2017":1.349409311e-16,"schreiber2018\/cnn":5.210759528e-34,"schreiber2018\/fcn":4.702842903e-39,"schreiber2018\/ismir2018":2.303221099e-37},"schreiber2014\/default":{"boeck2015\/tempodetector2016_default":0.1716304569,"davies2009\/mirex_qm_tempotracker":4.054861346e-25,"percival2014\/stem":0.0620391766,"schreiber2014\/default":1.0,"schreiber2017\/ismir2017":0.0,"schreiber2017\/mirex2017":0.0,"schreiber2018\/cnn":2.378142583e-28,"schreiber2018\/fcn":1.66646351e-33,"schreiber2018\/ismir2018":5.578276293e-30},"schreiber2017\/ismir2017":{"boeck2015\/tempodetector2016_default":0.0021303713,"davies2009\/mirex_qm_tempotracker":2.012451683e-53,"percival2014\/stem":1.349409311e-16,"schreiber2014\/default":0.0,"schreiber2017\/ismir2017":1.0,"schreiber2017\/mirex2017":1.0,"schreiber2018\/cnn":8.43219837e-16,"schreiber2018\/fcn":4.934730077e-20,"schreiber2018\/ismir2018":0.0},"schreiber2017\/mirex2017":{"boeck2015\/tempodetector2016_default":0.0021303713,"davies2009\/mirex_qm_tempotracker":2.012451683e-53,"percival2014\/stem":1.349409311e-16,"schreiber2014\/default":0.0,"schreiber2017\/ismir2017":1.0,"schreiber2017\/mirex2017":1.0,"schreiber2018\/cnn":8.43219837e-16,"schreiber2018\/fcn":4.934730077e-20,"schreiber2018\/ismir2018":0.0},"schreiber2018\/cnn":{"boeck2015\/tempodetector2016_default":3.735934397e-23,"davies2009\/mirex_qm_tempotracker":1.839535582e-85,"percival2014\/stem":5.210759528e-34,"schreiber2014\/default":2.378142583e-28,"schreiber2017\/ismir2017":8.43219837e-16,"schreiber2017\/mirex2017":8.43219837e-16,"schreiber2018\/cnn":1.0,"schreiber2018\/fcn":0.0059184333,"schreiber2018\/ismir2018":0.0099215045},"schreiber2018\/fcn":{"boeck2015\/tempodetector2016_default":1.735758433e-29,"davies2009\/mirex_qm_tempotracker":7.87173352e-89,"percival2014\/stem":4.702842903e-39,"schreiber2014\/default":1.66646351e-33,"schreiber2017\/ismir2017":4.934730077e-20,"schreiber2017\/mirex2017":4.934730077e-20,"schreiber2018\/cnn":0.0059184333,"schreiber2018\/fcn":1.0,"schreiber2018\/ismir2018":0.0000002509},"schreiber2018\/ismir2018":{"boeck2015\/tempodetector2016_default":6.309027734e-17,"davies2009\/mirex_qm_tempotracker":1.901428778e-74,"percival2014\/stem":2.303221099e-37,"schreiber2014\/default":5.578276293e-30,"schreiber2017\/ismir2017":0.0,"schreiber2017\/mirex2017":0.0,"schreiber2018\/cnn":0.0099215045,"schreiber2018\/fcn":0.0000002509,"schreiber2018\/ismir2018":1.0}}