{"OE1_MEAN":{"schreiber2018\/fcn":0.0231077515,"schreiber2018\/cnn":-0.0118018739,"schreiber2018\/ismir2018":-0.0744301078,"schreiber2014\/default":-0.2953339689,"schreiber2017\/mirex2017":-0.1820146352,"schreiber2017\/ismir2017":-0.1820146352,"percival2014\/stem":-0.3715970339,"davies2009\/mirex_qm_tempotracker":-0.2466092452,"boeck2015\/tempodetector2016_default":-0.3380067792},"OE1_STDEV":{"schreiber2018\/fcn":0.3657587055,"schreiber2018\/cnn":0.3909856934,"schreiber2018\/ismir2018":0.4235627945,"schreiber2014\/default":0.4982421377,"schreiber2017\/mirex2017":0.5024268733,"schreiber2017\/ismir2017":0.5024268733,"percival2014\/stem":0.5214945336,"davies2009\/mirex_qm_tempotracker":0.5271455568,"boeck2015\/tempodetector2016_default":0.6086753427},"OE2_MEAN":{"schreiber2018\/fcn":-0.0024946581,"schreiber2018\/cnn":-0.005152721,"schreiber2018\/ismir2018":-0.0045279429,"schreiber2014\/default":-0.0055522859,"schreiber2017\/mirex2017":-0.0058098159,"schreiber2017\/ismir2017":-0.0058098159,"percival2014\/stem":0.0129509329,"davies2009\/mirex_qm_tempotracker":0.1750775018,"boeck2015\/tempodetector2016_default":-0.0162543506},"OE2_STDEV":{"schreiber2018\/fcn":0.0874038617,"schreiber2018\/cnn":0.098144708,"schreiber2018\/ismir2018":0.0917129708,"schreiber2014\/default":0.108785817,"schreiber2017\/mirex2017":0.0985067193,"schreiber2017\/ismir2017":0.0985067193,"percival2014\/stem":0.1002972205,"davies2009\/mirex_qm_tempotracker":0.2303866803,"boeck2015\/tempodetector2016_default":0.1192299534}}