{"Accuracy1":{"sun2021\/default":0.8042168675,"schreiber2018\/fcn":0.7981927711,"schreiber2017\/mirex2017":0.7695783133,"boeck2020\/dar":0.765060241,"schreiber2018\/cnn":0.7635542169,"schreiber2018\/ismir2018":0.734939759,"boeck2019\/multi_task_hjdb":0.6912650602,"boeck2019\/multi_task":0.6430722892,"schreiber2017\/ismir2017":0.6234939759,"boeck2015\/tempodetector2016_default":0.5798192771,"schreiber2014\/default":0.5662650602,"percival2014\/stem":0.515060241,"davies2009\/mirex_qm_tempotracker":0.2665662651},"Accuracy2":{"sun2021\/default":0.9096385542,"schreiber2018\/fcn":0.906626506,"schreiber2017\/mirex2017":0.8915662651,"boeck2020\/dar":0.8915662651,"schreiber2018\/cnn":0.8930722892,"schreiber2018\/ismir2018":0.8945783133,"boeck2019\/multi_task_hjdb":0.8930722892,"boeck2019\/multi_task":0.8885542169,"schreiber2017\/ismir2017":0.8870481928,"boeck2015\/tempodetector2016_default":0.8629518072,"schreiber2014\/default":0.8689759036,"percival2014\/stem":0.8855421687,"davies2009\/mirex_qm_tempotracker":0.4638554217}}