{"trance":{"boeck2015\/tempodetector2016_default":0.9109840386,"davies2009\/mirex_qm_tempotracker":0.2286166324,"percival2014\/stem":0.6934985401,"schreiber2014\/default":0.906145919,"schreiber2017\/ismir2017":0.9583664813,"schreiber2017\/mirex2017":0.9524877212,"schreiber2018\/cnn":0.9521241067,"schreiber2018\/fcn":0.9464589606,"schreiber2018\/ismir2018":0.9606470188},"techno":{"boeck2015\/tempodetector2016_default":0.9129683564,"davies2009\/mirex_qm_tempotracker":0.6053956209,"percival2014\/stem":0.7867528814,"schreiber2014\/default":0.9464458366,"schreiber2017\/ismir2017":0.9059556149,"schreiber2017\/mirex2017":0.9223490576,"schreiber2018\/cnn":0.9644153938,"schreiber2018\/fcn":0.9627766513,"schreiber2018\/ismir2018":0.9470843307},"tech-house":{"boeck2015\/tempodetector2016_default":0.9792607709,"davies2009\/mirex_qm_tempotracker":0.7315155734,"percival2014\/stem":0.9499692871,"schreiber2014\/default":0.9743491393,"schreiber2017\/ismir2017":0.9903119197,"schreiber2017\/mirex2017":0.9903119197,"schreiber2018\/cnn":0.9891857231,"schreiber2018\/fcn":0.9733124961,"schreiber2018\/ismir2018":0.9722060995},"reggae-dub":{"boeck2015\/tempodetector2016_default":0.6902066929,"davies2009\/mirex_qm_tempotracker":0.5,"percival2014\/stem":0.2505622572,"schreiber2014\/default":1.0,"schreiber2017\/ismir2017":1.0,"schreiber2017\/mirex2017":1.0,"schreiber2018\/cnn":0.6902066929,"schreiber2018\/fcn":1.0,"schreiber2018\/ismir2018":1.0},"psy-trance":{"boeck2015\/tempodetector2016_default":0.969294386,"davies2009\/mirex_qm_tempotracker":0.3810117586,"percival2014\/stem":0.7896899944,"schreiber2014\/default":0.9323111774,"schreiber2017\/ismir2017":0.9057766506,"schreiber2017\/mirex2017":0.9156700759,"schreiber2018\/cnn":0.9699928065,"schreiber2018\/fcn":0.9735222182,"schreiber2018\/ismir2018":0.9719709534},"progressive-house":{"boeck2015\/tempodetector2016_default":0.9251502796,"davies2009\/mirex_qm_tempotracker":0.6453081989,"percival2014\/stem":0.6781186591,"schreiber2014\/default":0.9669299259,"schreiber2017\/ismir2017":0.9669299259,"schreiber2017\/mirex2017":0.9669299259,"schreiber2018\/cnn":0.9833941634,"schreiber2018\/fcn":0.9542752802,"schreiber2018\/ismir2018":0.9886066363},"pop-rock":{"boeck2015\/tempodetector2016_default":0.8033033033,"davies2009\/mirex_qm_tempotracker":0.8033033033,"percival2014\/stem":0.6919032166,"schreiber2014\/default":1.0,"schreiber2017\/ismir2017":1.0,"schreiber2017\/mirex2017":1.0,"schreiber2018\/cnn":1.0,"schreiber2018\/fcn":1.0,"schreiber2018\/ismir2018":1.0},"minimal":{"boeck2015\/tempodetector2016_default":0.9536142136,"davies2009\/mirex_qm_tempotracker":0.7851681957,"percival2014\/stem":0.8882583852,"schreiber2014\/default":0.948186735,"schreiber2017\/ismir2017":0.957480193,"schreiber2017\/mirex2017":0.957480193,"schreiber2018\/cnn":0.9872209101,"schreiber2018\/fcn":0.9872209101,"schreiber2018\/ismir2018":0.9520527144},"indie-dance-nu-disco":{"boeck2015\/tempodetector2016_default":0.8774182812,"davies2009\/mirex_qm_tempotracker":0.5877152423,"percival2014\/stem":0.8571703473,"schreiber2014\/default":0.9706940353,"schreiber2017\/ismir2017":0.9541721613,"schreiber2017\/mirex2017":0.9541721613,"schreiber2018\/cnn":0.9594140364,"schreiber2018\/fcn":0.9759359104,"schreiber2018\/ismir2018":0.9594140364},"house":{"boeck2015\/tempodetector2016_default":0.9510956582,"davies2009\/mirex_qm_tempotracker":0.3644763362,"percival2014\/stem":0.7048393047,"schreiber2014\/default":0.7745331913,"schreiber2017\/ismir2017":0.902217843,"schreiber2017\/mirex2017":0.902217843,"schreiber2018\/cnn":0.9779848865,"schreiber2018\/fcn":0.9803095347,"schreiber2018\/ismir2018":0.9736374749},"hip-hop":{"boeck2015\/tempodetector2016_default":0.9268292683,"davies2009\/mirex_qm_tempotracker":0.0,"percival2014\/stem":0.6614051038,"schreiber2014\/default":1.0,"schreiber2017\/ismir2017":1.0,"schreiber2017\/mirex2017":1.0,"schreiber2018\/cnn":1.0,"schreiber2018\/fcn":1.0,"schreiber2018\/ismir2018":1.0},"hardcore-hard-techno":{"boeck2015\/tempodetector2016_default":0.9936183018,"davies2009\/mirex_qm_tempotracker":0.1958850908,"percival2014\/stem":0.1568423683,"schreiber2014\/default":0.9221897304,"schreiber2017\/ismir2017":0.760931964,"schreiber2017\/mirex2017":0.760931964,"schreiber2018\/cnn":0.954817905,"schreiber2018\/fcn":0.9731996408,"schreiber2018\/ismir2018":0.954817905},"hard-dance":{"boeck2015\/tempodetector2016_default":0.9287438008,"davies2009\/mirex_qm_tempotracker":0.4366338439,"percival2014\/stem":0.592756748,"schreiber2014\/default":0.930476113,"schreiber2017\/ismir2017":0.9287438008,"schreiber2017\/mirex2017":0.9287438008,"schreiber2018\/cnn":0.9921099569,"schreiber2018\/fcn":0.9921099569,"schreiber2018\/ismir2018":0.9921099569},"glitch-hop":{"boeck2015\/tempodetector2016_default":0.8026508529,"davies2009\/mirex_qm_tempotracker":0.5094549471,"percival2014\/stem":0.6191932525,"schreiber2014\/default":0.9263951995,"schreiber2017\/ismir2017":0.8862240193,"schreiber2017\/mirex2017":0.9008343093,"schreiber2018\/cnn":0.9385090841,"schreiber2018\/fcn":0.9253622781,"schreiber2018\/ismir2018":0.9360964003},"funk-r-and-b":{"boeck2015\/tempodetector2016_default":0.1172839506,"davies2009\/mirex_qm_tempotracker":1.0,"percival2014\/stem":0.1172839506,"schreiber2014\/default":1.0,"schreiber2017\/ismir2017":1.0,"schreiber2017\/mirex2017":1.0,"schreiber2018\/cnn":1.0,"schreiber2018\/fcn":1.0,"schreiber2018\/ismir2018":1.0},"electronica":{"boeck2015\/tempodetector2016_default":0.8225610122,"davies2009\/mirex_qm_tempotracker":0.3797194797,"percival2014\/stem":0.5931362608,"schreiber2014\/default":0.949554472,"schreiber2017\/ismir2017":0.8722097168,"schreiber2017\/mirex2017":0.8582960516,"schreiber2018\/cnn":0.9748140333,"schreiber2018\/fcn":0.9485635148,"schreiber2018\/ismir2018":0.9742847477},"electro-house":{"boeck2015\/tempodetector2016_default":0.8821455598,"davies2009\/mirex_qm_tempotracker":0.6605102698,"percival2014\/stem":0.5809941313,"schreiber2014\/default":0.8952681838,"schreiber2017\/ismir2017":0.9529690866,"schreiber2017\/mirex2017":0.9529690866,"schreiber2018\/cnn":0.9570932852,"schreiber2018\/fcn":0.9631082629,"schreiber2018\/ismir2018":0.9711721267},"dubstep":{"boeck2015\/tempodetector2016_default":0.7727281885,"davies2009\/mirex_qm_tempotracker":0.4007293649,"percival2014\/stem":0.5677823543,"schreiber2014\/default":0.9058719899,"schreiber2017\/ismir2017":0.8848876858,"schreiber2017\/mirex2017":0.8845576511,"schreiber2018\/cnn":0.9446642638,"schreiber2018\/fcn":0.9640355363,"schreiber2018\/ismir2018":0.9410275298},"drum-and-bass":{"boeck2015\/tempodetector2016_default":0.7063399872,"davies2009\/mirex_qm_tempotracker":0.2022056298,"percival2014\/stem":0.2855189593,"schreiber2014\/default":0.8721302292,"schreiber2017\/ismir2017":0.9252128935,"schreiber2017\/mirex2017":0.8796694655,"schreiber2018\/cnn":0.9651582829,"schreiber2018\/fcn":0.9452170504,"schreiber2018\/ismir2018":0.9416719772},"dj-tools":{"boeck2015\/tempodetector2016_default":0.6403410506,"davies2009\/mirex_qm_tempotracker":0.4305480063,"percival2014\/stem":0.3235502892,"schreiber2014\/default":0.6398849947,"schreiber2017\/ismir2017":0.7300750333,"schreiber2017\/mirex2017":0.7300750333,"schreiber2018\/cnn":0.8796809131,"schreiber2018\/fcn":0.7885184927,"schreiber2018\/ismir2018":0.7092104267},"deep-house":{"boeck2015\/tempodetector2016_default":0.9401116956,"davies2009\/mirex_qm_tempotracker":0.7864178538,"percival2014\/stem":0.9189187298,"schreiber2014\/default":0.9622940641,"schreiber2017\/ismir2017":0.9744553614,"schreiber2017\/mirex2017":0.9744553614,"schreiber2018\/cnn":0.9813155173,"schreiber2018\/fcn":0.984230891,"schreiber2018\/ismir2018":0.9888480461},"chill-out":{"boeck2015\/tempodetector2016_default":0.8875512211,"davies2009\/mirex_qm_tempotracker":0.7441755112,"percival2014\/stem":0.5917612224,"schreiber2014\/default":0.9522967539,"schreiber2017\/ismir2017":0.9636012416,"schreiber2017\/mirex2017":0.9458185035,"schreiber2018\/cnn":0.9892664509,"schreiber2018\/fcn":0.9858148417,