Estimator,boeck2015/tempodetector2016_default,davies2009/mirex_qm_tempotracker,percival2014/stem,schreiber2014/default,schreiber2017/ismir2017,schreiber2017/mirex2017,schreiber2018/cnn,schreiber2018/fcn,schreiber2018/ismir2018
boeck2015/tempodetector2016_default,1.0,1.6468813420316596e-26,0.0022266243328098226,0.17163045691986506,0.0021303712868554286,0.0021303712868554286,3.735934397109069e-23,1.7357584326910658e-29,6.309027733589726e-17
davies2009/mirex_qm_tempotracker,1.6468813420316596e-26,1.0,5.852346661869585e-20,4.054861346029105e-25,2.0124516832905673e-53,2.0124516832905673e-53,1.8395355821056413e-85,7.871733520470822e-89,1.9014287782959553e-74
percival2014/stem,0.0022266243328098226,5.852346661869585e-20,1.0,0.062039176623850056,1.3494093113112967e-16,1.3494093113112967e-16,5.210759527603667e-34,4.7028429026411697e-39,2.303221098809808e-37
schreiber2014/default,0.17163045691986506,4.054861346029105e-25,0.062039176623850056,1.0,1.3097998650070222e-11,1.3097998650070222e-11,2.37814258251858e-28,1.6664635099105694e-33,5.5782762926590984e-30
schreiber2017/ismir2017,0.0021303712868554286,2.0124516832905673e-53,1.3494093113112967e-16,1.3097998650070222e-11,1.0,1.0,8.432198370066558e-16,4.934730076925015e-20,2.738305230952682e-13
schreiber2017/mirex2017,0.0021303712868554286,2.0124516832905673e-53,1.3494093113112967e-16,1.3097998650070222e-11,1.0,1.0,8.432198370066558e-16,4.934730076925015e-20,2.738305230952682e-13
schreiber2018/cnn,3.735934397109069e-23,1.8395355821056413e-85,5.210759527603667e-34,2.37814258251858e-28,8.432198370066558e-16,8.432198370066558e-16,1.0,0.005918433252619305,0.009921504538268757
schreiber2018/fcn,1.7357584326910658e-29,7.871733520470822e-89,4.7028429026411697e-39,1.6664635099105694e-33,4.934730076925015e-20,4.934730076925015e-20,0.005918433252619305,1.0,2.509086976240062e-07
schreiber2018/ismir2018,6.309027733589726e-17,1.9014287782959553e-74,2.303221098809808e-37,5.5782762926590984e-30,2.738305230952682e-13,2.738305230952682e-13,0.009921504538268757,2.509086976240062e-07,1.0
