Estimator,boeck2015/tempodetector2016_default,davies2009/mirex_qm_tempotracker,percival2014/stem,schreiber2014/default,schreiber2017/ismir2017,schreiber2017/mirex2017,schreiber2018/cnn,schreiber2018/fcn,schreiber2018/ismir2018
boeck2015/tempodetector2016_default,1.0,0.12002980317267921,0.4301751729240899,0.20608811832312565,4.277132366530051e-08,4.277132366530051e-08,1.5526408891855132e-28,1.2222857682949327e-33,3.0710083750438266e-22
davies2009/mirex_qm_tempotracker,0.12002980317267921,1.0,0.35026851834569195,0.00019473865956948916,3.567111603569293e-23,3.567111603569293e-23,2.3160566482524156e-62,6.161383815610612e-69,7.309563129592853e-49
percival2014/stem,0.4301751729240899,0.35026851834569195,1.0,0.00360298831714342,2.0257231746986523e-19,2.0257231746986523e-19,1.5239843760163873e-38,1.513349379562384e-44,1.0959576425749131e-36
schreiber2014/default,0.20608811832312565,0.00019473865956948916,0.00360298831714342,1.0,1.198896813566214e-10,1.198896813566214e-10,1.149136031532995e-29,1.9392775259053154e-35,4.230358867707653e-27
schreiber2017/ismir2017,4.277132366530051e-08,3.567111603569293e-23,2.0257231746986523e-19,1.198896813566214e-10,1.0,1.0,2.612372992249646e-15,1.5113985764294664e-19,1.4623266336574584e-11
schreiber2017/mirex2017,4.277132366530051e-08,3.567111603569293e-23,2.0257231746986523e-19,1.198896813566214e-10,1.0,1.0,2.612372992249646e-15,1.5113985764294664e-19,1.4623266336574584e-11
schreiber2018/cnn,1.5526408891855132e-28,2.3160566482524156e-62,1.5239843760163873e-38,1.149136031532995e-29,2.612372992249646e-15,2.612372992249646e-15,1.0,0.003635122414287543,0.005552360911853129
schreiber2018/fcn,1.2222857682949327e-33,6.161383815610612e-69,1.513349379562384e-44,1.9392775259053154e-35,1.5113985764294664e-19,1.5113985764294664e-19,0.003635122414287543,1.0,1.1761023961441479e-07
schreiber2018/ismir2018,3.0710083750438266e-22,7.309563129592853e-49,1.0959576425749131e-36,4.230358867707653e-27,1.4623266336574584e-11,1.4623266336574584e-11,0.005552360911853129,1.1761023961441479e-07,1.0
