{"boeck2015\/tempodetector2016_default":{"boeck2015\/tempodetector2016_default":1.0,"boeck2019\/multi_task":0.00000236,"boeck2019\/multi_task_hjdb":0.0000000653,"davies2009\/mirex_qm_tempotracker":6.836789348e-75,"percival2014\/stem":0.0000000314,"schreiber2014\/default":0.0993785386,"schreiber2017\/ismir2017":0.0302424491,"schreiber2017\/mirex2017":0.0397860305,"schreiber2018\/cnn":0.0014461944,"schreiber2018\/fcn":0.0005745917,"schreiber2018\/ismir2018":0.0050419144},"boeck2019\/multi_task":{"boeck2015\/tempodetector2016_default":0.00000236,"boeck2019\/multi_task":1.0,"boeck2019\/multi_task_hjdb":0.2758735979,"davies2009\/mirex_qm_tempotracker":2.999262187e-71,"percival2014\/stem":0.0523783597,"schreiber2014\/default":0.0060850904,"schreiber2017\/ismir2017":0.0002835098,"schreiber2017\/mirex2017":0.0001899351,"schreiber2018\/cnn":0.0536507966,"schreiber2018\/fcn":0.0670242297,"schreiber2018\/ismir2018":0.0246187179},"boeck2019\/multi_task_hjdb":{"boeck2015\/tempodetector2016_default":0.0000000653,"boeck2019\/multi_task":0.2758735979,"boeck2019\/multi_task_hjdb":1.0,"davies2009\/mirex_qm_tempotracker":1.490271162e-68,"percival2014\/stem":0.1932817979,"schreiber2014\/default":0.0007646298,"schreiber2017\/ismir2017":0.0000319964,"schreiber2017\/mirex2017":0.0000212184,"schreiber2018\/cnn":0.0048397583,"schreiber2018\/fcn":0.0055230109,"schreiber2018\/ismir2018":0.0016330709},"davies2009\/mirex_qm_tempotracker":{"boeck2015\/tempodetector2016_default":6.836789348e-75,"boeck2019\/multi_task":2.999262187e-71,"boeck2019\/multi_task_hjdb":1.490271162e-68,"davies2009\/mirex_qm_tempotracker":1.0,"percival2014\/stem":5.313553724e-67,"schreiber2014\/default":2.457291953e-74,"schreiber2017\/ismir2017":1.420965054e-76,"schreiber2017\/mirex2017":1.12619365e-76,"schreiber2018\/cnn":1.705774174e-75,"schreiber2018\/fcn":6.755428498e-74,"schreiber2018\/ismir2018":2.26151196e-75},"percival2014\/stem":{"boeck2015\/tempodetector2016_default":0.0000000314,"boeck2019\/multi_task":0.0523783597,"boeck2019\/multi_task_hjdb":0.1932817979,"davies2009\/mirex_qm_tempotracker":5.313553724e-67,"percival2014\/stem":1.0,"schreiber2014\/default":0.0000424346,"schreiber2017\/ismir2017":0.0000082407,"schreiber2017\/mirex2017":0.0000069959,"schreiber2018\/cnn":0.0000826454,"schreiber2018\/fcn":0.0001712725,"schreiber2018\/ismir2018":0.0000537427},"schreiber2014\/default":{"boeck2015\/tempodetector2016_default":0.0993785386,"boeck2019\/multi_task":0.0060850904,"boeck2019\/multi_task_hjdb":0.0007646298,"davies2009\/mirex_qm_tempotracker":2.457291953e-74,"percival2014\/stem":0.0000424346,"schreiber2014\/default":1.0,"schreiber2017\/ismir2017":0.7546228724,"schreiber2017\/mirex2017":0.8455568419,"schreiber2018\/cnn":0.1340754199,"schreiber2018\/fcn":0.0799683768,"schreiber2018\/ismir2018":0.2735358999},"schreiber2017\/ismir2017":{"boeck2015\/tempodetector2016_default":0.0302424491,"boeck2019\/multi_task":0.0002835098,"boeck2019\/multi_task_hjdb":0.0000319964,"davies2009\/mirex_qm_tempotracker":1.420965054e-76,"percival2014\/stem":0.0000082407,"schreiber2014\/default":0.7546228724,"schreiber2017\/ismir2017":1.0,"schreiber2017\/mirex2017":0.7106221964,"schreiber2018\/cnn":0.0890680842,"schreiber2018\/fcn":0.0289333237,"schreiber2018\/ismir2018":0.2838234109},"schreiber2017\/mirex2017":{"boeck2015\/tempodetector2016_default":0.0397860305,"boeck2019\/multi_task":0.0001899351,"boeck2019\/multi_task_hjdb":0.0000212184,"davies2009\/mirex_qm_tempotracker":1.12619365e-76,"percival2014\/stem":0.0000069959,"schreiber2014\/default":0.8455568419,"schreiber2017\/ismir2017":0.7106221964,"schreiber2017\/mirex2017":1.0,"schreiber2018\/cnn":0.0471879626,"schreiber2018\/fcn":0.0096018367,"schreiber2018\/ismir2018":0.2008994074},"schreiber2018\/cnn":{"boeck2015\/tempodetector2016_default":0.0014461944,"boeck2019\/multi_task":0.0536507966,"boeck2019\/multi_task_hjdb":0.0048397583,"davies2009\/mirex_qm_tempotracker":1.705774174e-75,"percival2014\/stem":0.0000826454,"schreiber2014\/default":0.1340754199,"schreiber2017\/ismir2017":0.0890680842,"schreiber2017\/mirex2017":0.0471879626,"schreiber2018\/cnn":1.0,"schreiber2018\/fcn":0.7882927993,"schreiber2018\/ismir2018":0.5222615556},"schreiber2018\/fcn":{"boeck2015\/tempodetector2016_default":0.0005745917,"boeck2019\/multi_task":0.0670242297,"boeck2019\/multi_task_hjdb":0.0055230109,"davies2009\/mirex_qm_tempotracker":6.755428498e-74,"percival2014\/stem":0.0001712725,"schreiber2014\/default":0.0799683768,"schreiber2017\/ismir2017":0.0289333237,"schreiber2017\/mirex2017":0.0096018367,"schreiber2018\/cnn":0.7882927993,"schreiber2018\/fcn":1.0,"schreiber2018\/ismir2018":0.3700054094},"schreiber2018\/ismir2018":{"boeck2015\/tempodetector2016_default":0.0050419144,"boeck2019\/multi_task":0.0246187179,"boeck2019\/multi_task_hjdb":0.0016330709,"davies2009\/mirex_qm_tempotracker":2.26151196e-75,"percival2014\/stem":0.0000537427,"schreiber2014\/default":0.2735358999,"schreiber2017\/ismir2017":0.2838234109,"schreiber2017\/mirex2017":0.2008994074,"schreiber2018\/cnn":0.5222615556,"schreiber2018\/fcn":0.3700054094,"schreiber2018\/ismir2018":1.0}}