Estimator,boeck2015/tempodetector2016_default,davies2009/mirex_qm_tempotracker,percival2014/stem,schreiber2014/default,schreiber2017/ismir2017,schreiber2017/mirex2017,schreiber2018/cnn,schreiber2018/fcn,schreiber2018/ismir2018
boeck2015/tempodetector2016_default,1.0,2.7695153093631096e-12,0.0019514310551413821,1.0652721944025276e-13,4.495116846546655e-19,7.378993259698687e-20,4.9207766106455495e-42,2.1949127373286325e-40,2.493546593958193e-33
davies2009/mirex_qm_tempotracker,2.7695153093631096e-12,1.0,2.4311612746360544e-06,0.5283037646542024,3.631139202105142e-05,1.0373900402675102e-05,1.8598696634795616e-27,3.6677903346720795e-25,7.488058632699313e-19
percival2014/stem,0.0019514310551413821,2.4311612746360544e-06,1.0,1.002553831170272e-08,2.4214532073315117e-14,2.7380641591302617e-15,2.6431366653177136e-34,1.1109093819907687e-33,1.452123421956966e-28
schreiber2014/default,1.0652721944025276e-13,0.5283037646542024,1.002553831170272e-08,1.0,0.012361278541744925,0.005941588669691023,1.8928955980402296e-17,3.426789961371541e-16,1.0326827152212156e-11
schreiber2017/ismir2017,4.495116846546655e-19,3.631139202105142e-05,2.4214532073315117e-14,0.012361278541744925,1.0,0.26888104790411466,3.813460162372712e-15,7.054397549218868e-13,6.173656513953667e-09
schreiber2017/mirex2017,7.378993259698687e-20,1.0373900402675102e-05,2.7380641591302617e-15,0.005941588669691023,0.26888104790411466,1.0,1.2237389468712197e-14,1.2100711109484147e-12,1.0711459105949528e-08
schreiber2018/cnn,4.9207766106455495e-42,1.8598696634795616e-27,2.6431366653177136e-34,1.8928955980402296e-17,3.813460162372712e-15,1.2237389468712197e-14,1.0,0.8289494219348177,0.0003743433185419937
schreiber2018/fcn,2.1949127373286325e-40,3.6677903346720795e-25,1.1109093819907687e-33,3.426789961371541e-16,7.054397549218868e-13,1.2100711109484147e-12,0.8289494219348177,1.0,0.000877885112317352
schreiber2018/ismir2018,2.493546593958193e-33,7.488058632699313e-19,1.452123421956966e-28,1.0326827152212156e-11,6.173656513953667e-09,1.0711459105949528e-08,0.0003743433185419937,0.000877885112317352,1.0
