{"Trance":{"boeck2015\/tempodetector2016_default":1.0,"davies2009\/mirex_qm_tempotracker":0.9397590361,"percival2014\/stem":1.0,"schreiber2014\/default":0.9879518072,"schreiber2017\/ismir2017":0.2409638554,"schreiber2017\/mirex2017":1.0,"schreiber2018\/cnn":1.0,"schreiber2018\/fcn":1.0,"schreiber2018\/ismir2018":1.0},"Techno":{"boeck2015\/tempodetector2016_default":1.0,"davies2009\/mirex_qm_tempotracker":0.9454545455,"percival2014\/stem":1.0,"schreiber2014\/default":0.9818181818,"schreiber2017\/ismir2017":0.2545454545,"schreiber2017\/mirex2017":0.9818181818,"schreiber2018\/cnn":1.0,"schreiber2018\/fcn":1.0,"schreiber2018\/ismir2018":1.0},"Tech House":{"boeck2015\/tempodetector2016_default":1.0,"davies2009\/mirex_qm_tempotracker":1.0,"percival2014\/stem":1.0,"schreiber2014\/default":1.0,"schreiber2017\/ismir2017":0.2535211268,"schreiber2017\/mirex2017":1.0,"schreiber2018\/cnn":1.0,"schreiber2018\/fcn":1.0,"schreiber2018\/ismir2018":1.0},"Psy-Trance":{"boeck2015\/tempodetector2016_default":1.0,"davies2009\/mirex_qm_tempotracker":0.9638554217,"percival2014\/stem":1.0,"schreiber2014\/default":0.9638554217,"schreiber2017\/ismir2017":0.2530120482,"schreiber2017\/mirex2017":0.9759036145,"schreiber2018\/cnn":1.0,"schreiber2018\/fcn":1.0,"schreiber2018\/ismir2018":1.0},"Progressive House":{"boeck2015\/tempodetector2016_default":1.0,"davies2009\/mirex_qm_tempotracker":0.987804878,"percival2014\/stem":1.0,"schreiber2014\/default":0.987804878,"schreiber2017\/ismir2017":0.1219512195,"schreiber2017\/mirex2017":1.0,"schreiber2018\/cnn":1.0,"schreiber2018\/fcn":1.0,"schreiber2018\/ismir2018":1.0},"Minimal":{"boeck2015\/tempodetector2016_default":1.0,"davies2009\/mirex_qm_tempotracker":0.9803921569,"percival2014\/stem":1.0,"schreiber2014\/default":1.0,"schreiber2017\/ismir2017":0.137254902,"schreiber2017\/mirex2017":1.0,"schreiber2018\/cnn":1.0,"schreiber2018\/fcn":1.0,"schreiber2018\/ismir2018":1.0},"House":{"boeck2015\/tempodetector2016_default":0.9868421053,"davies2009\/mirex_qm_tempotracker":0.9736842105,"percival2014\/stem":0.9868421053,"schreiber2014\/default":0.9868421053,"schreiber2017\/ismir2017":0.1710526316,"schreiber2017\/mirex2017":0.9868421053,"schreiber2018\/cnn":0.9868421053,"schreiber2018\/fcn":0.9868421053,"schreiber2018\/ismir2018":0.9868421053},"Hip-Hop":{"boeck2015\/tempodetector2016_default":1.0,"davies2009\/mirex_qm_tempotracker":0.9518072289,"percival2014\/stem":1.0,"schreiber2014\/default":0.9638554217,"schreiber2017\/ismir2017":0.2168674699,"schreiber2017\/mirex2017":1.0,"schreiber2018\/cnn":1.0,"schreiber2018\/fcn":1.0,"schreiber2018\/ismir2018":1.0},"Hard Dance":{"boeck2015\/tempodetector2016_default":1.0,"davies2009\/mirex_qm_tempotracker":0.9571428571,"percival2014\/stem":1.0,"schreiber2014\/default":0.9857142857,"schreiber2017\/ismir2017":0.2714285714,"schreiber2017\/mirex2017":1.0,"schreiber2018\/cnn":1.0,"schreiber2018\/fcn":1.0,"schreiber2018\/ismir2018":1.0},"Electronica":{"boeck2015\/tempodetector2016_default":0.9605263158,"davies2009\/mirex_qm_tempotracker":0.9078947368,"percival2014\/stem":0.9605263158,"schreiber2014\/default":0.9342105263,"schreiber2017\/ismir2017":0.1315789474,"schreiber2017\/mirex2017":0.9736842105,"schreiber2018\/cnn":0.9736842105,"schreiber2018\/fcn":0.9605263158,"schreiber2018\/ismir2018":0.9605263158},"Electro House":{"boeck2015\/tempodetector2016_default":1.0,"davies2009\/mirex_qm_tempotracker":0.987804878,"percival2014\/stem":1.0,"schreiber2014\/default":0.987804878,"schreiber2017\/ismir2017":0.1463414634,"schreiber2017\/mirex2017":1.0,"schreiber2018\/cnn":1.0,"schreiber2018\/fcn":1.0,"schreiber2018\/ismir2018":1.0},"Dubstep":{"boeck2015\/tempodetector2016_default":0.935483871,"davies2009\/mirex_qm_tempotracker":0.8709677419,"percival2014\/stem":0.9677419355,"schreiber2014\/default":0.8709677419,"schreiber2017\/ismir2017":0.1451612903,"schreiber2017\/mirex2017":0.9032258065,"schreiber2018\/cnn":0.9677419355,"schreiber2018\/fcn":0.9677419355,"schreiber2018\/ismir2018":0.9677419355},"Drum & Bass":{"boeck2015\/tempodetector2016_default":0.9137931034,"davies2009\/mirex_qm_tempotracker":0.7931034483,"percival2014\/stem":0.9827586207,"schreiber2014\/default":0.8793103448,"schreiber2017\/ismir2017":0.5,"schreiber2017\/mirex2017":0.9482758621,"schreiber2018\/cnn":0.9827586207,"schreiber2018\/fcn":0.9827586207,"schreiber2018\/ismir2018":0.9827586207},"Deep House":{"boeck2015\/tempodetector2016_default":1.0,"davies2009\/mirex_qm_tempotracker":0.9846153846,"percival2014\/stem":0.9846153846,"schreiber2014\/default":0.9846153846,"schreiber2017\/ismir2017":0.0615384615,"schreiber2017\/mirex2017":0.9846153846,"schreiber2018\/cnn":0.9846153846,"schreiber2018\/fcn":1.0,"schreiber2018\/ismir2018":1.0},"Chill Out":{"boeck2015\/tempodetector2016_default":0.9473684211,"davies2009\/mirex_qm_tempotracker":0.9210526316,"percival2014\/stem":0.9736842105,"schreiber2014\/default":0.9342105263,"schreiber2017\/ismir2017":0.1052631579,"schreiber2017\/mirex2017":0.9210526316,"schreiber2018\/cnn":0.9605263158,"schreiber2018\/fcn":0.9605263158,"schreiber2018\/ismir2018":0.9605263158},"Breaks":{"boeck2015\/tempodetector2016_default":1.0,"davies2009\/mirex_qm_tempotracker":1.0,"percival2014\/stem":1.0,"schreiber2014\/default":0.9880952381,"schreiber2017\/ismir2017":0.1547619048,"schreiber2017\/mirex2017":1.0,"schreiber2018\/cnn":1.0,"schreiber2018\/fcn":1.0,"schreiber2018\/ismir2018":1.0}}