{"boeck2015\/tempodetector2016_default":{"0.0":0.0384096406,"0.001":0.068762632,"0.002":0.0765870239,"0.003":0.1005826209,"0.004":0.2991377975,"0.005":0.3558967643,"0.006":0.4272498226,"0.007":0.4422953759,"0.008":0.4573417125,"0.009":0.5384952889,"0.01":0.5431800512,"0.011":0.5827799548,"0.012":0.6111137342,"0.013":0.6191410634,"0.014":0.6317668974,"0.015":0.7119551491,"0.016":0.7685889774,"0.017":0.7729031708,"0.018":0.8083995447,"0.019":0.8108506051,"0.02":0.8126995361,"0.021":0.8234019561,"0.022":0.8234019561,"0.023":0.826054792,"0.024":0.827997338,"0.025":0.8327842108,"0.026":0.8327842108,"0.027":0.8327842108,"0.028":0.8338830244,"0.029":0.8339819106,"0.03":0.8339819106,"0.031":0.8339819106,"0.032":0.8339819106,"0.033":0.8351054442,"0.034":0.8351054442,"0.035":0.8351054442,"0.036":0.8351054442,"0.037":0.8351054442,"0.038":0.8351054442,"0.039":0.8354358229,"0.04":0.8354358229,"0.041":0.8354358229,"0.042":0.836385501,"0.043":0.8369148624,"0.044":0.8378218062,"0.045":0.8378218062,"0.046":0.8378218062,"0.047":0.8378218062,"0.048":0.8378218062,"0.049":0.8378218062,"0.05":0.8383255144,"0.051":0.8384500011,"0.052":0.8384500011,"0.053":0.8389158599,"0.054":0.8389788957,"0.055":0.8390899312,"0.056":0.8390899312,"0.057":0.8391348677,"0.058":0.8407466687,"0.059":0.8407466687,"0.06":0.8407466687,"0.061":0.8407466687,"0.062":0.8407466687,"0.063":0.8408593284,"0.064":0.841592836,"0.065":0.841592836,"0.066":0.8416944554,"0.067":0.8424508851,"0.068":0.8424508851,"0.069":0.8425898805,"0.07":0.843001004,"0.071":0.843001004,"0.072":0.8434533539,"0.073":0.8435961185,"0.074":0.8437137673,"0.075":0.843756184,"0.076":0.8438958325,"0.077":0.8438958325,"0.078":0.8440350411,"0.079":0.8441843365,"0.08":0.8441843365,"0.081":0.8443287458,"0.082":0.8448959766,"0.083":0.8455149941,"0.084":0.8455149941,"0.085":0.8457397681,"0.086":0.8457397681,"0.087":0.8459078636,"0.088":0.8459078636,"0.089":0.8460204485,"0.09":0.8461073944,"0.091":0.8461997045,"0.092":0.8461997045,"0.093":0.8461997045,"0.094":0.8461997045,"0.095":0.8470698256,"0.096":0.8470698256,"0.097":0.8471342026,"0.098":0.8471342026,"0.099":0.8474477017,"0.1":0.847559568},"davies2009\/mirex_qm_tempotracker":{"0.0":0.0,"0.001":0.0146527575,"0.002":0.0343634355,"0.003":0.0367286197,"0.004":0.0596292684,"0.005":0.0749458026,"0.006":0.0764265872,"0.007":0.1003719237,"0.008":0.1108100211,"0.009":0.1309592752,"0.01":0.1514499178,"0.011":0.1670717211,"0.012":0.1685433616,"0.013":0.1728868011,"0.014":0.1899329181,"0.015":0.1976855519,"0.016":0.2003176926,"0.017":0.2163995248,"0.018":0.2760881535,"0.019":0.2828998406,"0.02":0.2863333124,"0.021":0.2874529628,"0.022":0.2962117899,"0.023":0.2988160258,"0.024":0.3009147234,"0.025":0.3140965335,"0.026":0.3284854295,"0.027":0.3292713157,"0.028":0.3496469924,"0.029":0.3496469924,"0.03":0.3508129541,"0.031":0.3527762715,"0.032":0.3537451728,"0.033":0.3906654283,"0.034":0.3907122178,"0.035":0.3937168376,"0.036":0.396874602,"0.037":0.3971315026,"0.038":0.3976754606,"0.039":0.3976754606,"0.04":0.3980013237,"0.041":0.3988356096,"0.042":0.3989841106,"0.043":0.3989841106,"0.044":0.3989841106,"0.045":0.399118587,"0.046":0.399118587,"0.047":0.3991841852,"0.048":0.3991841852,"0.049":0.3992314375,"0.05":0.3992944733,"0.051":0.3993452891,"0.052":0.3993452891,"0.053":0.3993452891,"0.054":0.4005349853,"0.055":0.4014036252,"0.056":0.4020525305,"0.057":0.4020984268,"0.058":0.4020984268,"0.059":0.4020984268,"0.06":0.4020984268,"0.061":0.4020984268,"0.062":0.4028818718,"0.063":0.4028818718,"0.064":0.4029242885,"0.065":0.4029242885,"0.066":0.4029242885,"0.067":0.4029242885,"0.068":0.4033235039,"0.069":0.4034699096,"0.07":0.404154096,"0.071":0.4042291138,"0.072":0.4047848581,"0.073":0.4047848581,"0.074":0.4049292674,"0.075":0.4057086191,"0.076":0.4057086191,"0.077":0.4059281588,"0.078":0.4059776256,"0.079":0.4059776256,"0.08":0.4059854158,"0.081":0.4060633313,"0.082":0.4060633313,"0.083":0.4060633313,"0.084":0.4062617897,"0.085":0.4062617897,"0.086":0.4063525958,"0.087":0.4066326855,"0.088":0.4066326855,"0.089":0.4066326855,"0.09":0.4067528133,"0.091":0.4067528133,"0.092":0.4067528133,"0.093":0.4067528133,"0.094":0.407313018,"0.095":0.407313018,"0.096":0.4084029274,"0.097":0.4085043481,"0.098":0.4085559229,"0.099":0.4085559229,"0.1":0.4085559229},"percival2014\/stem":{"0.0":0.0,"0.001":0.0760019506,"0.002":0.1643552402,"0.003":0.1662093259,"0.004":0.1801206439,"0.005":0.2009037787,"0.006":0.2101407598,"0.007":0.2593872634,"0.008":0.3581514649,"0.009":0.5080593754,"0.01":0.5271829021,"0.011":0.536384407,"0.012":0.5404266345,"0.013":0.5495029653,"0.014":0.5756328497,"0.015":0.5761719512,"0.016":0.5792284168,"0.017":0.5802659564,"0.018":0.5815187958,"0.019":0.5817756965,"0.02":0.5817756965,"0.021":0.5817756965,"0.022":0.5817756965,"0.023":0.5817756965,"0.024":0.5817756965,"0.025":0.5822056749,"0.026":0.5832920942,"0.027":0.5832920942,"0.028":0.5832920942,"0.029":0.5832920942,"0.03":0.5833342482,"0.031":0.5833342482,"0.032":0.5833342482,"0.033":0.5833342482,"0.034":0.5833342482,"0.035":0.5833342482,"0.036":0.5833342482,"0.037":0.5833342482,"0.038":0.5836646269,"0.039":0.5836646269,"0.04":0.5836646269,"0.041":0.5836646269,"0.042":0.5836646269,"0.043":0.584614305,"0.044":0.584614305,"0.045":0.584614305,"0.046":0.584614305,"0.047":0.584614305,"0.048":0.584614305,"0.049":0.584614305,"0.05":0.584614305,"0.051":0.584614305,"0.052":0.584614305,"0.053":0.584614305,"0.054":0.5849658821,"0.055":0.5849658821,"0.056":0.5849658821,"0.057":0.5849658821,"0.058":0.585761104,"0.059":0.5858764427,"0.06":0.5860639652,"0.061":0.5860639652,"0.062":0.587768982,"0.063":0.587768982,"0.064":0.587768982,"0.065":0.5885976549,"0.066":0.5889431802,"0.067":0.5889431802,"0.068":0.5889951387,"0.069":0.5891056734,"0.07":0.5892072928,"0.071":0.5892072928,"0.072":0.5892072928,"0.073":0.5892072928,"0.074":0.5894643619,"0.075":0.5902937032,"0.076":0.5903845093,"0.077":0.5903845093,"0.078":0.5907501036,"0.079":0.5907852864,"0.08":0.5908603042,"0.081":0.5908603042,"0.082":0.5909027209,"0.083":0.5909105111,"0.084":0.5909105111,"0.085":0.5909105111,"0.086":0.5909748881,"0.087":0.5916063097,"0.088":0.5917188946,"0.089":0.5917188946,"0.09":0.5917603428,"0.091":0.5919349907,"0.092":0.5919349907,"0.093":0.5919349907,"0.094":0.5920273008,"0.095":0.5920273008,"0.096":0.5923220725,"0.097":0.5923220725,"0.098":0.5925390563,"0.099":0.5925390563,"0.1":0.5925885231},"schreiber2014\/default":{"0.0":0.0,"0.001":0.2879361505,"0.002":0.2929224047,"0.003":0.3030565007,"0.004":0.3090576993,"0.005":0.3268848314,"0.006":0.3891466123,"0.007":0.5273786245,"0.008":0.7162120815,"0.009":0.7965488182,"0.01":0.7991231939,"0.011":0.8077428391,"0.012":0.8353745996,"0.013":0.8473193589,"0.014":0.8585396282,"0.015":0.8934249561,"0.016":0.8956823145,"0.017":0.8978852943,"0.018":0.8986538362,"0.019":0.8986538362,"0.02":0.8986538362,"0.021":0.8990124882,"0.022":0.8990124882,"0.023":0.8991142302,"0.024":0.8995717708,"0.025":0.8995717708,"0.026":0.8995717708,"0.027":0.8995717708,"0.028":0.8999084864,"0.029":0.8999084864,"0.03":0.9000403124,"0.031":0.9009052912,"0.032":0.9009052912,"0.033":0.9009052912,"0.034":0.9009052912,"0.035":0.9009052912,"0.036":0.9009052912,"0.037":0.9009052912,"0.038":0.9009052912,"0.039":0.9010287899,"0.04":0.9028204532,"0.041":0.9028204532,"0.042":0.9028204532,"0.043":0.9028204532,"0.044":0.9035768829,"0.045":0.904526561,"0.046":0.904526561,"0.047":0.904526561,"0.048":0.904526561,"0.049":0.904526561,"0.05":0.904526561,"0.051":0.9046847685,"0.052":0.9046847685,"0.053":0.9051884767,"0.054":0.905414598,"0.055":0.905414598,"0.056":0.905414598,"0.057":0.9055256336,"0.058":0.9066244701,"0.059":0.9067489568,"0.06":0.9068119926,"0.061":0.9076957429,"0.062":0.9076957429,"0.063":0.9076957429,"0.064":0.9084251572,"0.065":0.9086174698,"0.066":0.9101364822,"0.067":0.9104820075,"0.068":0.9104820075,"0.069":0.9106805219,"0.07":0.9107461201,"0.071":0.9107461201,"0.072":0.9107461201,"0.073":0.9109316651,"0.074":0.9110760744,"0.075":0.9110760744,"0.076":0.9112795401,