{"OE1_MEAN":{"schreiber2018\/fcn":-0.0019922501,"schreiber2018\/cnn":-0.0388190044,"schreiber2018\/ismir2018":-0.102183928,"schreiber2017\/mirex2017":-0.2079507256,"schreiber2017\/ismir2017":-0.2079507256,"davies2009\/mirex_qm_tempotracker":-0.2755343317,"percival2014\/stem":-0.3978470111,"schreiber2014\/default":-0.3238523314,"boeck2015\/tempodetector2016_default":-0.3658170905},"OE1_STDEV":{"schreiber2018\/fcn":0.2935424599,"schreiber2018\/cnn":0.3414448769,"schreiber2018\/ismir2018":0.3832654394,"schreiber2017\/mirex2017":0.4643137094,"schreiber2017\/ismir2017":0.4643137094,"davies2009\/mirex_qm_tempotracker":0.4871425395,"percival2014\/stem":0.4935936674,"schreiber2014\/default":0.4941423635,"boeck2015\/tempodetector2016_default":0.5810865364},"OE2_MEAN":{"schreiber2018\/fcn":0.0010334686,"schreiber2018\/cnn":0.0005153375,"schreiber2018\/ismir2018":-0.0008223546,"schreiber2017\/mirex2017":-0.0037147196,"schreiber2017\/ismir2017":-0.0037147196,"davies2009\/mirex_qm_tempotracker":0.1804642121,"percival2014\/stem":0.0121378603,"schreiber2014\/default":-0.0046390183,"boeck2015\/tempodetector2016_default":-0.0119763567},"OE2_STDEV":{"schreiber2018\/fcn":0.0465434359,"schreiber2018\/cnn":0.056776089,"schreiber2018\/ismir2018":0.0540904197,"schreiber2017\/mirex2017":0.0691363612,"schreiber2017\/ismir2017":0.0691363612,"davies2009\/mirex_qm_tempotracker":0.2200156255,"percival2014\/stem":0.0723499102,"schreiber2014\/default":0.0874142817,"boeck2015\/tempodetector2016_default":0.0919717582}}