{"boeck2015\/tempodetector2016_default":{"boeck2015\/tempodetector2016_default":1.0,"davies2009\/mirex_qm_tempotracker":1.614683138e-40,"percival2014\/stem":0.0058448631,"schreiber2014\/default":0.1841898003,"schreiber2017\/ismir2017":1.579266927e-24,"schreiber2017\/mirex2017":0.5938325841,"schreiber2018\/cnn":0.0003908136,"schreiber2018\/fcn":0.0069913749,"schreiber2018\/ismir2018":0.0218131539},"davies2009\/mirex_qm_tempotracker":{"boeck2015\/tempodetector2016_default":1.614683138e-40,"davies2009\/mirex_qm_tempotracker":1.0,"percival2014\/stem":5.779624963e-37,"schreiber2014\/default":2.321854327e-35,"schreiber2017\/ismir2017":0.0000001045,"schreiber2017\/mirex2017":5.702235291e-36,"schreiber2018\/cnn":5.774989198e-37,"schreiber2018\/fcn":2.802539735e-40,"schreiber2018\/ismir2018":3.016529813e-41},"percival2014\/stem":{"boeck2015\/tempodetector2016_default":0.0058448631,"davies2009\/mirex_qm_tempotracker":5.779624963e-37,"percival2014\/stem":1.0,"schreiber2014\/default":0.0012469181,"schreiber2017\/ismir2017":1.767380814e-22,"schreiber2017\/mirex2017":0.0785522684,"schreiber2018\/cnn":0.6474039733,"schreiber2018\/fcn":0.5070811589,"schreiber2018\/ismir2018":0.197690182},"schreiber2014\/default":{"boeck2015\/tempodetector2016_default":0.1841898003,"davies2009\/mirex_qm_tempotracker":2.321854327e-35,"percival2014\/stem":0.0012469181,"schreiber2014\/default":1.0,"schreiber2017\/ismir2017":4.127725127e-25,"schreiber2017\/mirex2017":0.0413918025,"schreiber2018\/cnn":0.0005355326,"schreiber2018\/fcn":0.0014996102,"schreiber2018\/ismir2018":0.0034979543},"schreiber2017\/ismir2017":{"boeck2015\/tempodetector2016_default":1.579266927e-24,"davies2009\/mirex_qm_tempotracker":0.0000001045,"percival2014\/stem":1.767380814e-22,"schreiber2014\/default":4.127725127e-25,"schreiber2017\/ismir2017":1.0,"schreiber2017\/mirex2017":8.20022337e-24,"schreiber2018\/cnn":3.304174205e-22,"schreiber2018\/fcn":8.238056967e-23,"schreiber2018\/ismir2018":4.86453837e-23},"schreiber2017\/mirex2017":{"boeck2015\/tempodetector2016_default":0.5938325841,"davies2009\/mirex_qm_tempotracker":5.702235291e-36,"percival2014\/stem":0.0785522684,"schreiber2014\/default":0.0413918025,"schreiber2017\/ismir2017":8.20022337e-24,"schreiber2017\/mirex2017":1.0,"schreiber2018\/cnn":0.0065778488,"schreiber2018\/fcn":0.0737906015,"schreiber2018\/ismir2018":0.1730821674},"schreiber2018\/cnn":{"boeck2015\/tempodetector2016_default":0.0003908136,"davies2009\/mirex_qm_tempotracker":5.774989198e-37,"percival2014\/stem":0.6474039733,"schreiber2014\/default":0.0005355326,"schreiber2017\/ismir2017":3.304174205e-22,"schreiber2017\/mirex2017":0.0065778488,"schreiber2018\/cnn":1.0,"schreiber2018\/fcn":0.2010172951,"schreiber2018\/ismir2018":0.1021383775},"schreiber2018\/fcn":{"boeck2015\/tempodetector2016_default":0.0069913749,"davies2009\/mirex_qm_tempotracker":2.802539735e-40,"percival2014\/stem":0.5070811589,"schreiber2014\/default":0.0014996102,"schreiber2017\/ismir2017":8.238056967e-23,"schreiber2017\/mirex2017":0.0737906015,"schreiber2018\/cnn":0.2010172951,"schreiber2018\/fcn":1.0,"schreiber2018\/ismir2018":0.1530245147},"schreiber2018\/ismir2018":{"boeck2015\/tempodetector2016_default":0.0218131539,"davies2009\/mirex_qm_tempotracker":3.016529813e-41,"percival2014\/stem":0.197690182,"schreiber2014\/default":0.0034979543,"schreiber2017\/ismir2017":4.86453837e-23,"schreiber2017\/mirex2017":0.1730821674,"schreiber2018\/cnn":0.1021383775,"schreiber2018\/fcn":0.1530245147,"schreiber2018\/ismir2018":1.0}}