{"boeck2015\/tempodetector2016_default":{"boeck2015\/tempodetector2016_default":1.0,"davies2009\/mirex_qm_tempotracker":0.0000000103,"percival2014\/stem":0.0922851563,"schreiber2014\/default":0.0000594761,"schreiber2017\/ismir2017":1.907824189e-271,"schreiber2017\/mirex2017":0.3017578125,"schreiber2018\/cnn":0.0390625,"schreiber2018\/fcn":0.0390625,"schreiber2018\/ismir2018":0.0390625},"davies2009\/mirex_qm_tempotracker":{"boeck2015\/tempodetector2016_default":0.0000000103,"davies2009\/mirex_qm_tempotracker":1.0,"percival2014\/stem":0.0,"schreiber2014\/default":0.0384600533,"schreiber2017\/ismir2017":1.651898386e-239,"schreiber2017\/mirex2017":0.0000051256,"schreiber2018\/cnn":0.0,"schreiber2018\/fcn":0.0,"schreiber2018\/ismir2018":0.0},"percival2014\/stem":{"boeck2015\/tempodetector2016_default":0.0922851563,"davies2009\/mirex_qm_tempotracker":0.0,"percival2014\/stem":1.0,"schreiber2014\/default":0.0000000298,"schreiber2017\/ismir2017":1.304534998e-275,"schreiber2017\/mirex2017":0.0041809082,"schreiber2018\/cnn":1.0,"schreiber2018\/fcn":1.0,"schreiber2018\/ismir2018":1.0},"schreiber2014\/default":{"boeck2015\/tempodetector2016_default":0.0000594761,"davies2009\/mirex_qm_tempotracker":0.0384600533,"percival2014\/stem":0.0000000298,"schreiber2014\/default":1.0,"schreiber2017\/ismir2017":1.471646138e-259,"schreiber2017\/mirex2017":0.0004882813,"schreiber2018\/cnn":0.0000000037,"schreiber2018\/fcn":0.0000000037,"schreiber2018\/ismir2018":0.0000000037},"schreiber2017\/ismir2017":{"boeck2015\/tempodetector2016_default":1.907824189e-271,"davies2009\/mirex_qm_tempotracker":1.651898386e-239,"percival2014\/stem":1.304534998e-275,"schreiber2014\/default":1.471646138e-259,"schreiber2017\/ismir2017":1.0,"schreiber2017\/mirex2017":2.665090374e-266,"schreiber2018\/cnn":1.304534998e-275,"schreiber2018\/fcn":1.304534998e-275,"schreiber2018\/ismir2018":1.304534998e-275},"schreiber2017\/mirex2017":{"boeck2015\/tempodetector2016_default":0.3017578125,"davies2009\/mirex_qm_tempotracker":0.0000051256,"percival2014\/stem":0.0041809082,"schreiber2014\/default":0.0004882813,"schreiber2017\/ismir2017":2.665090374e-266,"schreiber2017\/mirex2017":1.0,"schreiber2018\/cnn":0.0018310547,"schreiber2018\/fcn":0.0041809082,"schreiber2018\/ismir2018":0.0041809082},"schreiber2018\/cnn":{"boeck2015\/tempodetector2016_default":0.0390625,"davies2009\/mirex_qm_tempotracker":0.0,"percival2014\/stem":1.0,"schreiber2014\/default":0.0000000037,"schreiber2017\/ismir2017":1.304534998e-275,"schreiber2017\/mirex2017":0.0018310547,"schreiber2018\/cnn":1.0,"schreiber2018\/fcn":1.0,"schreiber2018\/ismir2018":1.0},"schreiber2018\/fcn":{"boeck2015\/tempodetector2016_default":0.0390625,"davies2009\/mirex_qm_tempotracker":0.0,"percival2014\/stem":1.0,"schreiber2014\/default":0.0000000037,"schreiber2017\/ismir2017":1.304534998e-275,"schreiber2017\/mirex2017":0.0041809082,"schreiber2018\/cnn":1.0,"schreiber2018\/fcn":1.0,"schreiber2018\/ismir2018":1.0},"schreiber2018\/ismir2018":{"boeck2015\/tempodetector2016_default":0.0390625,"davies2009\/mirex_qm_tempotracker":0.0,"percival2014\/stem":1.0,"schreiber2014\/default":0.0000000037,"schreiber2017\/ismir2017":1.304534998e-275,"schreiber2017\/mirex2017":0.0041809082,"schreiber2018\/cnn":1.0,"schreiber2018\/fcn":1.0,"schreiber2018\/ismir2018":1.0}}