Estimator,boeck2015/tempodetector2016_default,davies2009/mirex_qm_tempotracker,percival2014/stem,schreiber2014/default,schreiber2017/ismir2017,schreiber2017/mirex2017,schreiber2018/cnn,schreiber2018/fcn,schreiber2018/ismir2018
boeck2015/tempodetector2016_default,1.0,8.962689283112982e-75,0.035995590360022145,0.7097035648571545,0.007582935437309407,0.007582935437309407,9.497941068872138e-05,1.5305896533316569e-06,2.3507066358525243e-05
davies2009/mirex_qm_tempotracker,8.962689283112982e-75,1.0,2.040549575251893e-85,8.005190052787115e-73,5.924965062766501e-83,5.924965062766501e-83,6.378850216395501e-90,1.3963666436379583e-91,1.1195422258988125e-88
percival2014/stem,0.035995590360022145,2.040549575251893e-85,1.0,0.07712055116064921,0.7435046449930047,0.7435046449930047,0.04156713364929378,0.0027982334577727956,0.043050030770980956
schreiber2014/default,0.7097035648571545,8.005190052787115e-73,0.07712055116064921,1.0,0.004791523138365029,0.004791523138365029,9.286388996877934e-05,1.025662492333558e-06,6.450504627727671e-05
schreiber2017/ismir2017,0.007582935437309407,5.924965062766501e-83,0.7435046449930047,0.004791523138365029,1.0,1.0,0.047799769372594766,0.0008277760173912043,0.024547246607329536
schreiber2017/mirex2017,0.007582935437309407,5.924965062766501e-83,0.7435046449930047,0.004791523138365029,1.0,1.0,0.047799769372594766,0.0008277760173912043,0.024547246607329536
schreiber2018/cnn,9.497941068872138e-05,6.378850216395501e-90,0.04156713364929378,9.286388996877934e-05,0.047799769372594766,0.047799769372594766,1.0,0.19105999132836238,0.7931383960274663
schreiber2018/fcn,1.5305896533316569e-06,1.3963666436379583e-91,0.0027982334577727956,1.025662492333558e-06,0.0008277760173912043,0.0008277760173912043,0.19105999132836238,1.0,0.3085129532038769
schreiber2018/ismir2018,2.3507066358525243e-05,1.1195422258988125e-88,0.043050030770980956,6.450504627727671e-05,0.024547246607329536,0.024547246607329536,0.7931383960274663,0.3085129532038769,1.0
