{"P-Score":{"schreiber2018\/cnn":0.963584919,"schreiber2018\/fcn":0.9571703925,"schreiber2018\/ismir2018":0.9563524846,"schreiber2017\/mirex2017":0.9536732821,"boeck2019\/multi_task_hjdb":0.9465663157,"schreiber2017\/ismir2017":0.9446269969,"boeck2020\/dar":0.9436000566,"boeck2019\/multi_task":0.926840808,"schreiber2014\/default":0.9118802178,"boeck2015\/tempodetector2016_default":0.8441843365,"percival2014\/stem":0.5908603042,"davies2009\/mirex_qm_tempotracker":0.4059854158},"One Correct":{"schreiber2018\/cnn":0.9954614221,"schreiber2018\/fcn":0.9939485628,"schreiber2018\/ismir2018":0.9924357035,"schreiber2017\/mirex2017":0.9878971256,"boeck2019\/multi_task_hjdb":0.9924357035,"schreiber2017\/ismir2017":0.9757942511,"boeck2020\/dar":0.9833585477,"boeck2019\/multi_task":0.9833585477,"schreiber2014\/default":0.9531013616,"boeck2015\/tempodetector2016_default":0.9818456884,"percival2014\/stem":0.895612708,"davies2009\/mirex_qm_tempotracker":0.5506807867},"Both Correct":{"schreiber2018\/cnn":0.6354009077,"schreiber2018\/fcn":0.6157337368,"schreiber2018\/ismir2018":0.6142208775,"schreiber2017\/mirex2017":0.6384266263,"boeck2019\/multi_task_hjdb":0.6006051437,"schreiber2017\/ismir2017":0.636913767,"boeck2020\/dar":0.5567322239,"boeck2019\/multi_task":0.5642965204,"schreiber2014\/default":0.602118003,"boeck2015\/tempodetector2016_default":0.3131618759,"percival2014\/stem":0.0408472012,"davies2009\/mirex_qm_tempotracker":0.2148260212}}