{"boeck2015\/tempodetector2016_default":{"boeck2015\/tempodetector2016_default":1.0,"davies2009\/mirex_qm_tempotracker":1.6824621e-61,"percival2014\/stem":0.0000329666,"schreiber2014\/default":2.238680423e-18,"schreiber2017\/ismir2017":0.0000870364,"schreiber2017\/mirex2017":1.487924823e-45,"schreiber2018\/cnn":3.695222232e-52,"schreiber2018\/fcn":6.805194191e-55,"schreiber2018\/ismir2018":4.297061036e-47},"davies2009\/mirex_qm_tempotracker":{"boeck2015\/tempodetector2016_default":1.6824621e-61,"davies2009\/mirex_qm_tempotracker":1.0,"percival2014\/stem":3.573652462e-51,"schreiber2014\/default":6.824547073e-30,"schreiber2017\/ismir2017":3.325656486e-42,"schreiber2017\/mirex2017":0.0000010271,"schreiber2018\/cnn":0.001192283,"schreiber2018\/fcn":0.0475774841,"schreiber2018\/ismir2018":0.0000033709},"percival2014\/stem":{"boeck2015\/tempodetector2016_default":0.0000329666,"davies2009\/mirex_qm_tempotracker":3.573652462e-51,"percival2014\/stem":1.0,"schreiber2014\/default":0.0000000016,"schreiber2017\/ismir2017":0.8002351427,"schreiber2017\/mirex2017":1.34848512e-35,"schreiber2018\/cnn":7.819783379e-37,"schreiber2018\/fcn":1.594839319e-41,"schreiber2018\/ismir2018":3.555107774e-36},"schreiber2014\/default":{"boeck2015\/tempodetector2016_default":2.238680423e-18,"davies2009\/mirex_qm_tempotracker":6.824547073e-30,"percival2014\/stem":0.0000000016,"schreiber2014\/default":1.0,"schreiber2017\/ismir2017":0.0000031691,"schreiber2017\/mirex2017":0.0,"schreiber2018\/cnn":4.390526213e-18,"schreiber2018\/fcn":6.94856808e-21,"schreiber2018\/ismir2018":4.4046761e-16},"schreiber2017\/ismir2017":{"boeck2015\/tempodetector2016_default":0.0000870364,"davies2009\/mirex_qm_tempotracker":3.325656486e-42,"percival2014\/stem":0.8002351427,"schreiber2014\/default":0.0000031691,"schreiber2017\/ismir2017":1.0,"schreiber2017\/mirex2017":5.39718359e-25,"schreiber2018\/cnn":5.629464585e-29,"schreiber2018\/fcn":5.263927754e-33,"schreiber2018\/ismir2018":5.947386651e-27},"schreiber2017\/mirex2017":{"boeck2015\/tempodetector2016_default":1.487924823e-45,"davies2009\/mirex_qm_tempotracker":0.0000010271,"percival2014\/stem":1.34848512e-35,"schreiber2014\/default":0.0,"schreiber2017\/ismir2017":5.39718359e-25,"schreiber2017\/mirex2017":1.0,"schreiber2018\/cnn":0.0440808797,"schreiber2018\/fcn":0.0006770609,"schreiber2018\/ismir2018":0.5063036611},"schreiber2018\/cnn":{"boeck2015\/tempodetector2016_default":3.695222232e-52,"davies2009\/mirex_qm_tempotracker":0.001192283,"percival2014\/stem":7.819783379e-37,"schreiber2014\/default":4.390526213e-18,"schreiber2017\/ismir2017":5.629464585e-29,"schreiber2017\/mirex2017":0.0440808797,"schreiber2018\/cnn":1.0,"schreiber2018\/fcn":0.080772706,"schreiber2018\/ismir2018":0.0990271459},"schreiber2018\/fcn":{"boeck2015\/tempodetector2016_default":6.805194191e-55,"davies2009\/mirex_qm_tempotracker":0.0475774841,"percival2014\/stem":1.594839319e-41,"schreiber2014\/default":6.94856808e-21,"schreiber2017\/ismir2017":5.263927754e-33,"schreiber2017\/mirex2017":0.0006770609,"schreiber2018\/cnn":0.080772706,"schreiber2018\/fcn":1.0,"schreiber2018\/ismir2018":0.0008534234},"schreiber2018\/ismir2018":{"boeck2015\/tempodetector2016_default":4.297061036e-47,"davies2009\/mirex_qm_tempotracker":0.0000033709,"percival2014\/stem":3.555107774e-36,"schreiber2014\/default":4.4046761e-16,"schreiber2017\/ismir2017":5.947386651e-27,"schreiber2017\/mirex2017":0.5063036611,"schreiber2018\/cnn":0.0990271459,"schreiber2018\/fcn":0.0008534234,"schreiber2018\/ismir2018":1.0}}