{"boeck2015\/tempodetector2016_default":{"boeck2015\/tempodetector2016_default":1.0,"davies2009\/mirex_qm_tempotracker":0.0001793534,"percival2014\/stem":0.1738243004,"schreiber2014\/default":0.0967554173,"schreiber2017\/ismir2017":0.0,"schreiber2017\/mirex2017":0.0,"schreiber2018\/cnn":5.523405238e-41,"schreiber2018\/fcn":2.497851499e-48,"schreiber2018\/ismir2018":6.162075851e-28},"davies2009\/mirex_qm_tempotracker":{"boeck2015\/tempodetector2016_default":0.0001793534,"davies2009\/mirex_qm_tempotracker":1.0,"percival2014\/stem":0.0000000005,"schreiber2014\/default":0.0085798219,"schreiber2017\/ismir2017":0.0000685489,"schreiber2017\/mirex2017":0.0000685489,"schreiber2018\/cnn":3.404919101e-34,"schreiber2018\/fcn":2.194949521e-41,"schreiber2018\/ismir2018":2.685754394e-19},"percival2014\/stem":{"boeck2015\/tempodetector2016_default":0.1738243004,"davies2009\/mirex_qm_tempotracker":0.0000000005,"percival2014\/stem":1.0,"schreiber2014\/default":0.0000191614,"schreiber2017\/ismir2017":2.317680506e-33,"schreiber2017\/mirex2017":2.317680506e-33,"schreiber2018\/cnn":8.668025484e-63,"schreiber2018\/fcn":4.252497991e-72,"schreiber2018\/ismir2018":8.934144279e-53},"schreiber2014\/default":{"boeck2015\/tempodetector2016_default":0.0967554173,"davies2009\/mirex_qm_tempotracker":0.0085798219,"percival2014\/stem":0.0000191614,"schreiber2014\/default":1.0,"schreiber2017\/ismir2017":0.0,"schreiber2017\/mirex2017":0.0,"schreiber2018\/cnn":4.570954621e-43,"schreiber2018\/fcn":6.310858494e-51,"schreiber2018\/ismir2018":3.39048111e-33},"schreiber2017\/ismir2017":{"boeck2015\/tempodetector2016_default":0.0,"davies2009\/mirex_qm_tempotracker":0.0000685489,"percival2014\/stem":2.317680506e-33,"schreiber2014\/default":0.0,"schreiber2017\/ismir2017":1.0,"schreiber2017\/mirex2017":1.0,"schreiber2018\/cnn":1.922358482e-20,"schreiber2018\/fcn":5.774675934e-26,"schreiber2018\/ismir2018":0.0},"schreiber2017\/mirex2017":{"boeck2015\/tempodetector2016_default":0.0,"davies2009\/mirex_qm_tempotracker":0.0000685489,"percival2014\/stem":2.317680506e-33,"schreiber2014\/default":0.0,"schreiber2017\/ismir2017":1.0,"schreiber2017\/mirex2017":1.0,"schreiber2018\/cnn":1.922358482e-20,"schreiber2018\/fcn":5.774675934e-26,"schreiber2018\/ismir2018":0.0},"schreiber2018\/cnn":{"boeck2015\/tempodetector2016_default":5.523405238e-41,"davies2009\/mirex_qm_tempotracker":3.404919101e-34,"percival2014\/stem":8.668025484e-63,"schreiber2014\/default":4.570954621e-43,"schreiber2017\/ismir2017":1.922358482e-20,"schreiber2017\/mirex2017":1.922358482e-20,"schreiber2018\/cnn":1.0,"schreiber2018\/fcn":0.0016619311,"schreiber2018\/ismir2018":0.0000060546},"schreiber2018\/fcn":{"boeck2015\/tempodetector2016_default":2.497851499e-48,"davies2009\/mirex_qm_tempotracker":2.194949521e-41,"percival2014\/stem":4.252497991e-72,"schreiber2014\/default":6.310858494e-51,"schreiber2017\/ismir2017":5.774675934e-26,"schreiber2017\/mirex2017":5.774675934e-26,"schreiber2018\/cnn":0.0016619311,"schreiber2018\/fcn":1.0,"schreiber2018\/ismir2018":0.0},"schreiber2018\/ismir2018":{"boeck2015\/tempodetector2016_default":6.162075851e-28,"davies2009\/mirex_qm_tempotracker":2.685754394e-19,"percival2014\/stem":8.934144279e-53,"schreiber2014\/default":3.39048111e-33,"schreiber2017\/ismir2017":0.0,"schreiber2017\/mirex2017":0.0,"schreiber2018\/cnn":0.0000060546,"schreiber2018\/fcn":0.0,"schreiber2018\/ismir2018":1.0}}