{"Accuracy1":{"schreiber2018\/cnn":0.9403630078,"schreiber2018\/fcn":0.9386343993,"schreiber2018\/ismir2018":0.9187554019,"schreiber2017\/mirex2017":0.8988764045,"davies2009\/mirex_qm_tempotracker":0.8487467589,"schreiber2014\/default":0.8444252377,"percival2014\/stem":0.7934312878,"boeck2015\/tempodetector2016_default":0.7579948142,"schreiber2017\/ismir2017":0.1477960242},"Accuracy2":{"schreiber2018\/cnn":0.9913569576,"schreiber2018\/fcn":0.9913569576,"schreiber2018\/ismir2018":0.9913569576,"schreiber2017\/mirex2017":0.9809853068,"davies2009\/mirex_qm_tempotracker":0.9507346586,"schreiber2014\/default":0.9662921348,"percival2014\/stem":0.9913569576,"boeck2015\/tempodetector2016_default":0.985306828,"schreiber2017\/ismir2017":0.1944684529}}