{"boeck2015\/tempodetector2016_default":{"0.0":0.1045808124,"0.0005":0.1080380294,"0.001":0.1253241141,"0.0015":0.1365600691,"0.002":0.1374243734,"0.0025":0.158167675,"0.003":0.3223854797,"0.0035":0.4572169404,"0.004":0.4701815039,"0.0045":0.5021607606,"0.005":0.522039758,"0.0055":0.5799481417,"0.006":0.592048401,"0.0065":0.6127917027,"0.007":0.6171132239,"0.0075":0.6188418323,"0.008":0.6577355229,"0.0085":0.6819360415,"0.009":0.68366465,"0.0095":0.6897147796,"0.01":0.6914433881,"0.0105":0.7121866897,"0.011":0.7130509939,"0.0115":0.7208297321,"0.012":0.724286949,"0.0125":0.7260155575,"0.013":0.7277441659,"0.0135":0.7363872083,"0.014":0.7407087295,"0.0145":0.7424373379,"0.015":0.7441659464,"0.0155":0.7441659464,"0.016":0.7493517718,"0.0165":0.7493517718,"0.017":0.7493517718,"0.0175":0.7493517718,"0.018":0.7502160761,"0.0185":0.7510803803,"0.019":0.7528089888,"0.0195":0.7528089888,"0.02":0.753673293,"0.0205":0.7554019015,"0.021":0.7554019015,"0.0215":0.7562662057,"0.022":0.7562662057,"0.0225":0.7562662057,"0.023":0.7562662057,"0.0235":0.7571305099,"0.024":0.7571305099,"0.0245":0.7571305099,"0.025":0.7571305099,"0.0255":0.7571305099,"0.026":0.7571305099,"0.0265":0.7571305099,"0.027":0.7571305099,"0.0275":0.7571305099,"0.028":0.7571305099,"0.0285":0.7571305099,"0.029":0.7571305099,"0.0295":0.7571305099,"0.03":0.7579948142,"0.0305":0.7579948142,"0.031":0.7579948142,"0.0315":0.7579948142,"0.032":0.7579948142,"0.0325":0.7579948142,"0.033":0.7579948142,"0.0335":0.7579948142,"0.034":0.7579948142,"0.0345":0.7579948142,"0.035":0.7579948142,"0.0355":0.7579948142,"0.036":0.7579948142,"0.0365":0.7579948142,"0.037":0.7579948142,"0.0375":0.7579948142,"0.038":0.7579948142,"0.0385":0.7579948142,"0.039":0.7579948142,"0.0395":0.7579948142,"0.04":0.7579948142,"0.0405":0.7579948142,"0.041":0.7579948142,"0.0415":0.7579948142,"0.042":0.7579948142,"0.0425":0.7579948142,"0.043":0.7579948142,"0.0435":0.7579948142,"0.044":0.7579948142,"0.0445":0.7579948142,"0.045":0.7579948142,"0.0455":0.7579948142,"0.046":0.7579948142,"0.0465":0.7579948142,"0.047":0.7579948142,"0.0475":0.7579948142,"0.048":0.7579948142,"0.0485":0.7579948142,"0.049":0.7579948142,"0.0495":0.7579948142,"0.05":0.7579948142},"davies2009\/mirex_qm_tempotracker":{"0.0":0.0,"0.0005":0.0172860847,"0.001":0.0172860847,"0.0015":0.0181503889,"0.002":0.0475367329,"0.0025":0.0501296456,"0.003":0.0501296456,"0.0035":0.0613656007,"0.004":0.0916162489,"0.0045":0.102852204,"0.005":0.1054451167,"0.0055":0.1071737252,"0.006":0.1071737252,"0.0065":0.1123595506,"0.007":0.1158167675,"0.0075":0.1642178047,"0.008":0.1642178047,"0.0085":0.2178046672,"0.009":0.2307692308,"0.0095":0.3612791703,"0.01":0.3630077787,"0.0105":0.3656006914,"0.011":0.3854796889,"0.0115":0.3906655143,"0.012":0.4001728608,"0.0125":0.4286949006,"0.013":0.4364736387,"0.0135":0.4684528954,"0.014":0.4684528954,"0.0145":0.4745030251,"0.015":0.4883318928,"0.0155":0.4883318928,"0.016":0.4909248055,"0.0165":0.4917891098,"0.017":0.5203111495,"0.0175":0.5643906655,"0.018":0.5643906655,"0.0185":0.5980985307,"0.019":0.6050129646,"0.0195":0.6681071737,"0.02":0.6758859118,"0.0205":0.6776145203,"0.021":0.6776145203,"0.0215":0.6871218669,"0.022":0.6871218669,"0.0225":0.6879861711,"0.023":0.6966292135,"0.0235":0.6966292135,"0.024":0.6966292135,"0.0245":0.6966292135,"0.025":0.7139152982,"0.0255":0.8210890233,"0.026":0.8210890233,"0.0265":0.8210890233,"0.027":0.8210890233,"0.0275":0.8426966292,"0.028":0.8435609334,"0.0285":0.8435609334,"0.029":0.8435609334,"0.0295":0.8435609334,"0.03":0.8435609334,"0.0305":0.8444252377,"0.031":0.8444252377,"0.0315":0.8444252377,"0.032":0.8444252377,"0.0325":0.8444252377,"0.033":0.8444252377,"0.0335":0.8444252377,"0.034":0.8461538462,"0.0345":0.8461538462,"0.035":0.8461538462,"0.0355":0.8487467589,"0.036":0.8487467589,"0.0365":0.8487467589,"0.037":0.8487467589,"0.0375":0.8487467589,"0.038":0.8487467589,"0.0385":0.8487467589,"0.039":0.8487467589,"0.0395":0.8487467589,"0.04":0.8487467589,"0.0405":0.8487467589,"0.041":0.8487467589,"0.0415":0.8487467589,"0.042":0.8496110631,"0.0425":0.8496110631,"0.043":0.8496110631,"0.0435":0.8496110631,"0.044":0.8496110631,"0.0445":0.8496110631,"0.045":0.8496110631,"0.0455":0.8496110631,"0.046":0.8496110631,"0.0465":0.8496110631,"0.047":0.8496110631,"0.0475":0.8496110631,"0.048":0.8496110631,"0.0485":0.8496110631,"0.049":0.8496110631,"0.0495":0.8496110631,"0.05":0.8496110631},"percival2014\/stem":{"0.0":0.0,"0.0005":0.275713051,"0.001":0.393258427,"0.0015":0.5989628349,"0.002":0.6620570441,"0.0025":0.6758859118,"0.003":0.68366465,"0.0035":0.698357822,"0.004":0.7035436474,"0.0045":0.7087294728,"0.005":0.7104580812,"0.0055":0.7156439067,"0.006":0.7234226448,"0.0065":0.7337942956,"0.007":0.7407087295,"0.0075":0.7441659464,"0.008":0.753673293,"0.0085":0.7562662057,"0.009":0.7597234226,"0.0095":0.7718236819,"0.01":0.7744165946,"0.0105":0.7770095073,"0.011":0.7778738116,"0.0115":0.7787381158,"0.012":0.7796024201,"0.0125":0.7813310285,"0.013":0.783059637,"0.0135":0.7839239412,"0.014":0.7856525497,"0.0145":0.7856525497,"0.015":0.7856525497,"0.0155":0.7856525497,"0.016":0.7873811582,"0.0165":0.7873811582,"0.017":0.7891097666,"0.0175":0.7891097666,"0.018":0.7899740709,"0.0185":0.7917026793,"0.019":0.7917026793,"0.0195":0.7917026793,"0.02":0.7917026793,"0.0205":0.7917026793,"0.021":0.7925669836,"0.0215":0.7925669836,"0.022":0.7925669836,"0.0225":0.7925669836,"0.023":0.7934312878,"0.0235":0.7934312878,"0.024":0.7934312878,"0.0245":0.7934312878,"0.025":0.7934312878,"0.0255":0.7934312878,"0.026":0.7934312878,"0.0265":0.7934312878,"0.027":0.7934312878,"0.0275":0.7934312878,"0.028":0.7934312878,"0.0285":0.7934312878,"0.029":0.7934312878,"0.0295":0.7934312878,"0.03":0.7934312878,"0.0305":0.7934312878,"0.031":0.7934312878,"0.0315":0.7934312878,"0.032":0.7934312878,"0.0325":0.7934312878,"0.033":0.7934312878,"0.0335":0.7934312878,"0.034":0.7934312878,"0.0345":0.7934312878,"0.035":0.7934312878,"0.0355":0.7934312878,"0.036":0.7934312878,"0.0365":0.7934312878,"0.037":0.7934312878,"0.0375":0.7934312878,"0.038":0.7934312878,"0.0385":0.7934312878,"0.039":0.7934312878,"0.0395":0.7934312878,"0.04":0.7934312878,"0.0405":0.7934312878,"0.041":0.7934312878,"0.0415":0.7934312878,"0.042":0.7934312878,"0.0425":0.7934312878,"0.043":0.7934312878,"0.0435":0.7934312878,"0.044":0.7934312878,"0.0445":0.7934312878,"0.045":0.7934312878,"0.0455":0.7934312878,"0.046":0.7934312878,"0.0465":0.7934312878,"0.047":0.7934312878,"0.0475":0.7934312878,"0.048":0.7934312878,"0.0485":0.7934312878,"0.049":0.7934312878,"0.0495":0.7934312878,"0.05":0.7934312878},"schreiber2014\/default":{"0.0":0.0,"0.0005":0.6663785653,"0.001":0.7165082109,"0.0015":0.7277441659,"0.002":0.7372515125,"0.0025":0.7407087295,"0.003":0.7493517718,"0.0035":0.7528089888,"0.004":0.7597234226,"0.0045":0.7631806396,"0.005":0.7744165946,"0.0055":0.7778738116,"0.006":0.7804667243,"0.0065":0.7821953328,"0.007":0.7873811582,"0.0075":0.7925669836,"0.008":0.8115816768,"0.0085":0.8219533276,"0.009":0.8228176318,"0.0095":0.8254105445,"0.01":0.8280034572,"0.0105":0.8288677615,"0.011":0.8331892826,"0.0115":0.8349178911,"0.012":0.8366464996,"0.0125":0.8366464996,"0.013":0.8375108038,"0.0135":0.8375108038,"0.014":0.8375108038,"0.0145":0.838375108,"0.015":0.838375108,"0.0155":0.838375108,"0.016":0.8392394123,"0.0165":0.8392394123,"0.017":0.8409680207,"0.0175":0.8426966292,"0.018":0.8426966292,"0.0185":0.8426966292,"0.019":0.8426966292,"0.0195":0.8426966292,"0.02":0.8426966292,"0.0205":0.8426966292,"0.021":0.8426966292,"0.0215":0.8426966292,"0.022":0.8426966292,"0.0225":0.8426966292,"0.023":0.8426966292,"0.0235":0.8426966292,"0.024":0.8426966292,"0.0245":0.8435609334,"0.025":0.8435609334,"0.0255":0.8435609334,"0.026":0.8435609334,"0.0265":0.8435609334,"0.027":0.8435609334,"0.0275":0.8435609334,"0.028":0.8435609334,"0.0285":0.8435609334,"0.029":0.8435609334,"0.0295":0.8435609334,"0.03":0.8435609334,"0.0305":0.8435609334,"0.031":0.8435609334,"0.0315":0.8435609334,"0.032":0.8435609334,"0.0325":0.8435609334,