{"trance":{"boeck2015\/tempodetector2016_default":0.9594594595,"boeck2019\/multi_task":0.972972973,"boeck2019\/multi_task_hjdb":0.9864864865,"boeck2020\/dar":0.972972973,"davies2009\/mirex_qm_tempotracker":0.2297297297,"percival2014\/stem":0.7027027027,"schreiber2014\/default":0.7567567568,"schreiber2017\/ismir2017":0.9594594595,"schreiber2017\/mirex2017":0.9864864865,"schreiber2018\/cnn":1.0,"schreiber2018\/fcn":0.9864864865,"schreiber2018\/ismir2018":1.0,"sun2021\/default":1.0},"techno":{"boeck2015\/tempodetector2016_default":0.5901639344,"boeck2019\/multi_task":0.8852459016,"boeck2019\/multi_task_hjdb":0.9016393443,"boeck2020\/dar":0.9672131148,"davies2009\/mirex_qm_tempotracker":0.5737704918,"percival2014\/stem":0.8032786885,"schreiber2014\/default":0.9508196721,"schreiber2017\/ismir2017":0.9180327869,"schreiber2017\/mirex2017":0.9508196721,"schreiber2018\/cnn":0.9508196721,"schreiber2018\/fcn":0.9836065574,"schreiber2018\/ismir2018":0.9672131148,"sun2021\/default":0.9672131148},"tech-house":{"boeck2015\/tempodetector2016_default":0.5454545455,"boeck2019\/multi_task":1.0,"boeck2019\/multi_task_hjdb":0.9545454545,"boeck2020\/dar":1.0,"davies2009\/mirex_qm_tempotracker":0.7272727273,"percival2014\/stem":1.0,"schreiber2014\/default":1.0,"schreiber2017\/ismir2017":1.0,"schreiber2017\/mirex2017":1.0,"schreiber2018\/cnn":1.0,"schreiber2018\/fcn":1.0,"schreiber2018\/ismir2018":1.0,"sun2021\/default":1.0},"reggae-dub":{"boeck2015\/tempodetector2016_default":0.5,"boeck2019\/multi_task":0.0,"boeck2019\/multi_task_hjdb":0.0,"boeck2020\/dar":0.0,"davies2009\/mirex_qm_tempotracker":0.0,"percival2014\/stem":0.5,"schreiber2014\/default":1.0,"schreiber2017\/ismir2017":0.0,"schreiber2017\/mirex2017":0.5,"schreiber2018\/cnn":0.0,"schreiber2018\/fcn":0.5,"schreiber2018\/ismir2018":0.5,"sun2021\/default":0.0},"psy-trance":{"boeck2015\/tempodetector2016_default":0.4705882353,"boeck2019\/multi_task":0.9117647059,"boeck2019\/multi_task_hjdb":0.9411764706,"boeck2020\/dar":1.0,"davies2009\/mirex_qm_tempotracker":0.3823529412,"percival2014\/stem":0.7647058824,"schreiber2014\/default":0.8823529412,"schreiber2017\/ismir2017":0.8529411765,"schreiber2017\/mirex2017":0.9117647059,"schreiber2018\/cnn":0.9705882353,"schreiber2018\/fcn":0.9411764706,"schreiber2018\/ismir2018":0.9117647059,"sun2021\/default":0.9705882353},"progressive-house":{"boeck2015\/tempodetector2016_default":0.8947368421,"boeck2019\/multi_task":0.9473684211,"boeck2019\/multi_task_hjdb":0.9473684211,"boeck2020\/dar":0.8947368421,"davies2009\/mirex_qm_tempotracker":0.6315789474,"percival2014\/stem":0.6842105263,"schreiber2014\/default":0.8421052632,"schreiber2017\/ismir2017":0.9473684211,"schreiber2017\/mirex2017":1.0,"schreiber2018\/cnn":0.9473684211,"schreiber2018\/fcn":0.9473684211,"schreiber2018\/ismir2018":1.0,"sun2021\/default":0.9473684211},"pop-rock":{"boeck2015\/tempodetector2016_default":0.6666666667,"boeck2019\/multi_task":0.3333333333,"boeck2019\/multi_task_hjdb":0.3333333333,"boeck2020\/dar":0.3333333333,"davies2009\/mirex_qm_tempotracker":0.3333333333,"percival2014\/stem":0.6666666667,"schreiber2014\/default":0.6666666667,"schreiber2017\/ismir2017":0.3333333333,"schreiber2017\/mirex2017":0.3333333333,"schreiber2018\/cnn":0.6666666667,"schreiber2018\/fcn":0.6666666667,"schreiber2018\/ismir2018":0.6666666667,"sun2021\/default":0.3333333333},"minimal":{"boeck2015\/tempodetector2016_default":1.0,"boeck2019\/multi_task":1.0,"boeck2019\/multi_task_hjdb":1.0,"boeck2020\/dar":1.0,"davies2009\/mirex_qm_tempotracker":0.75,"percival2014\/stem":0.875,"schreiber2014\/default":1.0,"schreiber2017\/ismir2017":1.0,"schreiber2017\/mirex2017":1.0,"schreiber2018\/cnn":0.875,"schreiber2018\/fcn":1.0,"schreiber2018\/ismir2018":1.0,"sun2021\/default":1.0},"indie-dance-nu-disco":{"boeck2015\/tempodetector2016_default":0.9090909091,"boeck2019\/multi_task":0.9090909091,"boeck2019\/multi_task_hjdb":0.9090909091,"boeck2020\/dar":1.0,"davies2009\/mirex_qm_tempotracker":0.2727272727,"percival2014\/stem":1.0,"schreiber2014\/default":1.0,"schreiber2017\/ismir2017":0.8181818182,"schreiber2017\/mirex2017":0.8181818182,"schreiber2018\/cnn":0.7272727273,"schreiber2018\/fcn":0.8181818182,"schreiber2018\/ismir2018":0.9090909091,"sun2021\/default":1.0},"house":{"boeck2015\/tempodetector2016_default":0.652173913,"boeck2019\/multi_task":0.8695652174,"boeck2019\/multi_task_hjdb":0.9130434783,"boeck2020\/dar":0.9565217391,"davies2009\/mirex_qm_tempotracker":0.3043478261,"percival2014\/stem":0.6956521739,"schreiber2014\/default":0.6956521739,"schreiber2017\/ismir2017":0.7826086957,"schreiber2017\/mirex2017":0.9130434783,"schreiber2018\/cnn":1.0,"schreiber2018\/fcn":1.0,"schreiber2018\/ismir2018":0.9565217391,"sun2021\/default":1.0},"hip-hop":{"boeck2015\/tempodetector2016_default":0.5,"boeck2019\/multi_task":0.5,"boeck2019\/multi_task_hjdb":1.0,"boeck2020\/dar":1.0,"davies2009\/mirex_qm_tempotracker":0.0,"percival2014\/stem":0.5,"schreiber2014\/default":0.5,"schreiber2017\/ismir2017":0.5,"schreiber2017\/mirex2017":0.5,"schreiber2018\/cnn":0.5,"schreiber2018\/fcn":0.5,"schreiber2018\/ismir2018":1.0,"sun2021\/default":1.0},"hardcore-hard-techno":{"boeck2015\/tempodetector2016_default":0.7857142857,"boeck2019\/multi_task":0.5,"boeck2019\/multi_task_hjdb":0.7142857143,"boeck2020\/dar":0.8571428571,"davies2009\/mirex_qm_tempotracker":0.1428571429,"percival2014\/stem":0.0714285714,"schreiber2014\/default":0.1428571429,"schreiber2017\/ismir2017":0.5,"schreiber2017\/mirex2017":0.7857142857,"schreiber2018\/cnn":0.8571428571,"schreiber2018\/fcn":1.0,"schreiber2018\/ismir2018":0.7142857143,"sun2021\/default":1.0},"hard-dance":{"boeck2015\/tempodetector2016_default":0.375,"boeck2019\/multi_task":0.875,"boeck2019\/multi_task_hjdb":0.875,"boeck2020\/dar":0.875,"davies2009\/mirex_qm_tempotracker":0.375,"percival2014\/stem":0.625,"schreiber2014\/default":0.75,"schreiber2017\/ismir2017":0.75,"schreiber2017\/mirex2017":0.875,"schreiber2018\/cnn":0.875,"schreiber2018\/fcn":0.875,"schreiber2018\/ismir2018":0.875,"sun2021\/default":1.0},"glitch-hop":{"boeck2015\/tempodetector2016_default":0.6470588235,"boeck2019\/multi_task":0.7058823529,"boeck2019\/multi_task_hjdb":0.7647058824,"boeck2020\/dar":0.7647058824,"davies2009\/mirex_qm_tempotracker":0.5294117647,"percival2014\/stem":0.7058823529,"schreiber2014\/default":0.7058823529,"schreiber2017\/ismir2017":0.7647058824,"schreiber2017\/mirex2017":0.7058823529,"schreiber2018\/cnn":0.7647058824,"schreiber2018\/fcn":0.7647058824,"schreiber2018\/ismir2018":0.7647058824,"sun2021\/default":0.7058823529},"funk-r-and-b":{"boeck2015\/tempodetector2016_default":0.0,"boeck2019\/multi_task":1.0,"boeck2019\/multi_task_hjdb":1.0,"boeck2020\/dar":1.0,"davies2009\/mirex_qm_tempotracker":1.0,"percival2014\/stem":0.0,"schreiber2014\/default":1.0,"schreiber2017\/ismir2017":1.0,"schreiber2017\/mirex2017":1.0,"schreiber2018\/cnn":1.0,"schreiber2018\/fcn":1.0,"schreiber2018\/ismir2018":1.0,"sun2021\/default":1.0},"electronica":{"boeck2015\/tempodetector2016_default":0.6346153846,"boeck2019\/multi_task":0.6923076923,"boeck2019\/multi_task_hjdb":0.7884615385,"boeck2020\/dar":0.7307692308,"davies2009\/mirex_qm_tempotracker":0.3269230769,"percival2014\/stem":0.6153846154,"schreiber2014\/default":0.7115384615,"schreiber2017\/ismir2017":0.6923076923,"schreiber2017\/mirex2017":0.8461538462,"schreiber2018\/cnn":0.7307692308,"schreiber2018\/fcn":0.75,"schreiber2018\/ismir2018":0.8076923077,"sun2021\/default":0.75},"electro-house":{"boeck2015\/tempodetector2016_default":0.8181818182,"boeck2019\/multi_task":0.8636363636,"boeck2019\/multi_task_hjdb":0.9090909091,"boeck2020\/dar":1.0,"davies2009\/mirex_qm_tempotracker":0.6363636364,"percival2014\/stem":0.5909090909,"schreiber2014\/default":0.8181818182,"schreiber2017\/ismir2017":0.8636363636,"schreiber2017\/mirex2017":0.9545454545,"schreiber2018\/cnn":0.9090909091,"schreiber2018\/fcn":1.0,"schreiber2018\/ismir2018":0.9090909091,"sun2021\/default":1.0},