{"boeck2015\/tempodetector2016_default":{"boeck2015\/tempodetector2016_default":1.0,"davies2009\/mirex_qm_tempotracker":0.1200298032,"percival2014\/stem":0.4301751729,"schreiber2014\/default":0.2060881183,"schreiber2017\/ismir2017":0.0000000428,"schreiber2017\/mirex2017":0.0000000428,"schreiber2018\/cnn":1.552640889e-28,"schreiber2018\/fcn":1.222285768e-33,"schreiber2018\/ismir2018":3.071008375e-22},"davies2009\/mirex_qm_tempotracker":{"boeck2015\/tempodetector2016_default":0.1200298032,"davies2009\/mirex_qm_tempotracker":1.0,"percival2014\/stem":0.3502685183,"schreiber2014\/default":0.0001947387,"schreiber2017\/ismir2017":3.567111604e-23,"schreiber2017\/mirex2017":3.567111604e-23,"schreiber2018\/cnn":2.316056648e-62,"schreiber2018\/fcn":6.161383816e-69,"schreiber2018\/ismir2018":7.30956313e-49},"percival2014\/stem":{"boeck2015\/tempodetector2016_default":0.4301751729,"davies2009\/mirex_qm_tempotracker":0.3502685183,"percival2014\/stem":1.0,"schreiber2014\/default":0.0036029883,"schreiber2017\/ismir2017":2.025723175e-19,"schreiber2017\/mirex2017":2.025723175e-19,"schreiber2018\/cnn":1.523984376e-38,"schreiber2018\/fcn":1.51334938e-44,"schreiber2018\/ismir2018":1.095957643e-36},"schreiber2014\/default":{"boeck2015\/tempodetector2016_default":0.2060881183,"davies2009\/mirex_qm_tempotracker":0.0001947387,"percival2014\/stem":0.0036029883,"schreiber2014\/default":1.0,"schreiber2017\/ismir2017":0.0000000001,"schreiber2017\/mirex2017":0.0000000001,"schreiber2018\/cnn":1.149136032e-29,"schreiber2018\/fcn":1.939277526e-35,"schreiber2018\/ismir2018":4.230358868e-27},"schreiber2017\/ismir2017":{"boeck2015\/tempodetector2016_default":0.0000000428,"davies2009\/mirex_qm_tempotracker":3.567111604e-23,"percival2014\/stem":2.025723175e-19,"schreiber2014\/default":0.0000000001,"schreiber2017\/ismir2017":1.0,"schreiber2017\/mirex2017":1.0,"schreiber2018\/cnn":0.0,"schreiber2018\/fcn":1.511398576e-19,"schreiber2018\/ismir2018":0.0},"schreiber2017\/mirex2017":{"boeck2015\/tempodetector2016_default":0.0000000428,"davies2009\/mirex_qm_tempotracker":3.567111604e-23,"percival2014\/stem":2.025723175e-19,"schreiber2014\/default":0.0000000001,"schreiber2017\/ismir2017":1.0,"schreiber2017\/mirex2017":1.0,"schreiber2018\/cnn":0.0,"schreiber2018\/fcn":1.511398576e-19,"schreiber2018\/ismir2018":0.0},"schreiber2018\/cnn":{"boeck2015\/tempodetector2016_default":1.552640889e-28,"davies2009\/mirex_qm_tempotracker":2.316056648e-62,"percival2014\/stem":1.523984376e-38,"schreiber2014\/default":1.149136032e-29,"schreiber2017\/ismir2017":0.0,"schreiber2017\/mirex2017":0.0,"schreiber2018\/cnn":1.0,"schreiber2018\/fcn":0.0036351224,"schreiber2018\/ismir2018":0.0055523609},"schreiber2018\/fcn":{"boeck2015\/tempodetector2016_default":1.222285768e-33,"davies2009\/mirex_qm_tempotracker":6.161383816e-69,"percival2014\/stem":1.51334938e-44,"schreiber2014\/default":1.939277526e-35,"schreiber2017\/ismir2017":1.511398576e-19,"schreiber2017\/mirex2017":1.511398576e-19,"schreiber2018\/cnn":0.0036351224,"schreiber2018\/fcn":1.0,"schreiber2018\/ismir2018":0.0000001176},"schreiber2018\/ismir2018":{"boeck2015\/tempodetector2016_default":3.071008375e-22,"davies2009\/mirex_qm_tempotracker":7.30956313e-49,"percival2014\/stem":1.095957643e-36,"schreiber2014\/default":4.230358868e-27,"schreiber2017\/ismir2017":0.0,"schreiber2017\/mirex2017":0.0,"schreiber2018\/cnn":0.0055523609,"schreiber2018\/fcn":0.0000001176,"schreiber2018\/ismir2018":1.0}}