{"Count":{"Breaks":0.0726015557,"Chill Out":0.0656871219,"Deep House":0.0561797753,"Drum & Bass":0.0501296456,"Dubstep":0.0535868626,"Electro House":0.0708729473,"Electronica":0.0656871219,"Hard Dance":0.0605012965,"Hip-Hop":0.0717372515,"House":0.0656871219,"Minimal":0.044079516,"Progressive House":0.0708729473,"Psy-Trance":0.0717372515,"Tech House":0.0613656007,"Techno":0.0475367329,"Trance":0.0717372515}}