{"AOE1_MEAN":{"schreiber2018\/fcn":0.0967696259,"boeck2020\/dar":0.1178719592,"schreiber2018\/cnn":0.1298693011,"schreiber2017\/mirex2017":0.157395768,"schreiber2018\/ismir2018":0.1683423963,"boeck2019\/multi_task_hjdb":0.2182544511,"boeck2019\/multi_task":0.2872803629,"schreiber2017\/ismir2017":0.2910839019,"schreiber2014\/default":0.3661874588,"boeck2015\/tempodetector2016_default":0.3974401587,"percival2014\/stem":0.4156117159,"davies2009\/mirex_qm_tempotracker":0.4325307074},"AOE1_STDEV":{"schreiber2018\/fcn":0.2771403694,"boeck2020\/dar":0.3046009338,"schreiber2018\/cnn":0.3181595255,"schreiber2017\/mirex2017":0.3454245963,"schreiber2018\/ismir2018":0.3591584466,"boeck2019\/multi_task_hjdb":0.3960594264,"boeck2019\/multi_task":0.4378242156,"schreiber2017\/ismir2017":0.4393369553,"schreiber2014\/default":0.463641837,"boeck2015\/tempodetector2016_default":0.5599330555,"percival2014\/stem":0.4787315055,"davies2009\/mirex_qm_tempotracker":0.3551678601},"AOE2_MEAN":{"schreiber2018\/fcn":0.0134814073,"boeck2020\/dar":0.0189348959,"schreiber2018\/cnn":0.0159051032,"schreiber2017\/mirex2017":0.0190733411,"schreiber2018\/ismir2018":0.0153951475,"boeck2019\/multi_task_hjdb":0.0204794126,"boeck2019\/multi_task":0.0213301377,"schreiber2017\/ismir2017":0.0206736129,"schreiber2014\/default":0.0286667476,"boeck2015\/tempodetector2016_default":0.0302196117,"percival2014\/stem":0.0217299232,"davies2009\/mirex_qm_tempotracker":0.2026336799},"AOE2_STDEV":{"schreiber2018\/fcn":0.0445601968,"boeck2020\/dar":0.0556496323,"schreiber2018\/cnn":0.0545052067,"schreiber2017\/mirex2017":0.0620986855,"schreiber2018\/ismir2018":0.0518598033,"boeck2019\/multi_task_hjdb":0.0630812443,"boeck2019\/multi_task":0.0650465657,"schreiber2017\/ismir2017":0.06607751,"schreiber2014\/default":0.082710306,"boeck2015\/tempodetector2016_default":0.0876870144,"percival2014\/stem":0.0700688775,"davies2009\/mirex_qm_tempotracker":0.1997843815}}