Estimator,Accuracy1,Accuracy2
schreiber2018/fcn,0.8986384266263238,0.9803328290468987
schreiber2018/cnn,0.8638426626323752,0.9757942511346445
schreiber2018/ismir2018,0.8245083207261724,0.9757942511346445
schreiber2017/mirex2017,0.7049924357034796,0.9561270801815431
schreiber2017/ismir2017,0.7049924357034796,0.9561270801815431
boeck2015/tempodetector2016_default,0.6384266263237519,0.9409984871406959
schreiber2014/default,0.6051437216338881,0.9319213313161876
percival2014/stem,0.5703479576399395,0.9606656580937972
davies2009/mirex_qm_tempotracker,0.3540090771558245,0.5325264750378215
