{"boeck2015\/tempodetector2016_default":{"boeck2015\/tempodetector2016_default":1.0,"davies2009\/mirex_qm_tempotracker":0.0000000048,"echonest\/version_3_2_1":1.352295759e-16,"gkiokas2012\/default":0.0016414913,"klapuri2006\/percival2014":0.0002564886,"oliveira2010\/ibt":0.0,"percival2014\/stem":0.0594633753,"scheirer1998\/percival2014":4.789462939e-43,"schreiber2014\/default":0.0004697573,"schreiber2017\/ismir2017":0.044384161,"schreiber2017\/mirex2017":0.044384161,"schreiber2018\/cnn":0.4513808324,"schreiber2018\/fcn":0.0534388105,"schreiber2018\/ismir2018":0.0038382659,"zplane\/auftakt_v3":0.0},"davies2009\/mirex_qm_tempotracker":{"boeck2015\/tempodetector2016_default":0.0000000048,"davies2009\/mirex_qm_tempotracker":1.0,"echonest\/version_3_2_1":0.0183724368,"gkiokas2012\/default":0.0006648213,"klapuri2006\/percival2014":0.0142140389,"oliveira2010\/ibt":0.0265002806,"percival2014\/stem":0.0000065442,"scheirer1998\/percival2014":2.010992893e-20,"schreiber2014\/default":0.0034147912,"schreiber2017\/ismir2017":0.000040622,"schreiber2017\/mirex2017":0.000040622,"schreiber2018\/cnn":0.0000002261,"schreiber2018\/fcn":0.0000335676,"schreiber2018\/ismir2018":0.0007570231,"zplane\/auftakt_v3":0.5228166539},"echonest\/version_3_2_1":{"boeck2015\/tempodetector2016_default":1.352295759e-16,"davies2009\/mirex_qm_tempotracker":0.0183724368,"echonest\/version_3_2_1":1.0,"gkiokas2012\/default":0.000000001,"klapuri2006\/percival2014":0.000000161,"oliveira2010\/ibt":0.7841912294,"percival2014\/stem":0.0,"scheirer1998\/percival2014":0.0,"schreiber2014\/default":0.0000000017,"schreiber2017\/ismir2017":0.0,"schreiber2017\/mirex2017":0.0,"schreiber2018\/cnn":0.0,"schreiber2018\/fcn":0.0000000001,"schreiber2018\/ismir2018":0.0000000006,"zplane\/auftakt_v3":0.0621800563},"gkiokas2012\/default":{"boeck2015\/tempodetector2016_default":0.0016414913,"davies2009\/mirex_qm_tempotracker":0.0006648213,"echonest\/version_3_2_1":0.000000001,"gkiokas2012\/default":1.0,"klapuri2006\/percival2014":0.3018984444,"oliveira2010\/ibt":0.0000000486,"percival2014\/stem":0.3408909412,"scheirer1998\/percival2014":7.039547751e-33,"schreiber2014\/default":0.7945723486,"schreiber2017\/ismir2017":0.4423557333,"schreiber2017\/mirex2017":0.4423557333,"schreiber2018\/cnn":0.0364834,"schreiber2018\/fcn":0.4270428565,"schreiber2018\/ismir2018":0.8936946693,"zplane\/auftakt_v3":0.0000285738},"klapuri2006\/percival2014":{"boeck2015\/tempodetector2016_default":0.0002564886,"davies2009\/mirex_qm_tempotracker":0.0142140389,"echonest\/version_3_2_1":0.000000161,"gkiokas2012\/default":0.3018984444,"klapuri2006\/percival2014":1.0,"oliveira2010\/ibt":0.0000017866,"percival2014\/stem":0.0222413895,"scheirer1998\/percival2014":2.50713787e-26,"schreiber2014\/default":0.4423557333,"schreiber2017\/ismir2017":0.0429565455,"schreiber2017\/mirex2017":0.0429565455,"schreiber2018\/cnn":0.0010657658,"schreiber2018\/fcn":0.0429565455,"schreiber2018\/ismir2018":0.2370471148,"zplane\/auftakt_v3":0.0007186137},"oliveira2010\/ibt":{"boeck2015\/tempodetector2016_default":0.0,"davies2009\/mirex_qm_tempotracker":0.0265002806,"echonest\/version_3_2_1":0.7841912294,"gkiokas2012\/default":0.0000000486,"klapuri2006\/percival2014":0.0000017866,"oliveira2010\/ibt":1.0,"percival2014\/stem":0.0,"scheirer1998\/percival2014":0.0,"schreiber2014\/default":0.000000328,"schreiber2017\/ismir2017":0.0000000002,"schreiber2017\/mirex2017":0.0000000002,"schreiber2018\/cnn":0.0,"schreiber2018\/fcn":0.0000000004,"schreiber2018\/ismir2018":0.0000000086,"zplane\/auftakt_v3":0.1219166947},"percival2014\/stem":{"boeck2015\/tempodetector2016_default":0.0594633753,"davies2009\/mirex_qm_tempotracker":0.0000065442,"echonest\/version_3_2_1":0.0,"gkiokas2012\/default":0.3408909412,"klapuri2006\/percival2014":0.0222413895,"oliveira2010\/ibt":0.0,"percival2014\/stem":1.0,"scheirer1998\/percival2014":3.814512489e-37,"schreiber2014\/default":0.1607796018,"schreiber2017\/ismir2017":1.0,"schreiber2017\/mirex2017":1.0,"schreiber2018\/cnn":0.2799562385,"schreiber2018\/fcn":1.0,"schreiber2018\/ismir2018":0.3019956132,"zplane\/auftakt_v3":0.0000000141},"scheirer1998\/percival2014":{"boeck2015\/tempodetector2016_default":4.789462939e-43,"davies2009\/mirex_qm_tempotracker":2.010992893e-20,"echonest\/version_3_2_1":0.0,"gkiokas2012\/default":7.039547751e-33,"klapuri2006\/percival2014":2.50713787e-26,"oliveira2010\/ibt":0.0,"percival2014\/stem":3.814512489e-37,"scheirer1998\/percival2014":1.0,"schreiber2014\/default":2.321286044e-31,"schreiber2017\/ismir2017":1.708327095e-35,"schreiber2017\/mirex2017":1.708327095e-35,"schreiber2018\/cnn":5.126187602e-42,"schreiber2018\/fcn":6.095578647e-36,"schreiber2018\/ismir2018":2.756300367e-33,"zplane\/auftakt_v3":7.392917802e-17},"schreiber2014\/default":{"boeck2015\/tempodetector2016_default":0.0004697573,"davies2009\/mirex_qm_tempotracker":0.0034147912,"echonest\/version_3_2_1":0.0000000017,"gkiokas2012\/default":0.7945723486,"klapuri2006\/percival2014":0.4423557333,"oliveira2010\/ibt":0.000000328,"percival2014\/stem":0.1607796018,"scheirer1998\/percival2014":2.321286044e-31,"schreiber2014\/default":1.0,"schreiber2017\/ismir2017":0.0871585533,"schreiber2017\/mirex2017":0.0871585533,"schreiber2018\/cnn":0.0079427265,"schreiber2018\/fcn":0.2288055412,"schreiber2018\/ismir2018":0.7754496547,"zplane\/auftakt_v3":0.0000169358},"schreiber2017\/ismir2017":{"boeck2015\/tempodetector2016_default":0.044384161,"davies2009\/mirex_qm_tempotracker":0.000040622,"echonest\/version_3_2_1":0.0,"gkiokas2012\/default":0.4423557333,"klapuri2006\/percival2014":0.0429565455,"oliveira2010\/ibt":0.0000000002,"percival2014\/stem":1.0,"scheirer1998\/percival2014":1.708327095e-35,"schreiber2014\/default":0.0871585533,"schreiber2017\/ismir2017":1.0,"schreiber2017\/mirex2017":1.0,"schreiber2018\/cnn":0.2326931919,"schreiber2018\/fcn":1.0,"schreiber2018\/ismir2018":0.401061991,"zplane\/auftakt_v3":0.0000000364},"schreiber2017\/mirex2017":{"boeck2015\/tempodetector2016_default":0.044384161,"davies2009\/mirex_qm_tempotracker":0.000040622,"echonest\/version_3_2_1":0.0,"gkiokas2012\/default":0.4423557333,"klapuri2006\/percival2014":0.0429565455,"oliveira2010\/ibt":0.0000000002,"percival2014\/stem":1.0,"scheirer1998\/percival2014":1.708327095e-35,"schreiber2014\/default":0.0871585533,"schreiber2017\/ismir2017":1.0,"schreiber2017\/mirex2017":1.0,"schreiber2018\/cnn":0.2326931919,"schreiber2018\/fcn":1.0,"schreiber2018\/ismir2018":0.401061991,"zplane\/auftakt_v3":0.0000000364},"schreiber2018\/cnn":{"boeck2015\/tempodetector2016_default":0.4513808324,"davies2009\/mirex_qm_tempotracker":0.0000002261,"echonest\/version_3_2_1":0.0,"gkiokas2012\/default":0.0364834,"klapuri2006\/percival2014":0.0010657658,"oliveira2010\/ibt":0.0,"percival2014\/stem":0.2799562385,"scheirer1998\/percival2014":5.126187602e-42,"schreiber2014\/default":0.0079427265,"schreiber2017\/ismir2017":0.2326931919,"schreiber2017\/mirex2017":0.2326931919,"schreiber2018\/cnn":1.0,"schreiber2018\/fcn":0.2110235976,"schreiber2018\/ismir2018":0.0195204728,"zplane\/auftakt_v3":0.0},"schreiber2018\/fcn":{"boeck2015\/tempodetector2016_default":0.0534388105,"davies2009\/mirex_qm_tempotracker":0.0000335676,"echonest\/version_3_2_1":0.0000000001,"gkiokas2012\/default":0.4270428565,"klapuri2006\/percival2014":0.0429565455,"oliveira2010\/ibt":0.0000000004,"percival2014\/stem":1.0,"scheirer1998\/percival2014":6.095578647e-36,"schreiber2014\/default":0.2288055412,"schreiber2017\/ismir2017":1.0,"schreiber2017\/mirex2017":1.0,"schreiber2018\/cnn":0.2110235976,"schreiber2018\/fcn":1.0,"schreiber2018\/ismir2018":0.3916029105,"zplane\/auftakt_v3":0.0000001235},"schreiber2018\/ismir2018":{"boeck2015\/tempodetector2016_default":0.0038382659,"davies2009\/mirex_qm_tempotracker":0.0007570231,"echonest\/version_3_2_1":0.0000000006,"gkiokas2012\/default":0.8936946693,"klapuri2006\/percival2014":0.2370471148,"oliveira2010\/ibt":0.0000000086,"percival2014\/stem":0.3019956132,"scheirer1998\/percival2014":2.756300367e-33,