{"rock":{"boeck2015\/tempodetector2016_default":0.98,"boeck2019\/multi_task":0.97,"boeck2019\/multi_task_hjdb":0.97,"boeck2020\/dar":1.0,"davies2009\/mirex_qm_tempotracker":0.95,"echonest\/version_3_2_1":0.94,"gkiokas2012\/default":0.97,"klapuri2006\/percival2014":0.98,"oliveira2010\/ibt":0.96,"percival2014\/stem":0.99,"scheirer1998\/percival2014":0.85,"schreiber2014\/default":0.99,"schreiber2017\/ismir2017":0.98,"schreiber2017\/mirex2017":0.99,"schreiber2018\/cnn":1.0,"schreiber2018\/fcn":1.0,"schreiber2018\/ismir2018":0.99,"zplane\/auftakt_v3":0.96},"reggae":{"boeck2015\/tempodetector2016_default":1.0,"boeck2019\/multi_task":0.9797979798,"boeck2019\/multi_task_hjdb":0.9797979798,"boeck2020\/dar":1.0,"davies2009\/mirex_qm_tempotracker":0.9898989899,"echonest\/version_3_2_1":0.9797979798,"gkiokas2012\/default":0.9898989899,"klapuri2006\/percival2014":1.0,"oliveira2010\/ibt":0.9696969697,"percival2014\/stem":0.9797979798,"scheirer1998\/percival2014":0.8888888889,"schreiber2014\/default":0.9898989899,"schreiber2017\/ismir2017":1.0,"schreiber2017\/mirex2017":1.0,"schreiber2018\/cnn":1.0,"schreiber2018\/fcn":0.9898989899,"schreiber2018\/ismir2018":1.0,"zplane\/auftakt_v3":0.9595959596},"pop":{"boeck2015\/tempodetector2016_default":0.99,"boeck2019\/multi_task":0.97,"boeck2019\/multi_task_hjdb":0.97,"boeck2020\/dar":0.99,"davies2009\/mirex_qm_tempotracker":0.95,"echonest\/version_3_2_1":0.92,"gkiokas2012\/default":0.99,"klapuri2006\/percival2014":0.98,"oliveira2010\/ibt":0.98,"percival2014\/stem":0.98,"scheirer1998\/percival2014":0.8,"schreiber2014\/default":0.98,"schreiber2017\/ismir2017":0.98,"schreiber2017\/mirex2017":0.99,"schreiber2018\/cnn":1.0,"schreiber2018\/fcn":0.99,"schreiber2018\/ismir2018":0.99,"zplane\/auftakt_v3":0.96},"metal":{"boeck2015\/tempodetector2016_default":0.95,"boeck2019\/multi_task":0.98,"boeck2019\/multi_task_hjdb":0.97,"boeck2020\/dar":0.97,"davies2009\/mirex_qm_tempotracker":0.94,"echonest\/version_3_2_1":0.94,"gkiokas2012\/default":0.94,"klapuri2006\/percival2014":0.97,"oliveira2010\/ibt":0.93,"percival2014\/stem":0.99,"scheirer1998\/percival2014":0.8,"schreiber2014\/default":0.93,"schreiber2017\/ismir2017":0.93,"schreiber2017\/mirex2017":0.96,"schreiber2018\/cnn":0.98,"schreiber2018\/fcn":0.94,"schreiber2018\/ismir2018":0.95,"zplane\/auftakt_v3":0.88},"jazz":{"boeck2015\/tempodetector2016_default":0.91,"boeck2019\/multi_task":0.89,"boeck2019\/multi_task_hjdb":0.91,"boeck2020\/dar":0.91,"davies2009\/mirex_qm_tempotracker":0.78,"echonest\/version_3_2_1":0.71,"gkiokas2012\/default":0.8,"klapuri2006\/percival2014":0.87,"oliveira2010\/ibt":0.64,"percival2014\/stem":0.91,"scheirer1998\/percival2014":0.62,"schreiber2014\/default":0.9,"schreiber2017\/ismir2017":0.91,"schreiber2017\/mirex2017":0.95,"schreiber2018\/cnn":0.93,"schreiber2018\/fcn":0.87,"schreiber2018\/ismir2018":0.87,"zplane\/auftakt_v3":0.8},"hip-hop":{"boeck2015\/tempodetector2016_default":0.99,"boeck2019\/multi_task":0.98,"boeck2019\/multi_task_hjdb":0.99,"boeck2020\/dar":1.0,"davies2009\/mirex_qm_tempotracker":0.99,"echonest\/version_3_2_1":0.97,"gkiokas2012\/default":0.98,"klapuri2006\/percival2014":0.99,"oliveira2010\/ibt":0.99,"percival2014\/stem":1.0,"scheirer1998\/percival2014":0.8,"schreiber2014\/default":1.0,"schreiber2017\/ismir2017":1.0,"schreiber2017\/mirex2017":1.0,"schreiber2018\/cnn":1.0,"schreiber2018\/fcn":1.0,"schreiber2018\/ismir2018":0.99,"zplane\/auftakt_v3":0.98},"disco":{"boeck2015\/tempodetector2016_default":0.99,"boeck2019\/multi_task":0.98,"boeck2019\/multi_task_hjdb":0.98,"boeck2020\/dar":1.0,"davies2009\/mirex_qm_tempotracker":0.98,"echonest\/version_3_2_1":0.97,"gkiokas2012\/default":0.99,"klapuri2006\/percival2014":0.99,"oliveira2010\/ibt":1.0,"percival2014\/stem":0.98,"scheirer1998\/percival2014":0.9,"schreiber2014\/default":0.99,"schreiber2017\/ismir2017":0.99,"schreiber2017\/mirex2017":1.0,"schreiber2018\/cnn":0.98,"schreiber2018\/fcn":0.99,"schreiber2018\/ismir2018":0.98,"zplane\/auftakt_v3":0.97},"country":{"boeck2015\/tempodetector2016_default":0.99,"boeck2019\/multi_task":0.98,"boeck2019\/multi_task_hjdb":0.98,"boeck2020\/dar":1.0,"davies2009\/mirex_qm_tempotracker":0.95,"echonest\/version_3_2_1":0.91,"gkiokas2012\/default":1.0,"klapuri2006\/percival2014":0.97,"oliveira2010\/ibt":0.92,"percival2014\/stem":1.0,"scheirer1998\/percival2014":0.83,"schreiber2014\/default":0.97,"schreiber2017\/ismir2017":0.98,"schreiber2017\/mirex2017":0.99,"schreiber2018\/cnn":1.0,"schreiber2018\/fcn":0.98,"schreiber2018\/ismir2018":0.99,"zplane\/auftakt_v3":0.94},"classical":{"boeck2015\/tempodetector2016_default":0.81,"boeck2019\/multi_task":0.79,"boeck2019\/multi_task_hjdb":0.8,"boeck2020\/dar":0.82,"davies2009\/mirex_qm_tempotracker":0.62,"echonest\/version_3_2_1":0.53,"gkiokas2012\/default":0.77,"klapuri2006\/percival2014":0.6,"oliveira2010\/ibt":0.49,"percival2014\/stem":0.66,"scheirer1998\/percival2014":0.43,"schreiber2014\/default":0.7,"schreiber2017\/ismir2017":0.71,"schreiber2017\/mirex2017":0.76,"schreiber2018\/cnn":0.67,"schreiber2018\/fcn":0.65,"schreiber2018\/ismir2018":0.65,"zplane\/auftakt_v3":0.6},"blues":{"boeck2015\/tempodetector2016_default":0.95,"boeck2019\/multi_task":0.95,"boeck2019\/multi_task_hjdb":0.95,"boeck2020\/dar":0.97,"davies2009\/mirex_qm_tempotracker":0.86,"echonest\/version_3_2_1":0.83,"gkiokas2012\/default":0.95,"klapuri2006\/percival2014":0.9,"oliveira2010\/ibt":0.82,"percival2014\/stem":0.93,"scheirer1998\/percival2014":0.71,"schreiber2014\/default":0.89,"schreiber2017\/ismir2017":0.91,"schreiber2017\/mirex2017":0.96,"schreiber2018\/cnn":0.95,"schreiber2018\/fcn":0.97,"schreiber2018\/ismir2018":0.92,"zplane\/auftakt_v3":0.87}}