{"ternary":{"boeck2015\/tempodetector2016_default":0.7741935484,"boeck2019\/multi_task":0.7419354839,"boeck2019\/multi_task_hjdb":0.7419354839,"boeck2020\/dar":0.8709677419,"davies2009\/mirex_qm_tempotracker":0.8387096774,"echonest\/version_3_2_1":0.4516129032,"gkiokas2012\/default":0.8064516129,"klapuri2006\/percival2014":0.6774193548,"oliveira2010\/ibt":0.6451612903,"percival2014\/stem":0.8064516129,"scheirer1998\/percival2014":0.7096774194,"schreiber2014\/default":0.5483870968,"schreiber2017\/ismir2017":0.7096774194,"schreiber2017\/mirex2017":0.935483871,"schreiber2018\/cnn":0.8064516129,"schreiber2018\/fcn":0.8387096774,"schreiber2018\/ismir2018":0.6451612903,"sun2021\/default":0.6774193548,"zplane\/auftakt_v3":0.5161290323},"swing":{"boeck2015\/tempodetector2016_default":0.9550561798,"boeck2019\/multi_task":0.9438202247,"boeck2019\/multi_task_hjdb":0.9438202247,"boeck2020\/dar":0.9662921348,"davies2009\/mirex_qm_tempotracker":0.9438202247,"echonest\/version_3_2_1":0.8033707865,"gkiokas2012\/default":0.9382022472,"klapuri2006\/percival2014":0.904494382,"oliveira2010\/ibt":0.8258426966,"percival2014\/stem":0.9550561798,"scheirer1998\/percival2014":0.8314606742,"schreiber2014\/default":0.8764044944,"schreiber2017\/ismir2017":0.904494382,"schreiber2017\/mirex2017":0.9606741573,"schreiber2018\/cnn":0.9606741573,"schreiber2018\/fcn":0.9606741573,"schreiber2018\/ismir2018":0.8988764045,"sun2021\/default":0.8876404494,"zplane\/auftakt_v3":0.8651685393},"no_ternary":{"boeck2015\/tempodetector2016_default":0.9618163055,"boeck2019\/multi_task":0.959752322,"boeck2019\/multi_task_hjdb":0.9587203302,"boeck2020\/dar":0.9649122807,"davies2009\/mirex_qm_tempotracker":0.9246646027,"echonest\/version_3_2_1":0.8895768834,"gkiokas2012\/default":0.9401444788,"klapuri2006\/percival2014":0.9360165119,"oliveira2010\/ibt":0.8864809082,"percival2014\/stem":0.9494324045,"scheirer1998\/percival2014":0.7719298246,"schreiber2014\/default":0.9484004128,"schreiber2017\/ismir2017":0.9432404541,"schreiber2017\/mirex2017":0.9525283798,"schreiber2018\/cnn":0.9545923633,"schreiber2018\/fcn":0.955624355,"schreiber2018\/ismir2018":0.9442724458,"sun2021\/default":0.9391124871,"zplane\/auftakt_v3":0.9040247678},"no_swing":{"boeck2015\/tempodetector2016_default":0.9562043796,"boeck2019\/multi_task":0.9549878345,"boeck2019\/multi_task_hjdb":0.9537712895,"boeck2020\/dar":0.9610705596,"davies2009\/mirex_qm_tempotracker":0.9172749392,"echonest\/version_3_2_1":0.8917274939,"gkiokas2012\/default":0.9355231144,"klapuri2006\/percival2014":0.9330900243,"oliveira2010\/ibt":0.8905109489,"percival2014\/stem":0.9428223844,"scheirer1998\/percival2014":0.7566909976,"schreiber2014\/default":0.9489051095,"schreiber2017\/ismir2017":0.9428223844,"schreiber2017\/mirex2017":0.9501216545,"schreiber2018\/cnn":0.9476885645,"schreiber2018\/fcn":0.9501216545,"schreiber2018\/ismir2018":0.9428223844,"sun2021\/default":0.9403892944,"zplane\/auftakt_v3":0.897810219},"9\/8":{"boeck2015\/tempodetector2016_default":0.75,"boeck2019\/multi_task":0.75,"boeck2019\/multi_task_hjdb":0.75,"boeck2020\/dar":0.75,"davies2009\/mirex_qm_tempotracker":1.0,"echonest\/version_3_2_1":0.5,"gkiokas2012\/default":0.75,"klapuri2006\/percival2014":0.5,"oliveira2010\/ibt":0.25,"percival2014\/stem":0.75,"scheirer1998\/percival2014":0.5,"schreiber2014\/default":0.5,"schreiber2017\/ismir2017":0.5,"schreiber2017\/mirex2017":1.0,"schreiber2018\/cnn":0.75,"schreiber2018\/fcn":0.5,"schreiber2018\/ismir2018":0.5,"sun2021\/default":0.5,"zplane\/auftakt_v3":0.5},"5\/4":{"boeck2015\/tempodetector2016_default":1.0,"boeck2019\/multi_task":1.0,"boeck2019\/multi_task_hjdb":1.0,"boeck2020\/dar":1.0,"davies2009\/mirex_qm_tempotracker":0.5,"echonest\/version_3_2_1":0.5,"gkiokas2012\/default":1.0,"klapuri2006\/percival2014":0.5,"oliveira2010\/ibt":1.0,"percival2014\/stem":0.5,"scheirer1998\/percival2014":0.5,"schreiber2014\/default":1.0,"schreiber2017\/ismir2017":1.0,"schreiber2017\/mirex2017":1.0,"schreiber2018\/cnn":1.0,"schreiber2018\/fcn":1.0,"schreiber2018\/ismir2018":1.0,"sun2021\/default":1.0,"zplane\/auftakt_v3":0.5},"4\/4":{"boeck2015\/tempodetector2016_default":0.9687150838,"boeck2019\/multi_task":0.9653631285,"boeck2019\/multi_task_hjdb":0.9653631285,"boeck2020\/dar":0.9709497207,"davies2009\/mirex_qm_tempotracker":0.9418994413,"echonest\/version_3_2_1":0.9106145251,"gkiokas2012\/default":0.9519553073,"klapuri2006\/percival2014":0.9519553073,"oliveira2010\/ibt":0.905027933,"percival2014\/stem":0.9642458101,"scheirer1998\/percival2014":0.7910614525,"schreiber2014\/default":0.9608938547,"schreiber2017\/ismir2017":0.9653631285,"schreiber2017\/mirex2017":0.9720670391,"schreiber2018\/cnn":0.9687150838,"schreiber2018\/fcn":0.9664804469,"schreiber2018\/ismir2018":0.9620111732,"sun2021\/default":0.9519553073,"zplane\/auftakt_v3":0.9184357542},"3\/4":{"boeck2015\/tempodetector2016_default":0.8863636364,"boeck2019\/multi_task":0.9090909091,"boeck2019\/multi_task_hjdb":0.9090909091,"boeck2020\/dar":0.9090909091,"davies2009\/mirex_qm_tempotracker":0.7045454545,"echonest\/version_3_2_1":0.5909090909,"gkiokas2012\/default":0.7954545455,"klapuri2006\/percival2014":0.75,"oliveira2010\/ibt":0.6590909091,"percival2014\/stem":0.7727272727,"scheirer1998\/percival2014":0.5227272727,"schreiber2014\/default":0.75,"schreiber2017\/ismir2017":0.6136363636,"schreiber2017\/mirex2017":0.7045454545,"schreiber2018\/cnn":0.75,"schreiber2018\/fcn":0.8181818182,"schreiber2018\/ismir2018":0.75,"sun2021\/default":0.8181818182,"zplane\/auftakt_v3":0.7727272727},"2\/4":{"boeck2015\/tempodetector2016_default":1.0,"boeck2019\/multi_task":0.8571428571,"boeck2019\/multi_task_hjdb":0.8571428571,"boeck2020\/dar":0.8571428571,"davies2009\/mirex_qm_tempotracker":0.8571428571,"echonest\/version_3_2_1":0.5714285714,"gkiokas2012\/default":0.7142857143,"klapuri2006\/percival2014":0.8571428571,"oliveira2010\/ibt":0.7142857143,"percival2014\/stem":0.8571428571,"scheirer1998\/percival2014":0.5714285714,"schreiber2014\/default":1.0,"schreiber2017\/ismir2017":0.8571428571,"schreiber2017\/mirex2017":0.7142857143,"schreiber2018\/cnn":0.8571428571,"schreiber2018\/fcn":0.8571428571,"schreiber2018\/ismir2018":0.7142857143,"sun2021\/default":0.7142857143,"zplane\/auftakt_v3":0.7142857143},"12\/8":{"boeck2015\/tempodetector2016_default":0.7777777778,"boeck2019\/multi_task":0.7407407407,"boeck2019\/multi_task_hjdb":0.7407407407,"boeck2020\/dar":0.8888888889,"davies2009\/mirex_qm_tempotracker":0.8148148148,"echonest\/version_3_2_1":0.4444444444,"gkiokas2012\/default":0.8148148148,"klapuri2006\/percival2014":0.7037037037,"oliveira2010\/ibt":0.7037037037,"percival2014\/stem":0.8148148148,"scheirer1998\/percival2014":0.7407407407,"schreiber2014\/default":0.5555555556,"schreiber2017\/ismir2017":0.7407407407,"schreiber2017\/mirex2017":0.9259259259,"schreiber2018\/cnn":0.8148148148,"schreiber2018\/fcn":0.8888888889,"schreiber2018\/ismir2018":0.6666666667,"sun2021\/default":0.7037037037,"zplane\/auftakt_v3":0.5185185185}}