Item,cvar,GTZAN-Rhythm_v2_ismir2015_lbd_2015-10-28,2.0,1.0,davies2009/mirex_qm_tempotracker,klapuri2006/percival2014,schreiber2018/fcn,schreiber2018/ismir2018,schreiber2018/cnn,percival2014/stem,gkiokas2012/default,schreiber2017/mirex2017,schreiber2017/ismir2017,scheirer1998/percival2014,zplane/auftakt_v3,oliveira2010/ibt,boeck2015/tempodetector2016_default,echonest/version_3_2_1,schreiber2014/default
classical.00036.jams,0.17707407623751134,51.324459761944325,70.0,70.0,135.999,119.4946,87,94,87,93.9631,184.0,39.980473,39.980473,94.528,132.6,115.0,63.83,74.07,90.685486
classical.00080.jams,0.3204341897215335,61.40161465779349,60.0,60.0,132.512,126.826092,148,80,87,67.9996,160.0,156.92532,156.92532,157.414,74.5,105.0,230.77,78.974,137.84193
classical.00087.jams,0.14810830781217524,60.29003526297173,62.0,62.0,135.999,124.529367,70,96,90,67.5551,139.0,137.01395,137.01395,109.183,133.5,103.0,136.36,68.337,57.56557
country.00007.jams,0.013052196391156394,50.573396960285976,50.0,50.0,101.333,101.332721,101,101,101,101.333,101.0,101.01575,101.01575,101.03,101.0,101.0,101.69,100.927,101.055176
country.00097.jams,0.006751770618720417,37.675820495646356,38.0,38.0,114.844,113.581731,57,113,113,112.961,113.0,113.002,113.002,110.4,113.0,112.0,113.21,112.81,113.002
jazz.00026.jams,0.05531433365032825,98.20365063887614,55.0,55.0,206.719,109.378062,58,67,90,93.1166,79.0,78.9358,78.9358,68.5377,122.9,129.0,130.43,66.499,91.78948
reggae.00098.jams,0.019456109165385545,241.77657426771918,60.0,60.0,123.047,121.599265,121,121,120,121.243,121.0,121.1637,121.1637,0.0,121.2,120.0,122.45,121.055,121.12427
reggae.00099.jams,0.022115399146876366,236.32924285805092,60.0,60.0,120.185,118.803879,118,118,119,118.125,118.0,118.52199,118.52199,117.993,118.2,117.0,117.65,118.247,118.44313
rock.00065.jams,0.006789639309440549,62.077693855058385,62.0,62.0,126.048,124.529367,124,124,124,124.529,124.0,124.120834,124.120834,124.719,124.5,123.0,125.0,124.605,124.081406
