{"ternary":{"boeck2015\/tempodetector2016_default":0.5806451613,"boeck2019\/multi_task":0.4193548387,"boeck2019\/multi_task_hjdb":0.3870967742,"boeck2020\/dar":0.6774193548,"davies2009\/mirex_qm_tempotracker":0.5483870968,"echonest\/version_3_2_1":0.1935483871,"gkiokas2012\/default":0.5161290323,"klapuri2006\/percival2014":0.5161290323,"oliveira2010\/ibt":0.4516129032,"percival2014\/stem":0.4838709677,"scheirer1998\/percival2014":0.4516129032,"schreiber2014\/default":0.3548387097,"schreiber2017\/ismir2017":0.4838709677,"schreiber2017\/mirex2017":0.5806451613,"schreiber2018\/cnn":0.7419354839,"schreiber2018\/fcn":0.6774193548,"schreiber2018\/ismir2018":0.5161290323,"sun2021\/default":0.5806451613,"zplane\/auftakt_v3":0.3548387097},"swing":{"boeck2015\/tempodetector2016_default":0.797752809,"boeck2019\/multi_task":0.6011235955,"boeck2019\/multi_task_hjdb":0.5280898876,"boeck2020\/dar":0.8988764045,"davies2009\/mirex_qm_tempotracker":0.7078651685,"echonest\/version_3_2_1":0.4213483146,"gkiokas2012\/default":0.3988764045,"klapuri2006\/percival2014":0.6123595506,"oliveira2010\/ibt":0.6516853933,"percival2014\/stem":0.4943820225,"scheirer1998\/percival2014":0.4550561798,"schreiber2014\/default":0.4213483146,"schreiber2017\/ismir2017":0.5224719101,"schreiber2017\/mirex2017":0.4269662921,"schreiber2018\/cnn":0.7471910112,"schreiber2018\/fcn":0.7078651685,"schreiber2018\/ismir2018":0.7584269663,"sun2021\/default":0.8258426966,"zplane\/auftakt_v3":0.5617977528},"no_ternary":{"boeck2015\/tempodetector2016_default":0.7874097007,"boeck2019\/multi_task":0.7131062951,"boeck2019\/multi_task_hjdb":0.6883384933,"boeck2020\/dar":0.8575851393,"davies2009\/mirex_qm_tempotracker":0.7131062951,"echonest\/version_3_2_1":0.6728586171,"gkiokas2012\/default":0.6666666667,"klapuri2006\/percival2014":0.7110423117,"oliveira2010\/ibt":0.6965944272,"percival2014\/stem":0.6883384933,"scheirer1998\/percival2014":0.5180598555,"schreiber2014\/default":0.6955624355,"schreiber2017\/ismir2017":0.7110423117,"schreiber2017\/mirex2017":0.6811145511,"schreiber2018\/cnn":0.7708978328,"schreiber2018\/fcn":0.7564499484,"schreiber2018\/ismir2018":0.782249742,"sun2021\/default":0.8142414861,"zplane\/auftakt_v3":0.6904024768},"no_swing":{"boeck2015\/tempodetector2016_default":0.7773722628,"boeck2019\/multi_task":0.7262773723,"boeck2019\/multi_task_hjdb":0.7116788321,"boeck2020\/dar":0.8418491484,"davies2009\/mirex_qm_tempotracker":0.7080291971,"echonest\/version_3_2_1":0.7092457421,"gkiokas2012\/default":0.7189781022,"klapuri2006\/percival2014":0.7250608273,"oliveira2010\/ibt":0.697080292,"percival2014\/stem":0.7226277372,"scheirer1998\/percival2014":0.5291970803,"schreiber2014\/default":0.7420924574,"schreiber2017\/ismir2017":0.7433090024,"schreiber2017\/mirex2017":0.7323600973,"schreiber2018\/cnn":0.7749391727,"schreiber2018\/fcn":0.7639902676,"schreiber2018\/ismir2018":0.7773722628,"sun2021\/default":0.802919708,"zplane\/auftakt_v3":0.7055961071},"9\/8":{"boeck2015\/tempodetector2016_default":0.75,"boeck2019\/multi_task":0.75,"boeck2019\/multi_task_hjdb":0.75,"boeck2020\/dar":0.75,"davies2009\/mirex_qm_tempotracker":0.5,"echonest\/version_3_2_1":0.25,"gkiokas2012\/default":0.5,"klapuri2006\/percival2014":0.5,"oliveira2010\/ibt":0.25,"percival2014\/stem":0.75,"scheirer1998\/percival2014":0.5,"schreiber2014\/default":0.25,"schreiber2017\/ismir2017":0.5,"schreiber2017\/mirex2017":0.75,"schreiber2018\/cnn":0.75,"schreiber2018\/fcn":0.0,"schreiber2018\/ismir2018":0.5,"sun2021\/default":0.5,"zplane\/auftakt_v3":0.5},"5\/4":{"boeck2015\/tempodetector2016_default":0.5,"boeck2019\/multi_task":0.0,"boeck2019\/multi_task_hjdb":0.0,"boeck2020\/dar":1.0,"davies2009\/mirex_qm_tempotracker":0.5,"echonest\/version_3_2_1":0.5,"gkiokas2012\/default":1.0,"klapuri2006\/percival2014":0.5,"oliveira2010\/ibt":1.0,"percival2014\/stem":0.5,"scheirer1998\/percival2014":0.5,"schreiber2014\/default":0.0,"schreiber2017\/ismir2017":0.0,"schreiber2017\/mirex2017":0.5,"schreiber2018\/cnn":0.5,"schreiber2018\/fcn":0.0,"schreiber2018\/ismir2018":1.0,"sun2021\/default":0.5,"zplane\/auftakt_v3":0.5},"4\/4":{"boeck2015\/tempodetector2016_default":0.7988826816,"boeck2019\/multi_task":0.7329608939,"boeck2019\/multi_task_hjdb":0.7094972067,"boeck2020\/dar":0.8659217877,"davies2009\/mirex_qm_tempotracker":0.7240223464,"echonest\/version_3_2_1":0.6960893855,"gkiokas2012\/default":0.6726256983,"klapuri2006\/percival2014":0.7206703911,"oliveira2010\/ibt":0.7083798883,"percival2014\/stem":0.6960893855,"scheirer1998\/percival2014":0.5262569832,"schreiber2014\/default":0.7184357542,"schreiber2017\/ismir2017":0.7374301676,"schreiber2017\/mirex2017":0.7016759777,"schreiber2018\/cnn":0.7854748603,"schreiber2018\/fcn":0.7698324022,"schreiber2018\/ismir2018":0.8,"sun2021\/default":0.8290502793,"zplane\/auftakt_v3":0.7005586592},"3\/4":{"boeck2015\/tempodetector2016_default":0.7272727273,"boeck2019\/multi_task":0.4318181818,"boeck2019\/multi_task_hjdb":0.3636363636,"boeck2020\/dar":0.7727272727,"davies2009\/mirex_qm_tempotracker":0.6136363636,"echonest\/version_3_2_1":0.2954545455,"gkiokas2012\/default":0.5454545455,"klapuri2006\/percival2014":0.6136363636,"oliveira2010\/ibt":0.5454545455,"percival2014\/stem":0.6136363636,"scheirer1998\/percival2014":0.4545454545,"schreiber2014\/default":0.2954545455,"schreiber2017\/ismir2017":0.3636363636,"schreiber2017\/mirex2017":0.3409090909,"schreiber2018\/cnn":0.5681818182,"schreiber2018\/fcn":0.5681818182,"schreiber2018\/ismir2018":0.5681818182,"sun2021\/default":0.7045454545,"zplane\/auftakt_v3":0.6136363636},"2\/4":{"boeck2015\/tempodetector2016_default":0.5714285714,"boeck2019\/multi_task":0.7142857143,"boeck2019\/multi_task_hjdb":0.7142857143,"boeck2020\/dar":0.7142857143,"davies2009\/mirex_qm_tempotracker":0.5714285714,"echonest\/version_3_2_1":0.5714285714,"gkiokas2012\/default":0.7142857143,"klapuri2006\/percival2014":0.7142857143,"oliveira2010\/ibt":0.7142857143,"percival2014\/stem":0.7142857143,"scheirer1998\/percival2014":0.5714285714,"schreiber2014\/default":0.7142857143,"schreiber2017\/ismir2017":0.5714285714,"schreiber2017\/mirex2017":0.7142857143,"schreiber2018\/cnn":0.7142857143,"schreiber2018\/fcn":0.5714285714,"schreiber2018\/ismir2018":0.5714285714,"sun2021\/default":0.5714285714,"zplane\/auftakt_v3":0.7142857143},"12\/8":{"boeck2015\/tempodetector2016_default":0.5555555556,"boeck2019\/multi_task":0.3703703704,"boeck2019\/multi_task_hjdb":0.3333333333,"boeck2020\/dar":0.6666666667,"davies2009\/mirex_qm_tempotracker":0.5555555556,"echonest\/version_3_2_1":0.1851851852,"gkiokas2012\/default":0.5185185185,"klapuri2006\/percival2014":0.5185185185,"oliveira2010\/ibt":0.4814814815,"percival2014\/stem":0.4444444444,"scheirer1998\/percival2014":0.4444444444,"schreiber2014\/default":0.3703703704,"schreiber2017\/ismir2017":0.4814814815,"schreiber2017\/mirex2017":0.5555555556,"schreiber2018\/cnn":0.7407407407,"schreiber2018\/fcn":0.7777777778,"schreiber2018\/ismir2018":0.5185185185,"sun2021\/default":0.5925925926,"zplane\/auftakt_v3":0.3333333333}}