{"Size":{"boeck2015\/tempodetector2016_default":1000,"boeck2019\/multi_task":999,"boeck2019\/multi_task_hjdb":999,"davies2009\/mirex_qm_tempotracker":1000,"echonest\/version_3_2_1":999,"gkiokas2012\/default":1000,"klapuri2006\/percival2014":1000,"oliveira2010\/ibt":1000,"percival2014\/stem":1000,"scheirer1998\/percival2014":979,"schreiber2014\/default":1000,"schreiber2017\/ismir2017":1000,"schreiber2017\/mirex2017":1000,"schreiber2018\/cnn":1000,"schreiber2018\/fcn":1000,"schreiber2018\/ismir2018":1000,"zplane\/auftakt_v3":1000},"Min":{"boeck2015\/tempodetector2016_default":41.1,"boeck2019\/multi_task":35.12,"boeck2019\/multi_task_hjdb":35.24,"davies2009\/mirex_qm_tempotracker":63.024,"echonest\/version_3_2_1":50.0,"gkiokas2012\/default":31.0,"klapuri2006\/percival2014":62.642045,"oliveira2010\/ibt":80.0,"percival2014\/stem":50.4192,"scheirer1998\/percival2014":61.3453,"schreiber2014\/default":52.045586,"schreiber2017\/ismir2017":40.53247,"schreiber2017\/mirex2017":20.266235,"schreiber2018\/cnn":50.0,"schreiber2018\/fcn":38.0,"schreiber2018\/ismir2018":53.0,"zplane\/auftakt_v3":65.0},"Max":{"boeck2015\/tempodetector2016_default":240.0,"boeck2019\/multi_task":205.35,"boeck2019\/multi_task_hjdb":205.22,"davies2009\/mirex_qm_tempotracker":258.398,"echonest\/version_3_2_1":199.684,"gkiokas2012\/default":246.0,"klapuri2006\/percival2014":161.499023,"oliveira2010\/ibt":161.0,"percival2014\/stem":154.268,"scheirer1998\/percival2014":179.814,"schreiber2014\/default":163.9436,"schreiber2017\/ismir2017":202.66235,"schreiber2017\/mirex2017":202.34692,"schreiber2018\/cnn":237.0,"schreiber2018\/fcn":222.0,"schreiber2018\/ismir2018":232.0,"zplane\/auftakt_v3":165.4},"Avg":{"boeck2015\/tempodetector2016_default":114.69534,"boeck2019\/multi_task":99.6884484484,"boeck2019\/multi_task_hjdb":98.1415515516,"davies2009\/mirex_qm_tempotracker":122.6921175,"echonest\/version_3_2_1":104.2844554555,"gkiokas2012\/default":107.521,"klapuri2006\/percival2014":110.853331629,"oliveira2010\/ibt":116.429,"percival2014\/stem":102.5498176,"scheirer1998\/percival2014":103.7257937692,"schreiber2014\/default":101.608218686,"schreiber2017\/ismir2017":102.967587584,"schreiber2017\/mirex2017":98.18739326,"schreiber2018\/cnn":112.002,"schreiber2018\/fcn":109.142,"schreiber2018\/ismir2018":112.887,"zplane\/auftakt_v3":109.5127},"Stdev":{"boeck2015\/tempodetector2016_default":33.9045204359,"boeck2019\/multi_task":27.4017250948,"boeck2019\/multi_task_hjdb":27.4453203828,"davies2009\/mirex_qm_tempotracker":27.2689979408,"echonest\/version_3_2_1":27.5237534425,"gkiokas2012\/default":30.0488351104,"klapuri2006\/percival2014":20.2971141005,"oliveira2010\/ibt":20.7470334843,"percival2014\/stem":21.5177048287,"scheirer1998\/percival2014":27.7977950207,"schreiber2014\/default":21.616509253,"schreiber2017\/ismir2017":22.4375203218,"schreiber2017\/mirex2017":25.0068590398,"schreiber2018\/cnn":31.2490079282,"schreiber2018\/fcn":30.5725451429,"schreiber2018\/ismir2018":28.1885939314,"zplane\/auftakt_v3":22.5555097422},"Sweet Oct. Start":{"boeck2015\/tempodetector2016_default":72.0,"boeck2019\/multi_task":67.0,"boeck2019\/multi_task_hjdb":67.0,"davies2009\/mirex_qm_tempotracker":84.0,"echonest\/version_3_2_1":67.0,"gkiokas2012\/default":71.0,"klapuri2006\/percival2014":76.0,"oliveira2010\/ibt":81.0,"percival2014\/stem":71.0,"scheirer1998\/percival2014":64.0,"schreiber2014\/default":71.0,"schreiber2017\/ismir2017":70.0,"schreiber2017\/mirex2017":70.0,"schreiber2018\/cnn":75.0,"schreiber2018\/fcn":71.0,"schreiber2018\/ismir2018":77.0,"zplane\/auftakt_v3":73.0},"Sweet Oct. Coverage":{"boeck2015\/tempodetector2016_default":0.791,"boeck2019\/multi_task":0.8068068068,"boeck2019\/multi_task_hjdb":0.8018018018,"davies2009\/mirex_qm_tempotracker":0.903,"echonest\/version_3_2_1":0.7967967968,"gkiokas2012\/default":0.803,"klapuri2006\/percival2014":0.951,"oliveira2010\/ibt":0.999,"percival2014\/stem":0.918,"scheirer1998\/percival2014":0.7957099081,"schreiber2014\/default":0.91,"schreiber2017\/ismir2017":0.899,"schreiber2017\/mirex2017":0.831,"schreiber2018\/cnn":0.806,"schreiber2018\/fcn":0.812,"schreiber2018\/ismir2018":0.868,"zplane\/auftakt_v3":0.891}}