Reference,Size,Min,Max,Avg,Stdev,Sweet Oct. Start,Sweet Oct. Coverage
1.0,1000,38.0,168.0,94.2695,24.45419447410561,66.0,0.807
2.0,999,38.0,168.0,94.92242242242243,24.41340341431891,66.0,0.8098098098098098
GTZAN-Rhythm_v2_ismir2015_lbd_2015-10-28,1000,37.675820495646356,339.28831498066324,119.52601690611259,40.13332357136604,79.0,0.739
