{"AOE1_MEAN":{"schreiber2018\/ismir2018":0.2012146186,"schreiber2018\/cnn":0.2162676362,"boeck2015\/tempodetector2016_default":0.2166967834,"schreiber2018\/fcn":0.2319958553,"klapuri2006\/percival2014":0.268314001,"oliveira2010\/ibt":0.2702059898,"schreiber2017\/ismir2017":0.2711365306,"boeck2019\/multi_task":0.284898435,"davies2009\/mirex_qm_tempotracker":0.2850691193,"zplane\/auftakt_v3":0.2866976413,"schreiber2014\/default":0.289585949,"echonest\/version_3_2_1":0.2920174586,"percival2014\/stem":0.2988035498,"boeck2019\/multi_task_hjdb":0.3119289158,"schreiber2017\/mirex2017":0.314333948,"gkiokas2012\/default":0.3276047396,"scheirer1998\/percival2014":0.3983052241},"AOE1_STDEV":{"schreiber2018\/ismir2018":0.3843622298,"schreiber2018\/cnn":0.4023355976,"boeck2015\/tempodetector2016_default":0.4143282769,"schreiber2018\/fcn":0.4139268445,"klapuri2006\/percival2014":0.4353032609,"oliveira2010\/ibt":0.4239076524,"schreiber2017\/ismir2017":0.4371410943,"boeck2019\/multi_task":0.4469732358,"davies2009\/mirex_qm_tempotracker":0.4442938897,"zplane\/auftakt_v3":0.4406762146,"schreiber2014\/default":0.4404718162,"echonest\/version_3_2_1":0.4404699493,"percival2014\/stem":0.4546154441,"boeck2019\/multi_task_hjdb":0.4638579175,"schreiber2017\/mirex2017":0.4677409826,"gkiokas2012\/default":0.4723219434,"scheirer1998\/percival2014":0.4683954421},"AOE2_MEAN":{"schreiber2018\/ismir2018":0.0290976196,"schreiber2018\/cnn":0.0229227191,"boeck2015\/tempodetector2016_default":0.0209190256,"schreiber2018\/fcn":0.0206313567,"klapuri2006\/percival2014":0.0233318092,"oliveira2010\/ibt":0.040967358,"schreiber2017\/ismir2017":0.0248349845,"boeck2019\/multi_task":0.0212203203,"davies2009\/mirex_qm_tempotracker":0.0364645959,"zplane\/auftakt_v3":0.0393118415,"schreiber2014\/default":0.0250481495,"echonest\/version_3_2_1":0.0414562576,"percival2014\/stem":0.0207199292,"boeck2019\/multi_task_hjdb":0.0217713507,"schreiber2017\/mirex2017":0.0183772647,"gkiokas2012\/default":0.0260879002,"scheirer1998\/percival2014":0.0769892618},"AOE2_STDEV":{"schreiber2018\/ismir2018":0.0872734405,"schreiber2018\/cnn":0.0733074343,"boeck2015\/tempodetector2016_default":0.0649042855,"schreiber2018\/fcn":0.0647446591,"klapuri2006\/percival2014":0.0785346419,"oliveira2010\/ibt":0.0897881819,"schreiber2017\/ismir2017":0.0811085656,"boeck2019\/multi_task":0.070813497,"davies2009\/mirex_qm_tempotracker":0.0680157987,"zplane\/auftakt_v3":0.1031365545,"schreiber2014\/default":0.0806180324,"echonest\/version_3_2_1":0.1030376316,"percival2014\/stem":0.0702605865,"boeck2019\/multi_task_hjdb":0.0719032186,"schreiber2017\/mirex2017":0.0670891513,"gkiokas2012\/default":0.0777635662,"scheirer1998\/percival2014":0.1380155767}}