{"OE1_MEAN":{"percival2014\/stem":0.1399359827,"schreiber2014\/default":0.1258497102,"schreiber2018\/fcn":0.2067645637,"schreiber2018\/cnn":0.2473443794,"echonest\/version_3_2_1":0.1467921758,"klapuri2006\/percival2014":0.2609894361,"schreiber2018\/ismir2018":0.2690679706,"zplane\/auftakt_v3":0.2371967283,"oliveira2010\/ibt":0.33382739,"gkiokas2012\/default":0.1869508708,"boeck2015\/tempodetector2016_default":0.2758806245,"schreiber2017\/mirex2017":0.1212376551,"schreiber2017\/ismir2017":0.1522376549,"davies2009\/mirex_qm_tempotracker":0.3979404282,"scheirer1998\/percival2014":0.138337278},"OE1_STDEV":{"percival2014\/stem":0.4118798792,"schreiber2014\/default":0.4129881516,"schreiber2018\/fcn":0.4506509132,"schreiber2018\/cnn":0.4514023298,"echonest\/version_3_2_1":0.4524161452,"klapuri2006\/percival2014":0.4597400019,"schreiber2018\/ismir2018":0.465664633,"zplane\/auftakt_v3":0.4737708447,"oliveira2010\/ibt":0.484291442,"gkiokas2012\/default":0.4877526152,"boeck2015\/tempodetector2016_default":0.4897770866,"schreiber2017\/mirex2017":0.4920588611,"schreiber2017\/ismir2017":0.4978231305,"davies2009\/mirex_qm_tempotracker":0.5083245338,"scheirer1998\/percival2014":0.5279660832},"OE2_MEAN":{"percival2014\/stem":-0.0008189048,"schreiber2014\/default":-0.0107352523,"schreiber2018\/fcn":-0.0047452113,"schreiber2018\/cnn":-0.0043353206,"echonest\/version_3_2_1":-0.0091186225,"klapuri2006\/percival2014":-0.0076150764,"schreiber2018\/ismir2018":-0.0049515794,"zplane\/auftakt_v3":-0.0119175592,"oliveira2010\/ibt":-0.0121169725,"gkiokas2012\/default":-0.0032386042,"boeck2015\/tempodetector2016_default":0.000596412,"schreiber2017\/mirex2017":-0.0051021949,"schreiber2017\/ismir2017":-0.0056871576,"davies2009\/mirex_qm_tempotracker":0.0173163657,"scheirer1998\/percival2014":0.0206769358},"OE2_STDEV":{"percival2014\/stem":0.0728213392,"schreiber2014\/default":0.0894847709,"schreiber2018\/fcn":0.069847868,"schreiber2018\/cnn":0.0740700668,"echonest\/version_3_2_1":0.1114835817,"klapuri2006\/percival2014":0.0840313737,"schreiber2018\/ismir2018":0.0899603021,"zplane\/auftakt_v3":0.1109410688,"oliveira2010\/ibt":0.102142644,"gkiokas2012\/default":0.0863060649,"boeck2015\/tempodetector2016_default":0.0683944956,"schreiber2017\/mirex2017":0.071509368,"schreiber2017\/ismir2017":0.0700187457,"davies2009\/mirex_qm_tempotracker":0.0768945869,"scheirer1998\/percival2014":0.1605295849}}