{"AOE1_MEAN":{"schreiber2017\/mirex2017":0.1046762852,"schreiber2017\/ismir2017":0.1974246309,"percival2014\/stem":0.1991669997,"schreiber2014\/default":0.2008519529,"boeck2019\/multi_task_hjdb":0.2087272163,"boeck2019\/multi_task":0.209689145,"schreiber2018\/fcn":0.2488599557,"echonest\/version_3_2_1":0.2564175518,"schreiber2018\/cnn":0.2694601,"gkiokas2012\/default":0.2734131874,"klapuri2006\/percival2014":0.2786230335,"zplane\/auftakt_v3":0.2809778808,"schreiber2018\/ismir2018":0.2935884308,"boeck2015\/tempodetector2016_default":0.2956036483,"sun2021\/default":0.3082355291,"boeck2020\/dar":0.3113407804,"scheirer1998\/percival2014":0.3279637328,"oliveira2010\/ibt":0.3480727517,"davies2009\/mirex_qm_tempotracker":0.3940197754},"AOE1_STDEV":{"schreiber2017\/mirex2017":0.2928329347,"schreiber2017\/ismir2017":0.3803936514,"percival2014\/stem":0.3820538325,"schreiber2014\/default":0.37758856,"boeck2019\/multi_task_hjdb":0.3903111384,"boeck2019\/multi_task":0.388369616,"schreiber2018\/fcn":0.4233150822,"echonest\/version_3_2_1":0.4061240572,"schreiber2018\/cnn":0.433526266,"gkiokas2012\/default":0.4412874813,"klapuri2006\/percival2014":0.4372520615,"zplane\/auftakt_v3":0.4375048926,"schreiber2018\/ismir2018":0.4456928582,"boeck2015\/tempodetector2016_default":0.4694574814,"sun2021\/default":0.441969684,"boeck2020\/dar":0.4606552109,"scheirer1998\/percival2014":0.4262301132,"oliveira2010\/ibt":0.46441467,"davies2009\/mirex_qm_tempotracker":0.4985049605},"AOE2_MEAN":{"schreiber2017\/mirex2017":0.0162966128,"schreiber2017\/ismir2017":0.0252141242,"percival2014\/stem":0.0247041947,"schreiber2014\/default":0.0293656074,"boeck2019\/multi_task_hjdb":0.0232439873,"boeck2019\/multi_task":0.0230488839,"schreiber2018\/fcn":0.0226104501,"echonest\/version_3_2_1":0.044139806,"schreiber2018\/cnn":0.023031001,"gkiokas2012\/default":0.027262855,"klapuri2006\/percival2014":0.029475639,"zplane\/auftakt_v3":0.0426662245,"schreiber2018\/ismir2018":0.0290784702,"boeck2015\/tempodetector2016_default":0.021715531,"sun2021\/default":0.03169328,"boeck2020\/dar":0.01754408,"scheirer1998\/percival2014":0.0810758207,"oliveira2010\/ibt":0.0442885376,"davies2009\/mirex_qm_tempotracker":0.0358973557},"AOE2_STDEV":{"schreiber2017\/mirex2017":0.040382495,"schreiber2017\/ismir2017":0.0717557847,"percival2014\/stem":0.069636098,"schreiber2014\/default":0.0817682607,"boeck2019\/multi_task_hjdb":0.0647494694,"boeck2019\/multi_task":0.0648293439,"schreiber2018\/fcn":0.0664120235,"echonest\/version_3_2_1":0.100420041,"schreiber2018\/cnn":0.0707532263,"gkiokas2012\/default":0.077253949,"klapuri2006\/percival2014":0.0781962977,"zplane\/auftakt_v3":0.1026712,"schreiber2018\/ismir2018":0.0823740486,"boeck2015\/tempodetector2016_default":0.0572695548,"sun2021\/default":0.0735971874,"boeck2020\/dar":0.0490620425,"scheirer1998\/percival2014":0.140087481,"oliveira2010\/ibt":0.0929177987,"davies2009\/mirex_qm_tempotracker":0.067048227}}