{"boeck2015\/tempodetector2016_default":{"boeck2015\/tempodetector2016_default":1.0,"boeck2019\/multi_task":0.2799562385,"boeck2019\/multi_task_hjdb":0.4295905078,"davies2009\/mirex_qm_tempotracker":0.0000000048,"echonest\/version_3_2_1":1.352295759e-16,"gkiokas2012\/default":0.0016414913,"klapuri2006\/percival2014":0.0002564886,"oliveira2010\/ibt":0.0,"percival2014\/stem":0.0594633753,"scheirer1998\/percival2014":4.789462939e-43,"schreiber2014\/default":0.0004697573,"schreiber2017\/ismir2017":0.0198343267,"schreiber2017\/mirex2017":0.8829959121,"schreiber2018\/cnn":0.4513808324,"schreiber2018\/fcn":0.0534388105,"schreiber2018\/ismir2018":0.0038382659,"zplane\/auftakt_v3":0.0},"boeck2019\/multi_task":{"boeck2015\/tempodetector2016_default":0.2799562385,"boeck2019\/multi_task":1.0,"boeck2019\/multi_task_hjdb":0.6875,"davies2009\/mirex_qm_tempotracker":0.0000012796,"echonest\/version_3_2_1":0.0,"gkiokas2012\/default":0.0924609811,"klapuri2006\/percival2014":0.0070842527,"oliveira2010\/ibt":0.0000000003,"percival2014\/stem":0.5114817794,"scheirer1998\/percival2014":9.426522157e-38,"schreiber2014\/default":0.0212941141,"schreiber2017\/ismir2017":0.2203284942,"schreiber2017\/mirex2017":0.2116085688,"schreiber2018\/cnn":0.8936946693,"schreiber2018\/fcn":0.4270428565,"schreiber2018\/ismir2018":0.0869488997,"zplane\/auftakt_v3":0.0000000048},"boeck2019\/multi_task_hjdb":{"boeck2015\/tempodetector2016_default":0.4295905078,"boeck2019\/multi_task":0.6875,"boeck2019\/multi_task_hjdb":1.0,"davies2009\/mirex_qm_tempotracker":0.0000012239,"echonest\/version_3_2_1":0.0,"gkiokas2012\/default":0.0479403241,"klapuri2006\/percival2014":0.0029427605,"oliveira2010\/ibt":0.0000000001,"percival2014\/stem":0.3581433018,"scheirer1998\/percival2014":9.463983111e-39,"schreiber2014\/default":0.0079427265,"schreiber2017\/ismir2017":0.1336742354,"schreiber2017\/mirex2017":0.3317497634,"schreiber2018\/cnn":0.8936946693,"schreiber2018\/fcn":0.2806097177,"schreiber2018\/ismir2018":0.0440465461,"zplane\/auftakt_v3":0.0000000019},"davies2009\/mirex_qm_tempotracker":{"boeck2015\/tempodetector2016_default":0.0000000048,"boeck2019\/multi_task":0.0000012796,"boeck2019\/multi_task_hjdb":0.0000012239,"davies2009\/mirex_qm_tempotracker":1.0,"echonest\/version_3_2_1":0.0183724368,"gkiokas2012\/default":0.0006648213,"klapuri2006\/percival2014":0.0142140389,"oliveira2010\/ibt":0.0265002806,"percival2014\/stem":0.0000065442,"scheirer1998\/percival2014":2.010992893e-20,"schreiber2014\/default":0.0034147912,"schreiber2017\/ismir2017":0.0002155995,"schreiber2017\/mirex2017":0.0000000012,"schreiber2018\/cnn":0.0000002261,"schreiber2018\/fcn":0.0000335676,"schreiber2018\/ismir2018":0.0007570231,"zplane\/auftakt_v3":0.5228166539},"echonest\/version_3_2_1":{"boeck2015\/tempodetector2016_default":1.352295759e-16,"boeck2019\/multi_task":0.0,"boeck2019\/multi_task_hjdb":0.0,"davies2009\/mirex_qm_tempotracker":0.0183724368,"echonest\/version_3_2_1":1.0,"gkiokas2012\/default":0.000000001,"klapuri2006\/percival2014":0.000000161,"oliveira2010\/ibt":0.7841912294,"percival2014\/stem":0.0,"scheirer1998\/percival2014":0.0,"schreiber2014\/default":0.0000000017,"schreiber2017\/ismir2017":0.0,"schreiber2017\/mirex2017":9.546633607e-17,"schreiber2018\/cnn":0.0,"schreiber2018\/fcn":0.0000000001,"schreiber2018\/ismir2018":0.0000000006,"zplane\/auftakt_v3":0.0621800563},"gkiokas2012\/default":{"boeck2015\/tempodetector2016_default":0.0016414913,"boeck2019\/multi_task":0.0924609811,"boeck2019\/multi_task_hjdb":0.0479403241,"davies2009\/mirex_qm_tempotracker":0.0006648213,"echonest\/version_3_2_1":0.000000001,"gkiokas2012\/default":1.0,"klapuri2006\/percival2014":0.3018984444,"oliveira2010\/ibt":0.0000000486,"percival2014\/stem":0.3408909412,"scheirer1998\/percival2014":7.039547751e-33,"schreiber2014\/default":0.7945723486,"schreiber2017\/ismir2017":0.7076604667,"schreiber2017\/mirex2017":0.0031560603,"schreiber2018\/cnn":0.0364834,"schreiber2018\/fcn":0.4270428565,"schreiber2018\/ismir2018":0.8936946693,"zplane\/auftakt_v3":0.0000285738},"klapuri2006\/percival2014":{"boeck2015\/tempodetector2016_default":0.0002564886,"boeck2019\/multi_task":0.0070842527,"boeck2019\/multi_task_hjdb":0.0029427605,"davies2009\/mirex_qm_tempotracker":0.0142140389,"echonest\/version_3_2_1":0.000000161,"gkiokas2012\/default":0.3018984444,"klapuri2006\/percival2014":1.0,"oliveira2010\/ibt":0.0000017866,"percival2014\/stem":0.0222413895,"scheirer1998\/percival2014":2.50713787e-26,"schreiber2014\/default":0.4423557333,"schreiber2017\/ismir2017":0.1149148645,"schreiber2017\/mirex2017":0.0000584955,"schreiber2018\/cnn":0.0010657658,"schreiber2018\/fcn":0.0429565455,"schreiber2018\/ismir2018":0.2370471148,"zplane\/auftakt_v3":0.0007186137},"oliveira2010\/ibt":{"boeck2015\/tempodetector2016_default":0.0,"boeck2019\/multi_task":0.0000000003,"boeck2019\/multi_task_hjdb":0.0000000001,"davies2009\/mirex_qm_tempotracker":0.0265002806,"echonest\/version_3_2_1":0.7841912294,"gkiokas2012\/default":0.0000000486,"klapuri2006\/percival2014":0.0000017866,"oliveira2010\/ibt":1.0,"percival2014\/stem":0.0,"scheirer1998\/percival2014":0.0,"schreiber2014\/default":0.000000328,"schreiber2017\/ismir2017":0.0000000099,"schreiber2017\/mirex2017":8.564981783e-16,"schreiber2018\/cnn":0.0,"schreiber2018\/fcn":0.0000000004,"schreiber2018\/ismir2018":0.0000000086,"zplane\/auftakt_v3":0.1219166947},"percival2014\/stem":{"boeck2015\/tempodetector2016_default":0.0594633753,"boeck2019\/multi_task":0.5114817794,"boeck2019\/multi_task_hjdb":0.3581433018,"davies2009\/mirex_qm_tempotracker":0.0000065442,"echonest\/version_3_2_1":0.0,"gkiokas2012\/default":0.3408909412,"klapuri2006\/percival2014":0.0222413895,"oliveira2010\/ibt":0.0,"percival2014\/stem":1.0,"scheirer1998\/percival2014":3.814512489e-37,"schreiber2014\/default":0.1607796018,"schreiber2017\/ismir2017":0.6834892282,"schreiber2017\/mirex2017":0.0364834,"schreiber2018\/cnn":0.2799562385,"schreiber2018\/fcn":1.0,"schreiber2018\/ismir2018":0.3019956132,"zplane\/auftakt_v3":0.0000000141},"scheirer1998\/percival2014":{"boeck2015\/tempodetector2016_default":4.789462939e-43,"boeck2019\/multi_task":9.426522157e-38,"boeck2019\/multi_task_hjdb":9.463983111e-39,"davies2009\/mirex_qm_tempotracker":2.010992893e-20,"echonest\/version_3_2_1":0.0,"gkiokas2012\/default":7.039547751e-33,"klapuri2006\/percival2014":2.50713787e-26,"oliveira2010\/ibt":0.0,"percival2014\/stem":3.814512489e-37,"scheirer1998\/percival2014":1.0,"schreiber2014\/default":2.321286044e-31,"schreiber2017\/ismir2017":9.997858268e-35,"schreiber2017\/mirex2017":1.638769915e-45,"schreiber2018\/cnn":5.126187602e-42,"schreiber2018\/fcn":6.095578647e-36,"schreiber2018\/ismir2018":2.756300367e-33,"zplane\/auftakt_v3":7.392917802e-17},"schreiber2014\/default":{"boeck2015\/tempodetector2016_default":0.0004697573,"boeck2019\/multi_task":0.0212941141,"boeck2019\/multi_task_hjdb":0.0079427265,"davies2009\/mirex_qm_tempotracker":0.0034147912,"echonest\/version_3_2_1":0.0000000017,"gkiokas2012\/default":0.7945723486,"klapuri2006\/percival2014":0.4423557333,"oliveira2010\/ibt":0.000000328,"percival2014\/stem":0.1607796018,"scheirer1998\/percival2014":2.321286044e-31,"schreiber2014\/default":1.0,"schreiber2017\/ismir2017":0.2649308965,"schreiber2017\/mirex2017":0.0000253208,"schreiber2018\/cnn":0.0079427265,"schreiber2018\/fcn":0.2288055412,"schreiber2018\/ismir2018":0.7754496547,"zplane\/auftakt_v3":0.0000169358},"schreiber2017\/ismir2017":{"boeck2015\/tempodetector2016_default":0.0198343267,"boeck2019\/multi_task":0.2203284942,"boeck2019\/multi_task_hjdb":0.1336742354,"davies2009\/mirex_qm_tempotracker":0.0002155995,"echonest\/version_3_2_1":0.0,"gkiokas2012\/default":0.7076604667,"klapuri2006\/percival2014":0.1149148645,"oliveira2010\/ibt":0.0000000099,"percival2014\/stem":0.6834892282,"scheirer1998\/percival2014":9.997858268e-35,"schreiber2014\/default":0.2649308965,"schreiber2017\/ismir2017":1.0,"schreiber2017\/mirex2017":0.0000019073,"schreiber2018\/cnn":0.0961417544,