{"Accuracy1":{"percival2014\/stem":0.7807807808,"schreiber2014\/default":0.7737737738,"schreiber2018\/fcn":0.7267267267,"schreiber2017\/mirex2017":0.7217217217,"schreiber2018\/cnn":0.7167167167,"gkiokas2012\/default":0.7167167167,"schreiber2017\/ismir2017":0.7157157157,"boeck2015\/tempodetector2016_default":0.7067067067,"klapuri2006\/percival2014":0.7037037037,"zplane\/auftakt_v3":0.6886886887,"schreiber2018\/ismir2018":0.6856856857,"echonest\/version_3_2_1":0.6796796797,"oliveira2010\/ibt":0.6096096096,"davies2009\/mirex_qm_tempotracker":0.6006006006,"scheirer1998\/percival2014":0.5665665666},"Accuracy2":{"percival2014\/stem":0.9419419419,"schreiber2014\/default":0.9339339339,"schreiber2018\/fcn":0.9379379379,"schreiber2017\/mirex2017":0.9419419419,"schreiber2018\/cnn":0.950950951,"gkiokas2012\/default":0.9379379379,"schreiber2017\/ismir2017":0.9419419419,"boeck2015\/tempodetector2016_default":0.955955956,"klapuri2006\/percival2014":0.9249249249,"zplane\/auftakt_v3":0.8918918919,"schreiber2018\/ismir2018":0.9329329329,"echonest\/version_3_2_1":0.8698698699,"oliveira2010\/ibt":0.8698698699,"davies2009\/mirex_qm_tempotracker":0.9009009009,"scheirer1998\/percival2014":0.7627627628}}