{"boeck2015\/tempodetector2016_default":{"boeck2015\/tempodetector2016_default":1.0,"davies2009\/mirex_qm_tempotracker":0.0000000056,"echonest\/version_3_2_1":0.0,"gkiokas2012\/default":0.0171761682,"klapuri2006\/percival2014":0.0094749689,"oliveira2010\/ibt":0.0,"percival2014\/stem":0.5518192617,"scheirer1998\/percival2014":3.623469984e-34,"schreiber2014\/default":0.0031612377,"schreiber2017\/ismir2017":0.8183990357,"schreiber2017\/mirex2017":0.6977007977,"schreiber2018\/cnn":0.9831494464,"schreiber2018\/fcn":0.863437634,"schreiber2018\/ismir2018":0.0089171114,"zplane\/auftakt_v3":0.0000000002},"davies2009\/mirex_qm_tempotracker":{"boeck2015\/tempodetector2016_default":0.0000000056,"davies2009\/mirex_qm_tempotracker":1.0,"echonest\/version_3_2_1":0.0105739641,"gkiokas2012\/default":0.0046690286,"klapuri2006\/percival2014":0.0080121958,"oliveira2010\/ibt":0.0116952508,"percival2014\/stem":0.0000011083,"scheirer1998\/percival2014":1.121422625e-21,"schreiber2014\/default":0.0427127447,"schreiber2017\/ismir2017":0.0000001055,"schreiber2017\/mirex2017":0.0000003645,"schreiber2018\/cnn":0.0000003791,"schreiber2018\/fcn":0.0000000202,"schreiber2018\/ismir2018":0.0211056409,"zplane\/auftakt_v3":0.049189923},"echonest\/version_3_2_1":{"boeck2015\/tempodetector2016_default":0.0,"davies2009\/mirex_qm_tempotracker":0.0105739641,"echonest\/version_3_2_1":1.0,"gkiokas2012\/default":0.0000009757,"klapuri2006\/percival2014":0.0000009576,"oliveira2010\/ibt":0.7785874495,"percival2014\/stem":0.0000000001,"scheirer1998\/percival2014":0.0,"schreiber2014\/default":0.0000016383,"schreiber2017\/ismir2017":0.0,"schreiber2017\/mirex2017":0.0,"schreiber2018\/cnn":0.0,"schreiber2018\/fcn":0.0,"schreiber2018\/ismir2018":0.000003349,"zplane\/auftakt_v3":0.5656552471},"gkiokas2012\/default":{"boeck2015\/tempodetector2016_default":0.0171761682,"davies2009\/mirex_qm_tempotracker":0.0046690286,"echonest\/version_3_2_1":0.0000009757,"gkiokas2012\/default":1.0,"klapuri2006\/percival2014":0.6853997755,"oliveira2010\/ibt":0.0000009381,"percival2014\/stem":0.100895219,"scheirer1998\/percival2014":1.439233759e-27,"schreiber2014\/default":0.4834805211,"schreiber2017\/ismir2017":0.0538802518,"schreiber2017\/mirex2017":0.0703643757,"schreiber2018\/cnn":0.035956939,"schreiber2018\/fcn":0.0234737734,"schreiber2018\/ismir2018":0.6608985849,"zplane\/auftakt_v3":0.0000413729},"klapuri2006\/percival2014":{"boeck2015\/tempodetector2016_default":0.0094749689,"davies2009\/mirex_qm_tempotracker":0.0080121958,"echonest\/version_3_2_1":0.0000009576,"gkiokas2012\/default":0.6853997755,"klapuri2006\/percival2014":1.0,"oliveira2010\/ibt":0.0000002051,"percival2014\/stem":0.031303331,"scheirer1998\/percival2014":8.784550054e-27,"schreiber2014\/default":0.7635776458,"schreiber2017\/ismir2017":0.0078281818,"schreiber2017\/mirex2017":0.0128923496,"schreiber2018\/cnn":0.0102956106,"schreiber2018\/fcn":0.0028362642,"schreiber2018\/ismir2018":0.9668719965,"zplane\/auftakt_v3":0.0000148611},"oliveira2010\/ibt":{"boeck2015\/tempodetector2016_default":0.0,"davies2009\/mirex_qm_tempotracker":0.0116952508,"echonest\/version_3_2_1":0.7785874495,"gkiokas2012\/default":0.0000009381,"klapuri2006\/percival2014":0.0000002051,"oliveira2010\/ibt":1.0,"percival2014\/stem":0.0,"scheirer1998\/percival2014":0.0,"schreiber2014\/default":0.000013532,"schreiber2017\/ismir2017":0.0,"schreiber2017\/mirex2017":0.0,"schreiber2018\/cnn":0.0,"schreiber2018\/fcn":0.0,"schreiber2018\/ismir2018":0.0000065429,"zplane\/auftakt_v3":0.7299334517},"percival2014\/stem":{"boeck2015\/tempodetector2016_default":0.5518192617,"davies2009\/mirex_qm_tempotracker":0.0000011083,"echonest\/version_3_2_1":0.0000000001,"gkiokas2012\/default":0.100895219,"klapuri2006\/percival2014":0.031303331,"oliveira2010\/ibt":0.0,"percival2014\/stem":1.0,"scheirer1998\/percival2014":7.592245082e-33,"schreiber2014\/default":0.0122512624,"schreiber2017\/ismir2017":0.7248144569,"schreiber2017\/mirex2017":0.8389681471,"schreiber2018\/cnn":0.4895179292,"schreiber2018\/fcn":0.4342061115,"schreiber2018\/ismir2018":0.0178305712,"zplane\/auftakt_v3":0.0000000077},"scheirer1998\/percival2014":{"boeck2015\/tempodetector2016_default":3.623469984e-34,"davies2009\/mirex_qm_tempotracker":1.121422625e-21,"echonest\/version_3_2_1":0.0,"gkiokas2012\/default":1.439233759e-27,"klapuri2006\/percival2014":8.784550054e-27,"oliveira2010\/ibt":0.0,"percival2014\/stem":7.592245082e-33,"scheirer1998\/percival2014":1.0,"schreiber2014\/default":8.762600067e-26,"schreiber2017\/ismir2017":3.059660437e-33,"schreiber2017\/mirex2017":1.470936826e-32,"schreiber2018\/cnn":1.988822108e-34,"schreiber2018\/fcn":9.421529739e-35,"schreiber2018\/ismir2018":5.612613898e-26,"zplane\/auftakt_v3":0.0},"schreiber2014\/default":{"boeck2015\/tempodetector2016_default":0.0031612377,"davies2009\/mirex_qm_tempotracker":0.0427127447,"echonest\/version_3_2_1":0.0000016383,"gkiokas2012\/default":0.4834805211,"klapuri2006\/percival2014":0.7635776458,"oliveira2010\/ibt":0.000013532,"percival2014\/stem":0.0122512624,"scheirer1998\/percival2014":8.762600067e-26,"schreiber2014\/default":1.0,"schreiber2017\/ismir2017":0.0001604671,"schreiber2017\/mirex2017":0.0002613456,"schreiber2018\/cnn":0.0013296856,"schreiber2018\/fcn":0.0016489827,"schreiber2018\/ismir2018":0.7816483887,"zplane\/auftakt_v3":0.0000884449},"schreiber2017\/ismir2017":{"boeck2015\/tempodetector2016_default":0.8183990357,"davies2009\/mirex_qm_tempotracker":0.0000001055,"echonest\/version_3_2_1":0.0,"gkiokas2012\/default":0.0538802518,"klapuri2006\/percival2014":0.0078281818,"oliveira2010\/ibt":0.0,"percival2014\/stem":0.7248144569,"scheirer1998\/percival2014":3.059660437e-33,"schreiber2014\/default":0.0001604671,"schreiber2017\/ismir2017":1.0,"schreiber2017\/mirex2017":0.3175522761,"schreiber2018\/cnn":0.7990463136,"schreiber2018\/fcn":0.6685257308,"schreiber2018\/ismir2018":0.0092601937,"zplane\/auftakt_v3":0.0000000005},"schreiber2017\/mirex2017":{"boeck2015\/tempodetector2016_default":0.6977007977,"davies2009\/mirex_qm_tempotracker":0.0000003645,"echonest\/version_3_2_1":0.0,"gkiokas2012\/default":0.0703643757,"klapuri2006\/percival2014":0.0128923496,"oliveira2010\/ibt":0.0,"percival2014\/stem":0.8389681471,"scheirer1998\/percival2014":1.470936826e-32,"schreiber2014\/default":0.0002613456,"schreiber2017\/ismir2017":0.3175522761,"schreiber2017\/mirex2017":1.0,"schreiber2018\/cnn":0.6766452276,"schreiber2018\/fcn":0.5590120973,"schreiber2018\/ismir2018":0.0132308382,"zplane\/auftakt_v3":0.0000000012},"schreiber2018\/cnn":{"boeck2015\/tempodetector2016_default":0.9831494464,"davies2009\/mirex_qm_tempotracker":0.0000003791,"echonest\/version_3_2_1":0.0,"gkiokas2012\/default":0.035956939,"klapuri2006\/percival2014":0.0102956106,"oliveira2010\/ibt":0.0,"percival2014\/stem":0.4895179292,"scheirer1998\/percival2014":1.988822108e-34,"schreiber2014\/default":0.0013296856,"schreiber2017\/ismir2017":0.7990463136,"schreiber2017\/mirex2017":0.6766452276,"schreiber2018\/cnn":1.0,"schreiber2018\/fcn":0.8520134147,"schreiber2018\/ismir2018":0.0017528667,"zplane\/auftakt_v3":0.0000000001},"schreiber2018\/fcn":{"boeck2015\/tempodetector2016_default":0.863437634,"davies2009\/mirex_qm_tempotracker":0.0000000202,"echonest\/version_3_2_1":0.0,"gkiokas2012\/default":0.0234737734,"klapuri2006\/percival2014":0.0028362642,"oliveira2010\/ibt":0.0,"percival2014\/stem":0.4342061115,"scheirer1998\/percival2014":9.421529739e-35,"schreiber2014\/default":0.0016489827,"schreiber2017\/ismir2017":0.6685257308,"schreiber2017\/mirex2017":0.5590120973,"schreiber2018\/cnn":0.8520134147,"schreiber2018\/fcn":1.0,"schreiber2018\/ismir2018":0.00290098,"zplane\/auftakt_v3":0.0000000001},"schreiber2018\/ismir2018":{"boeck2015\/tempodetector2016_default":0.0089171114,"davies2009\/mirex_qm_tempotracker":0.0211056409,"echonest\/version_3_2_1":0.000003349,"gkiokas2012\/default":0.6608985849,"klapuri2006\/percival2014":0.9668719965,"oliveira2010\/ibt":0.0000065429,"percival2014\/stem":0.0178305712,