{"AOE1_MEAN":{"schreiber2017\/mirex2017":0.1061187452,"schreiber2017\/ismir2017":0.201397434,"boeck2019\/multi_task_hjdb":0.2026712685,"percival2014\/stem":0.2030345789,"schreiber2014\/default":0.2055131251,"boeck2019\/multi_task":0.207556596,"schreiber2018\/fcn":0.2533626567,"echonest\/version_3_2_1":0.2540755303,"schreiber2018\/cnn":0.2732830773,"gkiokas2012\/default":0.2753916816,"zplane\/auftakt_v3":0.2876570624,"klapuri2006\/percival2014":0.2877563566,"schreiber2018\/ismir2018":0.2985550523,"boeck2015\/tempodetector2016_default":0.3026168305,"boeck2020\/dar":0.312644513,"scheirer1998\/percival2014":0.3354912403,"oliveira2010\/ibt":0.355825381,"davies2009\/mirex_qm_tempotracker":0.4045853861},"AOE1_STDEV":{"schreiber2017\/mirex2017":0.2939532845,"schreiber2017\/ismir2017":0.381597695,"boeck2019\/multi_task_hjdb":0.3837032504,"percival2014\/stem":0.384712976,"schreiber2014\/default":0.379686342,"boeck2019\/multi_task":0.3849012824,"schreiber2018\/fcn":0.4261985389,"echonest\/version_3_2_1":0.402086976,"schreiber2018\/cnn":0.4361876489,"gkiokas2012\/default":0.4438610858,"zplane\/auftakt_v3":0.4449432724,"klapuri2006\/percival2014":0.4434778848,"schreiber2018\/ismir2018":0.4473320958,"boeck2015\/tempodetector2016_default":0.4737243581,"boeck2020\/dar":0.4597932022,"scheirer1998\/percival2014":0.4305008887,"oliveira2010\/ibt":0.4683665502,"davies2009\/mirex_qm_tempotracker":0.5030517681},"AOE2_MEAN":{"schreiber2017\/mirex2017":0.0184754214,"schreiber2017\/ismir2017":0.0274341427,"boeck2019\/multi_task_hjdb":0.0248859187,"percival2014\/stem":0.0254985883,"schreiber2014\/default":0.0317067415,"boeck2019\/multi_task":0.0246582664,"schreiber2018\/fcn":0.0237716446,"echonest\/version_3_2_1":0.046070065,"schreiber2018\/cnn":0.0241146863,"gkiokas2012\/default":0.0297219986,"zplane\/auftakt_v3":0.0439871086,"klapuri2006\/percival2014":0.0308984225,"schreiber2018\/ismir2018":0.0310039295,"boeck2015\/tempodetector2016_default":0.0241612603,"boeck2020\/dar":0.0200300422,"scheirer1998\/percival2014":0.0817139216,"oliveira2010\/ibt":0.0450544735,"davies2009\/mirex_qm_tempotracker":0.0375963126},"AOE2_STDEV":{"schreiber2017\/mirex2017":0.0451358504,"schreiber2017\/ismir2017":0.0749385435,"boeck2019\/multi_task_hjdb":0.0667296469,"percival2014\/stem":0.0682161274,"schreiber2014\/default":0.0843649951,"boeck2019\/multi_task":0.0668612604,"schreiber2018\/fcn":0.0658494541,"echonest\/version_3_2_1":0.1019278538,"schreiber2018\/cnn":0.0701687374,"gkiokas2012\/default":0.0810914804,"zplane\/auftakt_v3":0.10254308,"klapuri2006\/percival2014":0.0785146397,"schreiber2018\/ismir2018":0.084593915,"boeck2015\/tempodetector2016_default":0.0639874694,"boeck2020\/dar":0.055402074,"scheirer1998\/percival2014":0.139714417,"oliveira2010\/ibt":0.0924664002,"davies2009\/mirex_qm_tempotracker":0.069275907}}