{"OE1_MEAN":{"schreiber2018\/ismir2018":-0.0491494883,"schreiber2018\/cnn":-0.0708730795,"schreiber2018\/fcn":-0.1114528952,"boeck2015\/tempodetector2016_default":-0.0423368344,"schreiber2014\/default":-0.1923677487,"echonest\/version_3_2_1":-0.1707372279,"oliveira2010\/ibt":0.0156099311,"klapuri2006\/percival2014":-0.0572280228,"percival2014\/stem":-0.1782814762,"zplane\/auftakt_v3":-0.0810207306,"davies2009\/mirex_qm_tempotracker":0.0797229693,"schreiber2017\/mirex2017":-0.1969798038,"schreiber2017\/ismir2017":-0.165979804,"gkiokas2012\/default":-0.1312665881,"scheirer1998\/percival2014":-0.1766471222},"OE1_STDEV":{"schreiber2018\/ismir2018":0.4309774855,"schreiber2018\/cnn":0.4513950238,"schreiber2018\/fcn":0.4610378232,"boeck2015\/tempodetector2016_default":0.4659548765,"schreiber2014\/default":0.4903936658,"echonest\/version_3_2_1":0.4998599555,"oliveira2010\/ibt":0.5026175414,"klapuri2006\/percival2014":0.5082359258,"percival2014\/stem":0.5136686531,"zplane\/auftakt_v3":0.5192424513,"davies2009\/mirex_qm_tempotracker":0.5222331703,"schreiber2017\/mirex2017":0.5331501935,"schreiber2017\/ismir2017":0.5469520062,"gkiokas2012\/default":0.5599888896,"scheirer1998\/percival2014":0.5889599415},"OE2_MEAN":{"schreiber2018\/ismir2018":-0.0056592633,"schreiber2018\/cnn":-0.0020430045,"schreiber2018\/fcn":0.0019621423,"boeck2015\/tempodetector2016_default":0.0018135406,"schreiber2014\/default":-0.0083677487,"echonest\/version_3_2_1":-0.0038154186,"oliveira2010\/ibt":-0.0103148814,"klapuri2006\/percival2014":-0.0041528353,"percival2014\/stem":-0.0001115512,"zplane\/auftakt_v3":-0.0089455431,"davies2009\/mirex_qm_tempotracker":0.0193635693,"schreiber2017\/mirex2017":-0.0050549913,"schreiber2017\/ismir2017":-0.003809879,"gkiokas2012\/default":0.0009785244,"scheirer1998\/percival2014":0.0228060571},"OE2_STDEV":{"schreiber2018\/ismir2018":0.0923346431,"schreiber2018\/cnn":0.0768079945,"schreiber2018\/fcn":0.0686662574,"boeck2015\/tempodetector2016_default":0.0687579831,"schreiber2014\/default":0.0833055425,"echonest\/version_3_2_1":0.1112527216,"oliveira2010\/ibt":0.0972459328,"klapuri2006\/percival2014":0.0818278476,"percival2014\/stem":0.0733103465,"zplane\/auftakt_v3":0.1099204623,"davies2009\/mirex_qm_tempotracker":0.0741728313,"schreiber2017\/mirex2017":0.0842091274,"schreiber2017\/ismir2017":0.0863435441,"gkiokas2012\/default":0.0821477058,"scheirer1998\/percival2014":0.1565950394}}