{"boeck2015\/tempodetector2016_default":{"boeck2015\/tempodetector2016_default":1.0,"davies2009\/mirex_qm_tempotracker":0.0,"echonest\/version_3_2_1":0.000976471,"gkiokas2012\/default":0.0711770238,"klapuri2006\/percival2014":0.2748215858,"oliveira2010\/ibt":0.0001048583,"percival2014\/stem":0.0,"scheirer1998\/percival2014":0.0407010386,"schreiber2014\/default":0.0,"schreiber2017\/ismir2017":0.0989022894,"schreiber2017\/mirex2017":0.0140729787,"schreiber2018\/cnn":0.0183701446,"schreiber2018\/fcn":0.000247529,"schreiber2018\/ismir2018":0.7333285231,"zplane\/auftakt_v3":0.260176652},"davies2009\/mirex_qm_tempotracker":{"boeck2015\/tempodetector2016_default":0.0,"davies2009\/mirex_qm_tempotracker":1.0,"echonest\/version_3_2_1":5.517935496e-22,"gkiokas2012\/default":6.828376703e-16,"klapuri2006\/percival2014":3.916316174e-27,"oliveira2010\/ibt":0.0000004369,"percival2014\/stem":1.698427993e-43,"scheirer1998\/percival2014":0.0000246891,"schreiber2014\/default":1.796522386e-39,"schreiber2017\/ismir2017":2.952734499e-17,"schreiber2017\/mirex2017":2.074713242e-19,"schreiber2018\/cnn":2.374756253e-19,"schreiber2018\/fcn":3.785851903e-23,"schreiber2018\/ismir2018":0.0,"zplane\/auftakt_v3":5.135690887e-20},"echonest\/version_3_2_1":{"boeck2015\/tempodetector2016_default":0.000976471,"davies2009\/mirex_qm_tempotracker":5.517935496e-22,"echonest\/version_3_2_1":1.0,"gkiokas2012\/default":0.124556183,"klapuri2006\/percival2014":0.0121345099,"oliveira2010\/ibt":0.0,"percival2014\/stem":0.0000654651,"scheirer1998\/percival2014":0.0000001513,"schreiber2014\/default":0.0000488455,"schreiber2017\/ismir2017":0.105063141,"schreiber2017\/mirex2017":0.4508559658,"schreiber2018\/cnn":0.1909880818,"schreiber2018\/fcn":0.9166720131,"schreiber2018\/ismir2018":0.0014104525,"zplane\/auftakt_v3":0.0144701977},"gkiokas2012\/default":{"boeck2015\/tempodetector2016_default":0.0711770238,"davies2009\/mirex_qm_tempotracker":6.828376703e-16,"echonest\/version_3_2_1":0.124556183,"gkiokas2012\/default":1.0,"klapuri2006\/percival2014":0.3734411763,"oliveira2010\/ibt":0.000000068,"percival2014\/stem":0.0000000468,"scheirer1998\/percival2014":0.0000556039,"schreiber2014\/default":0.0000000786,"schreiber2017\/ismir2017":0.9280132243,"schreiber2017\/mirex2017":0.4601006325,"schreiber2018\/cnn":0.8869560429,"schreiber2018\/fcn":0.1392040208,"schreiber2018\/ismir2018":0.1207083351,"zplane\/auftakt_v3":0.3789988083},"klapuri2006\/percival2014":{"boeck2015\/tempodetector2016_default":0.2748215858,"davies2009\/mirex_qm_tempotracker":3.916316174e-27,"echonest\/version_3_2_1":0.0121345099,"gkiokas2012\/default":0.3734411763,"klapuri2006\/percival2014":1.0,"oliveira2010\/ibt":0.0,"percival2014\/stem":0.0,"scheirer1998\/percival2014":0.0006787844,"schreiber2014\/default":0.0,"schreiber2017\/ismir2017":0.3996111136,"schreiber2017\/mirex2017":0.0841743724,"schreiber2018\/cnn":0.287409775,"schreiber2018\/fcn":0.0122998945,"schreiber2018\/ismir2018":0.3514186821,"zplane\/auftakt_v3":0.9923386084},"oliveira2010\/ibt":{"boeck2015\/tempodetector2016_default":0.0001048583,"davies2009\/mirex_qm_tempotracker":0.0000004369,"echonest\/version_3_2_1":0.0,"gkiokas2012\/default":0.000000068,"klapuri2006\/percival2014":0.0,"oliveira2010\/ibt":1.0,"percival2014\/stem":1.21735181e-31,"scheirer1998\/percival2014":0.2104831831,"schreiber2014\/default":9.64507673e-29,"schreiber2017\/ismir2017":0.0000000012,"schreiber2017\/mirex2017":0.0,"schreiber2018\/cnn":0.0000000012,"schreiber2018\/fcn":0.0,"schreiber2018\/ismir2018":0.0000009229,"zplane\/auftakt_v3":0.0000000001},"percival2014\/stem":{"boeck2015\/tempodetector2016_default":0.0,"davies2009\/mirex_qm_tempotracker":1.698427993e-43,"echonest\/version_3_2_1":0.0000654651,"gkiokas2012\/default":0.0000000468,"klapuri2006\/percival2014":0.0,"oliveira2010\/ibt":1.21735181e-31,"percival2014\/stem":1.0,"scheirer1998\/percival2014":3.131492735e-21,"schreiber2014\/default":0.8121301742,"schreiber2017\/ismir2017":0.0000000686,"schreiber2017\/mirex2017":0.0000102703,"schreiber2018\/cnn":0.0000004056,"schreiber2018\/fcn":0.0001840626,"schreiber2018\/ismir2018":0.0,"zplane\/auftakt_v3":0.0},"scheirer1998\/percival2014":{"boeck2015\/tempodetector2016_default":0.0407010386,"davies2009\/mirex_qm_tempotracker":0.0000246891,"echonest\/version_3_2_1":0.0000001513,"gkiokas2012\/default":0.0000556039,"klapuri2006\/percival2014":0.0006787844,"oliveira2010\/ibt":0.2104831831,"percival2014\/stem":3.131492735e-21,"scheirer1998\/percival2014":1.0,"schreiber2014\/default":1.353922628e-18,"schreiber2017\/ismir2017":0.0001310261,"schreiber2017\/mirex2017":0.0000054281,"schreiber2018\/cnn":0.0000636282,"schreiber2018\/fcn":0.0000002938,"schreiber2018\/ismir2018":0.0116053144,"zplane\/auftakt_v3":0.000775058},"schreiber2014\/default":{"boeck2015\/tempodetector2016_default":0.0,"davies2009\/mirex_qm_tempotracker":1.796522386e-39,"echonest\/version_3_2_1":0.0000488455,"gkiokas2012\/default":0.0000000786,"klapuri2006\/percival2014":0.0,"oliveira2010\/ibt":9.64507673e-29,"percival2014\/stem":0.8121301742,"scheirer1998\/percival2014":1.353922628e-18,"schreiber2014\/default":1.0,"schreiber2017\/ismir2017":0.0000000605,"schreiber2017\/mirex2017":0.0000052205,"schreiber2018\/cnn":0.0000003158,"schreiber2018\/fcn":0.0001485502,"schreiber2018\/ismir2018":0.0,"zplane\/auftakt_v3":0.0},"schreiber2017\/ismir2017":{"boeck2015\/tempodetector2016_default":0.0989022894,"davies2009\/mirex_qm_tempotracker":2.952734499e-17,"echonest\/version_3_2_1":0.105063141,"gkiokas2012\/default":0.9280132243,"klapuri2006\/percival2014":0.3996111136,"oliveira2010\/ibt":0.0000000012,"percival2014\/stem":0.0000000686,"scheirer1998\/percival2014":0.0001310261,"schreiber2014\/default":0.0000000605,"schreiber2017\/ismir2017":1.0,"schreiber2017\/mirex2017":0.0178782907,"schreiber2018\/cnn":0.8079889863,"schreiber2018\/fcn":0.1228657664,"schreiber2018\/ismir2018":0.1222583383,"zplane\/auftakt_v3":0.4297481014},"schreiber2017\/mirex2017":{"boeck2015\/tempodetector2016_default":0.0140729787,"davies2009\/mirex_qm_tempotracker":2.074713242e-19,"echonest\/version_3_2_1":0.4508559658,"gkiokas2012\/default":0.4601006325,"klapuri2006\/percival2014":0.0841743724,"oliveira2010\/ibt":0.0,"percival2014\/stem":0.0000102703,"scheirer1998\/percival2014":0.0000054281,"schreiber2014\/default":0.0000052205,"schreiber2017\/ismir2017":0.0178782907,"schreiber2017\/mirex2017":1.0,"schreiber2018\/cnn":0.5325071789,"schreiber2018\/fcn":0.4682776687,"schreiber2018\/ismir2018":0.0154001234,"zplane\/auftakt_v3":0.1064609439},"schreiber2018\/cnn":{"boeck2015\/tempodetector2016_default":0.0183701446,"davies2009\/mirex_qm_tempotracker":2.374756253e-19,"echonest\/version_3_2_1":0.1909880818,"gkiokas2012\/default":0.8869560429,"klapuri2006\/percival2014":0.287409775,"oliveira2010\/ibt":0.0000000012,"percival2014\/stem":0.0000004056,"scheirer1998\/percival2014":0.0000636282,"schreiber2014\/default":0.0000003158,"schreiber2017\/ismir2017":0.8079889863,"schreiber2017\/mirex2017":0.5325071789,"schreiber2018\/cnn":1.0,"schreiber2018\/fcn":0.0916428912,"schreiber2018\/ismir2018":0.0245519915,"zplane\/auftakt_v3":0.2835267111},"schreiber2018\/fcn":{"boeck2015\/tempodetector2016_default":0.000247529,"davies2009\/mirex_qm_tempotracker":3.785851903e-23,"echonest\/version_3_2_1":0.9166720131,"gkiokas2012\/default":0.1392040208,"klapuri2006\/percival2014":0.0122998945,"oliveira2010\/ibt":0.0,"percival2014\/stem":0.0001840626,"scheirer1998\/percival2014":0.0000002938,"schreiber2014\/default":0.0001485502,"schreiber2017\/ismir2017":0.1228657664,"schreiber2017\/mirex2017":0.4682776687,"schreiber2018\/cnn":0.0916428912,"schreiber2018\/fcn":1.0,"schreiber2018\/ismir2018":0.0002066986,"zplane\/auftakt_v3":0.014559388},"schreiber2018\/ismir2018":{"boeck2015\/tempodetector2016_default":0.7333285231,"davies2009\/mirex_qm_tempotracker":0.0,"echonest\/version_3_2_1":0.0014104525,"gkiokas2012\/default":0.1207083351,"klapuri2006\/percival2014":0.3514186821,"oliveira2010\/ibt":0.0000009229,