{"boeck2015\/tempodetector2016_default":{"boeck2015\/tempodetector2016_default":1.0,"boeck2019\/multi_task":0.7400087513,"boeck2019\/multi_task_hjdb":0.6621958312,"davies2009\/mirex_qm_tempotracker":0.0000000056,"echonest\/version_3_2_1":0.0,"gkiokas2012\/default":0.0171761682,"klapuri2006\/percival2014":0.0094749689,"oliveira2010\/ibt":0.0,"percival2014\/stem":0.5518192617,"scheirer1998\/percival2014":3.623469984e-34,"schreiber2014\/default":0.0031612377,"schreiber2017\/ismir2017":0.1790067314,"schreiber2017\/mirex2017":0.0048236851,"schreiber2018\/cnn":0.9831494464,"schreiber2018\/fcn":0.863437634,"schreiber2018\/ismir2018":0.0089171114,"zplane\/auftakt_v3":0.0000000002},"boeck2019\/multi_task":{"boeck2015\/tempodetector2016_default":0.7400087513,"boeck2019\/multi_task":1.0,"boeck2019\/multi_task_hjdb":0.742869195,"davies2009\/mirex_qm_tempotracker":0.0000006274,"echonest\/version_3_2_1":0.0,"gkiokas2012\/default":0.0687439827,"klapuri2006\/percival2014":0.0218905499,"oliveira2010\/ibt":0.0000000005,"percival2014\/stem":0.792819482,"scheirer1998\/percival2014":2.81047162e-33,"schreiber2014\/default":0.0036339817,"schreiber2017\/ismir2017":0.2842948839,"schreiber2017\/mirex2017":0.0038900696,"schreiber2018\/cnn":0.7517536404,"schreiber2018\/fcn":0.6222833958,"schreiber2018\/ismir2018":0.0216029891,"zplane\/auftakt_v3":0.0000000051},"boeck2019\/multi_task_hjdb":{"boeck2015\/tempodetector2016_default":0.6621958312,"boeck2019\/multi_task":0.742869195,"boeck2019\/multi_task_hjdb":1.0,"davies2009\/mirex_qm_tempotracker":0.0000011322,"echonest\/version_3_2_1":0.0,"gkiokas2012\/default":0.0849806612,"klapuri2006\/percival2014":0.0307558879,"oliveira2010\/ibt":0.0000000011,"percival2014\/stem":0.8702662735,"scheirer1998\/percival2014":1.335906653e-32,"schreiber2014\/default":0.0043086979,"schreiber2017\/ismir2017":0.314910844,"schreiber2017\/mirex2017":0.0019256244,"schreiber2018\/cnn":0.6830204265,"schreiber2018\/fcn":0.5384204424,"schreiber2018\/ismir2018":0.024864896,"zplane\/auftakt_v3":0.0000000047},"davies2009\/mirex_qm_tempotracker":{"boeck2015\/tempodetector2016_default":0.0000000056,"boeck2019\/multi_task":0.0000006274,"boeck2019\/multi_task_hjdb":0.0000011322,"davies2009\/mirex_qm_tempotracker":1.0,"echonest\/version_3_2_1":0.0105739641,"gkiokas2012\/default":0.0046690286,"klapuri2006\/percival2014":0.0080121958,"oliveira2010\/ibt":0.0116952508,"percival2014\/stem":0.0000011083,"scheirer1998\/percival2014":1.121422625e-21,"schreiber2014\/default":0.0427127447,"schreiber2017\/ismir2017":0.0001654761,"schreiber2017\/mirex2017":1.700678968e-17,"schreiber2018\/cnn":0.0000003791,"schreiber2018\/fcn":0.0000000202,"schreiber2018\/ismir2018":0.0211056409,"zplane\/auftakt_v3":0.049189923},"echonest\/version_3_2_1":{"boeck2015\/tempodetector2016_default":0.0,"boeck2019\/multi_task":0.0,"boeck2019\/multi_task_hjdb":0.0,"davies2009\/mirex_qm_tempotracker":0.0105739641,"echonest\/version_3_2_1":1.0,"gkiokas2012\/default":0.0000009757,"klapuri2006\/percival2014":0.0000009576,"oliveira2010\/ibt":0.7785874495,"percival2014\/stem":0.0000000001,"scheirer1998\/percival2014":0.0,"schreiber2014\/default":0.0000016383,"schreiber2017\/ismir2017":0.0000000012,"schreiber2017\/mirex2017":1.854508008e-18,"schreiber2018\/cnn":0.0,"schreiber2018\/fcn":0.0,"schreiber2018\/ismir2018":0.000003349,"zplane\/auftakt_v3":0.5656552471},"gkiokas2012\/default":{"boeck2015\/tempodetector2016_default":0.0171761682,"boeck2019\/multi_task":0.0687439827,"boeck2019\/multi_task_hjdb":0.0849806612,"davies2009\/mirex_qm_tempotracker":0.0046690286,"echonest\/version_3_2_1":0.0000009757,"gkiokas2012\/default":1.0,"klapuri2006\/percival2014":0.6853997755,"oliveira2010\/ibt":0.0000009381,"percival2014\/stem":0.100895219,"scheirer1998\/percival2014":1.439233759e-27,"schreiber2014\/default":0.4834805211,"schreiber2017\/ismir2017":0.4055613594,"schreiber2017\/mirex2017":0.0000119279,"schreiber2018\/cnn":0.035956939,"schreiber2018\/fcn":0.0234737734,"schreiber2018\/ismir2018":0.6608985849,"zplane\/auftakt_v3":0.0000413729},"klapuri2006\/percival2014":{"boeck2015\/tempodetector2016_default":0.0094749689,"boeck2019\/multi_task":0.0218905499,"boeck2019\/multi_task_hjdb":0.0307558879,"davies2009\/mirex_qm_tempotracker":0.0080121958,"echonest\/version_3_2_1":0.0000009576,"gkiokas2012\/default":0.6853997755,"klapuri2006\/percival2014":1.0,"oliveira2010\/ibt":0.0000002051,"percival2014\/stem":0.031303331,"scheirer1998\/percival2014":8.784550054e-27,"schreiber2014\/default":0.7635776458,"schreiber2017\/ismir2017":0.1880861605,"schreiber2017\/mirex2017":0.0000002754,"schreiber2018\/cnn":0.0102956106,"schreiber2018\/fcn":0.0028362642,"schreiber2018\/ismir2018":0.9668719965,"zplane\/auftakt_v3":0.0000148611},"oliveira2010\/ibt":{"boeck2015\/tempodetector2016_default":0.0,"boeck2019\/multi_task":0.0000000005,"boeck2019\/multi_task_hjdb":0.0000000011,"davies2009\/mirex_qm_tempotracker":0.0116952508,"echonest\/version_3_2_1":0.7785874495,"gkiokas2012\/default":0.0000009381,"klapuri2006\/percival2014":0.0000002051,"oliveira2010\/ibt":1.0,"percival2014\/stem":0.0,"scheirer1998\/percival2014":0.0,"schreiber2014\/default":0.000013532,"schreiber2017\/ismir2017":0.0000000094,"schreiber2017\/mirex2017":2.525828389e-21,"schreiber2018\/cnn":0.0,"schreiber2018\/fcn":0.0,"schreiber2018\/ismir2018":0.0000065429,"zplane\/auftakt_v3":0.7299334517},"percival2014\/stem":{"boeck2015\/tempodetector2016_default":0.5518192617,"boeck2019\/multi_task":0.792819482,"boeck2019\/multi_task_hjdb":0.8702662735,"davies2009\/mirex_qm_tempotracker":0.0000011083,"echonest\/version_3_2_1":0.0000000001,"gkiokas2012\/default":0.100895219,"klapuri2006\/percival2014":0.031303331,"oliveira2010\/ibt":0.0,"percival2014\/stem":1.0,"scheirer1998\/percival2014":7.592245082e-33,"schreiber2014\/default":0.0122512624,"schreiber2017\/ismir2017":0.4247184059,"schreiber2017\/mirex2017":0.0009793408,"schreiber2018\/cnn":0.4895179292,"schreiber2018\/fcn":0.4342061115,"schreiber2018\/ismir2018":0.0178305712,"zplane\/auftakt_v3":0.0000000077},"scheirer1998\/percival2014":{"boeck2015\/tempodetector2016_default":3.623469984e-34,"boeck2019\/multi_task":2.81047162e-33,"boeck2019\/multi_task_hjdb":1.335906653e-32,"davies2009\/mirex_qm_tempotracker":1.121422625e-21,"echonest\/version_3_2_1":0.0,"gkiokas2012\/default":1.439233759e-27,"klapuri2006\/percival2014":8.784550054e-27,"oliveira2010\/ibt":0.0,"percival2014\/stem":7.592245082e-33,"scheirer1998\/percival2014":1.0,"schreiber2014\/default":8.762600067e-26,"schreiber2017\/ismir2017":8.063674717e-30,"schreiber2017\/mirex2017":1.120584674e-42,"schreiber2018\/cnn":1.988822108e-34,"schreiber2018\/fcn":9.421529739e-35,"schreiber2018\/ismir2018":5.612613898e-26,"zplane\/auftakt_v3":0.0},"schreiber2014\/default":{"boeck2015\/tempodetector2016_default":0.0031612377,"boeck2019\/multi_task":0.0036339817,"boeck2019\/multi_task_hjdb":0.0043086979,"davies2009\/mirex_qm_tempotracker":0.0427127447,"echonest\/version_3_2_1":0.0000016383,"gkiokas2012\/default":0.4834805211,"klapuri2006\/percival2014":0.7635776458,"oliveira2010\/ibt":0.000013532,"percival2014\/stem":0.0122512624,"scheirer1998\/percival2014":8.762600067e-26,"schreiber2014\/default":1.0,"schreiber2017\/ismir2017":0.0226631172,"schreiber2017\/mirex2017":0.0000000045,"schreiber2018\/cnn":0.0013296856,"schreiber2018\/fcn":0.0016489827,"schreiber2018\/ismir2018":0.7816483887,"zplane\/auftakt_v3":0.0000884449},"schreiber2017\/ismir2017":{"boeck2015\/tempodetector2016_default":0.1790067314,"boeck2019\/multi_task":0.2842948839,"boeck2019\/multi_task_hjdb":0.314910844,"davies2009\/mirex_qm_tempotracker":0.0001654761,"echonest\/version_3_2_1":0.0000000012,"gkiokas2012\/default":0.4055613594,"klapuri2006\/percival2014":0.1880861605,"oliveira2010\/ibt":0.0000000094,"percival2014\/stem":0.4247184059,"scheirer1998\/percival2014":8.063674717e-30,"schreiber2014\/default":0.0226631172,"schreiber2017\/ismir2017":1.0,"schreiber2017\/mirex2017":0.0000008309,"schreiber2018\/cnn":0.115240063,