{"ternary":{"boeck2015\/tempodetector2016_default":0.8064516129,"boeck2019\/multi_task":0.7419354839,"boeck2019\/multi_task_hjdb":0.7419354839,"boeck2020\/dar":0.8709677419,"davies2009\/mirex_qm_tempotracker":0.8387096774,"echonest\/version_3_2_1":0.4516129032,"gkiokas2012\/default":0.8064516129,"klapuri2006\/percival2014":0.7096774194,"oliveira2010\/ibt":0.6451612903,"percival2014\/stem":0.8064516129,"scheirer1998\/percival2014":0.7096774194,"schreiber2014\/default":0.5483870968,"schreiber2017\/ismir2017":0.7096774194,"schreiber2017\/mirex2017":0.935483871,"schreiber2018\/cnn":0.8064516129,"schreiber2018\/fcn":0.8064516129,"schreiber2018\/ismir2018":0.6451612903,"sun2021\/default":0.6774193548,"zplane\/auftakt_v3":0.5161290323},"swing":{"boeck2015\/tempodetector2016_default":0.9606741573,"boeck2019\/multi_task":0.9438202247,"boeck2019\/multi_task_hjdb":0.9438202247,"boeck2020\/dar":0.9662921348,"davies2009\/mirex_qm_tempotracker":0.9438202247,"echonest\/version_3_2_1":0.8033707865,"gkiokas2012\/default":0.9382022472,"klapuri2006\/percival2014":0.9101123596,"oliveira2010\/ibt":0.8258426966,"percival2014\/stem":0.9550561798,"scheirer1998\/percival2014":0.8258426966,"schreiber2014\/default":0.8764044944,"schreiber2017\/ismir2017":0.904494382,"schreiber2017\/mirex2017":0.9606741573,"schreiber2018\/cnn":0.9550561798,"schreiber2018\/fcn":0.9550561798,"schreiber2018\/ismir2018":0.8988764045,"sun2021\/default":0.8876404494,"zplane\/auftakt_v3":0.8651685393},"no_ternary":{"boeck2015\/tempodetector2016_default":0.9628482972,"boeck2019\/multi_task":0.9587203302,"boeck2019\/multi_task_hjdb":0.9566563467,"boeck2020\/dar":0.9659442724,"davies2009\/mirex_qm_tempotracker":0.9184726522,"echonest\/version_3_2_1":0.8864809082,"gkiokas2012\/default":0.9380804954,"klapuri2006\/percival2014":0.9360165119,"oliveira2010\/ibt":0.8823529412,"percival2014\/stem":0.9484004128,"scheirer1998\/percival2014":0.7708978328,"schreiber2014\/default":0.9494324045,"schreiber2017\/ismir2017":0.9422084623,"schreiber2017\/mirex2017":0.951496388,"schreiber2018\/cnn":0.9535603715,"schreiber2018\/fcn":0.9587203302,"schreiber2018\/ismir2018":0.9432404541,"sun2021\/default":0.9432404541,"zplane\/auftakt_v3":0.9019607843},"no_swing":{"boeck2015\/tempodetector2016_default":0.9574209246,"boeck2019\/multi_task":0.9537712895,"boeck2019\/multi_task_hjdb":0.9513381995,"boeck2020\/dar":0.9622871046,"davies2009\/mirex_qm_tempotracker":0.9099756691,"echonest\/version_3_2_1":0.8880778589,"gkiokas2012\/default":0.9330900243,"klapuri2006\/percival2014":0.9330900243,"oliveira2010\/ibt":0.8856447689,"percival2014\/stem":0.9416058394,"scheirer1998\/percival2014":0.7566909976,"schreiber2014\/default":0.9501216545,"schreiber2017\/ismir2017":0.9416058394,"schreiber2017\/mirex2017":0.9489051095,"schreiber2018\/cnn":0.9476885645,"schreiber2018\/fcn":0.9537712895,"schreiber2018\/ismir2018":0.9416058394,"sun2021\/default":0.9452554745,"zplane\/auftakt_v3":0.895377129},"9\/8":{"boeck2015\/tempodetector2016_default":1.0,"boeck2019\/multi_task":0.75,"boeck2019\/multi_task_hjdb":0.75,"boeck2020\/dar":0.75,"davies2009\/mirex_qm_tempotracker":1.0,"echonest\/version_3_2_1":0.5,"gkiokas2012\/default":0.75,"klapuri2006\/percival2014":0.5,"oliveira2010\/ibt":0.25,"percival2014\/stem":0.75,"scheirer1998\/percival2014":0.5,"schreiber2014\/default":0.5,"schreiber2017\/ismir2017":0.5,"schreiber2017\/mirex2017":1.0,"schreiber2018\/cnn":0.75,"schreiber2018\/fcn":0.5,"schreiber2018\/ismir2018":0.5,"sun2021\/default":0.5,"zplane\/auftakt_v3":0.5},"5\/4":{"boeck2015\/tempodetector2016_default":1.0,"boeck2019\/multi_task":1.0,"boeck2019\/multi_task_hjdb":1.0,"boeck2020\/dar":1.0,"davies2009\/mirex_qm_tempotracker":0.5,"echonest\/version_3_2_1":0.5,"gkiokas2012\/default":1.0,"klapuri2006\/percival2014":0.5,"oliveira2010\/ibt":1.0,"percival2014\/stem":0.5,"scheirer1998\/percival2014":0.5,"schreiber2014\/default":1.0,"schreiber2017\/ismir2017":1.0,"schreiber2017\/mirex2017":1.0,"schreiber2018\/cnn":1.0,"schreiber2018\/fcn":1.0,"schreiber2018\/ismir2018":1.0,"sun2021\/default":1.0,"zplane\/auftakt_v3":0.5},"4\/4":{"boeck2015\/tempodetector2016_default":0.9698324022,"boeck2019\/multi_task":0.9653631285,"boeck2019\/multi_task_hjdb":0.9653631285,"boeck2020\/dar":0.9720670391,"davies2009\/mirex_qm_tempotracker":0.9363128492,"echonest\/version_3_2_1":0.9072625698,"gkiokas2012\/default":0.948603352,"klapuri2006\/percival2014":0.9530726257,"oliveira2010\/ibt":0.9016759777,"percival2014\/stem":0.9631284916,"scheirer1998\/percival2014":0.7899441341,"schreiber2014\/default":0.9631284916,"schreiber2017\/ismir2017":0.9642458101,"schreiber2017\/mirex2017":0.9709497207,"schreiber2018\/cnn":0.9675977654,"schreiber2018\/fcn":0.9687150838,"schreiber2018\/ismir2018":0.9608938547,"sun2021\/default":0.9541899441,"zplane\/auftakt_v3":0.9162011173},"3\/4":{"boeck2015\/tempodetector2016_default":0.8863636364,"boeck2019\/multi_task":0.8863636364,"boeck2019\/multi_task_hjdb":0.8636363636,"boeck2020\/dar":0.9090909091,"davies2009\/mirex_qm_tempotracker":0.6818181818,"echonest\/version_3_2_1":0.5909090909,"gkiokas2012\/default":0.8181818182,"klapuri2006\/percival2014":0.75,"oliveira2010\/ibt":0.6363636364,"percival2014\/stem":0.7727272727,"scheirer1998\/percival2014":0.5227272727,"schreiber2014\/default":0.7272727273,"schreiber2017\/ismir2017":0.6136363636,"schreiber2017\/mirex2017":0.7045454545,"schreiber2018\/cnn":0.75,"schreiber2018\/fcn":0.8409090909,"schreiber2018\/ismir2018":0.75,"sun2021\/default":0.8636363636,"zplane\/auftakt_v3":0.7727272727},"2\/4":{"boeck2015\/tempodetector2016_default":1.0,"boeck2019\/multi_task":0.8571428571,"boeck2019\/multi_task_hjdb":0.8571428571,"boeck2020\/dar":0.8571428571,"davies2009\/mirex_qm_tempotracker":0.8571428571,"echonest\/version_3_2_1":0.5714285714,"gkiokas2012\/default":0.7142857143,"klapuri2006\/percival2014":0.7142857143,"oliveira2010\/ibt":0.7142857143,"percival2014\/stem":0.8571428571,"scheirer1998\/percival2014":0.5714285714,"schreiber2014\/default":1.0,"schreiber2017\/ismir2017":0.8571428571,"schreiber2017\/mirex2017":0.7142857143,"schreiber2018\/cnn":0.8571428571,"schreiber2018\/fcn":0.8571428571,"schreiber2018\/ismir2018":0.7142857143,"sun2021\/default":0.7142857143,"zplane\/auftakt_v3":0.7142857143},"12\/8":{"boeck2015\/tempodetector2016_default":0.7777777778,"boeck2019\/multi_task":0.7407407407,"boeck2019\/multi_task_hjdb":0.7407407407,"boeck2020\/dar":0.8888888889,"davies2009\/mirex_qm_tempotracker":0.8148148148,"echonest\/version_3_2_1":0.4444444444,"gkiokas2012\/default":0.8148148148,"klapuri2006\/percival2014":0.7407407407,"oliveira2010\/ibt":0.7037037037,"percival2014\/stem":0.8148148148,"scheirer1998\/percival2014":0.7407407407,"schreiber2014\/default":0.5555555556,"schreiber2017\/ismir2017":0.7407407407,"schreiber2017\/mirex2017":0.9259259259,"schreiber2018\/cnn":0.8148148148,"schreiber2018\/fcn":0.8518518519,"schreiber2018\/ismir2018":0.6666666667,"sun2021\/default":0.7037037037,"zplane\/auftakt_v3":0.5185185185}}