{"boeck2015\/tempodetector2016_default":{"boeck2015\/tempodetector2016_default":1.0,"boeck2019\/multi_task":0.0000000001,"boeck2019\/multi_task_hjdb":0.0000000001,"boeck2020\/dar":0.3794385754,"davies2009\/mirex_qm_tempotracker":0.0,"echonest\/version_3_2_1":0.000976471,"gkiokas2012\/default":0.0711770238,"klapuri2006\/percival2014":0.2748215858,"oliveira2010\/ibt":0.0001048583,"percival2014\/stem":0.0,"scheirer1998\/percival2014":0.0407010386,"schreiber2014\/default":0.0,"schreiber2017\/ismir2017":0.0,"schreiber2017\/mirex2017":3.989066832e-37,"schreiber2018\/cnn":0.0183701446,"schreiber2018\/fcn":0.000247529,"schreiber2018\/ismir2018":0.7333285231,"zplane\/auftakt_v3":0.260176652},"boeck2019\/multi_task":{"boeck2015\/tempodetector2016_default":0.0000000001,"boeck2019\/multi_task":1.0,"boeck2019\/multi_task_hjdb":0.4990593181,"boeck2020\/dar":0.0,"davies2009\/mirex_qm_tempotracker":1.509293183e-30,"echonest\/version_3_2_1":0.000340723,"gkiokas2012\/default":0.0000061871,"klapuri2006\/percival2014":0.0000000348,"oliveira2010\/ibt":6.991564448e-22,"percival2014\/stem":0.7256204711,"scheirer1998\/percival2014":8.051780869e-16,"schreiber2014\/default":0.785618338,"schreiber2017\/ismir2017":0.601232267,"schreiber2017\/mirex2017":4.94858219e-16,"schreiber2018\/cnn":0.0000053261,"schreiber2018\/fcn":0.0013558931,"schreiber2018\/ismir2018":0.0000000001,"zplane\/auftakt_v3":0.0000000372},"boeck2019\/multi_task_hjdb":{"boeck2015\/tempodetector2016_default":0.0000000001,"boeck2019\/multi_task":0.4990593181,"boeck2019\/multi_task_hjdb":1.0,"boeck2020\/dar":0.0,"davies2009\/mirex_qm_tempotracker":1.798062995e-29,"echonest\/version_3_2_1":0.0001067213,"gkiokas2012\/default":0.0000029133,"klapuri2006\/percival2014":0.000000033,"oliveira2010\/ibt":1.425512936e-20,"percival2014\/stem":0.9808317261,"scheirer1998\/percival2014":2.540830644e-16,"schreiber2014\/default":0.8806455117,"schreiber2017\/ismir2017":0.9161676736,"schreiber2017\/mirex2017":0.0,"schreiber2018\/cnn":0.0000040045,"schreiber2018\/fcn":0.0007050353,"schreiber2018\/ismir2018":0.0000000002,"zplane\/auftakt_v3":0.0000000254},"boeck2020\/dar":{"boeck2015\/tempodetector2016_default":0.3794385754,"boeck2019\/multi_task":0.0,"boeck2019\/multi_task_hjdb":0.0,"boeck2020\/dar":1.0,"davies2009\/mirex_qm_tempotracker":0.0000000062,"echonest\/version_3_2_1":0.0000579697,"gkiokas2012\/default":0.0218518607,"klapuri2006\/percival2014":0.085804953,"oliveira2010\/ibt":0.003529526,"percival2014\/stem":0.0,"scheirer1998\/percival2014":0.1634574778,"schreiber2014\/default":0.0,"schreiber2017\/ismir2017":0.0,"schreiber2017\/mirex2017":3.570155726e-40,"schreiber2018\/cnn":0.0010879117,"schreiber2018\/fcn":0.0000092248,"schreiber2018\/ismir2018":0.1860721568,"zplane\/auftakt_v3":0.0842476058},"davies2009\/mirex_qm_tempotracker":{"boeck2015\/tempodetector2016_default":0.0,"boeck2019\/multi_task":1.509293183e-30,"boeck2019\/multi_task_hjdb":1.798062995e-29,"boeck2020\/dar":0.0000000062,"davies2009\/mirex_qm_tempotracker":1.0,"echonest\/version_3_2_1":5.517935496e-22,"gkiokas2012\/default":6.828376703e-16,"klapuri2006\/percival2014":3.916316174e-27,"oliveira2010\/ibt":0.0000004369,"percival2014\/stem":1.698427993e-43,"scheirer1998\/percival2014":0.0000246891,"schreiber2014\/default":1.796522386e-39,"schreiber2017\/ismir2017":4.962126774e-43,"schreiber2017\/mirex2017":1.691104762e-71,"schreiber2018\/cnn":2.374756253e-19,"schreiber2018\/fcn":3.785851903e-23,"schreiber2018\/ismir2018":0.0,"zplane\/auftakt_v3":5.135690887e-20},"echonest\/version_3_2_1":{"boeck2015\/tempodetector2016_default":0.000976471,"boeck2019\/multi_task":0.000340723,"boeck2019\/multi_task_hjdb":0.0001067213,"boeck2020\/dar":0.0000579697,"davies2009\/mirex_qm_tempotracker":5.517935496e-22,"echonest\/version_3_2_1":1.0,"gkiokas2012\/default":0.124556183,"klapuri2006\/percival2014":0.0121345099,"oliveira2010\/ibt":0.0,"percival2014\/stem":0.0000654651,"scheirer1998\/percival2014":0.0000001513,"schreiber2014\/default":0.0000488455,"schreiber2017\/ismir2017":0.0000211551,"schreiber2017\/mirex2017":1.848356343e-29,"schreiber2018\/cnn":0.1909880818,"schreiber2018\/fcn":0.9166720131,"schreiber2018\/ismir2018":0.0014104525,"zplane\/auftakt_v3":0.0144701977},"gkiokas2012\/default":{"boeck2015\/tempodetector2016_default":0.0711770238,"boeck2019\/multi_task":0.0000061871,"boeck2019\/multi_task_hjdb":0.0000029133,"boeck2020\/dar":0.0218518607,"davies2009\/mirex_qm_tempotracker":6.828376703e-16,"echonest\/version_3_2_1":0.124556183,"gkiokas2012\/default":1.0,"klapuri2006\/percival2014":0.3734411763,"oliveira2010\/ibt":0.000000068,"percival2014\/stem":0.0000000468,"scheirer1998\/percival2014":0.0000556039,"schreiber2014\/default":0.0000000786,"schreiber2017\/ismir2017":0.0000000609,"schreiber2017\/mirex2017":4.399830513e-33,"schreiber2018\/cnn":0.8869560429,"schreiber2018\/fcn":0.1392040208,"schreiber2018\/ismir2018":0.1207083351,"zplane\/auftakt_v3":0.3789988083},"klapuri2006\/percival2014":{"boeck2015\/tempodetector2016_default":0.2748215858,"boeck2019\/multi_task":0.0000000348,"boeck2019\/multi_task_hjdb":0.000000033,"boeck2020\/dar":0.085804953,"davies2009\/mirex_qm_tempotracker":3.916316174e-27,"echonest\/version_3_2_1":0.0121345099,"gkiokas2012\/default":0.3734411763,"klapuri2006\/percival2014":1.0,"oliveira2010\/ibt":0.0,"percival2014\/stem":0.0,"scheirer1998\/percival2014":0.0006787844,"schreiber2014\/default":0.0,"schreiber2017\/ismir2017":0.0,"schreiber2017\/mirex2017":2.130897276e-40,"schreiber2018\/cnn":0.287409775,"schreiber2018\/fcn":0.0122998945,"schreiber2018\/ismir2018":0.3514186821,"zplane\/auftakt_v3":0.9923386084},"oliveira2010\/ibt":{"boeck2015\/tempodetector2016_default":0.0001048583,"boeck2019\/multi_task":6.991564448e-22,"boeck2019\/multi_task_hjdb":1.425512936e-20,"boeck2020\/dar":0.003529526,"davies2009\/mirex_qm_tempotracker":0.0000004369,"echonest\/version_3_2_1":0.0,"gkiokas2012\/default":0.000000068,"klapuri2006\/percival2014":0.0,"oliveira2010\/ibt":1.0,"percival2014\/stem":1.21735181e-31,"scheirer1998\/percival2014":0.2104831831,"schreiber2014\/default":9.64507673e-29,"schreiber2017\/ismir2017":2.397207795e-32,"schreiber2017\/mirex2017":1.638658893e-59,"schreiber2018\/cnn":0.0000000012,"schreiber2018\/fcn":0.0,"schreiber2018\/ismir2018":0.0000009229,"zplane\/auftakt_v3":0.0000000001},"percival2014\/stem":{"boeck2015\/tempodetector2016_default":0.0,"boeck2019\/multi_task":0.7256204711,"boeck2019\/multi_task_hjdb":0.9808317261,"boeck2020\/dar":0.0,"davies2009\/mirex_qm_tempotracker":1.698427993e-43,"echonest\/version_3_2_1":0.0000654651,"gkiokas2012\/default":0.0000000468,"klapuri2006\/percival2014":0.0,"oliveira2010\/ibt":1.21735181e-31,"percival2014\/stem":1.0,"scheirer1998\/percival2014":3.131492735e-21,"schreiber2014\/default":0.8121301742,"schreiber2017\/ismir2017":0.8837470564,"schreiber2017\/mirex2017":0.0,"schreiber2018\/cnn":0.0000004056,"schreiber2018\/fcn":0.0001840626,"schreiber2018\/ismir2018":0.0,"zplane\/auftakt_v3":0.0},"scheirer1998\/percival2014":{"boeck2015\/tempodetector2016_default":0.0407010386,"boeck2019\/multi_task":8.051780869e-16,"boeck2019\/multi_task_hjdb":2.540830644e-16,"boeck2020\/dar":0.1634574778,"davies2009\/mirex_qm_tempotracker":0.0000246891,"echonest\/version_3_2_1":0.0000001513,"gkiokas2012\/default":0.0000556039,"klapuri2006\/percival2014":0.0006787844,"oliveira2010\/ibt":0.2104831831,"percival2014\/stem":3.131492735e-21,"scheirer1998\/percival2014":1.0,"schreiber2014\/default":1.353922628e-18,"schreiber2017\/ismir2017":2.584966592e-20,"schreiber2017\/mirex2017":7.421925061e-50,"schreiber2018\/cnn":0.0000636282,"schreiber2018\/fcn":0.0000002938,"schreiber2018\/ismir2018":0.0116053144,"zplane\/auftakt_v3":0.000775058},"schreiber2014\/default":{"boeck2015\/tempodetector2016_default":0.0,"boeck2019\/multi_task":0.785618338,"boeck2019\/multi_task_hjdb":0.8806455117,"boeck2020\/dar":0.0,"davies2009\/mirex_qm_tempotracker":1.796522386e-39,"echonest\/version_3_2_1":0.0000488455,