{"AOE1_MEAN":{"schreiber2018\/ismir2018":0.200195792,"schreiber2018\/cnn":0.2154038635,"boeck2015\/tempodetector2016_default":0.2163574608,"schreiber2018\/fcn":0.2309181841,"oliveira2010\/ibt":0.2696614981,"klapuri2006\/percival2014":0.2698518857,"zplane\/auftakt_v3":0.2853944494,"davies2009\/mirex_qm_tempotracker":0.2855221446,"schreiber2014\/default":0.287701466,"echonest\/version_3_2_1":0.2908015207,"percival2014\/stem":0.2976444795,"schreiber2017\/mirex2017":0.3150168734,"schreiber2017\/ismir2017":0.3194532064,"gkiokas2012\/default":0.3267589577,"scheirer1998\/percival2014":0.3980620101},"AOE1_STDEV":{"schreiber2018\/ismir2018":0.3848102261,"schreiber2018\/cnn":0.4029660489,"boeck2015\/tempodetector2016_default":0.4148443126,"schreiber2018\/fcn":0.4143119773,"oliveira2010\/ibt":0.4244416795,"klapuri2006\/percival2014":0.4344637645,"zplane\/auftakt_v3":0.4412789257,"davies2009\/mirex_qm_tempotracker":0.4444776046,"schreiber2014\/default":0.4412699453,"echonest\/version_3_2_1":0.4409599207,"percival2014\/stem":0.4550247617,"schreiber2017\/mirex2017":0.4730904157,"schreiber2017\/ismir2017":0.4739783131,"gkiokas2012\/default":0.4733360932,"scheirer1998\/percival2014":0.4686412856},"AOE2_MEAN":{"schreiber2018\/ismir2018":0.0280469766,"schreiber2018\/cnn":0.021973404,"boeck2015\/tempodetector2016_default":0.0205948492,"schreiber2018\/fcn":0.0196509143,"oliveira2010\/ibt":0.0399843273,"klapuri2006\/percival2014":0.0246628471,"zplane\/auftakt_v3":0.0378343861,"davies2009\/mirex_qm_tempotracker":0.0367738516,"schreiber2014\/default":0.0226965513,"echonest\/version_3_2_1":0.0402569691,"percival2014\/stem":0.0189943876,"schreiber2017\/mirex2017":0.0219101827,"schreiber2017\/ismir2017":0.0226097232,"gkiokas2012\/default":0.0249607707,"scheirer1998\/percival2014":0.0766989824},"AOE2_STDEV":{"schreiber2018\/ismir2018":0.0881537332,"schreiber2018\/cnn":0.0736261598,"boeck2015\/tempodetector2016_default":0.0656262246,"schreiber2018\/fcn":0.0658236012,"oliveira2010\/ibt":0.0892436092,"klapuri2006\/percival2014":0.0781331341,"zplane\/auftakt_v3":0.1035909745,"davies2009\/mirex_qm_tempotracker":0.0672624751,"schreiber2014\/default":0.0805896965,"echonest\/version_3_2_1":0.1037839194,"percival2014\/stem":0.0708070094,"schreiber2017\/mirex2017":0.081465784,"schreiber2017\/ismir2017":0.0834177631,"gkiokas2012\/default":0.0782698091,"scheirer1998\/percival2014":0.1384174436}}