{"OE1_MEAN":{"schreiber2018\/ismir2018":-0.0496809281,"schreiber2018\/cnn":-0.0714045193,"schreiber2018\/fcn":-0.111984335,"boeck2015\/tempodetector2016_default":-0.0428682742,"boeck2019\/multi_task":-0.2417528703,"schreiber2017\/ismir2017":-0.174783045,"schreiber2014\/default":-0.1928991885,"boeck2019\/multi_task_hjdb":-0.2659725794,"echonest\/version_3_2_1":-0.1712814882,"schreiber2017\/mirex2017":-0.2597257792,"oliveira2010\/ibt":0.0150784913,"klapuri2006\/percival2014":-0.0577594626,"percival2014\/stem":-0.178812916,"zplane\/auftakt_v3":-0.0815521704,"davies2009\/mirex_qm_tempotracker":0.0791915295,"gkiokas2012\/default":-0.1317980279,"scheirer1998\/percival2014":-0.1771807359},"OE1_STDEV":{"schreiber2018\/ismir2018":0.4309912433,"schreiber2018\/cnn":0.4511618537,"schreiber2018\/fcn":0.4611041294,"boeck2015\/tempodetector2016_default":0.4656046907,"boeck2019\/multi_task":0.4717072625,"schreiber2017\/ismir2017":0.4837956611,"schreiber2014\/default":0.4905765443,"boeck2019\/multi_task_hjdb":0.4916527261,"echonest\/version_3_2_1":0.4999506217,"schreiber2017\/mirex2017":0.5001299604,"oliveira2010\/ibt":0.5024754857,"klapuri2006\/percival2014":0.5080798919,"percival2014\/stem":0.5137944185,"zplane\/auftakt_v3":0.5193652926,"davies2009\/mirex_qm_tempotracker":0.5219101118,"gkiokas2012\/default":0.55950171,"scheirer1998\/percival2014":0.5887684847},"OE2_MEAN":{"schreiber2018\/ismir2018":-0.0061907031,"schreiber2018\/cnn":-0.0015744443,"schreiber2018\/fcn":0.0014307025,"boeck2015\/tempodetector2016_default":0.0012821008,"boeck2019\/multi_task":0.0018305631,"schreiber2017\/ismir2017":-0.0023680075,"schreiber2014\/default":-0.0098991885,"boeck2019\/multi_task_hjdb":-0.0006124818,"echonest\/version_3_2_1":-0.0043596789,"schreiber2017\/mirex2017":-0.0009708917,"oliveira2010\/ibt":-0.0114312837,"klapuri2006\/percival2014":-0.0036842751,"percival2014\/stem":-0.000642991,"zplane\/auftakt_v3":-0.0100619454,"davies2009\/mirex_qm_tempotracker":0.0198321295,"gkiokas2012\/default":-0.0001378779,"scheirer1998\/percival2014":0.0222724434},"OE2_STDEV":{"schreiber2018\/ismir2018":0.0917877992,"schreiber2018\/cnn":0.0767916147,"schreiber2018\/fcn":0.0679373009,"boeck2015\/tempodetector2016_default":0.0681801153,"boeck2019\/multi_task":0.0739019782,"schreiber2017\/ismir2017":0.0847925021,"schreiber2014\/default":0.0838372412,"boeck2019\/multi_task_hjdb":0.0751244928,"echonest\/version_3_2_1":0.1109791333,"schreiber2017\/mirex2017":0.0695538313,"oliveira2010\/ibt":0.0980284029,"klapuri2006\/percival2014":0.0818442999,"percival2014\/stem":0.073249246,"zplane\/auftakt_v3":0.10991509,"davies2009\/mirex_qm_tempotracker":0.0745821847,"gkiokas2012\/default":0.0820227514,"scheirer1998\/percival2014":0.1564595287}}