{"boeck2015\/tempodetector2016_default":{"boeck2015\/tempodetector2016_default":1.0,"boeck2019\/multi_task":0.0000008984,"boeck2019\/multi_task_hjdb":0.0000000714,"boeck2020\/dar":0.0403197214,"davies2009\/mirex_qm_tempotracker":0.0,"echonest\/version_3_2_1":0.1442375097,"gkiokas2012\/default":0.415293821,"klapuri2006\/percival2014":0.8843330159,"oliveira2010\/ibt":0.0000000004,"percival2014\/stem":0.000000053,"scheirer1998\/percival2014":0.0,"schreiber2014\/default":0.0000008095,"schreiber2017\/ismir2017":0.000000044,"schreiber2017\/mirex2017":7.052849613e-40,"schreiber2018\/cnn":0.5257928843,"schreiber2018\/fcn":0.1019972536,"schreiber2018\/ismir2018":0.1213352504,"sun2021\/default":0.0006310362,"zplane\/auftakt_v3":0.3352344138},"boeck2019\/multi_task":{"boeck2015\/tempodetector2016_default":0.0000008984,"boeck2019\/multi_task":1.0,"boeck2019\/multi_task_hjdb":0.2624375357,"boeck2020\/dar":0.0000000002,"davies2009\/mirex_qm_tempotracker":1.006290805e-24,"echonest\/version_3_2_1":0.0000000023,"gkiokas2012\/default":0.0002807614,"klapuri2006\/percival2014":0.0000014428,"oliveira2010\/ibt":3.797382535e-22,"percival2014\/stem":0.6096819744,"scheirer1998\/percival2014":7.509459905e-28,"schreiber2014\/default":1.0,"schreiber2017\/ismir2017":0.7447910417,"schreiber2017\/mirex2017":7.352579247e-19,"schreiber2018\/cnn":0.0000602208,"schreiber2018\/fcn":0.0021185224,"schreiber2018\/ismir2018":0.0000000023,"sun2021\/default":0.0,"zplane\/auftakt_v3":0.0000000356},"boeck2019\/multi_task_hjdb":{"boeck2015\/tempodetector2016_default":0.0000000714,"boeck2019\/multi_task":0.2624375357,"boeck2019\/multi_task_hjdb":1.0,"boeck2020\/dar":0.0,"davies2009\/mirex_qm_tempotracker":2.83291934e-25,"echonest\/version_3_2_1":0.0000000001,"gkiokas2012\/default":0.0000326575,"klapuri2006\/percival2014":0.0000002412,"oliveira2010\/ibt":3.548612398e-22,"percival2014\/stem":1.0,"scheirer1998\/percival2014":1.160436299e-29,"schreiber2014\/default":0.468304398,"schreiber2017\/ismir2017":0.8147826383,"schreiber2017\/mirex2017":9.313224579e-16,"schreiber2018\/cnn":0.0000118719,"schreiber2018\/fcn":0.0003525654,"schreiber2018\/ismir2018":0.0000000004,"sun2021\/default":0.0,"zplane\/auftakt_v3":0.0000000037},"boeck2020\/dar":{"boeck2015\/tempodetector2016_default":0.0403197214,"boeck2019\/multi_task":0.0000000002,"boeck2019\/multi_task_hjdb":0.0,"boeck2020\/dar":1.0,"davies2009\/mirex_qm_tempotracker":0.000000256,"echonest\/version_3_2_1":0.9487453396,"gkiokas2012\/default":0.0197649149,"klapuri2006\/percival2014":0.1568282969,"oliveira2010\/ibt":0.0000196188,"percival2014\/stem":0.0000000006,"scheirer1998\/percival2014":0.0000000174,"schreiber2014\/default":0.0000000027,"schreiber2017\/ismir2017":0.0000000001,"schreiber2017\/mirex2017":9.655459303e-38,"schreiber2018\/cnn":0.0099700284,"schreiber2018\/fcn":0.0006502522,"schreiber2018\/ismir2018":0.6790184275,"sun2021\/default":0.1359618539,"zplane\/auftakt_v3":0.5159701443},"davies2009\/mirex_qm_tempotracker":{"boeck2015\/tempodetector2016_default":0.0,"boeck2019\/multi_task":1.006290805e-24,"boeck2019\/multi_task_hjdb":2.83291934e-25,"boeck2020\/dar":0.000000256,"davies2009\/mirex_qm_tempotracker":1.0,"echonest\/version_3_2_1":0.0000000459,"gkiokas2012\/default":0.0,"klapuri2006\/percival2014":6.235181495e-20,"oliveira2010\/ibt":0.2233906314,"percival2014\/stem":1.093177766e-37,"scheirer1998\/percival2014":0.0936762827,"schreiber2014\/default":7.09201603e-28,"schreiber2017\/ismir2017":6.394038391e-31,"schreiber2017\/mirex2017":8.681158747e-74,"schreiber2018\/cnn":0.0,"schreiber2018\/fcn":2.708895156e-17,"schreiber2018\/ismir2018":0.0000000003,"sun2021\/default":0.0000122471,"zplane\/auftakt_v3":0.0},"echonest\/version_3_2_1":{"boeck2015\/tempodetector2016_default":0.1442375097,"boeck2019\/multi_task":0.0000000023,"boeck2019\/multi_task_hjdb":0.0000000001,"boeck2020\/dar":0.9487453396,"davies2009\/mirex_qm_tempotracker":0.0000000459,"echonest\/version_3_2_1":1.0,"gkiokas2012\/default":0.0157252998,"klapuri2006\/percival2014":0.1635751637,"oliveira2010\/ibt":0.000002041,"percival2014\/stem":0.0,"scheirer1998\/percival2014":0.0000000004,"schreiber2014\/default":0.0000000002,"schreiber2017\/ismir2017":0.0,"schreiber2017\/mirex2017":6.097287056e-47,"schreiber2018\/cnn":0.0383331392,"schreiber2018\/fcn":0.0028806231,"schreiber2018\/ismir2018":0.8397135013,"sun2021\/default":0.2062798503,"zplane\/auftakt_v3":0.5818100602},"gkiokas2012\/default":{"boeck2015\/tempodetector2016_default":0.415293821,"boeck2019\/multi_task":0.0002807614,"boeck2019\/multi_task_hjdb":0.0000326575,"boeck2020\/dar":0.0197649149,"davies2009\/mirex_qm_tempotracker":0.0,"echonest\/version_3_2_1":0.0157252998,"gkiokas2012\/default":1.0,"klapuri2006\/percival2014":0.2959769752,"oliveira2010\/ibt":0.0,"percival2014\/stem":0.0000072517,"scheirer1998\/percival2014":4.789632543e-16,"schreiber2014\/default":0.0000711169,"schreiber2017\/ismir2017":0.000025057,"schreiber2017\/mirex2017":1.608312525e-36,"schreiber2018\/cnn":0.8397135013,"schreiber2018\/fcn":0.5364945668,"schreiber2018\/ismir2018":0.0357653695,"sun2021\/default":0.0003238158,"zplane\/auftakt_v3":0.0789319262},"klapuri2006\/percival2014":{"boeck2015\/tempodetector2016_default":0.8843330159,"boeck2019\/multi_task":0.0000014428,"boeck2019\/multi_task_hjdb":0.0000002412,"boeck2020\/dar":0.1568282969,"davies2009\/mirex_qm_tempotracker":6.235181495e-20,"echonest\/version_3_2_1":0.1635751637,"gkiokas2012\/default":0.2959769752,"klapuri2006\/percival2014":1.0,"oliveira2010\/ibt":1.349409311e-16,"percival2014\/stem":0.0,"scheirer1998\/percival2014":0.0,"schreiber2014\/default":0.0000000176,"schreiber2017\/ismir2017":0.0000000005,"schreiber2017\/mirex2017":1.135392842e-45,"schreiber2018\/cnn":0.4224040483,"schreiber2018\/fcn":0.0726703675,"schreiber2018\/ismir2018":0.2016429226,"sun2021\/default":0.0058206664,"zplane\/auftakt_v3":0.3822794412},"oliveira2010\/ibt":{"boeck2015\/tempodetector2016_default":0.0000000004,"boeck2019\/multi_task":3.797382535e-22,"boeck2019\/multi_task_hjdb":3.548612398e-22,"boeck2020\/dar":0.0000196188,"davies2009\/mirex_qm_tempotracker":0.2233906314,"echonest\/version_3_2_1":0.000002041,"gkiokas2012\/default":0.0,"klapuri2006\/percival2014":1.349409311e-16,"oliveira2010\/ibt":1.0,"percival2014\/stem":2.428630791e-33,"scheirer1998\/percival2014":0.0154847016,"schreiber2014\/default":6.064804403e-26,"schreiber2017\/ismir2017":1.532476374e-28,"schreiber2017\/mirex2017":7.861756097e-70,"schreiber2018\/cnn":0.0,"schreiber2018\/fcn":0.0,"schreiber2018\/ismir2018":0.0000000171,"sun2021\/default":0.000587433,"zplane\/auftakt_v3":0.0000000002},"percival2014\/stem":{"boeck2015\/tempodetector2016_default":0.000000053,"boeck2019\/multi_task":0.6096819744,"boeck2019\/multi_task_hjdb":1.0,"boeck2020\/dar":0.0000000006,"davies2009\/mirex_qm_tempotracker":1.093177766e-37,"echonest\/version_3_2_1":0.0,"gkiokas2012\/default":0.0000072517,"klapuri2006\/percival2014":0.0,"oliveira2010\/ibt":2.428630791e-33,"percival2014\/stem":1.0,"scheirer1998\/percival2014":6.127138731e-34,"schreiber2014\/default":0.4777753243,"schreiber2017\/ismir2017":0.8698520758,"schreiber2017\/mirex2017":1.116824687e-19,"schreiber2018\/cnn":0.0000036164,"schreiber2018\/fcn":0.0001818059,"schreiber2018\/ismir2018":0.0,"sun2021\/default":0.0,"zplane\/auftakt_v3":0.0},"scheirer1998\/percival2014":{"boeck2015\/tempodetector2016_default":0.0,"boeck2019\/multi_task":7.509459905e-28,"boeck2019\/multi_task_hjdb":1.160436299e-29,"boeck2020\/dar":0.0000000174,"davies2009\/mirex_qm_tempotracker":0.0936762827,"echonest\/version_3_2_1":0.0000000004,"gkiokas2012\/default":4.789632543e-16,"klapuri2006\/percival2014":0.0,"oliveira2010\/ibt":0.0154847016,"percival2014\/stem":6.127138731e-34,"scheirer1998\/percival2014":1.0,"schreiber2014\/default":8.729287385e-29,"schreiber2017\/ismir2017":3.753630149e-31,"schreiber2017\/mirex2017":3.085306039e-61,"schreiber2018\/cnn":0.0,"schreiber2018\/fcn":2.07371466e-17,"schreiber2018\/ismir2018":0.0000000001,