{"OE1_MEAN":{"schreiber2017\/mirex2017":0.0471967604,"schreiber2017\/ismir2017":0.1332255233,"percival2014\/stem":0.1291912661,"schreiber2014\/default":0.1140902446,"boeck2019\/multi_task":0.0657694924,"boeck2019\/multi_task_hjdb":0.0415497833,"schreiber2018\/fcn":0.1950902106,"schreiber2018\/cnn":0.2356236241,"klapuri2006\/percival2014":0.2499504409,"echonest\/version_3_2_1":0.1365711253,"schreiber2018\/ismir2018":0.2573029313,"zplane\/auftakt_v3":0.225551045,"sun2021\/default":0.2646457654,"oliveira2010\/ibt":0.3222802269,"boeck2020\/dar":0.2750239869,"boeck2015\/tempodetector2016_default":0.264265089,"gkiokas2012\/default":0.1758332902,"davies2009\/mirex_qm_tempotracker":0.3867386612,"scheirer1998\/percival2014":0.1263264431},"OE1_STDEV":{"schreiber2017\/mirex2017":0.3073771594,"schreiber2017\/ismir2017":0.4073411038,"percival2014\/stem":0.4110258404,"schreiber2014\/default":0.4121869039,"boeck2019\/multi_task":0.4364342678,"boeck2019\/multi_task_hjdb":0.4406625138,"schreiber2018\/fcn":0.4506292779,"schreiber2018\/cnn":0.4528082117,"klapuri2006\/percival2014":0.4542520634,"echonest\/version_3_2_1":0.4604726251,"schreiber2018\/ismir2018":0.4675804659,"zplane\/auftakt_v3":0.4684931447,"sun2021\/default":0.4693708148,"oliveira2010\/ibt":0.4826707796,"boeck2020\/dar":0.483216423,"boeck2015\/tempodetector2016_default":0.4877866403,"gkiokas2012\/default":0.4884383956,"davies2009\/mirex_qm_tempotracker":0.5041745601,"scheirer1998\/percival2014":0.5227561087},"OE2_MEAN":{"schreiber2017\/mirex2017":-0.0034388377,"schreiber2017\/ismir2017":-0.0066692589,"percival2014\/stem":0.0003074948,"schreiber2014\/default":-0.0126214296,"boeck2019\/multi_task":-0.0018831227,"boeck2019\/multi_task_hjdb":-0.0029097137,"schreiber2018\/fcn":-0.0056202749,"schreiber2018\/cnn":-0.0041259005,"klapuri2006\/percival2014":-0.0077418388,"echonest\/version_3_2_1":-0.0094758561,"schreiber2018\/ismir2018":-0.0063953545,"zplane\/auftakt_v3":-0.0120459521,"sun2021\/default":-0.0145582511,"oliveira2010\/ibt":-0.0118283191,"boeck2020\/dar":-0.001271859,"boeck2015\/tempodetector2016_default":-0.0006991253,"gkiokas2012\/default":-0.0027799105,"davies2009\/mirex_qm_tempotracker":0.0169146997,"scheirer1998\/percival2014":0.0240569646},"OE2_STDEV":{"schreiber2017\/mirex2017":0.0434108269,"schreiber2017\/ismir2017":0.0757638811,"percival2014\/stem":0.0738876771,"schreiber2014\/default":0.085959798,"boeck2019\/multi_task":0.0687789846,"boeck2019\/multi_task_hjdb":0.0687336184,"schreiber2018\/fcn":0.0699299781,"schreiber2018\/cnn":0.0742928192,"klapuri2006\/percival2014":0.0832078013,"echonest\/version_3_2_1":0.1092827308,"schreiber2018\/ismir2018":0.0871214139,"zplane\/auftakt_v3":0.1105290779,"sun2021\/default":0.0787976352,"oliveira2010\/ibt":0.102251077,"boeck2020\/dar":0.0520889732,"boeck2015\/tempodetector2016_default":0.0612444072,"gkiokas2012\/default":0.0818761748,"davies2009\/mirex_qm_tempotracker":0.0741483501,"scheirer1998\/percival2014":0.1600595311}}