{"Size":{"boeck2015\/tempodetector2016_default":1000,"davies2009\/mirex_qm_tempotracker":1000,"echonest\/version_3_2_1":1000,"gkiokas2012\/default":1000,"klapuri2006\/percival2014":1000,"oliveira2010\/ibt":1000,"percival2014\/stem":1000,"scheirer1998\/percival2014":1000,"schreiber2014\/default":1000,"schreiber2017\/ismir2017":1000,"schreiber2017\/mirex2017":1000,"schreiber2018\/cnn":1000,"schreiber2018\/fcn":1000,"schreiber2018\/ismir2018":1000,"zplane\/auftakt_v3":1000},"Min":{"boeck2015\/tempodetector2016_default":41.1,"davies2009\/mirex_qm_tempotracker":63.024,"echonest\/version_3_2_1":0.0,"gkiokas2012\/default":31.0,"klapuri2006\/percival2014":62.642045,"oliveira2010\/ibt":80.0,"percival2014\/stem":50.4192,"scheirer1998\/percival2014":0.0,"schreiber2014\/default":52.045586,"schreiber2017\/ismir2017":20.266235,"schreiber2017\/mirex2017":20.266235,"schreiber2018\/cnn":50.0,"schreiber2018\/fcn":38.0,"schreiber2018\/ismir2018":53.0,"zplane\/auftakt_v3":65.0},"Max":{"boeck2015\/tempodetector2016_default":240.0,"davies2009\/mirex_qm_tempotracker":258.398,"echonest\/version_3_2_1":199.684,"gkiokas2012\/default":246.0,"klapuri2006\/percival2014":161.499023,"oliveira2010\/ibt":161.0,"percival2014\/stem":154.268,"scheirer1998\/percival2014":179.814,"schreiber2014\/default":163.9436,"schreiber2017\/ismir2017":163.9436,"schreiber2017\/mirex2017":161.4596,"schreiber2018\/cnn":237.0,"schreiber2018\/fcn":222.0,"schreiber2018\/ismir2018":232.0,"zplane\/auftakt_v3":165.4},"Avg":{"boeck2015\/tempodetector2016_default":114.69534,"davies2009\/mirex_qm_tempotracker":122.6921175,"echonest\/version_3_2_1":104.180171,"gkiokas2012\/default":107.521,"klapuri2006\/percival2014":110.853331629,"oliveira2010\/ibt":116.429,"percival2014\/stem":102.5498176,"scheirer1998\/percival2014":101.5475521,"schreiber2014\/default":101.608218686,"schreiber2017\/ismir2017":104.969436827,"schreiber2017\/mirex2017":103.149418532,"schreiber2018\/cnn":112.002,"schreiber2018\/fcn":109.142,"schreiber2018\/ismir2018":112.887,"zplane\/auftakt_v3":109.5127},"Stdev":{"boeck2015\/tempodetector2016_default":33.9045204359,"davies2009\/mirex_qm_tempotracker":27.2689979408,"echonest\/version_3_2_1":27.7069293841,"gkiokas2012\/default":30.0488351104,"klapuri2006\/percival2014":20.2971141005,"oliveira2010\/ibt":20.7470334843,"percival2014\/stem":21.5177048287,"scheirer1998\/percival2014":31.2712427806,"schreiber2014\/default":21.616509253,"schreiber2017\/ismir2017":27.0489074012,"schreiber2017\/mirex2017":27.8105739909,"schreiber2018\/cnn":31.2490079282,"schreiber2018\/fcn":30.5725451429,"schreiber2018\/ismir2018":28.1885939314,"zplane\/auftakt_v3":22.5555097422},"Sweet Oct. Start":{"boeck2015\/tempodetector2016_default":72.0,"davies2009\/mirex_qm_tempotracker":84.0,"echonest\/version_3_2_1":67.0,"gkiokas2012\/default":71.0,"klapuri2006\/percival2014":76.0,"oliveira2010\/ibt":81.0,"percival2014\/stem":71.0,"scheirer1998\/percival2014":64.0,"schreiber2014\/default":71.0,"schreiber2017\/ismir2017":80.0,"schreiber2017\/mirex2017":80.0,"schreiber2018\/cnn":75.0,"schreiber2018\/fcn":71.0,"schreiber2018\/ismir2018":77.0,"zplane\/auftakt_v3":73.0},"Sweet Oct. Coverage":{"boeck2015\/tempodetector2016_default":0.791,"davies2009\/mirex_qm_tempotracker":0.903,"echonest\/version_3_2_1":0.796,"gkiokas2012\/default":0.803,"klapuri2006\/percival2014":0.951,"oliveira2010\/ibt":0.999,"percival2014\/stem":0.918,"scheirer1998\/percival2014":0.779,"schreiber2014\/default":0.91,"schreiber2017\/ismir2017":0.82,"schreiber2017\/mirex2017":0.793,"schreiber2018\/cnn":0.806,"schreiber2018\/fcn":0.812,"schreiber2018\/ismir2018":0.868,"zplane\/auftakt_v3":0.891}}