{"ternary":{"boeck2015\/tempodetector2016_default":0.3548387097,"boeck2019\/multi_task":0.5161290323,"boeck2019\/multi_task_hjdb":0.4838709677,"boeck2020\/dar":0.2903225806,"davies2009\/mirex_qm_tempotracker":0.2580645161,"echonest\/version_3_2_1":0.2903225806,"gkiokas2012\/default":0.5483870968,"klapuri2006\/percival2014":0.2580645161,"oliveira2010\/ibt":0.2258064516,"percival2014\/stem":0.5161290323,"scheirer1998\/percival2014":0.2903225806,"schreiber2014\/default":0.2580645161,"schreiber2017\/ismir2017":0.3870967742,"schreiber2017\/mirex2017":0.8387096774,"schreiber2018\/cnn":0.3548387097,"schreiber2018\/fcn":0.3870967742,"schreiber2018\/ismir2018":0.1935483871,"sun2021\/default":0.2580645161,"zplane\/auftakt_v3":0.2258064516},"swing":{"boeck2015\/tempodetector2016_default":0.4606741573,"boeck2019\/multi_task":0.6011235955,"boeck2019\/multi_task_hjdb":0.6404494382,"boeck2020\/dar":0.3764044944,"davies2009\/mirex_qm_tempotracker":0.4494382022,"echonest\/version_3_2_1":0.5449438202,"gkiokas2012\/default":0.6573033708,"klapuri2006\/percival2014":0.5561797753,"oliveira2010\/ibt":0.393258427,"percival2014\/stem":0.702247191,"scheirer1998\/percival2014":0.4831460674,"schreiber2014\/default":0.6235955056,"schreiber2017\/ismir2017":0.6741573034,"schreiber2017\/mirex2017":0.9157303371,"schreiber2018\/cnn":0.5168539326,"schreiber2018\/fcn":0.5505617978,"schreiber2018\/ismir2018":0.3707865169,"sun2021\/default":0.3314606742,"zplane\/auftakt_v3":0.5168539326},"no_ternary":{"boeck2015\/tempodetector2016_default":0.7179752066,"boeck2019\/multi_task":0.7768595041,"boeck2019\/multi_task_hjdb":0.7830578512,"boeck2020\/dar":0.6900826446,"davies2009\/mirex_qm_tempotracker":0.6115702479,"echonest\/version_3_2_1":0.6921487603,"gkiokas2012\/default":0.722107438,"klapuri2006\/percival2014":0.7179752066,"oliveira2010\/ibt":0.6219008264,"percival2014\/stem":0.7892561983,"scheirer1998\/percival2014":0.5754132231,"schreiber2014\/default":0.7902892562,"schreiber2017\/ismir2017":0.7933884298,"schreiber2017\/mirex2017":0.8915289256,"schreiber2018\/cnn":0.7283057851,"schreiber2018\/fcn":0.7376033058,"schreiber2018\/ismir2018":0.701446281,"sun2021\/default":0.6745867769,"zplane\/auftakt_v3":0.7035123967},"no_swing":{"boeck2015\/tempodetector2016_default":0.7600487211,"boeck2019\/multi_task":0.8051157125,"boeck2019\/multi_task_hjdb":0.802679659,"boeck2020\/dar":0.7429963459,"davies2009\/mirex_qm_tempotracker":0.6333739342,"echonest\/version_3_2_1":0.7088915956,"gkiokas2012\/default":0.7295980512,"klapuri2006\/percival2014":0.7356881851,"oliveira2010\/ibt":0.6565164434,"percival2014\/stem":0.7978075518,"scheirer1998\/percival2014":0.5846528624,"schreiber2014\/default":0.8063337393,"schreiber2017\/ismir2017":0.8038976857,"schreiber2017\/mirex2017":0.8842874543,"schreiber2018\/cnn":0.7600487211,"schreiber2018\/fcn":0.7649208283,"schreiber2018\/ismir2018":0.7539585871,"sun2021\/default":0.7332521315,"zplane\/auftakt_v3":0.7259439708},"9\/8":{"boeck2015\/tempodetector2016_default":0.5,"boeck2019\/multi_task":0.5,"boeck2019\/multi_task_hjdb":0.5,"boeck2020\/dar":0.5,"davies2009\/mirex_qm_tempotracker":0.25,"echonest\/version_3_2_1":0.0,"gkiokas2012\/default":0.25,"klapuri2006\/percival2014":0.25,"oliveira2010\/ibt":0.25,"percival2014\/stem":0.5,"scheirer1998\/percival2014":0.25,"schreiber2014\/default":0.0,"schreiber2017\/ismir2017":0.25,"schreiber2017\/mirex2017":1.0,"schreiber2018\/cnn":0.5,"schreiber2018\/fcn":0.25,"schreiber2018\/ismir2018":0.25,"sun2021\/default":0.25,"zplane\/auftakt_v3":0.25},"5\/4":{"boeck2015\/tempodetector2016_default":1.0,"boeck2019\/multi_task":0.5,"boeck2019\/multi_task_hjdb":0.5,"boeck2020\/dar":0.5,"davies2009\/mirex_qm_tempotracker":0.5,"echonest\/version_3_2_1":0.5,"gkiokas2012\/default":0.5,"klapuri2006\/percival2014":0.5,"oliveira2010\/ibt":0.5,"percival2014\/stem":0.5,"scheirer1998\/percival2014":0.0,"schreiber2014\/default":0.5,"schreiber2017\/ismir2017":0.5,"schreiber2017\/mirex2017":1.0,"schreiber2018\/cnn":1.0,"schreiber2018\/fcn":0.5,"schreiber2018\/ismir2018":0.5,"sun2021\/default":1.0,"zplane\/auftakt_v3":0.5},"4\/4":{"boeck2015\/tempodetector2016_default":0.74049217,"boeck2019\/multi_task":0.8020134228,"boeck2019\/multi_task_hjdb":0.8042505593,"boeck2020\/dar":0.7058165548,"davies2009\/mirex_qm_tempotracker":0.629753915,"echonest\/version_3_2_1":0.7181208054,"gkiokas2012\/default":0.7427293065,"klapuri2006\/percival2014":0.7393736018,"oliveira2010\/ibt":0.6420581655,"percival2014\/stem":0.807606264,"scheirer1998\/percival2014":0.5917225951,"schreiber2014\/default":0.8154362416,"schreiber2017\/ismir2017":0.8131991051,"schreiber2017\/mirex2017":0.903803132,"schreiber2018\/cnn":0.7494407159,"schreiber2018\/fcn":0.7572706935,"schreiber2018\/ismir2018":0.7181208054,"sun2021\/default":0.692393736,"zplane\/auftakt_v3":0.7181208054},"3\/4":{"boeck2015\/tempodetector2016_default":0.4318181818,"boeck2019\/multi_task":0.4545454545,"boeck2019\/multi_task_hjdb":0.5227272727,"boeck2020\/dar":0.5,"davies2009\/mirex_qm_tempotracker":0.3181818182,"echonest\/version_3_2_1":0.2272727273,"gkiokas2012\/default":0.4090909091,"klapuri2006\/percival2014":0.3863636364,"oliveira2010\/ibt":0.2954545455,"percival2014\/stem":0.5681818182,"scheirer1998\/percival2014":0.3181818182,"schreiber2014\/default":0.4318181818,"schreiber2017\/ismir2017":0.5227272727,"schreiber2017\/mirex2017":0.6590909091,"schreiber2018\/cnn":0.3863636364,"schreiber2018\/fcn":0.4545454545,"schreiber2018\/ismir2018":0.4772727273,"sun2021\/default":0.4090909091,"zplane\/auftakt_v3":0.5},"2\/4":{"boeck2015\/tempodetector2016_default":0.4285714286,"boeck2019\/multi_task":0.7142857143,"boeck2019\/multi_task_hjdb":0.7142857143,"boeck2020\/dar":0.7142857143,"davies2009\/mirex_qm_tempotracker":0.5714285714,"echonest\/version_3_2_1":0.7142857143,"gkiokas2012\/default":0.8571428571,"klapuri2006\/percival2014":0.5714285714,"oliveira2010\/ibt":0.5714285714,"percival2014\/stem":0.5714285714,"scheirer1998\/percival2014":0.7142857143,"schreiber2014\/default":0.4285714286,"schreiber2017\/ismir2017":0.5714285714,"schreiber2017\/mirex2017":1.0,"schreiber2018\/cnn":0.5714285714,"schreiber2018\/fcn":0.4285714286,"schreiber2018\/ismir2018":0.4285714286,"sun2021\/default":0.7142857143,"zplane\/auftakt_v3":0.5714285714},"12\/8":{"boeck2015\/tempodetector2016_default":0.3333333333,"boeck2019\/multi_task":0.5185185185,"boeck2019\/multi_task_hjdb":0.4814814815,"boeck2020\/dar":0.2592592593,"davies2009\/mirex_qm_tempotracker":0.2592592593,"echonest\/version_3_2_1":0.3333333333,"gkiokas2012\/default":0.5925925926,"klapuri2006\/percival2014":0.2592592593,"oliveira2010\/ibt":0.2222222222,"percival2014\/stem":0.5185185185,"scheirer1998\/percival2014":0.2962962963,"schreiber2014\/default":0.2962962963,"schreiber2017\/ismir2017":0.4074074074,"schreiber2017\/mirex2017":0.8148148148,"schreiber2018\/cnn":0.3333333333,"schreiber2018\/fcn":0.4074074074,"schreiber2018\/ismir2018":0.1851851852,"sun2021\/default":0.2592592593,"zplane\/auftakt_v3":0.2222222222}}