{"boeck2015\/tempodetector2016_default":{"boeck2015\/tempodetector2016_default":1.0,"davies2009\/mirex_qm_tempotracker":0.0005817514,"echonest\/version_3_2_1":0.0000403724,"gkiokas2012\/default":0.0000006204,"klapuri2006\/percival2014":0.0064835244,"oliveira2010\/ibt":0.0145083586,"percival2014\/stem":0.0001482214,"scheirer1998\/percival2014":0.0,"schreiber2014\/default":0.0001102143,"schreiber2017\/ismir2017":0.0000000654,"schreiber2017\/mirex2017":0.0000001495,"schreiber2018\/cnn":0.2893341112,"schreiber2018\/fcn":0.0506844919,"schreiber2018\/ismir2018":0.4142647998,"zplane\/auftakt_v3":0.0003035637},"davies2009\/mirex_qm_tempotracker":{"boeck2015\/tempodetector2016_default":0.0005817514,"davies2009\/mirex_qm_tempotracker":1.0,"echonest\/version_3_2_1":0.4803080464,"gkiokas2012\/default":0.0278957195,"klapuri2006\/percival2014":0.2053448889,"oliveira2010\/ibt":0.0334304229,"percival2014\/stem":0.8178740367,"scheirer1998\/percival2014":0.0003274817,"schreiber2014\/default":0.946091738,"schreiber2017\/ismir2017":0.0259252985,"schreiber2017\/mirex2017":0.0518566147,"schreiber2018\/cnn":0.0072633385,"schreiber2018\/fcn":0.1305456996,"schreiber2018\/ismir2018":0.0013100376,"zplane\/auftakt_v3":0.8877929191},"echonest\/version_3_2_1":{"boeck2015\/tempodetector2016_default":0.0000403724,"davies2009\/mirex_qm_tempotracker":0.4803080464,"echonest\/version_3_2_1":1.0,"gkiokas2012\/default":0.1687333328,"klapuri2006\/percival2014":0.1300220213,"oliveira2010\/ibt":0.0424269142,"percival2014\/stem":0.5915371613,"scheirer1998\/percival2014":0.006172558,"schreiber2014\/default":0.4673984481,"schreiber2017\/ismir2017":0.1288915198,"schreiber2017\/mirex2017":0.1898623034,"schreiber2018\/cnn":0.0019237423,"schreiber2018\/fcn":0.0352459855,"schreiber2018\/ismir2018":0.000706984,"zplane\/auftakt_v3":0.3681906218},"gkiokas2012\/default":{"boeck2015\/tempodetector2016_default":0.0000006204,"davies2009\/mirex_qm_tempotracker":0.0278957195,"echonest\/version_3_2_1":0.1687333328,"gkiokas2012\/default":1.0,"klapuri2006\/percival2014":0.0006761014,"oliveira2010\/ibt":0.0002474379,"percival2014\/stem":0.0442585347,"scheirer1998\/percival2014":0.2314988144,"schreiber2014\/default":0.0313708248,"schreiber2017\/ismir2017":0.8056162768,"schreiber2017\/mirex2017":0.9617148505,"schreiber2018\/cnn":0.0000076425,"schreiber2018\/fcn":0.0004283737,"schreiber2018\/ismir2018":0.0000042875,"zplane\/auftakt_v3":0.0145219007},"klapuri2006\/percival2014":{"boeck2015\/tempodetector2016_default":0.0064835244,"davies2009\/mirex_qm_tempotracker":0.2053448889,"echonest\/version_3_2_1":0.1300220213,"gkiokas2012\/default":0.0006761014,"klapuri2006\/percival2014":1.0,"oliveira2010\/ibt":0.3602412539,"percival2014\/stem":0.1616888361,"scheirer1998\/percival2014":0.000004368,"schreiber2014\/default":0.3170210437,"schreiber2017\/ismir2017":0.0019991911,"schreiber2017\/mirex2017":0.0048274276,"schreiber2018\/cnn":0.0521815975,"schreiber2018\/fcn":0.4413870633,"schreiber2018\/ismir2018":0.0099463636,"zplane\/auftakt_v3":0.3056563189},"oliveira2010\/ibt":{"boeck2015\/tempodetector2016_default":0.0145083586,"davies2009\/mirex_qm_tempotracker":0.0334304229,"echonest\/version_3_2_1":0.0424269142,"gkiokas2012\/default":0.0002474379,"klapuri2006\/percival2014":0.3602412539,"oliveira2010\/ibt":1.0,"percival2014\/stem":0.0482035707,"scheirer1998\/percival2014":0.0000000632,"schreiber2014\/default":0.1419825162,"schreiber2017\/ismir2017":0.0001910028,"schreiber2017\/mirex2017":0.0006003865,"schreiber2018\/cnn":0.111084997,"schreiber2018\/fcn":0.78746158,"schreiber2018\/ismir2018":0.0310177342,"zplane\/auftakt_v3":0.0591214058},"percival2014\/stem":{"boeck2015\/tempodetector2016_default":0.0001482214,"davies2009\/mirex_qm_tempotracker":0.8178740367,"echonest\/version_3_2_1":0.5915371613,"gkiokas2012\/default":0.0442585347,"klapuri2006\/percival2014":0.1616888361,"oliveira2010\/ibt":0.0482035707,"percival2014\/stem":1.0,"scheirer1998\/percival2014":0.0003780273,"schreiber2014\/default":0.8465529592,"schreiber2017\/ismir2017":0.0304154184,"schreiber2017\/mirex2017":0.049781348,"schreiber2018\/cnn":0.0030800933,"schreiber2018\/fcn":0.0657132316,"schreiber2018\/ismir2018":0.000356087,"zplane\/auftakt_v3":0.659289174},"scheirer1998\/percival2014":{"boeck2015\/tempodetector2016_default":0.0,"davies2009\/mirex_qm_tempotracker":0.0003274817,"echonest\/version_3_2_1":0.006172558,"gkiokas2012\/default":0.2314988144,"klapuri2006\/percival2014":0.000004368,"oliveira2010\/ibt":0.0000000632,"percival2014\/stem":0.0003780273,"scheirer1998\/percival2014":1.0,"schreiber2014\/default":0.0005032651,"schreiber2017\/ismir2017":0.3081406802,"schreiber2017\/mirex2017":0.2300720108,"schreiber2018\/cnn":0.0000000039,"schreiber2018\/fcn":0.0000110768,"schreiber2018\/ismir2018":0.0000000006,"zplane\/auftakt_v3":0.0001402503},"schreiber2014\/default":{"boeck2015\/tempodetector2016_default":0.0001102143,"davies2009\/mirex_qm_tempotracker":0.946091738,"echonest\/version_3_2_1":0.4673984481,"gkiokas2012\/default":0.0313708248,"klapuri2006\/percival2014":0.3170210437,"oliveira2010\/ibt":0.1419825162,"percival2014\/stem":0.8465529592,"scheirer1998\/percival2014":0.0005032651,"schreiber2014\/default":1.0,"schreiber2017\/ismir2017":0.0186962134,"schreiber2017\/mirex2017":0.0313144745,"schreiber2018\/cnn":0.0042968578,"schreiber2018\/fcn":0.1125250181,"schreiber2018\/ismir2018":0.0016651632,"zplane\/auftakt_v3":0.8242891046},"schreiber2017\/ismir2017":{"boeck2015\/tempodetector2016_default":0.0000000654,"davies2009\/mirex_qm_tempotracker":0.0259252985,"echonest\/version_3_2_1":0.1288915198,"gkiokas2012\/default":0.8056162768,"klapuri2006\/percival2014":0.0019991911,"oliveira2010\/ibt":0.0001910028,"percival2014\/stem":0.0304154184,"scheirer1998\/percival2014":0.3081406802,"schreiber2014\/default":0.0186962134,"schreiber2017\/ismir2017":1.0,"schreiber2017\/mirex2017":0.5748695928,"schreiber2018\/cnn":0.0000035556,"schreiber2018\/fcn":0.0001618071,"schreiber2018\/ismir2018":0.0000001929,"zplane\/auftakt_v3":0.0090988113},"schreiber2017\/mirex2017":{"boeck2015\/tempodetector2016_default":0.0000001495,"davies2009\/mirex_qm_tempotracker":0.0518566147,"echonest\/version_3_2_1":0.1898623034,"gkiokas2012\/default":0.9617148505,"klapuri2006\/percival2014":0.0048274276,"oliveira2010\/ibt":0.0006003865,"percival2014\/stem":0.049781348,"scheirer1998\/percival2014":0.2300720108,"schreiber2014\/default":0.0313144745,"schreiber2017\/ismir2017":0.5748695928,"schreiber2017\/mirex2017":1.0,"schreiber2018\/cnn":0.0000093646,"schreiber2018\/fcn":0.0004459626,"schreiber2018\/ismir2018":0.0000005815,"zplane\/auftakt_v3":0.020509926},"schreiber2018\/cnn":{"boeck2015\/tempodetector2016_default":0.2893341112,"davies2009\/mirex_qm_tempotracker":0.0072633385,"echonest\/version_3_2_1":0.0019237423,"gkiokas2012\/default":0.0000076425,"klapuri2006\/percival2014":0.0521815975,"oliveira2010\/ibt":0.111084997,"percival2014\/stem":0.0030800933,"scheirer1998\/percival2014":0.0000000039,"schreiber2014\/default":0.0042968578,"schreiber2017\/ismir2017":0.0000035556,"schreiber2017\/mirex2017":0.0000093646,"schreiber2018\/cnn":1.0,"schreiber2018\/fcn":0.1986397615,"schreiber2018\/ismir2018":0.6612839827,"zplane\/auftakt_v3":0.0065844972},"schreiber2018\/fcn":{"boeck2015\/tempodetector2016_default":0.0506844919,"davies2009\/mirex_qm_tempotracker":0.1305456996,"echonest\/version_3_2_1":0.0352459855,"gkiokas2012\/default":0.0004283737,"klapuri2006\/percival2014":0.4413870633,"oliveira2010\/ibt":0.78746158,"percival2014\/stem":0.0657132316,"scheirer1998\/percival2014":0.0000110768,"schreiber2014\/default":0.1125250181,"schreiber2017\/ismir2017":0.0001618071,"schreiber2017\/mirex2017":0.0004459626,"schreiber2018\/cnn":0.1986397615,"schreiber2018\/fcn":1.0,"schreiber2018\/ismir2018":0.0781255308,"zplane\/auftakt_v3":0.1174473918},"schreiber2018\/ismir2018":{"boeck2015\/tempodetector2016_default":0.4142647998,"davies2009\/mirex_qm_tempotracker":0.0013100376,