Item,cvar,1.0,2.0,3.0,davies2009/mirex_qm_tempotracker,klapuri2006/percival2014,schreiber2018/fcn,schreiber2018/ismir2018,schreiber2018/cnn,percival2014/stem,gkiokas2012/default,schreiber2017/mirex2017,schreiber2017/ismir2017,scheirer1998/percival2014,zplane/auftakt_v3,oliveira2010/ibt,boeck2015/tempodetector2016_default,echonest/version_3_2_1,schreiber2014/default
006.jams,0.1772914433227036,87.28,100.2016529864524,102.6973827634738,234.908,114.84375,116,116,116,113.582,114.0,114.421425,114.421425,170.117,113.9,112.0,222.22,113.407,54.845005
013.jams,0.07167202109733124,64.1988,64.72089492053634,65.28497409326435,139.675,135.999178,138,136,139,136.9,137.0,139.0248,139.0248,134.783,138.4,133.0,136.36,68.34,126.32883
059.jams,0.023971478495922693,66.8319,68.8081449894172,69.11142454160786,105.469,103.359375,205,104,104,103.879,103.0,103.46031,103.46031,103.295,103.4,101.0,103.45,103.283,103.3026
127.jams,0.10924182150254162,62.0777,64.69160854975638,65.1812437744379,156.605,130.016935,148,80,87,84.7208,139.0,70.97125,70.97125,128.937,124.3,92.0,71.43,68.813,71.05011
133.jams,0.1063479024947417,72.8353,75.41074679767911,77.03729583369673,147.656,120.18532,148,143,87,146.609,151.0,13.247967,13.247967,124.719,111.5,96.0,69.77,60.117,115.76199
137.jams,0.37364929808833247,114.0116,175.95717444431511,173.89018969036002,151.999,147.65625,75,75,75,89.1029,75.0,74.24382,74.24382,86.5051,89.6,92.0,74.07,149.526,90.44891
138.jams,0.18872020553806493,170.1039,194.99613341190894,194.11635243195323,101.333,112.991431,117,98,117,98.4375,118.0,116.7477,116.7477,97.7249,117.6,103.0,117.65,99.756,116.78713
140.jams,0.12595650281861648,83.1897,87.7691995123933,86.32663513876946,126.048,101.332721,100,73,94,96.5975,101.0,54.411293,54.411293,140.895,112.2,123.0,153.85,67.152,98.492325
