Item,cvar,1.0,2.0,3.0,davies2009/mirex_qm_tempotracker,klapuri2006/percival2014,schreiber2018/fcn,schreiber2018/ismir2018,schreiber2018/cnn,percival2014/stem,gkiokas2012/default,schreiber2017/mirex2017,schreiber2017/ismir2017,scheirer1998/percival2014,zplane/auftakt_v3,oliveira2010/ibt,boeck2015/tempodetector2016_default,echonest/version_3_2_1,schreiber2014/default
140.jams,0.12595650281861648,83.1897,87.7691995123933,86.32663513876946,126.048,101.332721,100,73,94,96.5975,101.0,54.411293,54.411293,140.895,112.2,123.0,153.85,67.152,98.492325
