Reference,Size,Min,Max,Avg,Stdev,Sweet Oct. Start,Sweet Oct. Coverage
1.0,222,51.8635,198.1547,113.30452567567568,28.842429942935436,79.0,0.8243243243243243
2.0,222,55.50981019463046,198.9492412147028,114.58937324000006,29.557062741413684,76.0,0.8063063063063063
3.0,222,55.72409764051969,198.26165143114017,114.61569681531276,29.360391926156264,77.0,0.8153153153153153
