{"boeck2015\/tempodetector2016_default":{"boeck2015\/tempodetector2016_default":1.0,"boeck2019\/multi_task":0.5937756204,"boeck2019\/multi_task_hjdb":0.7671836408,"boeck2020\/dar":0.4305606144,"davies2009\/mirex_qm_tempotracker":0.0000000082,"echonest\/version_3_2_1":0.0000008555,"gkiokas2012\/default":0.9913245705,"klapuri2006\/percival2014":0.0676794728,"oliveira2010\/ibt":0.0025999079,"percival2014\/stem":0.0340672348,"scheirer1998\/percival2014":0.4576352893,"schreiber2014\/default":0.0000107119,"schreiber2017\/ismir2017":0.0152831456,"schreiber2017\/mirex2017":0.0018456325,"schreiber2018\/cnn":0.0208068939,"schreiber2018\/fcn":0.2877744498,"schreiber2018\/ismir2018":0.062496966,"zplane\/auftakt_v3":0.6677233171},"boeck2019\/multi_task":{"boeck2015\/tempodetector2016_default":0.5937756204,"boeck2019\/multi_task":1.0,"boeck2019\/multi_task_hjdb":0.7486223341,"boeck2020\/dar":0.7762240842,"davies2009\/mirex_qm_tempotracker":0.0000004274,"echonest\/version_3_2_1":0.0000000093,"gkiokas2012\/default":0.7105429272,"klapuri2006\/percival2014":0.1644232761,"oliveira2010\/ibt":0.0096485089,"percival2014\/stem":0.0063284052,"scheirer1998\/percival2014":0.205029403,"schreiber2014\/default":0.0000013129,"schreiber2017\/ismir2017":0.0007847716,"schreiber2017\/mirex2017":0.0001243097,"schreiber2018\/cnn":0.0745216604,"schreiber2018\/fcn":0.5399068827,"schreiber2018\/ismir2018":0.1977913059,"zplane\/auftakt_v3":0.9777352953},"boeck2019\/multi_task_hjdb":{"boeck2015\/tempodetector2016_default":0.7671836408,"boeck2019\/multi_task":0.7486223341,"boeck2019\/multi_task_hjdb":1.0,"boeck2020\/dar":0.5725436287,"davies2009\/mirex_qm_tempotracker":0.0000001034,"echonest\/version_3_2_1":0.0000000329,"gkiokas2012\/default":0.8269446938,"klapuri2006\/percival2014":0.1138920229,"oliveira2010\/ibt":0.0047472922,"percival2014\/stem":0.0114470379,"scheirer1998\/percival2014":0.2685409843,"schreiber2014\/default":0.0000035939,"schreiber2017\/ismir2017":0.0026443462,"schreiber2017\/mirex2017":0.0001471725,"schreiber2018\/cnn":0.0392792341,"schreiber2018\/fcn":0.4422090899,"schreiber2018\/ismir2018":0.1234946344,"zplane\/auftakt_v3":0.8561369969},"boeck2020\/dar":{"boeck2015\/tempodetector2016_default":0.4305606144,"boeck2019\/multi_task":0.7762240842,"boeck2019\/multi_task_hjdb":0.5725436287,"boeck2020\/dar":1.0,"davies2009\/mirex_qm_tempotracker":0.0000038715,"echonest\/version_3_2_1":0.0000000186,"gkiokas2012\/default":0.5986644492,"klapuri2006\/percival2014":0.3077588029,"oliveira2010\/ibt":0.0473864699,"percival2014\/stem":0.008792099,"scheirer1998\/percival2014":0.1971396519,"schreiber2014\/default":0.0000019127,"schreiber2017\/ismir2017":0.001159369,"schreiber2017\/mirex2017":0.0001243233,"schreiber2018\/cnn":0.1351236557,"schreiber2018\/fcn":0.7190859005,"schreiber2018\/ismir2018":0.3434776668,"zplane\/auftakt_v3":0.8131518296},"davies2009\/mirex_qm_tempotracker":{"boeck2015\/tempodetector2016_default":0.0000000082,"boeck2019\/multi_task":0.0000004274,"boeck2019\/multi_task_hjdb":0.0000001034,"boeck2020\/dar":0.0000038715,"davies2009\/mirex_qm_tempotracker":1.0,"echonest\/version_3_2_1":1.32268624e-19,"gkiokas2012\/default":0.0000000016,"klapuri2006\/percival2014":0.0000000001,"oliveira2010\/ibt":0.0000001095,"percival2014\/stem":2.629881176e-17,"scheirer1998\/percival2014":0.0,"schreiber2014\/default":5.895543135e-21,"schreiber2017\/ismir2017":0.0,"schreiber2017\/mirex2017":0.0,"schreiber2018\/cnn":0.000015855,"schreiber2018\/fcn":0.0000032484,"schreiber2018\/ismir2018":0.000000253,"zplane\/auftakt_v3":0.0},"echonest\/version_3_2_1":{"boeck2015\/tempodetector2016_default":0.0000008555,"boeck2019\/multi_task":0.0000000093,"boeck2019\/multi_task_hjdb":0.0000000329,"boeck2020\/dar":0.0000000186,"davies2009\/mirex_qm_tempotracker":1.32268624e-19,"echonest\/version_3_2_1":1.0,"gkiokas2012\/default":0.0000064367,"klapuri2006\/percival2014":0.0,"oliveira2010\/ibt":0.0,"percival2014\/stem":0.0007167272,"scheirer1998\/percival2014":0.0010481014,"schreiber2014\/default":0.2335380219,"schreiber2017\/ismir2017":0.0009973917,"schreiber2017\/mirex2017":0.0488056131,"schreiber2018\/cnn":0.0,"schreiber2018\/fcn":0.0000000171,"schreiber2018\/ismir2018":0.0000000003,"zplane\/auftakt_v3":0.0000000423},"gkiokas2012\/default":{"boeck2015\/tempodetector2016_default":0.9913245705,"boeck2019\/multi_task":0.7105429272,"boeck2019\/multi_task_hjdb":0.8269446938,"boeck2020\/dar":0.5986644492,"davies2009\/mirex_qm_tempotracker":0.0000000016,"echonest\/version_3_2_1":0.0000064367,"gkiokas2012\/default":1.0,"klapuri2006\/percival2014":0.0494742752,"oliveira2010\/ibt":0.0071945343,"percival2014\/stem":0.0354892448,"scheirer1998\/percival2014":0.3517125908,"schreiber2014\/default":0.0000233734,"schreiber2017\/ismir2017":0.0466188153,"schreiber2017\/mirex2017":0.0118903475,"schreiber2018\/cnn":0.0838696047,"schreiber2018\/fcn":0.3556635305,"schreiber2018\/ismir2018":0.2169840755,"zplane\/auftakt_v3":0.667389781},"klapuri2006\/percival2014":{"boeck2015\/tempodetector2016_default":0.0676794728,"boeck2019\/multi_task":0.1644232761,"boeck2019\/multi_task_hjdb":0.1138920229,"boeck2020\/dar":0.3077588029,"davies2009\/mirex_qm_tempotracker":0.0000000001,"echonest\/version_3_2_1":0.0,"gkiokas2012\/default":0.0494742752,"klapuri2006\/percival2014":1.0,"oliveira2010\/ibt":0.1107243889,"percival2014\/stem":0.0000002529,"scheirer1998\/percival2014":0.0047438489,"schreiber2014\/default":0.0,"schreiber2017\/ismir2017":0.0000346651,"schreiber2017\/mirex2017":0.0000062227,"schreiber2018\/cnn":0.8963905065,"schreiber2018\/fcn":0.4430277885,"schreiber2018\/ismir2018":0.6347951965,"zplane\/auftakt_v3":0.0620646686},"oliveira2010\/ibt":{"boeck2015\/tempodetector2016_default":0.0025999079,"boeck2019\/multi_task":0.0096485089,"boeck2019\/multi_task_hjdb":0.0047472922,"boeck2020\/dar":0.0473864699,"davies2009\/mirex_qm_tempotracker":0.0000001095,"echonest\/version_3_2_1":0.0,"gkiokas2012\/default":0.0071945343,"klapuri2006\/percival2014":0.1107243889,"oliveira2010\/ibt":1.0,"percival2014\/stem":0.000000001,"scheirer1998\/percival2014":0.0000930423,"schreiber2014\/default":0.0,"schreiber2017\/ismir2017":0.0000000484,"schreiber2017\/mirex2017":0.000000014,"schreiber2018\/cnn":0.3292143373,"schreiber2018\/fcn":0.0826124264,"schreiber2018\/ismir2018":0.0808794373,"zplane\/auftakt_v3":0.0009767293},"percival2014\/stem":{"boeck2015\/tempodetector2016_default":0.0340672348,"boeck2019\/multi_task":0.0063284052,"boeck2019\/multi_task_hjdb":0.0114470379,"boeck2020\/dar":0.008792099,"davies2009\/mirex_qm_tempotracker":2.629881176e-17,"echonest\/version_3_2_1":0.0007167272,"gkiokas2012\/default":0.0354892448,"klapuri2006\/percival2014":0.0000002529,"oliveira2010\/ibt":0.000000001,"percival2014\/stem":1.0,"scheirer1998\/percival2014":0.3063504066,"schreiber2014\/default":0.0074919567,"schreiber2017\/ismir2017":0.764020346,"schreiber2017\/mirex2017":0.1999753964,"schreiber2018\/cnn":0.0000240117,"schreiber2018\/fcn":0.0018529208,"schreiber2018\/ismir2018":0.000042094,"zplane\/auftakt_v3":0.0014875627},"scheirer1998\/percival2014":{"boeck2015\/tempodetector2016_default":0.4576352893,"boeck2019\/multi_task":0.205029403,"boeck2019\/multi_task_hjdb":0.2685409843,"boeck2020\/dar":0.1971396519,"davies2009\/mirex_qm_tempotracker":0.0,"echonest\/version_3_2_1":0.0010481014,"gkiokas2012\/default":0.3517125908,"klapuri2006\/percival2014":0.0047438489,"oliveira2010\/ibt":0.0000930423,"percival2014\/stem":0.3063504066,"scheirer1998\/percival2014":1.0,"schreiber2014\/default":0.00578848,"schreiber2017\/ismir2017":0.2376328307,"schreiber2017\/mirex2017":0.0591320414,"schreiber2018\/cnn":0.0077899236,"schreiber2018\/fcn":0.1425339283,"schreiber2018\/ismir2018":0.0348159301,"zplane\/auftakt_v3":0.1864311054},"schreiber2014\/default":{"boeck2015\/tempodetector2016_default":0.0000107119,"boeck2019\/multi_task":0.0000013129,"boeck2019\/multi_task_hjdb":0.0000035939,"boeck2020\/dar":0.0000019127,"davies2009\/mirex_qm_tempotracker":5.895543135e-21,