Item,Reference,Estimate
006.jams,100.2016529864524,108.27
059.jams,68.8081449894172,103.63
072.jams,130.68121261784347,196.98
075.jams,60.642175647644024,91.22
122.jams,71.5968831403541,66.93
126.jams,60.87750109285007,55.06
133.jams,75.41074679767911,66.07
137.jams,175.95717444431511,146.76
139.jams,138.2661859225583,176.77
140.jams,87.7691995123933,74.28
150.jams,131.68109883547322,69.9
205.jams,132.89531740217058,33.35
