{"boeck2015\/tempodetector2016_default":{"boeck2015\/tempodetector2016_default":1.0,"davies2009\/mirex_qm_tempotracker":0.0007172697,"echonest\/version_3_2_1":0.0000001616,"gkiokas2012\/default":0.0000000309,"klapuri2006\/percival2014":0.0000384591,"oliveira2010\/ibt":0.0001564172,"percival2014\/stem":0.0000033888,"scheirer1998\/percival2014":9.578735725e-19,"schreiber2014\/default":0.000000624,"schreiber2017\/ismir2017":0.0000000033,"schreiber2017\/mirex2017":0.0000000058,"schreiber2018\/cnn":0.0079158973,"schreiber2018\/fcn":0.0275331558,"schreiber2018\/ismir2018":0.0350820334,"zplane\/auftakt_v3":0.0000033888},"davies2009\/mirex_qm_tempotracker":{"boeck2015\/tempodetector2016_default":0.0007172697,"davies2009\/mirex_qm_tempotracker":1.0,"echonest\/version_3_2_1":0.0518938959,"gkiokas2012\/default":0.0095598789,"klapuri2006\/percival2014":0.383310318,"oliveira2010\/ibt":0.8036193848,"percival2014\/stem":0.187741559,"scheirer1998\/percival2014":0.0,"schreiber2014\/default":0.2288055412,"schreiber2017\/ismir2017":0.0095598789,"schreiber2017\/mirex2017":0.0212941141,"schreiber2018\/cnn":0.4050322461,"schreiber2018\/fcn":0.2429602173,"schreiber2018\/ismir2018":0.0614283457,"zplane\/auftakt_v3":0.1220781207},"echonest\/version_3_2_1":{"boeck2015\/tempodetector2016_default":0.0000001616,"davies2009\/mirex_qm_tempotracker":0.0518938959,"echonest\/version_3_2_1":1.0,"gkiokas2012\/default":0.8746293124,"klapuri2006\/percival2014":0.1438650884,"oliveira2010\/ibt":0.0759047295,"percival2014\/stem":0.3488888794,"scheirer1998\/percival2014":0.0000256872,"schreiber2014\/default":0.4613911821,"schreiber2017\/ismir2017":0.8776143288,"schreiber2017\/mirex2017":1.0,"schreiber2018\/cnn":0.0038382659,"schreiber2018\/fcn":0.0004697573,"schreiber2018\/ismir2018":0.0003552811,"zplane\/auftakt_v3":0.3916029105},"gkiokas2012\/default":{"boeck2015\/tempodetector2016_default":0.0000000309,"davies2009\/mirex_qm_tempotracker":0.0095598789,"echonest\/version_3_2_1":0.8746293124,"gkiokas2012\/default":1.0,"klapuri2006\/percival2014":0.0470310274,"oliveira2010\/ibt":0.0226288412,"percival2014\/stem":0.187741559,"scheirer1998\/percival2014":0.0000445345,"schreiber2014\/default":0.3019956132,"schreiber2017\/ismir2017":1.0,"schreiber2017\/mirex2017":1.0,"schreiber2018\/cnn":0.0005355851,"schreiber2018\/fcn":0.0001419707,"schreiber2018\/ismir2018":0.0000570381,"zplane\/auftakt_v3":0.2220528202},"klapuri2006\/percival2014":{"boeck2015\/tempodetector2016_default":0.0000384591,"davies2009\/mirex_qm_tempotracker":0.383310318,"echonest\/version_3_2_1":0.1438650884,"gkiokas2012\/default":0.0470310274,"klapuri2006\/percival2014":1.0,"oliveira2010\/ibt":0.647605896,"percival2014\/stem":0.5412561893,"scheirer1998\/percival2014":0.000000004,"schreiber2014\/default":0.5514843298,"schreiber2017\/ismir2017":0.059583888,"schreiber2017\/mirex2017":0.1038053555,"schreiber2018\/cnn":0.0895310789,"schreiber2018\/fcn":0.0435585219,"schreiber2018\/ismir2018":0.0037191659,"zplane\/auftakt_v3":0.557197094},"oliveira2010\/ibt":{"boeck2015\/tempodetector2016_default":0.0001564172,"davies2009\/mirex_qm_tempotracker":0.8036193848,"echonest\/version_3_2_1":0.0759047295,"gkiokas2012\/default":0.0226288412,"klapuri2006\/percival2014":0.647605896,"oliveira2010\/ibt":1.0,"percival2014\/stem":0.3105046591,"scheirer1998\/percival2014":0.0000000001,"schreiber2014\/default":0.349681953,"schreiber2017\/ismir2017":0.0195204728,"schreiber2017\/mirex2017":0.0399860568,"schreiber2018\/cnn":0.2153271497,"schreiber2018\/fcn":0.1262894744,"schreiber2018\/ismir2018":0.0241195448,"zplane\/auftakt_v3":0.2477885634},"percival2014\/stem":{"boeck2015\/tempodetector2016_default":0.0000033888,"davies2009\/mirex_qm_tempotracker":0.187741559,"echonest\/version_3_2_1":0.3488888794,"gkiokas2012\/default":0.187741559,"klapuri2006\/percival2014":0.5412561893,"oliveira2010\/ibt":0.3105046591,"percival2014\/stem":1.0,"scheirer1998\/percival2014":0.000000018,"schreiber2014\/default":1.0,"schreiber2017\/ismir2017":0.2326931919,"schreiber2017\/mirex2017":0.3019956132,"schreiber2018\/cnn":0.0315394974,"schreiber2018\/fcn":0.0079158973,"schreiber2018\/ismir2018":0.0022214338,"zplane\/auftakt_v3":1.0},"scheirer1998\/percival2014":{"boeck2015\/tempodetector2016_default":9.578735725e-19,"davies2009\/mirex_qm_tempotracker":0.0,"echonest\/version_3_2_1":0.0000256872,"gkiokas2012\/default":0.0000445345,"klapuri2006\/percival2014":0.000000004,"oliveira2010\/ibt":0.0000000001,"percival2014\/stem":0.000000018,"scheirer1998\/percival2014":1.0,"schreiber2014\/default":0.0000009675,"schreiber2017\/ismir2017":0.0000584955,"schreiber2017\/mirex2017":0.0000506227,"schreiber2018\/cnn":0.0,"schreiber2018\/fcn":0.0,"schreiber2018\/ismir2018":0.0,"zplane\/auftakt_v3":0.000000018},"schreiber2014\/default":{"boeck2015\/tempodetector2016_default":0.000000624,"davies2009\/mirex_qm_tempotracker":0.2288055412,"echonest\/version_3_2_1":0.4613911821,"gkiokas2012\/default":0.3019956132,"klapuri2006\/percival2014":0.5514843298,"oliveira2010\/ibt":0.349681953,"percival2014\/stem":1.0,"scheirer1998\/percival2014":0.0000009675,"schreiber2014\/default":1.0,"schreiber2017\/ismir2017":0.2912152365,"schreiber2017\/mirex2017":0.3712980345,"schreiber2018\/cnn":0.0328391376,"schreiber2018\/fcn":0.0109735629,"schreiber2018\/ismir2018":0.0046013097,"zplane\/auftakt_v3":1.0},"schreiber2017\/ismir2017":{"boeck2015\/tempodetector2016_default":0.0000000033,"davies2009\/mirex_qm_tempotracker":0.0095598789,"echonest\/version_3_2_1":0.8776143288,"gkiokas2012\/default":1.0,"klapuri2006\/percival2014":0.059583888,"oliveira2010\/ibt":0.0195204728,"percival2014\/stem":0.2326931919,"scheirer1998\/percival2014":0.0000584955,"schreiber2014\/default":0.2912152365,"schreiber2017\/ismir2017":1.0,"schreiber2017\/mirex2017":1.0,"schreiber2018\/cnn":0.0005355851,"schreiber2018\/fcn":0.0000984888,"schreiber2018\/ismir2018":0.000008963,"zplane\/auftakt_v3":0.1995908669},"schreiber2017\/mirex2017":{"boeck2015\/tempodetector2016_default":0.0000000058,"davies2009\/mirex_qm_tempotracker":0.0212941141,"echonest\/version_3_2_1":1.0,"gkiokas2012\/default":1.0,"klapuri2006\/percival2014":0.1038053555,"oliveira2010\/ibt":0.0399860568,"percival2014\/stem":0.3019956132,"scheirer1998\/percival2014":0.0000506227,"schreiber2014\/default":0.3712980345,"schreiber2017\/ismir2017":1.0,"schreiber2017\/mirex2017":1.0,"schreiber2018\/cnn":0.0014026885,"schreiber2018\/fcn":0.000305864,"schreiber2018\/ismir2018":0.0000616964,"zplane\/auftakt_v3":0.2912152365},"schreiber2018\/cnn":{"boeck2015\/tempodetector2016_default":0.0079158973,"davies2009\/mirex_qm_tempotracker":0.4050322461,"echonest\/version_3_2_1":0.0038382659,"gkiokas2012\/default":0.0005355851,"klapuri2006\/percival2014":0.0895310789,"oliveira2010\/ibt":0.2153271497,"percival2014\/stem":0.0315394974,"scheirer1998\/percival2014":0.0,"schreiber2014\/default":0.0328391376,"schreiber2017\/ismir2017":0.0005355851,"schreiber2017\/mirex2017":0.0014026885,"schreiber2018\/cnn":1.0,"schreiber2018\/fcn":0.6900379658,"schreiber2018\/ismir2018":0.4048728943,"zplane\/auftakt_v3":0.0275331558},"schreiber2018\/fcn":{"boeck2015\/tempodetector2016_default":0.0275331558,"davies2009\/mirex_qm_tempotracker":0.2429602173,"echonest\/version_3_2_1":0.0004697573,"gkiokas2012\/default":0.0001419707,"klapuri2006\/percival2014":0.0435585219,"oliveira2010\/ibt":0.1262894744,"percival2014\/stem":0.0079158973,"scheirer1998\/percival2014":0.0,"schreiber2014\/default":0.0109735629,"schreiber2017\/ismir2017":0.0000984888,"schreiber2017\/mirex2017":0.000305864,"schreiber2018\/cnn":0.6900379658,"schreiber2018\/fcn":1.0,"schreiber2018\/ismir2018":0.8450189829,"zplane\/auftakt_v3":0.0079158973},"schreiber2018\/ismir2018":{"boeck2015\/tempodetector2016_default":0.0350820334,"davies2009\/mirex_qm_tempotracker":0.0614283457,"echonest\/version_3_2_1":0.0003552811,"gkiokas2012\/default":0.0000570381,"klapuri2006\/percival2014":0.0037191659,"oliveira2010\/ibt":0.0241195448,"percival2014\/stem":0.0022214338,