{"Size":{"boeck2015\/tempodetector2016_default":222,"boeck2019\/multi_task":222,"boeck2019\/multi_task_hjdb":222,"davies2009\/mirex_qm_tempotracker":222,"echonest\/version_3_2_1":222,"gkiokas2012\/default":222,"klapuri2006\/percival2014":222,"oliveira2010\/ibt":222,"percival2014\/stem":222,"scheirer1998\/percival2014":222,"schreiber2014\/default":222,"schreiber2017\/ismir2017":222,"schreiber2017\/mirex2017":222,"schreiber2018\/cnn":222,"schreiber2018\/fcn":222,"schreiber2018\/ismir2018":222,"zplane\/auftakt_v3":222},"Min":{"boeck2015\/tempodetector2016_default":41.96,"boeck2019\/multi_task":55.32,"boeck2019\/multi_task_hjdb":45.53,"davies2009\/mirex_qm_tempotracker":80.7495,"echonest\/version_3_2_1":0.0,"gkiokas2012\/default":52.0,"klapuri2006\/percival2014":74.359263,"oliveira2010\/ibt":82.0,"percival2014\/stem":50.7908,"scheirer1998\/percival2014":0.0,"schreiber2014\/default":54.845005,"schreiber2017\/ismir2017":26.495934,"schreiber2017\/mirex2017":13.247967,"schreiber2018\/cnn":63.0,"schreiber2018\/fcn":50.0,"schreiber2018\/ismir2018":65.0,"zplane\/auftakt_v3":65.5},"Max":{"boeck2015\/tempodetector2016_default":230.77,"boeck2019\/multi_task":208.46,"boeck2019\/multi_task_hjdb":208.12,"davies2009\/mirex_qm_tempotracker":234.908,"echonest\/version_3_2_1":191.719,"gkiokas2012\/default":244.0,"klapuri2006\/percival2014":161.499023,"oliveira2010\/ibt":161.0,"percival2014\/stem":151.999,"scheirer1998\/percival2014":181.818,"schreiber2014\/default":164.49559,"schreiber2017\/ismir2017":193.51494,"schreiber2017\/mirex2017":197.53664,"schreiber2018\/cnn":216.0,"schreiber2018\/fcn":208.0,"schreiber2018\/ismir2018":208.0,"zplane\/auftakt_v3":164.8},"Avg":{"boeck2015\/tempodetector2016_default":112.2901801802,"boeck2019\/multi_task":112.9411261261,"boeck2019\/multi_task_hjdb":112.5668018018,"davies2009\/mirex_qm_tempotracker":125.6463184685,"echonest\/version_3_2_1":99.7447882883,"gkiokas2012\/default":112.2387387387,"klapuri2006\/percival2014":114.1079407117,"oliveira2010\/ibt":116.1981981982,"percival2014\/stem":105.839127027,"scheirer1998\/percival2014":104.5408144144,"schreiber2014\/default":101.4056799189,"schreiber2017\/ismir2017":106.2520075135,"schreiber2017\/mirex2017":105.210261009,"schreiber2018\/cnn":116.027027027,"schreiber2018\/fcn":114.5765765766,"schreiber2018\/ismir2018":114.3108108108,"zplane\/auftakt_v3":111.4599099099},"Stdev":{"boeck2015\/tempodetector2016_default":30.6091272278,"boeck2019\/multi_task":29.1110815164,"boeck2019\/multi_task_hjdb":28.8418353629,"davies2009\/mirex_qm_tempotracker":26.7394245088,"echonest\/version_3_2_1":28.1920187728,"gkiokas2012\/default":31.5893007581,"klapuri2006\/percival2014":19.7633697685,"oliveira2010\/ibt":20.304389477,"percival2014\/stem":22.2049736222,"scheirer1998\/percival2014":35.8679439692,"schreiber2014\/default":22.5978388882,"schreiber2017\/ismir2017":26.0892502905,"schreiber2017\/mirex2017":29.137416305,"schreiber2018\/cnn":29.1406200487,"schreiber2018\/fcn":30.1746198676,"schreiber2018\/ismir2018":26.1161306626,"zplane\/auftakt_v3":22.5304934842},"Sweet Oct. Start":{"boeck2015\/tempodetector2016_default":70.0,"boeck2019\/multi_task":71.0,"boeck2019\/multi_task_hjdb":70.0,"davies2009\/mirex_qm_tempotracker":81.0,"echonest\/version_3_2_1":71.0,"gkiokas2012\/default":73.0,"klapuri2006\/percival2014":76.0,"oliveira2010\/ibt":81.0,"percival2014\/stem":72.0,"scheirer1998\/percival2014":74.0,"schreiber2014\/default":69.0,"schreiber2017\/ismir2017":71.0,"schreiber2017\/mirex2017":74.0,"schreiber2018\/cnn":81.0,"schreiber2018\/fcn":75.0,"schreiber2018\/ismir2018":77.0,"zplane\/auftakt_v3":76.0},"Sweet Oct. Coverage":{"boeck2015\/tempodetector2016_default":0.8153153153,"boeck2019\/multi_task":0.8378378378,"boeck2019\/multi_task_hjdb":0.8198198198,"davies2009\/mirex_qm_tempotracker":0.9279279279,"echonest\/version_3_2_1":0.7567567568,"gkiokas2012\/default":0.8288288288,"klapuri2006\/percival2014":0.9774774775,"oliveira2010\/ibt":1.0,"percival2014\/stem":0.9324324324,"scheirer1998\/percival2014":0.7702702703,"schreiber2014\/default":0.8963963964,"schreiber2017\/ismir2017":0.8423423423,"schreiber2017\/mirex2017":0.8063063063,"schreiber2018\/cnn":0.8783783784,"schreiber2018\/fcn":0.8243243243,"schreiber2018\/ismir2018":0.9144144144,"zplane\/auftakt_v3":0.9189189189}}