{"boeck2015\/tempodetector2016_default":{"boeck2015\/tempodetector2016_default":1.0,"davies2009\/mirex_qm_tempotracker":0.0540359456,"echonest\/version_3_2_1":0.7574124057,"gkiokas2012\/default":0.0677638587,"klapuri2006\/percival2014":0.7561160507,"oliveira2010\/ibt":0.4629003698,"percival2014\/stem":0.0145037911,"scheirer1998\/percival2014":0.0203786058,"schreiber2014\/default":0.246424826,"schreiber2017\/ismir2017":0.5098209523,"schreiber2017\/mirex2017":0.5098210151,"schreiber2018\/cnn":0.3167780269,"schreiber2018\/fcn":0.2139062896,"schreiber2018\/ismir2018":0.7982863822,"zplane\/auftakt_v3":0.6876806821},"davies2009\/mirex_qm_tempotracker":{"boeck2015\/tempodetector2016_default":0.0540359456,"davies2009\/mirex_qm_tempotracker":1.0,"echonest\/version_3_2_1":0.0480338639,"gkiokas2012\/default":0.9613503015,"klapuri2006\/percival2014":0.0909406101,"oliveira2010\/ibt":0.558267619,"percival2014\/stem":0.824834036,"scheirer1998\/percival2014":0.2332063083,"schreiber2014\/default":0.0357003416,"schreiber2017\/ismir2017":0.4016488491,"schreiber2017\/mirex2017":0.4016488117,"schreiber2018\/cnn":0.6542523391,"schreiber2018\/fcn":0.5509840487,"schreiber2018\/ismir2018":0.1703326517,"zplane\/auftakt_v3":0.1195668381},"echonest\/version_3_2_1":{"boeck2015\/tempodetector2016_default":0.7574124057,"davies2009\/mirex_qm_tempotracker":0.0480338639,"echonest\/version_3_2_1":1.0,"gkiokas2012\/default":0.1280083135,"klapuri2006\/percival2014":0.9844294566,"oliveira2010\/ibt":0.4789005662,"percival2014\/stem":0.060019065,"scheirer1998\/percival2014":0.0198295048,"schreiber2014\/default":0.5478134548,"schreiber2017\/ismir2017":0.5278770308,"schreiber2017\/mirex2017":0.5278770778,"schreiber2018\/cnn":0.3465280917,"schreiber2018\/fcn":0.2097562233,"schreiber2018\/ismir2018":0.8043521501,"zplane\/auftakt_v3":0.7065345711},"gkiokas2012\/default":{"boeck2015\/tempodetector2016_default":0.0677638587,"davies2009\/mirex_qm_tempotracker":0.9613503015,"echonest\/version_3_2_1":0.1280083135,"gkiokas2012\/default":1.0,"klapuri2006\/percival2014":0.0892934698,"oliveira2010\/ibt":0.5613604214,"percival2014\/stem":0.7993516435,"scheirer1998\/percival2014":0.1868436649,"schreiber2014\/default":0.0210856065,"schreiber2017\/ismir2017":0.3397693544,"schreiber2017\/mirex2017":0.339769315,"schreiber2018\/cnn":0.6367282405,"schreiber2018\/fcn":0.5465535075,"schreiber2018\/ismir2018":0.1577250918,"zplane\/auftakt_v3":0.074751916},"klapuri2006\/percival2014":{"boeck2015\/tempodetector2016_default":0.7561160507,"davies2009\/mirex_qm_tempotracker":0.0909406101,"echonest\/version_3_2_1":0.9844294566,"gkiokas2012\/default":0.0892934698,"klapuri2006\/percival2014":1.0,"oliveira2010\/ibt":0.4460361435,"percival2014\/stem":0.0695019297,"scheirer1998\/percival2014":0.0194866072,"schreiber2014\/default":0.5780489862,"schreiber2017\/ismir2017":0.4375572645,"schreiber2017\/mirex2017":0.4375573106,"schreiber2018\/cnn":0.3427908666,"schreiber2018\/fcn":0.2935733174,"schreiber2018\/ismir2018":0.674796101,"zplane\/auftakt_v3":0.9085277925},"oliveira2010\/ibt":{"boeck2015\/tempodetector2016_default":0.4629003698,"davies2009\/mirex_qm_tempotracker":0.558267619,"echonest\/version_3_2_1":0.4789005662,"gkiokas2012\/default":0.5613604214,"klapuri2006\/percival2014":0.4460361435,"oliveira2010\/ibt":1.0,"percival2014\/stem":0.5028806613,"scheirer1998\/percival2014":0.1451295765,"schreiber2014\/default":0.2068780433,"schreiber2017\/ismir2017":0.8374558886,"schreiber2017\/mirex2017":0.8374558418,"schreiber2018\/cnn":0.9053143396,"schreiber2018\/fcn":0.9257460306,"schreiber2018\/ismir2018":0.6263590938,"zplane\/auftakt_v3":0.4062536746},"percival2014\/stem":{"boeck2015\/tempodetector2016_default":0.0145037911,"davies2009\/mirex_qm_tempotracker":0.824834036,"echonest\/version_3_2_1":0.060019065,"gkiokas2012\/default":0.7993516435,"klapuri2006\/percival2014":0.0695019297,"oliveira2010\/ibt":0.5028806613,"percival2014\/stem":1.0,"scheirer1998\/percival2014":0.3387591364,"schreiber2014\/default":0.0059169953,"schreiber2017\/ismir2017":0.2094873984,"schreiber2017\/mirex2017":0.2094873758,"schreiber2018\/cnn":0.4484256284,"schreiber2018\/fcn":0.3642951778,"schreiber2018\/ismir2018":0.1359776412,"zplane\/auftakt_v3":0.0846625851},"scheirer1998\/percival2014":{"boeck2015\/tempodetector2016_default":0.0203786058,"davies2009\/mirex_qm_tempotracker":0.2332063083,"echonest\/version_3_2_1":0.0198295048,"gkiokas2012\/default":0.1868436649,"klapuri2006\/percival2014":0.0194866072,"oliveira2010\/ibt":0.1451295765,"percival2014\/stem":0.3387591364,"scheirer1998\/percival2014":1.0,"schreiber2014\/default":0.0072574807,"schreiber2017\/ismir2017":0.0679701718,"schreiber2017\/mirex2017":0.0679701642,"schreiber2018\/cnn":0.1536688066,"schreiber2018\/fcn":0.1632060583,"schreiber2018\/ismir2018":0.0428685109,"zplane\/auftakt_v3":0.0110223874},"schreiber2014\/default":{"boeck2015\/tempodetector2016_default":0.246424826,"davies2009\/mirex_qm_tempotracker":0.0357003416,"echonest\/version_3_2_1":0.5478134548,"gkiokas2012\/default":0.0210856065,"klapuri2006\/percival2014":0.5780489862,"oliveira2010\/ibt":0.2068780433,"percival2014\/stem":0.0059169953,"scheirer1998\/percival2014":0.0072574807,"schreiber2014\/default":1.0,"schreiber2017\/ismir2017":0.1361970213,"schreiber2017\/mirex2017":0.1361970439,"schreiber2018\/cnn":0.1063834901,"schreiber2018\/fcn":0.0509385,"schreiber2018\/ismir2018":0.3290825832,"zplane\/auftakt_v3":0.6996763409},"schreiber2017\/ismir2017":{"boeck2015\/tempodetector2016_default":0.5098209523,"davies2009\/mirex_qm_tempotracker":0.4016488491,"echonest\/version_3_2_1":0.5278770308,"gkiokas2012\/default":0.3397693544,"klapuri2006\/percival2014":0.4375572645,"oliveira2010\/ibt":0.8374558886,"percival2014\/stem":0.2094873984,"scheirer1998\/percival2014":0.0679701718,"schreiber2014\/default":0.1361970213,"schreiber2017\/ismir2017":1.0,"schreiber2017\/mirex2017":0.1652336229,"schreiber2018\/cnn":0.7265092192,"schreiber2018\/fcn":0.6982692857,"schreiber2018\/ismir2018":0.7485038845,"zplane\/auftakt_v3":0.4084486833},"schreiber2017\/mirex2017":{"boeck2015\/tempodetector2016_default":0.5098210151,"davies2009\/mirex_qm_tempotracker":0.4016488117,"echonest\/version_3_2_1":0.5278770778,"gkiokas2012\/default":0.339769315,"klapuri2006\/percival2014":0.4375573106,"oliveira2010\/ibt":0.8374558418,"percival2014\/stem":0.2094873758,"scheirer1998\/percival2014":0.0679701642,"schreiber2014\/default":0.1361970439,"schreiber2017\/ismir2017":0.1652336229,"schreiber2017\/mirex2017":1.0,"schreiber2018\/cnn":0.7265091742,"schreiber2018\/fcn":0.6982692284,"schreiber2018\/ismir2018":0.7485039419,"zplane\/auftakt_v3":0.4084487224},"schreiber2018\/cnn":{"boeck2015\/tempodetector2016_default":0.3167780269,"davies2009\/mirex_qm_tempotracker":0.6542523391,"echonest\/version_3_2_1":0.3465280917,"gkiokas2012\/default":0.6367282405,"klapuri2006\/percival2014":0.3427908666,"oliveira2010\/ibt":0.9053143396,"percival2014\/stem":0.4484256284,"scheirer1998\/percival2014":0.1536688066,"schreiber2014\/default":0.1063834901,"schreiber2017\/ismir2017":0.7265092192,"schreiber2017\/mirex2017":0.7265091742,"schreiber2018\/cnn":1.0,"schreiber2018\/fcn":0.9629485083,"schreiber2018\/ismir2018":0.4376541982,"zplane\/auftakt_v3":0.3610113919},"schreiber2018\/fcn":{"boeck2015\/tempodetector2016_default":0.2139062896,"davies2009\/mirex_qm_tempotracker":0.5509840487,"echonest\/version_3_2_1":0.2097562233,"gkiokas2012\/default":0.5465535075,"klapuri2006\/percival2014":0.2935733174,"oliveira2010\/ibt":0.9257460306,"percival2014\/stem":0.3642951778,"scheirer1998\/percival2014":0.1632060583,"schreiber2014\/default":0.0509385,"schreiber2017\/ismir2017":0.6982692857,"schreiber2017\/mirex2017":0.6982692284,"schreiber2018\/cnn":0.9629485083,"schreiber2018\/fcn":1.0,"schreiber2018\/ismir2018":0.3957071549,"zplane\/auftakt_v3":0.2713636417},"schreiber2018\/ismir2018":{"boeck2015\/tempodetector2016_default":0.7982863822,"davies2009\/mirex_qm_tempotracker":0.1703326517,