{"Accuracy1":{"boeck2015\/tempodetector2016_default":0.8603603604,"boeck2020\/dar":0.8513513514,"boeck2019\/multi_task_hjdb":0.8243243243,"sun2021\/default":0.8198198198,"boeck2019\/multi_task":0.8153153153,"schreiber2018\/ismir2018":0.8018018018,"schreiber2018\/fcn":0.7927927928,"schreiber2018\/cnn":0.7792792793,"davies2009\/mirex_qm_tempotracker":0.7522522523,"schreiber2017\/ismir2017":0.7477477477,"schreiber2017\/mirex2017":0.7432432432,"oliveira2010\/ibt":0.7432432432,"klapuri2006\/percival2014":0.7297297297,"zplane\/auftakt_v3":0.7117117117,"percival2014\/stem":0.7117117117,"schreiber2014\/default":0.7072072072,"echonest\/version_3_2_1":0.6801801802,"gkiokas2012\/default":0.6711711712,"scheirer1998\/percival2014":0.518018018},"Accuracy2":{"boeck2015\/tempodetector2016_default":0.9369369369,"boeck2020\/dar":0.9414414414,"boeck2019\/multi_task_hjdb":0.9279279279,"sun2021\/default":0.9279279279,"boeck2019\/multi_task":0.9279279279,"schreiber2018\/ismir2018":0.8738738739,"schreiber2018\/fcn":0.8918918919,"schreiber2018\/cnn":0.8693693694,"davies2009\/mirex_qm_tempotracker":0.8558558559,"schreiber2017\/ismir2017":0.8918918919,"schreiber2017\/mirex2017":0.8918918919,"oliveira2010\/ibt":0.8378378378,"klapuri2006\/percival2014":0.8558558559,"zplane\/auftakt_v3":0.8423423423,"percival2014\/stem":0.8918918919,"schreiber2014\/default":0.8828828829,"echonest\/version_3_2_1":0.8783783784,"gkiokas2012\/default":0.8783783784,"scheirer1998\/percival2014":0.6891891892}}