{"OE1_MEAN":{"boeck2015\/tempodetector2016_default":-0.017848169,"schreiber2018\/ismir2018":0.0251105201,"schreiber2018\/cnn":0.0401738333,"boeck2019\/multi_task_hjdb":-0.010038985,"boeck2019\/multi_task":-0.0042443243,"oliveira2010\/ibt":0.063282416,"schreiber2018\/fcn":0.0135646631,"schreiber2014\/default":-0.1484810367,"klapuri2006\/percival2014":0.0366061079,"schreiber2017\/ismir2017":-0.0907773322,"zplane\/auftakt_v3":-0.0050231178,"echonest\/version_3_2_1":-0.1827797462,"davies2009\/mirex_qm_tempotracker":0.1668545858,"percival2014\/stem":-0.0825570408,"schreiber2017\/mirex2017":-0.1249438312,"gkiokas2012\/default":-0.0182438644,"scheirer1998\/percival2014":-0.0451511335},"OE1_STDEV":{"boeck2015\/tempodetector2016_default":0.3320650435,"schreiber2018\/ismir2018":0.3389641368,"schreiber2018\/cnn":0.3517108056,"boeck2019\/multi_task_hjdb":0.3579221753,"boeck2019\/multi_task":0.3689666485,"oliveira2010\/ibt":0.3835141006,"schreiber2018\/fcn":0.4132528753,"schreiber2014\/default":0.4165460132,"klapuri2006\/percival2014":0.4217813457,"schreiber2017\/ismir2017":0.4244045093,"zplane\/auftakt_v3":0.4378859863,"echonest\/version_3_2_1":0.4395639522,"davies2009\/mirex_qm_tempotracker":0.4415823396,"percival2014\/stem":0.4537306923,"schreiber2017\/mirex2017":0.4553685978,"gkiokas2012\/default":0.5383112369,"scheirer1998\/percival2014":0.5400186578},"OE2_MEAN":{"boeck2015\/tempodetector2016_default":0.009178858,"schreiber2018\/ismir2018":0.0089620403,"schreiber2018\/cnn":0.0150163445,"boeck2019\/multi_task_hjdb":0.0132489655,"boeck2019\/multi_task":0.0137736937,"oliveira2010\/ibt":0.0002193529,"schreiber2018\/fcn":0.0146687735,"schreiber2014\/default":0.000167612,"klapuri2006\/percival2014":0.0095790809,"schreiber2017\/ismir2017":0.011722161,"zplane\/auftakt_v3":-0.0005186133,"echonest\/version_3_2_1":0.0008626181,"davies2009\/mirex_qm_tempotracker":0.0095356106,"percival2014\/stem":0.0165420583,"schreiber2017\/mirex2017":0.0098526216,"gkiokas2012\/default":0.0188962819,"scheirer1998\/percival2014":0.0256035835},"OE2_STDEV":{"boeck2015\/tempodetector2016_default":0.0842836662,"schreiber2018\/ismir2018":0.109318646,"schreiber2018\/cnn":0.1247823707,"boeck2019\/multi_task_hjdb":0.0946207414,"boeck2019\/multi_task":0.0917735435,"oliveira2010\/ibt":0.1432529974,"schreiber2018\/fcn":0.095022271,"schreiber2014\/default":0.1083017684,"klapuri2006\/percival2014":0.1268351265,"schreiber2017\/ismir2017":0.1149098361,"zplane\/auftakt_v3":0.1391208951,"echonest\/version_3_2_1":0.1036362662,"davies2009\/mirex_qm_tempotracker":0.1097616345,"percival2014\/stem":0.1003181288,"schreiber2017\/mirex2017":0.1199994324,"gkiokas2012\/default":0.1087754039,"scheirer1998\/percival2014":0.1798466564}}