{"boeck2015\/tempodetector2016_default":{"boeck2015\/tempodetector2016_default":1.0,"boeck2019\/multi_task":0.5828108977,"boeck2019\/multi_task_hjdb":0.617416903,"boeck2020\/dar":0.2238579211,"davies2009\/mirex_qm_tempotracker":0.0540359456,"echonest\/version_3_2_1":0.7574124057,"gkiokas2012\/default":0.0677638587,"klapuri2006\/percival2014":0.7561160507,"oliveira2010\/ibt":0.4629003698,"percival2014\/stem":0.0145037911,"scheirer1998\/percival2014":0.0203786058,"schreiber2014\/default":0.246424826,"schreiber2017\/ismir2017":0.4697495732,"schreiber2017\/mirex2017":0.6795819787,"schreiber2018\/cnn":0.3167780269,"schreiber2018\/fcn":0.2139062896,"schreiber2018\/ismir2018":0.7982863822,"zplane\/auftakt_v3":0.6876806821},"boeck2019\/multi_task":{"boeck2015\/tempodetector2016_default":0.5828108977,"boeck2019\/multi_task":1.0,"boeck2019\/multi_task_hjdb":0.8774408221,"boeck2020\/dar":0.2000887237,"davies2009\/mirex_qm_tempotracker":0.1603626932,"echonest\/version_3_2_1":0.7758759596,"gkiokas2012\/default":0.1324961986,"klapuri2006\/percival2014":0.6059320277,"oliveira2010\/ibt":0.6257957077,"percival2014\/stem":0.0752413372,"scheirer1998\/percival2014":0.0409165642,"schreiber2014\/default":0.193880076,"schreiber2017\/ismir2017":0.7240108068,"schreiber2017\/mirex2017":0.9261819027,"schreiber2018\/cnn":0.4723325758,"schreiber2018\/fcn":0.3898897678,"schreiber2018\/ismir2018":0.9603432797,"zplane\/auftakt_v3":0.5350495015},"boeck2019\/multi_task_hjdb":{"boeck2015\/tempodetector2016_default":0.617416903,"boeck2019\/multi_task":0.8774408221,"boeck2019\/multi_task_hjdb":1.0,"boeck2020\/dar":0.1831328356,"davies2009\/mirex_qm_tempotracker":0.1182692032,"echonest\/version_3_2_1":0.6195743306,"gkiokas2012\/default":0.1413260593,"klapuri2006\/percival2014":0.6344047339,"oliveira2010\/ibt":0.5932821083,"percival2014\/stem":0.0366979268,"scheirer1998\/percival2014":0.0313614159,"schreiber2014\/default":0.2022012208,"schreiber2017\/ismir2017":0.6270369339,"schreiber2017\/mirex2017":0.8598290572,"schreiber2018\/cnn":0.4325363973,"schreiber2018\/fcn":0.3612803873,"schreiber2018\/ismir2018":0.9754789825,"zplane\/auftakt_v3":0.585099456},"boeck2020\/dar":{"boeck2015\/tempodetector2016_default":0.2238579211,"boeck2019\/multi_task":0.2000887237,"boeck2019\/multi_task_hjdb":0.1831328356,"boeck2020\/dar":1.0,"davies2009\/mirex_qm_tempotracker":0.0169541734,"echonest\/version_3_2_1":0.7527414525,"gkiokas2012\/default":0.0183914339,"klapuri2006\/percival2014":0.819455321,"oliveira2010\/ibt":0.2544130747,"percival2014\/stem":0.0053126232,"scheirer1998\/percival2014":0.0101105998,"schreiber2014\/default":0.6140810907,"schreiber2017\/ismir2017":0.2280123922,"schreiber2017\/mirex2017":0.3309657668,"schreiber2018\/cnn":0.1913534338,"schreiber2018\/fcn":0.0940151767,"schreiber2018\/ismir2018":0.4417396698,"zplane\/auftakt_v3":0.939130655},"davies2009\/mirex_qm_tempotracker":{"boeck2015\/tempodetector2016_default":0.0540359456,"boeck2019\/multi_task":0.1603626932,"boeck2019\/multi_task_hjdb":0.1182692032,"boeck2020\/dar":0.0169541734,"davies2009\/mirex_qm_tempotracker":1.0,"echonest\/version_3_2_1":0.0480338639,"gkiokas2012\/default":0.9613503015,"klapuri2006\/percival2014":0.0909406101,"oliveira2010\/ibt":0.558267619,"percival2014\/stem":0.824834036,"scheirer1998\/percival2014":0.2332063083,"schreiber2014\/default":0.0357003416,"schreiber2017\/ismir2017":0.3837577592,"schreiber2017\/mirex2017":0.2754054506,"schreiber2018\/cnn":0.6542523391,"schreiber2018\/fcn":0.5509840487,"schreiber2018\/ismir2018":0.1703326517,"zplane\/auftakt_v3":0.1195668381},"echonest\/version_3_2_1":{"boeck2015\/tempodetector2016_default":0.7574124057,"boeck2019\/multi_task":0.7758759596,"boeck2019\/multi_task_hjdb":0.6195743306,"boeck2020\/dar":0.7527414525,"davies2009\/mirex_qm_tempotracker":0.0480338639,"echonest\/version_3_2_1":1.0,"gkiokas2012\/default":0.1280083135,"klapuri2006\/percival2014":0.9844294566,"oliveira2010\/ibt":0.4789005662,"percival2014\/stem":0.060019065,"scheirer1998\/percival2014":0.0198295048,"schreiber2014\/default":0.5478134548,"schreiber2017\/ismir2017":0.3465214588,"schreiber2017\/mirex2017":0.6478573595,"schreiber2018\/cnn":0.3465280917,"schreiber2018\/fcn":0.2097562233,"schreiber2018\/ismir2018":0.8043521501,"zplane\/auftakt_v3":0.7065345711},"gkiokas2012\/default":{"boeck2015\/tempodetector2016_default":0.0677638587,"boeck2019\/multi_task":0.1324961986,"boeck2019\/multi_task_hjdb":0.1413260593,"boeck2020\/dar":0.0183914339,"davies2009\/mirex_qm_tempotracker":0.9613503015,"echonest\/version_3_2_1":0.1280083135,"gkiokas2012\/default":1.0,"klapuri2006\/percival2014":0.0892934698,"oliveira2010\/ibt":0.5613604214,"percival2014\/stem":0.7993516435,"scheirer1998\/percival2014":0.1868436649,"schreiber2014\/default":0.0210856065,"schreiber2017\/ismir2017":0.3254278206,"schreiber2017\/mirex2017":0.2450268136,"schreiber2018\/cnn":0.6367282405,"schreiber2018\/fcn":0.5465535075,"schreiber2018\/ismir2018":0.1577250918,"zplane\/auftakt_v3":0.074751916},"klapuri2006\/percival2014":{"boeck2015\/tempodetector2016_default":0.7561160507,"boeck2019\/multi_task":0.6059320277,"boeck2019\/multi_task_hjdb":0.6344047339,"boeck2020\/dar":0.819455321,"davies2009\/mirex_qm_tempotracker":0.0909406101,"echonest\/version_3_2_1":0.9844294566,"gkiokas2012\/default":0.0892934698,"klapuri2006\/percival2014":1.0,"oliveira2010\/ibt":0.4460361435,"percival2014\/stem":0.0695019297,"scheirer1998\/percival2014":0.0194866072,"schreiber2014\/default":0.5780489862,"schreiber2017\/ismir2017":0.4397299174,"schreiber2017\/mirex2017":0.5771348142,"schreiber2018\/cnn":0.3427908666,"schreiber2018\/fcn":0.2935733174,"schreiber2018\/ismir2018":0.674796101,"zplane\/auftakt_v3":0.9085277925},"oliveira2010\/ibt":{"boeck2015\/tempodetector2016_default":0.4629003698,"boeck2019\/multi_task":0.6257957077,"boeck2019\/multi_task_hjdb":0.5932821083,"boeck2020\/dar":0.2544130747,"davies2009\/mirex_qm_tempotracker":0.558267619,"echonest\/version_3_2_1":0.4789005662,"gkiokas2012\/default":0.5613604214,"klapuri2006\/percival2014":0.4460361435,"oliveira2010\/ibt":1.0,"percival2014\/stem":0.5028806613,"scheirer1998\/percival2014":0.1451295765,"schreiber2014\/default":0.2068780433,"schreiber2017\/ismir2017":0.8336300209,"schreiber2017\/mirex2017":0.6946912062,"schreiber2018\/cnn":0.9053143396,"schreiber2018\/fcn":0.9257460306,"schreiber2018\/ismir2018":0.6263590938,"zplane\/auftakt_v3":0.4062536746},"percival2014\/stem":{"boeck2015\/tempodetector2016_default":0.0145037911,"boeck2019\/multi_task":0.0752413372,"boeck2019\/multi_task_hjdb":0.0366979268,"boeck2020\/dar":0.0053126232,"davies2009\/mirex_qm_tempotracker":0.824834036,"echonest\/version_3_2_1":0.060019065,"gkiokas2012\/default":0.7993516435,"klapuri2006\/percival2014":0.0695019297,"oliveira2010\/ibt":0.5028806613,"percival2014\/stem":1.0,"scheirer1998\/percival2014":0.3387591364,"schreiber2014\/default":0.0059169953,"schreiber2017\/ismir2017":0.1795535765,"schreiber2017\/mirex2017":0.1399536265,"schreiber2018\/cnn":0.4484256284,"schreiber2018\/fcn":0.3642951778,"schreiber2018\/ismir2018":0.1359776412,"zplane\/auftakt_v3":0.0846625851},"scheirer1998\/percival2014":{"boeck2015\/tempodetector2016_default":0.0203786058,"boeck2019\/multi_task":0.0409165642,"boeck2019\/multi_task_hjdb":0.0313614159,"boeck2020\/dar":0.0101105998,"davies2009\/mirex_qm_tempotracker":0.2332063083,"echonest\/version_3_2_1":0.0198295048,"gkiokas2012\/default":0.1868436649,"klapuri2006\/percival2014":0.0194866072,"oliveira2010\/ibt":0.1451295765,"percival2014\/stem":0.3387591364,"scheirer1998\/percival2014":1.0,"schreiber2014\/default":0.0072574807,"schreiber2017\/ismir2017":0.0745230755,"schreiber2017\/mirex2017":0.0437703894,"schreiber2018\/cnn":0.1536688066,"schreiber2018\/fcn":0.1632060583,"schreiber2018\/ismir2018":0.0428685109,"zplane\/auftakt_v3":0.0110223874},"schreiber2014\/default":{"boeck2015\/tempodetector2016_default":0.246424826,"boeck2019\/multi_task":0.193880076,"boeck2019\/multi_task_hjdb":0.2022012208,