{"swing 8ths":{"boeck2015\/tempodetector2016_default":0.9444444444,"davies2009\/mirex_qm_tempotracker":1.0,"echonest\/version_3_2_1":0.9166666667,"gkiokas2012\/default":0.9444444444,"klapuri2006\/percival2014":0.9166666667,"oliveira2010\/ibt":0.9444444444,"percival2014\/stem":0.9722222222,"scheirer1998\/percival2014":0.75,"schreiber2014\/default":0.9444444444,"schreiber2017\/ismir2017":0.9722222222,"schreiber2017\/mirex2017":0.9722222222,"schreiber2018\/cnn":0.9444444444,"schreiber2018\/fcn":0.9166666667,"schreiber2018\/ismir2018":0.9444444444,"zplane\/auftakt_v3":0.9444444444},"swing 16ths":{"boeck2015\/tempodetector2016_default":1.0,"davies2009\/mirex_qm_tempotracker":1.0,"echonest\/version_3_2_1":1.0,"gkiokas2012\/default":1.0,"klapuri2006\/percival2014":1.0,"oliveira2010\/ibt":0.9166666667,"percival2014\/stem":1.0,"scheirer1998\/percival2014":0.8333333333,"schreiber2014\/default":1.0,"schreiber2017\/ismir2017":0.9166666667,"schreiber2017\/mirex2017":0.9166666667,"schreiber2018\/cnn":1.0,"schreiber2018\/fcn":1.0,"schreiber2018\/ismir2018":1.0,"zplane\/auftakt_v3":1.0},"sudden change":{"boeck2015\/tempodetector2016_default":0.5,"davies2009\/mirex_qm_tempotracker":0.75,"echonest\/version_3_2_1":0.5,"gkiokas2012\/default":0.25,"klapuri2006\/percival2014":0.25,"oliveira2010\/ibt":0.5,"percival2014\/stem":0.75,"scheirer1998\/percival2014":0.5,"schreiber2014\/default":0.5,"schreiber2017\/ismir2017":0.25,"schreiber2017\/mirex2017":0.25,"schreiber2018\/cnn":0.25,"schreiber2018\/fcn":0.25,"schreiber2018\/ismir2018":0.5,"zplane\/auftakt_v3":0.25},"rubato":{"boeck2015\/tempodetector2016_default":0.7307692308,"davies2009\/mirex_qm_tempotracker":0.3461538462,"echonest\/version_3_2_1":0.5,"gkiokas2012\/default":0.5384615385,"klapuri2006\/percival2014":0.5,"oliveira2010\/ibt":0.2692307692,"percival2014\/stem":0.4615384615,"scheirer1998\/percival2014":0.3076923077,"schreiber2014\/default":0.5384615385,"schreiber2017\/ismir2017":0.5769230769,"schreiber2017\/mirex2017":0.5769230769,"schreiber2018\/cnn":0.3846153846,"schreiber2018\/fcn":0.5,"schreiber2018\/ismir2018":0.3461538462,"zplane\/auftakt_v3":0.3076923077},"rallantando":{"boeck2015\/tempodetector2016_default":0.5555555556,"davies2009\/mirex_qm_tempotracker":0.5555555556,"echonest\/version_3_2_1":0.5555555556,"gkiokas2012\/default":0.4444444444,"klapuri2006\/percival2014":0.4444444444,"oliveira2010\/ibt":0.5555555556,"percival2014\/stem":0.6666666667,"scheirer1998\/percival2014":0.4444444444,"schreiber2014\/default":0.5555555556,"schreiber2017\/ismir2017":0.6666666667,"schreiber2017\/mirex2017":0.6666666667,"schreiber2018\/cnn":0.4444444444,"schreiber2018\/fcn":0.5555555556,"schreiber2018\/ismir2018":0.6666666667,"zplane\/auftakt_v3":0.4444444444},"none":{"boeck2015\/tempodetector2016_default":0.7777777778,"davies2009\/mirex_qm_tempotracker":0.2222222222,"echonest\/version_3_2_1":0.1111111111,"gkiokas2012\/default":0.2222222222,"klapuri2006\/percival2014":0.1111111111,"oliveira2010\/ibt":0.0,"percival2014\/stem":0.3333333333,"scheirer1998\/percival2014":0.2222222222,"schreiber2014\/default":0.6666666667,"schreiber2017\/ismir2017":0.4444444444,"schreiber2017\/mirex2017":0.4444444444,"schreiber2018\/cnn":0.3333333333,"schreiber2018\/fcn":0.3333333333,"schreiber2018\/ismir2018":0.3333333333,"zplane\/auftakt_v3":0.1111111111},"div by 6":{"boeck2015\/tempodetector2016_default":1.0,"davies2009\/mirex_qm_tempotracker":1.0,"echonest\/version_3_2_1":1.0,"gkiokas2012\/default":1.0,"klapuri2006\/percival2014":1.0,"oliveira2010\/ibt":1.0,"percival2014\/stem":1.0,"scheirer1998\/percival2014":1.0,"schreiber2014\/default":1.0,"schreiber2017\/ismir2017":1.0,"schreiber2017\/mirex2017":1.0,"schreiber2018\/cnn":1.0,"schreiber2018\/fcn":1.0,"schreiber2018\/ismir2018":1.0,"zplane\/auftakt_v3":1.0},"div by 4":{"boeck2015\/tempodetector2016_default":1.0,"davies2009\/mirex_qm_tempotracker":0.9795918367,"echonest\/version_3_2_1":0.9795918367,"gkiokas2012\/default":0.9591836735,"klapuri2006\/percival2014":0.9387755102,"oliveira2010\/ibt":0.9795918367,"percival2014\/stem":1.0,"scheirer1998\/percival2014":0.693877551,"schreiber2014\/default":1.0,"schreiber2017\/ismir2017":1.0,"schreiber2017\/mirex2017":1.0,"schreiber2018\/cnn":1.0,"schreiber2018\/fcn":0.9795918367,"schreiber2018\/ismir2018":1.0,"zplane\/auftakt_v3":0.9591836735},"div by 3 (triplet)":{"boeck2015\/tempodetector2016_default":0.625,"davies2009\/mirex_qm_tempotracker":0.625,"echonest\/version_3_2_1":0.875,"gkiokas2012\/default":0.75,"klapuri2006\/percival2014":0.625,"oliveira2010\/ibt":0.625,"percival2014\/stem":0.75,"scheirer1998\/percival2014":0.625,"schreiber2014\/default":0.375,"schreiber2017\/ismir2017":0.625,"schreiber2017\/mirex2017":0.625,"schreiber2018\/cnn":0.75,"schreiber2018\/fcn":1.0,"schreiber2018\/ismir2018":0.625,"zplane\/auftakt_v3":0.75},"div by 2":{"boeck2015\/tempodetector2016_default":0.9158878505,"davies2009\/mirex_qm_tempotracker":0.8224299065,"echonest\/version_3_2_1":0.8785046729,"gkiokas2012\/default":0.8785046729,"klapuri2006\/percival2014":0.8598130841,"oliveira2010\/ibt":0.8130841121,"percival2014\/stem":0.8878504673,"scheirer1998\/percival2014":0.6822429907,"schreiber2014\/default":0.8504672897,"schreiber2017\/ismir2017":0.8785046729,"schreiber2017\/mirex2017":0.8785046729,"schreiber2018\/cnn":0.8317757009,"schreiber2018\/fcn":0.8691588785,"schreiber2018\/ismir2018":0.8504672897,"zplane\/auftakt_v3":0.8130841121},"Rock\/Pop":{"boeck2015\/tempodetector2016_default":0.9264705882,"davies2009\/mirex_qm_tempotracker":0.9264705882,"echonest\/version_3_2_1":0.9117647059,"gkiokas2012\/default":0.8970588235,"klapuri2006\/percival2014":0.8970588235,"oliveira2010\/ibt":0.8970588235,"percival2014\/stem":0.9558823529,"scheirer1998\/percival2014":0.75,"schreiber2014\/default":0.8970588235,"schreiber2017\/ismir2017":0.9117647059,"schreiber2017\/mirex2017":0.9117647059,"schreiber2018\/cnn":0.9117647059,"schreiber2018\/fcn":0.9117647059,"schreiber2018\/ismir2018":0.9264705882,"zplane\/auftakt_v3":0.9264705882},"Rock":{"boeck2015\/tempodetector2016_default":0.8333333333,"davies2009\/mirex_qm_tempotracker":0.8666666667,"echonest\/version_3_2_1":0.8333333333,"gkiokas2012\/default":0.8,"klapuri2006\/percival2014":0.8333333333,"oliveira2010\/ibt":0.8,"percival2014\/stem":0.9,"scheirer1998\/percival2014":0.7333333333,"schreiber2014\/default":0.8333333333,"schreiber2017\/ismir2017":0.8333333333,"schreiber2017\/mirex2017":0.8333333333,"schreiber2018\/cnn":0.8333333333,"schreiber2018\/fcn":0.8,"schreiber2018\/ismir2018":0.8666666667,"zplane\/auftakt_v3":0.8333333333},"Jazz":{"boeck2015\/tempodetector2016_default":0.975,"davies2009\/mirex_qm_tempotracker":1.0,"echonest\/version_3_2_1":0.925,"gkiokas2012\/default":0.95,"klapuri2006\/percival2014":0.95,"oliveira2010\/ibt":0.975,"percival2014\/stem":1.0,"scheirer1998\/percival2014":0.725,"schreiber2014\/default":0.975,"schreiber2017\/ismir2017":1.0,"schreiber2017\/mirex2017":1.0,"schreiber2018\/cnn":0.975,"schreiber2018\/fcn":0.95,"schreiber2018\/ismir2018":0.975,"zplane\/auftakt_v3":0.975},"Folk2":{"boeck2015\/tempodetector2016_default":1.0,"davies2009\/mirex_qm_tempotracker":1.0,"echonest\/version_3_2_1":1.0,"gkiokas2012\/default":1.0,"klapuri2006\/percival2014":1.0,"oliveira2010\/ibt":1.0,"percival2014\/stem":1.0,"scheirer1998\/percival2014":0.25,"schreiber2014\/default":1.0,"schreiber2017\/ismir2017":1.0,"schreiber2017\/mirex2017":1.0,"schreiber2018\/cnn":1.0,"schreiber2018\/fcn":1.0,"schreiber2018\/ismir2018":1.0,"zplane\/auftakt_v3":0.75},"Folk":{"boeck2015\/tempodetector2016_default":0.8636363636,"davies2009\/mirex_qm_tempotracker":0.9090909091,"echonest\/version_3_2_1":0.9545454545,"gkiokas2012\/default":0.9545454545,"klapuri2006\/percival2014":0.8636363636,"oliveira2010\/ibt":0.8181818182,"percival2014\/stem":0.8636363636,"scheirer1998\/percival2014":0.5454545455,"schreiber2014\/default":0.8636363636,"schreiber2017\/ismir2017":0.8636363636,"schreiber2017\/mirex2017":0.8636363636,"schreiber2018\/cnn":0.9545454545,