{"OE1_MEAN":{"boeck2015\/tempodetector2016_default":-0.034236781,"schreiber2018\/ismir2018":0.0087219081,"schreiber2018\/cnn":0.0237852213,"oliveira2010\/ibt":0.046893804,"klapuri2006\/percival2014":0.020217496,"schreiber2018\/fcn":-0.0028239488,"schreiber2014\/default":-0.1648696486,"davies2009\/mirex_qm_tempotracker":0.1504659739,"zplane\/auftakt_v3":-0.0214117297,"echonest\/version_3_2_1":-0.1992656631,"percival2014\/stem":-0.0989456527,"schreiber2017\/mirex2017":-0.2116576836,"schreiber2017\/ismir2017":-0.175621647,"gkiokas2012\/default":-0.0346324764,"scheirer1998\/percival2014":-0.0620750262},"OE1_STDEV":{"boeck2015\/tempodetector2016_default":0.3365464089,"schreiber2018\/ismir2018":0.3480827093,"schreiber2018\/cnn":0.3558964468,"oliveira2010\/ibt":0.3828276888,"klapuri2006\/percival2014":0.417703401,"schreiber2018\/fcn":0.4193464866,"schreiber2014\/default":0.4220755885,"davies2009\/mirex_qm_tempotracker":0.4324014687,"zplane\/auftakt_v3":0.4411225282,"echonest\/version_3_2_1":0.4416800636,"percival2014\/stem":0.4567799615,"schreiber2017\/mirex2017":0.516746632,"schreiber2017\/ismir2017":0.5361451477,"gkiokas2012\/default":0.538395438,"scheirer1998\/percival2014":0.5388270232},"OE2_MEAN":{"boeck2015\/tempodetector2016_default":-0.0045747877,"schreiber2018\/ismir2018":-0.0029220671,"schreiber2018\/cnn":0.0031322371,"oliveira2010\/ibt":0.001848759,"klapuri2006\/percival2014":-0.006809531,"schreiber2018\/fcn":0.002784666,"schreiber2014\/default":-0.0117164955,"davies2009\/mirex_qm_tempotracker":0.0074259401,"zplane\/auftakt_v3":-0.0078982162,"echonest\/version_3_2_1":-0.0065735251,"percival2014\/stem":0.0091624554,"schreiber2017\/mirex2017":-0.0002846543,"schreiber2017\/ismir2017":-0.0002846537,"gkiokas2012\/default":0.0070121745,"scheirer1998\/percival2014":0.0228306342},"OE2_STDEV":{"boeck2015\/tempodetector2016_default":0.0615188745,"schreiber2018\/ismir2018":0.0960489799,"schreiber2018\/cnn":0.1099279693,"oliveira2010\/ibt":0.1350467683,"klapuri2006\/percival2014":0.1105847767,"schreiber2018\/fcn":0.0758349255,"schreiber2014\/default":0.0996910252,"davies2009\/mirex_qm_tempotracker":0.1004779466,"zplane\/auftakt_v3":0.1261618513,"echonest\/version_3_2_1":0.0913208561,"percival2014\/stem":0.0809942336,"schreiber2017\/mirex2017":0.10765145,"schreiber2017\/ismir2017":0.1076514494,"gkiokas2012\/default":0.0904290763,"scheirer1998\/percival2014":0.1735770475}}