{"Count":{"BigBand":0.0405405405,"Choral":0.1306306306,"Classical":0.1351351351,"ClassicalSolo":0.0990990991,"Country":0.1711711712,"Dance":0.1801801802,"Folk":0.0990990991,"Folk2":0.018018018,"Jazz":0.1801801802,"Rock":0.1351351351,"Rock\/Pop":0.3063063063,"div by 2":0.481981982,"div by 3 (triplet)":0.036036036,"div by 4":0.2207207207,"div by 6":0.0045045045,"none":0.0405405405,"rallantando":0.0405405405,"rubato":0.1171171171,"sudden change":0.018018018,"swing 16ths":0.0540540541,"swing 8ths":0.1621621622}}