{"1.0":{"0.0":0.0,"1.0":0.0,"2.0":0.0,"3.0":0.0,"4.0":0.0,"5.0":0.0,"6.0":0.0,"7.0":0.0,"8.0":0.0,"9.0":0.0,"10.0":0.0,"11.0":0.0,"12.0":0.0,"13.0":0.0,"14.0":0.0,"15.0":0.0,"16.0":0.0,"17.0":0.0,"18.0":0.0,"19.0":0.0,"20.0":0.0,"21.0":0.0,"22.0":0.0,"23.0":0.0,"24.0":0.0,"25.0":0.0,"26.0":0.0,"27.0":0.0,"28.0":0.0,"29.0":0.0,"30.0":0.0,"31.0":0.0,"32.0":0.0,"33.0":0.0,"34.0":0.0,"35.0":0.0,"36.0":0.0,"37.0":0.0,"38.0":0.0,"39.0":0.0,"40.0":0.0,"41.0":0.0,"42.0":0.0,"43.0":0.0,"44.0":0.0,"45.0":0.0,"46.0":0.0,"47.0":0.0045045045,"48.0":0.0045045045,"49.0":0.0045045045,"50.0":0.0045045045,"51.0":0.0045045045,"52.0":0.0045045045,"53.0":0.009009009,"54.0":0.018018018,"55.0":0.0225225225,"56.0":0.027027027,"57.0":0.027027027,"58.0":0.036036036,"59.0":0.0405405405,"60.0":0.0495495495,"61.0":0.0495495495,"62.0":0.0540540541,"63.0":0.0540540541,"64.0":0.045045045,"65.0":0.0405405405,"66.0":0.045045045,"67.0":0.0495495495,"68.0":0.0540540541,"69.0":0.0495495495,"70.0":0.0405405405,"71.0":0.045045045,"72.0":0.0405405405,"73.0":0.0495495495,"74.0":0.0495495495,"75.0":0.0675675676,"76.0":0.0585585586,"77.0":0.0540540541,"78.0":0.045045045,"79.0":0.0630630631,"80.0":0.0765765766,"81.0":0.0855855856,"82.0":0.0990990991,"83.0":0.0945945946,"84.0":0.1036036036,"85.0":0.0945945946,"86.0":0.1036036036,"87.0":0.1216216216,"88.0":0.1216216216,"89.0":0.1081081081,"90.0":0.1036036036,"91.0":0.1036036036,"92.0":0.1081081081,"93.0":0.1126126126,"94.0":0.1171171171,"95.0":0.1261261261,"96.0":0.1306306306,"97.0":0.1171171171,"98.0":0.1171171171,"99.0":0.1261261261,"100.0":0.1441441441,"101.0":0.1306306306,"102.0":0.1261261261,"103.0":0.1171171171,"104.0":0.1261261261,"105.0":0.1171171171,"106.0":0.1081081081,"107.0":0.1036036036,"108.0":0.1126126126,"109.0":0.0990990991,"110.0":0.0855855856,"111.0":0.1036036036,"112.0":0.0990990991,"113.0":0.1081081081,"114.0":0.0990990991,"115.0":0.0945945946,"116.0":0.1171171171,"117.0":0.1171171171,"118.0":0.1171171171,"119.0":0.1396396396,"120.0":0.1486486486,"121.0":0.1441441441,"122.0":0.1486486486,"123.0":0.1531531532,"124.0":0.1576576577,"125.0":0.1621621622,"126.0":0.1531531532,"127.0":0.1531531532,"128.0":0.1621621622,"129.0":0.1531531532,"130.0":0.1441441441,"131.0":0.1441441441,"132.0":0.1441441441,"133.0":0.1441441441,"134.0":0.1396396396,"135.0":0.1396396396,"136.0":0.1216216216,"137.0":0.1171171171,"138.0":0.0945945946,"139.0":0.0855855856,"140.0":0.0765765766,"141.0":0.0675675676,"142.0":0.0540540541,"143.0":0.045045045,"144.0":0.036036036,"145.0":0.036036036,"146.0":0.045045045,"147.0":0.0540540541,"148.0":0.0540540541,"149.0":0.0495495495,"150.0":0.045045045,"151.0":0.045045045,"152.0":0.0495495495,"153.0":0.0495495495,"154.0":0.045045045,"155.0":0.036036036,"156.0":0.027027027,"157.0":0.018018018,"158.0":0.0225225225,"159.0":0.0225225225,"160.0":0.027027027,"161.0":0.027027027,"162.0":0.0225225225,"163.0":0.018018018,"164.0":0.0225225225,"165.0":0.027027027,"166.0":0.0315315315,"167.0":0.0315315315,"168.0":0.027027027,"169.0":0.027027027,"170.0":0.027027027,"171.0":0.0225225225,"172.0":0.0225225225,"173.0":0.018018018,"174.0":0.018018018,"175.0":0.018018018,"176.0":0.018018018,"177.0":0.0225225225,"178.0":0.0225225225,"179.0":0.0225225225,"180.0":0.018018018,"181.0":0.018018018,"182.0":0.018018018,"183.0":0.0225225225,"184.0":0.018018018,"185.0":0.0135135135,"186.0":0.009009009,"187.0":0.0045045045,"188.0":0.0045045045,"189.0":0.0045045045,"190.0":0.0045045045,"191.0":0.0045045045,"192.0":0.0045045045,"193.0":0.0,"194.0":0.0045045045,"195.0":0.0045045045,"196.0":0.0045045045,"197.0":0.0045045045,"198.0":0.0045045045,"199.0":0.0045045045,"200.0":0.0045045045,"201.0":0.0045045045,"202.0":0.0045045045,"203.0":0.0045045045,"204.0":0.0,"205.0":0.0,"206.0":0.0,"207.0":0.0,"208.0":0.0,"209.0":0.0,"210.0":0.0,"211.0":0.0,"212.0":0.0,"213.0":0.0,"214.0":0.0,"215.0":0.0,"216.0":0.0,"217.0":0.0,"218.0":0.0,"219.0":0.0,"220.0":0.0,"221.0":0.0,"222.0":0.0,"223.0":0.0,"224.0":0.0,"225.0":0.0,"226.0":0.0,"227.0":0.0,"228.0":0.0,"229.0":0.0,"230.0":0.0,"231.0":0.0,"232.0":0.0,"233.0":0.0,"234.0":0.0,"235.0":0.0,"236.0":0.0,"237.0":0.0,"238.0":0.0,"239.0":0.0,"240.0":0.0,"241.0":0.0,"242.0":0.0,"243.0":0.0,"244.0":0.0,"245.0":0.0,"246.0":0.0,"247.0":0.0,"248.0":0.0,"249.0":0.0,"250.0":0.0,"251.0":0.0,"252.0":0.0,"253.0":0.0,"254.0":0.0,"255.0":0.0,"256.0":0.0,"257.0":0.0,"258.0":0.0,"259.0":0.0,"260.0":0.0,"261.0":0.0,"262.0":0.0,"263.0":0.0,"264.0":0.0,"265.0":0.0,"266.0":0.0,"267.0":0.0,"268.0":0.0,"269.0":0.0,"270.0":0.0,"271.0":0.0,"272.0":0.0,"273.0":0.0,"274.0":0.0,"275.0":0.0,"276.0":0.0,"277.0":0.0,"278.0":0.0,"279.0":0.0,"280.0":0.0,"281.0":0.0,"282.0":0.0,"283.0":0.0,"284.0":0.0,"285.0":0.0,"286.0":0.0,"287.0":0.0,"288.0":0.0,"289.0":0.0,"290.0":0.0,"291.0":0.0,"292.0":0.0,"293.0":0.0,"294.0":0.0,"295.0":0.0,"296.0":0.0,"297.0":0.0,"298.0":0.0,"299.0":0.0,"300.0":0.0},"2.0":{"0.0":0.0,"1.0":0.0,"2.0":0.0,"3.0":0.0,"4.0":0.0,"5.0":0.0,"6.0":0.0,"7.0":0.0,"8.0":0.0,"9.0":0.0,"10.0":0.0,"11.0":0.0,"12.0":0.0,"13.0":0.0,"14.0":0.0,"15.0":0.0,"16.0":0.0,"17.0":0.0,"18.0":0.0,"19.0":0.0,"20.0":0.0,"21.0":0.0,"22.0":0.0,"23.0":0.0,"24.0":0.0,"25.0":0.0,"26.0":0.0,"27.0":0.0,"28.0":0.0,"29.0":0.0,"30.0":0.0,"31.0":0.0,"32.0":0.0,"33.0":0.0,"34.0":0.0,"35.0":0.0,"36.0":0.0,"37.0":0.0,"38.0":0.0,"39.0":0.0,"40.0":0.0,"41.0":0.0,"42.0":0.0,"43.0":0.0,"44.0":0.0,"45.0":0.0,"46.0":0.0,"47.0":0.0,"48.0":0.0,"49.0":0.0,"50.0":0.0,"51.0":0.0045045045,"52.0":0.0045045045,"53.0":0.009009009,"54.0":0.0135135135,"55.0":0.018018018,"56.0":0.027027027,"57.0":0.027027027,"58.0":0.0315315315,"59.0":0.036036036,"60.0":0.0540540541,"61.0":0.0495495495,"62.0":0.0495495495,"63.0":0.0495495495,"64.0":0.0495495495,"65.0":0.045045045,"66.0":0.045045045,"67.0":0.0585585586,"68.0":0.0585585586,"69.0":0.0540540541,"70.0":0.036036036,"71.0":0.045045045,"72.0":0.045045045,"73.0":0.0495495495,"74.0":0.0495495495,"75.0":0.0630630631,"76.0":0.0585585586,"77.0":0.0495495495,"78.0":0.0495495495,"79.0":0.0630630631,"80.0":0.0720720721,"81.0":0.0675675676,"82.0":0.0765765766,"83.0":0.0900900901,"84.0":0.0945945946,"85.0":0.0900900901,"86.0":0.0945945946,"87.0":0.1081081081,"88.0":0.1126126126,"89.0":0.0990990991,"90.0":0.0990990991,"91.0":0.1126126126,"92.0":0.1306306306,"93.0":0.1126126126,"94.0":0.1171171171,"95.0":0.1306306306,"96.0":0.1306306306,"97.0":0.1171171171,"98.0":0.1126126126,"99.0":0.1261261261,"100.0":0.1396396396,"101.0":0.1306306306,"102.0":0.1216216216,"103.0":0.1216216216,"104.0":0.1216216216,"105.0":0.1171171171,"106.0":0.1126126126,"107.0":0.1171171171,"108.0":0.1216216216,"109.0":0.1081081081,"110.0":0.0855855856,"111.0":0.0945945946,"112.0":0.0945945946,"113.0":0.0990990991,"114.0":0.1036036036,"115.0":0.0945945946,"116.0":0.1081081081,"117.0":0.1081081081,"118.0":0.1081081081,"119.0":0.1351351351,"120.0":0.1531531532,"121.0":0.1441441441,"122.0":0.1306306306,"123.0":0.1351351351,"124.0":0.1396396396,"125.0":0.1441441441,"126.0":0.1441441441,"127.0":0.1396396396,"128.0":0.1576576577,"129.0":0.1396396396,"130.0":0.1396396396,"131.0":0.1396396396,"132.0":0.1621621622,"133.0":0.1531531532,"134.0":0.1441441441,"135.0":0.1441441441,"136.0":0.1351351351,"137.0":0.1306306306,"138.0":0.1036036036,"139.0":0.0990990991,"140.0":0.0810810811,"141.0":0.0765765766,"142.0":0.0540540541,"143.0":0.0540540541,"144.0":0.045045045,"145.0":0.036036036,"146.0":0.0405405405,"147.0":0.0495495495,"148.0":0.0495495495,"149.0":0.045045045,"150.0":0.045045045,"151.0":0.0495495495,"152.0":0.0495495495,"153.0":0.045045045,"154.0":0.045045045,"155.0":0.045045045,"156.0":0.036036036,"157.0":0.027027027,"158.0":0.027027027,"159.0":0.0315315315,"160.0":0.036036036,"161.0":0.027027027,"162.0":0.027027027,"163.0":0.0315315315,"164.0":0.027027027,"165.0":0.0315315315,"166.0":0.027027027,"167.0":0.027027027,"168.0":0.027027027,"169.0":0.0225225225,"170.0":0.018018018,"171.0":0.027027027,"172.0":0.0225225225,"173.0":0.018018018,"174.0":0.018018018,"175.0":0.018018018,