Item,Reference,Estimate
006.jams,102.6973827634738,222.22
013.jams,65.28497409326435,136.36
059.jams,69.11142454160786,103.45
072.jams,131.28907412920483,193.55
075.jams,60.47447090551723,90.91
107.jams,152.5511674834247,162.16
126.jams,61.93240333302123,56.07
127.jams,65.1812437744379,71.43
133.jams,77.03729583369673,69.77
137.jams,173.89018969036002,74.07
138.jams,194.11635243195323,117.65
139.jams,139.5054568461012,130.43
140.jams,86.32663513876946,153.85
150.jams,126.80208333333351,69.77
