Item,Reference,Estimate
006.jams,102.6973827634738,108.27
059.jams,69.11142454160786,103.63
072.jams,131.28907412920483,196.98
075.jams,60.47447090551723,91.22
107.jams,152.5511674834247,79.52
122.jams,74.99787420991466,66.93
126.jams,61.93240333302123,55.06
133.jams,77.03729583369673,66.07
137.jams,173.89018969036002,146.76
139.jams,139.5054568461012,176.77
140.jams,86.32663513876946,74.28
150.jams,126.80208333333351,69.9
205.jams,132.30000000000004,33.35
