{"AOE1_MEAN":{"boeck2015\/tempodetector2016_default":0.1242835433,"schreiber2018\/ismir2018":0.1422152673,"boeck2019\/multi_task_hjdb":0.145503134,"schreiber2018\/cnn":0.1503645528,"boeck2019\/multi_task":0.1535844564,"schreiber2018\/fcn":0.1801272058,"oliveira2010\/ibt":0.1875342489,"klapuri2006\/percival2014":0.2025702013,"schreiber2017\/ismir2017":0.2110838434,"schreiber2017\/mirex2017":0.2233595608,"zplane\/auftakt_v3":0.2248565701,"davies2009\/mirex_qm_tempotracker":0.2283072131,"schreiber2014\/default":0.2306200181,"percival2014\/stem":0.2353334798,"echonest\/version_3_2_1":0.2514160071,"gkiokas2012\/default":0.2960577701,"scheirer1998\/percival2014":0.3424037254},"AOE1_STDEV":{"boeck2015\/tempodetector2016_default":0.3146255606,"schreiber2018\/ismir2018":0.3178245774,"boeck2019\/multi_task_hjdb":0.3434862647,"schreiber2018\/cnn":0.3234478611,"boeck2019\/multi_task":0.3526499658,"schreiber2018\/fcn":0.3786999343,"oliveira2010\/ibt":0.3370266661,"klapuri2006\/percival2014":0.3658554248,"schreiber2017\/ismir2017":0.3951042388,"schreiber2017\/mirex2017":0.4322760755,"zplane\/auftakt_v3":0.3801145484,"davies2009\/mirex_qm_tempotracker":0.3968461363,"schreiber2014\/default":0.3900566763,"percival2014\/stem":0.4038023387,"echonest\/version_3_2_1":0.4142198383,"gkiokas2012\/default":0.451019792,"scheirer1998\/percival2014":0.4206513505},"AOE2_MEAN":{"boeck2015\/tempodetector2016_default":0.0218429554,"schreiber2018\/ismir2018":0.0377387621,"boeck2019\/multi_task_hjdb":0.0223425265,"schreiber2018\/cnn":0.0428126489,"boeck2019\/multi_task":0.0217734527,"schreiber2018\/fcn":0.0298818916,"oliveira2010\/ibt":0.0591894626,"klapuri2006\/percival2014":0.0420243746,"schreiber2017\/ismir2017":0.0346139714,"schreiber2017\/mirex2017":0.0344034154,"zplane\/auftakt_v3":0.0491310235,"davies2009\/mirex_qm_tempotracker":0.0504368857,"schreiber2014\/default":0.0372267325,"percival2014\/stem":0.0269954045,"echonest\/version_3_2_1":0.0340091459,"gkiokas2012\/default":0.0336195198,"scheirer1998\/percival2014":0.0955193338},"AOE2_STDEV":{"boeck2015\/tempodetector2016_default":0.057692165,"schreiber2018\/ismir2018":0.0883726816,"boeck2019\/multi_task_hjdb":0.0673372512,"schreiber2018\/cnn":0.1012968234,"boeck2019\/multi_task":0.0656631531,"schreiber2018\/fcn":0.0697550202,"oliveira2010\/ibt":0.121398744,"klapuri2006\/percival2014":0.1025149477,"schreiber2017\/ismir2017":0.0890610994,"schreiber2017\/mirex2017":0.1001726871,"zplane\/auftakt_v3":0.116470327,"davies2009\/mirex_qm_tempotracker":0.0872185926,"schreiber2014\/default":0.0932188134,"percival2014\/stem":0.0769107574,"echonest\/version_3_2_1":0.0850063997,"gkiokas2012\/default":0.0842396363,"scheirer1998\/percival2014":0.1467183906}}