{"boeck2015\/tempodetector2016_default":{"boeck2015\/tempodetector2016_default":1.0,"boeck2019\/multi_task":0.9840308504,"boeck2019\/multi_task_hjdb":0.8485103842,"boeck2020\/dar":0.6922505594,"davies2009\/mirex_qm_tempotracker":0.0000004772,"echonest\/version_3_2_1":0.0333071941,"gkiokas2012\/default":0.0376558923,"klapuri2006\/percival2014":0.0020032082,"oliveira2010\/ibt":0.0000025579,"percival2014\/stem":0.2638703292,"scheirer1998\/percival2014":0.0,"schreiber2014\/default":0.0021942143,"schreiber2017\/ismir2017":0.0174779091,"schreiber2017\/mirex2017":0.0339960823,"schreiber2018\/cnn":0.0013471843,"schreiber2018\/fcn":0.1243429133,"schreiber2018\/ismir2018":0.0069001576,"sun2021\/default":0.0135729754,"zplane\/auftakt_v3":0.0002209701},"boeck2019\/multi_task":{"boeck2015\/tempodetector2016_default":0.9840308504,"boeck2019\/multi_task":1.0,"boeck2019\/multi_task_hjdb":0.8620850441,"boeck2020\/dar":0.8305223918,"davies2009\/mirex_qm_tempotracker":0.0000079128,"echonest\/version_3_2_1":0.0119989034,"gkiokas2012\/default":0.0362742431,"klapuri2006\/percival2014":0.0055473115,"oliveira2010\/ibt":0.0000014141,"percival2014\/stem":0.3522432868,"scheirer1998\/percival2014":0.0,"schreiber2014\/default":0.0123780495,"schreiber2017\/ismir2017":0.0088304755,"schreiber2017\/mirex2017":0.0410904449,"schreiber2018\/cnn":0.0021656591,"schreiber2018\/fcn":0.1500486778,"schreiber2018\/ismir2018":0.0040142528,"sun2021\/default":0.124941744,"zplane\/auftakt_v3":0.0002885464},"boeck2019\/multi_task_hjdb":{"boeck2015\/tempodetector2016_default":0.8485103842,"boeck2019\/multi_task":0.8620850441,"boeck2019\/multi_task_hjdb":1.0,"boeck2020\/dar":0.6845703599,"davies2009\/mirex_qm_tempotracker":0.0000035318,"echonest\/version_3_2_1":0.058570014,"gkiokas2012\/default":0.0637087041,"klapuri2006\/percival2014":0.0046516584,"oliveira2010\/ibt":0.0000039235,"percival2014\/stem":0.3818670868,"scheirer1998\/percival2014":0.0,"schreiber2014\/default":0.0097741539,"schreiber2017\/ismir2017":0.0219902607,"schreiber2017\/mirex2017":0.0494632009,"schreiber2018\/cnn":0.0041746383,"schreiber2018\/fcn":0.1882226451,"schreiber2018\/ismir2018":0.0155896557,"sun2021\/default":0.1016627445,"zplane\/auftakt_v3":0.0005666569},"boeck2020\/dar":{"boeck2015\/tempodetector2016_default":0.6922505594,"boeck2019\/multi_task":0.8305223918,"boeck2019\/multi_task_hjdb":0.6845703599,"boeck2020\/dar":1.0,"davies2009\/mirex_qm_tempotracker":0.0000006232,"echonest\/version_3_2_1":0.0241467253,"gkiokas2012\/default":0.0311145311,"klapuri2006\/percival2014":0.0018663727,"oliveira2010\/ibt":0.0000023819,"percival2014\/stem":0.2248563431,"scheirer1998\/percival2014":0.0,"schreiber2014\/default":0.001066339,"schreiber2017\/ismir2017":0.017308027,"schreiber2017\/mirex2017":0.0259788971,"schreiber2018\/cnn":0.001098876,"schreiber2018\/fcn":0.1216265616,"schreiber2018\/ismir2018":0.0041125891,"sun2021\/default":0.0163044456,"zplane\/auftakt_v3":0.0001143137},"davies2009\/mirex_qm_tempotracker":{"boeck2015\/tempodetector2016_default":0.0000004772,"boeck2019\/multi_task":0.0000079128,"boeck2019\/multi_task_hjdb":0.0000035318,"boeck2020\/dar":0.0000006232,"davies2009\/mirex_qm_tempotracker":1.0,"echonest\/version_3_2_1":0.0011623379,"gkiokas2012\/default":0.0013830725,"klapuri2006\/percival2014":0.1337087741,"oliveira2010\/ibt":0.111191646,"percival2014\/stem":0.0000007769,"scheirer1998\/percival2014":0.0000138672,"schreiber2014\/default":0.0458568541,"schreiber2017\/ismir2017":0.0053229616,"schreiber2017\/mirex2017":0.0166782133,"schreiber2018\/cnn":0.2308790638,"schreiber2018\/fcn":0.001082477,"schreiber2018\/ismir2018":0.0314652879,"sun2021\/default":0.0002070238,"zplane\/auftakt_v3":0.85101524},"echonest\/version_3_2_1":{"boeck2015\/tempodetector2016_default":0.0333071941,"boeck2019\/multi_task":0.0119989034,"boeck2019\/multi_task_hjdb":0.058570014,"boeck2020\/dar":0.0241467253,"davies2009\/mirex_qm_tempotracker":0.0011623379,"echonest\/version_3_2_1":1.0,"gkiokas2012\/default":0.850842389,"klapuri2006\/percival2014":0.1812706845,"oliveira2010\/ibt":0.0004420975,"percival2014\/stem":0.2386412416,"scheirer1998\/percival2014":0.0000000077,"schreiber2014\/default":0.6387695242,"schreiber2017\/ismir2017":0.8435552424,"schreiber2017\/mirex2017":0.9852235602,"schreiber2018\/cnn":0.2052362407,"schreiber2018\/fcn":0.4818842447,"schreiber2018\/ismir2018":0.716551588,"sun2021\/default":0.3396608476,"zplane\/auftakt_v3":0.0480623369},"gkiokas2012\/default":{"boeck2015\/tempodetector2016_default":0.0376558923,"boeck2019\/multi_task":0.0362742431,"boeck2019\/multi_task_hjdb":0.0637087041,"boeck2020\/dar":0.0311145311,"davies2009\/mirex_qm_tempotracker":0.0013830725,"echonest\/version_3_2_1":0.850842389,"gkiokas2012\/default":1.0,"klapuri2006\/percival2014":0.1958740174,"oliveira2010\/ibt":0.0002525274,"percival2014\/stem":0.2470573287,"scheirer1998\/percival2014":0.000000002,"schreiber2014\/default":0.6076083298,"schreiber2017\/ismir2017":0.872820333,"schreiber2017\/mirex2017":0.9131822829,"schreiber2018\/cnn":0.1436540007,"schreiber2018\/fcn":0.5160118558,"schreiber2018\/ismir2018":0.4904717637,"sun2021\/default":0.3428210145,"zplane\/auftakt_v3":0.029842359},"klapuri2006\/percival2014":{"boeck2015\/tempodetector2016_default":0.0020032082,"boeck2019\/multi_task":0.0055473115,"boeck2019\/multi_task_hjdb":0.0046516584,"boeck2020\/dar":0.0018663727,"davies2009\/mirex_qm_tempotracker":0.1337087741,"echonest\/version_3_2_1":0.1812706845,"gkiokas2012\/default":0.1958740174,"klapuri2006\/percival2014":1.0,"oliveira2010\/ibt":0.0098732861,"percival2014\/stem":0.0338829514,"scheirer1998\/percival2014":0.0000025664,"schreiber2014\/default":0.5104501304,"schreiber2017\/ismir2017":0.2604387039,"schreiber2017\/mirex2017":0.2408487133,"schreiber2018\/cnn":0.9205203441,"schreiber2018\/fcn":0.0823383173,"schreiber2018\/ismir2018":0.5723624039,"sun2021\/default":0.0414236223,"zplane\/auftakt_v3":0.3756552546},"oliveira2010\/ibt":{"boeck2015\/tempodetector2016_default":0.0000025579,"boeck2019\/multi_task":0.0000014141,"boeck2019\/multi_task_hjdb":0.0000039235,"boeck2020\/dar":0.0000023819,"davies2009\/mirex_qm_tempotracker":0.111191646,"echonest\/version_3_2_1":0.0004420975,"gkiokas2012\/default":0.0002525274,"klapuri2006\/percival2014":0.0098732861,"oliveira2010\/ibt":1.0,"percival2014\/stem":0.0000003045,"scheirer1998\/percival2014":0.0020197877,"schreiber2014\/default":0.0069680742,"schreiber2017\/ismir2017":0.0001952236,"schreiber2017\/mirex2017":0.0004692375,"schreiber2018\/cnn":0.0178726768,"schreiber2018\/fcn":0.0005274056,"schreiber2018\/ismir2018":0.0017318689,"sun2021\/default":0.0001376336,"zplane\/auftakt_v3":0.1536054631},"percival2014\/stem":{"boeck2015\/tempodetector2016_default":0.2638703292,"boeck2019\/multi_task":0.3522432868,"boeck2019\/multi_task_hjdb":0.3818670868,"boeck2020\/dar":0.2248563431,"davies2009\/mirex_qm_tempotracker":0.0000007769,"echonest\/version_3_2_1":0.2386412416,"gkiokas2012\/default":0.2470573287,"klapuri2006\/percival2014":0.0338829514,"oliveira2010\/ibt":0.0000003045,"percival2014\/stem":1.0,"scheirer1998\/percival2014":0.0,"schreiber2014\/default":0.1045219917,"schreiber2017\/ismir2017":0.1919522904,"schreiber2017\/mirex2017":0.256518441,"schreiber2018\/cnn":0.0012548966,"schreiber2018\/fcn":0.6253972407,"schreiber2018\/ismir2018":0.0330099089,"sun2021\/default":0.8292586837,"zplane\/auftakt_v3":0.0011041346},"scheirer1998\/percival2014":{"boeck2015\/tempodetector2016_default":0.0,"boeck2019\/multi_task":0.0,"boeck2019\/multi_task_hjdb":0.0,"boeck2020\/dar":0.0,"davies2009\/mirex_qm_tempotracker":0.0000138672,"echonest\/version_3_2_1":0.0000000077,"gkiokas2012\/default":0.000000002,"klapuri2006\/percival2014":0.0000025664,"oliveira2010\/ibt":0.0020197877,"percival2014\/stem":0.0,"scheirer1998\/percival2014":1.0,"schreiber2014\/default":0.0000003947,"schreiber2017\/ismir2017":0.0000000128,"schreiber2017\/mirex2017":0.0000000503,"schreiber2018\/cnn":0.0000004504,"schreiber2018\/fcn":0.0000000007,