{"boeck2015\/tempodetector2016_default":{"boeck2015\/tempodetector2016_default":1.0,"boeck2019\/multi_task":0.0639146566,"boeck2019\/multi_task_hjdb":0.184933342,"davies2009\/mirex_qm_tempotracker":0.0007172697,"echonest\/version_3_2_1":0.0000001616,"gkiokas2012\/default":0.0000000309,"klapuri2006\/percival2014":0.0000384591,"oliveira2010\/ibt":0.0001564172,"percival2014\/stem":0.0000033888,"scheirer1998\/percival2014":9.578735725e-19,"schreiber2014\/default":0.000000624,"schreiber2017\/ismir2017":0.0000412576,"schreiber2017\/mirex2017":0.0001060447,"schreiber2018\/cnn":0.0079158973,"schreiber2018\/fcn":0.0275331558,"schreiber2018\/ismir2018":0.0350820334,"zplane\/auftakt_v3":0.0000033888},"boeck2019\/multi_task":{"boeck2015\/tempodetector2016_default":0.0639146566,"boeck2019\/multi_task":1.0,"boeck2019\/multi_task_hjdb":0.7905273438,"davies2009\/mirex_qm_tempotracker":0.0435585219,"echonest\/version_3_2_1":0.0001345141,"gkiokas2012\/default":0.0000577837,"klapuri2006\/percival2014":0.0066088228,"oliveira2010\/ibt":0.0165890034,"percival2014\/stem":0.0010885382,"scheirer1998\/percival2014":0.0,"schreiber2014\/default":0.0007172697,"schreiber2017\/ismir2017":0.0166738478,"schreiber2017\/mirex2017":0.0195204728,"schreiber2018\/cnn":0.2681872511,"schreiber2018\/fcn":0.5423840119,"schreiber2018\/ismir2018":0.7283324809,"zplane\/auftakt_v3":0.0010885382},"boeck2019\/multi_task_hjdb":{"boeck2015\/tempodetector2016_default":0.184933342,"boeck2019\/multi_task":0.7905273438,"boeck2019\/multi_task_hjdb":1.0,"davies2009\/mirex_qm_tempotracker":0.0138529653,"echonest\/version_3_2_1":0.000042237,"gkiokas2012\/default":0.0000053783,"klapuri2006\/percival2014":0.001913961,"oliveira2010\/ibt":0.0064265761,"percival2014\/stem":0.0004697573,"scheirer1998\/percival2014":5.396645381e-16,"schreiber2014\/default":0.0004095415,"schreiber2017\/ismir2017":0.0094753043,"schreiber2017\/mirex2017":0.0079158973,"schreiber2018\/cnn":0.132498164,"schreiber2018\/fcn":0.3603776529,"schreiber2018\/ismir2018":0.4731296599,"zplane\/auftakt_v3":0.0002470878},"davies2009\/mirex_qm_tempotracker":{"boeck2015\/tempodetector2016_default":0.0007172697,"boeck2019\/multi_task":0.0435585219,"boeck2019\/multi_task_hjdb":0.0138529653,"davies2009\/mirex_qm_tempotracker":1.0,"echonest\/version_3_2_1":0.0518938959,"gkiokas2012\/default":0.0095598789,"klapuri2006\/percival2014":0.383310318,"oliveira2010\/ibt":0.8036193848,"percival2014\/stem":0.187741559,"scheirer1998\/percival2014":0.0,"schreiber2014\/default":0.2288055412,"schreiber2017\/ismir2017":1.0,"schreiber2017\/mirex2017":0.8746293124,"schreiber2018\/cnn":0.4050322461,"schreiber2018\/fcn":0.2429602173,"schreiber2018\/ismir2018":0.0614283457,"zplane\/auftakt_v3":0.1220781207},"echonest\/version_3_2_1":{"boeck2015\/tempodetector2016_default":0.0000001616,"boeck2019\/multi_task":0.0001345141,"boeck2019\/multi_task_hjdb":0.000042237,"davies2009\/mirex_qm_tempotracker":0.0518938959,"echonest\/version_3_2_1":1.0,"gkiokas2012\/default":0.8746293124,"klapuri2006\/percival2014":0.1438650884,"oliveira2010\/ibt":0.0759047295,"percival2014\/stem":0.3488888794,"scheirer1998\/percival2014":0.0000256872,"schreiber2014\/default":0.4613911821,"schreiber2017\/ismir2017":0.0356978036,"schreiber2017\/mirex2017":0.0594633753,"schreiber2018\/cnn":0.0038382659,"schreiber2018\/fcn":0.0004697573,"schreiber2018\/ismir2018":0.0003552811,"zplane\/auftakt_v3":0.3916029105},"gkiokas2012\/default":{"boeck2015\/tempodetector2016_default":0.0000000309,"boeck2019\/multi_task":0.0000577837,"boeck2019\/multi_task_hjdb":0.0000053783,"davies2009\/mirex_qm_tempotracker":0.0095598789,"echonest\/version_3_2_1":0.8746293124,"gkiokas2012\/default":1.0,"klapuri2006\/percival2014":0.0470310274,"oliveira2010\/ibt":0.0226288412,"percival2014\/stem":0.187741559,"scheirer1998\/percival2014":0.0000445345,"schreiber2014\/default":0.3019956132,"schreiber2017\/ismir2017":0.0212941141,"schreiber2017\/mirex2017":0.0258960818,"schreiber2018\/cnn":0.0005355851,"schreiber2018\/fcn":0.0001419707,"schreiber2018\/ismir2018":0.0000570381,"zplane\/auftakt_v3":0.2220528202},"klapuri2006\/percival2014":{"boeck2015\/tempodetector2016_default":0.0000384591,"boeck2019\/multi_task":0.0066088228,"boeck2019\/multi_task_hjdb":0.001913961,"davies2009\/mirex_qm_tempotracker":0.383310318,"echonest\/version_3_2_1":0.1438650884,"gkiokas2012\/default":0.0470310274,"klapuri2006\/percival2014":1.0,"oliveira2010\/ibt":0.647605896,"percival2014\/stem":0.5412561893,"scheirer1998\/percival2014":0.000000004,"schreiber2014\/default":0.5514843298,"schreiber2017\/ismir2017":0.6358280026,"schreiber2017\/mirex2017":0.7492586248,"schreiber2018\/cnn":0.0895310789,"schreiber2018\/fcn":0.0435585219,"schreiber2018\/ismir2018":0.0037191659,"zplane\/auftakt_v3":0.557197094},"oliveira2010\/ibt":{"boeck2015\/tempodetector2016_default":0.0001564172,"boeck2019\/multi_task":0.0165890034,"boeck2019\/multi_task_hjdb":0.0064265761,"davies2009\/mirex_qm_tempotracker":0.8036193848,"echonest\/version_3_2_1":0.0759047295,"gkiokas2012\/default":0.0226288412,"klapuri2006\/percival2014":0.647605896,"oliveira2010\/ibt":1.0,"percival2014\/stem":0.3105046591,"scheirer1998\/percival2014":0.0000000001,"schreiber2014\/default":0.349681953,"schreiber2017\/ismir2017":1.0,"schreiber2017\/mirex2017":1.0,"schreiber2018\/cnn":0.2153271497,"schreiber2018\/fcn":0.1262894744,"schreiber2018\/ismir2018":0.0241195448,"zplane\/auftakt_v3":0.2477885634},"percival2014\/stem":{"boeck2015\/tempodetector2016_default":0.0000033888,"boeck2019\/multi_task":0.0010885382,"boeck2019\/multi_task_hjdb":0.0004697573,"davies2009\/mirex_qm_tempotracker":0.187741559,"echonest\/version_3_2_1":0.3488888794,"gkiokas2012\/default":0.187741559,"klapuri2006\/percival2014":0.5412561893,"oliveira2010\/ibt":0.3105046591,"percival2014\/stem":1.0,"scheirer1998\/percival2014":0.000000018,"schreiber2014\/default":1.0,"schreiber2017\/ismir2017":0.229481013,"schreiber2017\/mirex2017":0.3105046591,"schreiber2018\/cnn":0.0315394974,"schreiber2018\/fcn":0.0079158973,"schreiber2018\/ismir2018":0.0022214338,"zplane\/auftakt_v3":1.0},"scheirer1998\/percival2014":{"boeck2015\/tempodetector2016_default":9.578735725e-19,"boeck2019\/multi_task":0.0,"boeck2019\/multi_task_hjdb":5.396645381e-16,"davies2009\/mirex_qm_tempotracker":0.0,"echonest\/version_3_2_1":0.0000256872,"gkiokas2012\/default":0.0000445345,"klapuri2006\/percival2014":0.000000004,"oliveira2010\/ibt":0.0000000001,"percival2014\/stem":0.000000018,"scheirer1998\/percival2014":1.0,"schreiber2014\/default":0.0000009675,"schreiber2017\/ismir2017":0.0,"schreiber2017\/mirex2017":0.0,"schreiber2018\/cnn":0.0,"schreiber2018\/fcn":0.0,"schreiber2018\/ismir2018":0.0,"zplane\/auftakt_v3":0.000000018},"schreiber2014\/default":{"boeck2015\/tempodetector2016_default":0.000000624,"boeck2019\/multi_task":0.0007172697,"boeck2019\/multi_task_hjdb":0.0004095415,"davies2009\/mirex_qm_tempotracker":0.2288055412,"echonest\/version_3_2_1":0.4613911821,"gkiokas2012\/default":0.3019956132,"klapuri2006\/percival2014":0.5514843298,"oliveira2010\/ibt":0.349681953,"percival2014\/stem":1.0,"scheirer1998\/percival2014":0.0000009675,"schreiber2014\/default":1.0,"schreiber2017\/ismir2017":0.187741559,"schreiber2017\/mirex2017":0.242984954,"schreiber2018\/cnn":0.0328391376,"schreiber2018\/fcn":0.0109735629,"schreiber2018\/ismir2018":0.0046013097,"zplane\/auftakt_v3":1.0},"schreiber2017\/ismir2017":{"boeck2015\/tempodetector2016_default":0.0000412576,"boeck2019\/multi_task":0.0166738478,"boeck2019\/multi_task_hjdb":0.0094753043,"davies2009\/mirex_qm_tempotracker":1.0,"echonest\/version_3_2_1":0.0356978036,"gkiokas2012\/default":0.0212941141,"klapuri2006\/percival2014":0.6358280026,"oliveira2010\/ibt":1.0,"percival2014\/stem":0.229481013,"scheirer1998\/percival2014":0.0,"schreiber2014\/default":0.187741559,"schreiber2017\/ismir2017":1.0,"schreiber2017\/mirex2017":1.0,"schreiber2018\/cnn":0.3603776529,"schreiber2018\/fcn":0.1641494018,"schreiber2018\/ismir2018":0.0652453352,