{"AOE1_MEAN":{"boeck2015\/tempodetector2016_default":0.1276924704,"boeck2020\/dar":0.1325004371,"schreiber2018\/ismir2018":0.1437278812,"boeck2019\/multi_task_hjdb":0.144008118,"boeck2019\/multi_task":0.1507815642,"sun2021\/default":0.1537318462,"schreiber2018\/cnn":0.1555303662,"schreiber2018\/fcn":0.1804032842,"oliveira2010\/ibt":0.1939758821,"schreiber2017\/ismir2017":0.2082681651,"klapuri2006\/percival2014":0.2110472064,"schreiber2017\/mirex2017":0.2200309756,"schreiber2014\/default":0.2249593507,"zplane\/auftakt_v3":0.2260691192,"percival2014\/stem":0.2357096475,"davies2009\/mirex_qm_tempotracker":0.2413030741,"echonest\/version_3_2_1":0.2493333362,"gkiokas2012\/default":0.299173173,"scheirer1998\/percival2014":0.3446656578},"AOE1_STDEV":{"boeck2015\/tempodetector2016_default":0.3070511086,"boeck2020\/dar":0.3255835178,"schreiber2018\/ismir2018":0.3080089616,"boeck2019\/multi_task_hjdb":0.3278272819,"boeck2019\/multi_task":0.3367778525,"sun2021\/default":0.3253805105,"schreiber2018\/cnn":0.3180011523,"schreiber2018\/fcn":0.3720438066,"oliveira2010\/ibt":0.3368398532,"schreiber2017\/ismir2017":0.3807677546,"klapuri2006\/percival2014":0.3670130616,"schreiber2017\/mirex2017":0.4178012573,"schreiber2014\/default":0.3807236398,"zplane\/auftakt_v3":0.3750494927,"percival2014\/stem":0.3963939558,"davies2009\/mirex_qm_tempotracker":0.4057194127,"echonest\/version_3_2_1":0.4055339581,"gkiokas2012\/default":0.4478919948,"scheirer1998\/percival2014":0.418167861},"AOE2_MEAN":{"boeck2015\/tempodetector2016_default":0.0323375306,"boeck2020\/dar":0.0305881036,"schreiber2018\/ismir2018":0.0459414434,"boeck2019\/multi_task_hjdb":0.0340917646,"boeck2019\/multi_task":0.032757763,"sun2021\/default":0.0366412076,"schreiber2018\/cnn":0.0519410401,"schreiber2018\/fcn":0.0391807192,"oliveira2010\/ibt":0.0661049556,"schreiber2017\/ismir2017":0.046467109,"klapuri2006\/percival2014":0.0525716009,"schreiber2017\/mirex2017":0.045055152,"schreiber2014\/default":0.0437763456,"zplane\/auftakt_v3":0.0583214508,"percival2014\/stem":0.0384238908,"davies2009\/mirex_qm_tempotracker":0.0583776347,"echonest\/version_3_2_1":0.040548557,"gkiokas2012\/default":0.0434321197,"scheirer1998\/percival2014":0.1016057728},"AOE2_STDEV":{"boeck2015\/tempodetector2016_default":0.0783726478,"boeck2020\/dar":0.0782567047,"schreiber2018\/ismir2018":0.0996005437,"boeck2019\/multi_task_hjdb":0.0892545314,"boeck2019\/multi_task":0.0868275698,"sun2021\/default":0.0842303325,"schreiber2018\/cnn":0.1144476256,"schreiber2018\/fcn":0.0878024837,"oliveira2010\/ibt":0.1270889618,"schreiber2017\/ismir2017":0.1057472801,"klapuri2006\/percival2014":0.1158237233,"schreiber2017\/mirex2017":0.1116555919,"schreiber2014\/default":0.0990602478,"zplane\/auftakt_v3":0.1263071684,"percival2014\/stem":0.0941327322,"davies2009\/mirex_qm_tempotracker":0.0934376587,"echonest\/version_3_2_1":0.0953783744,"gkiokas2012\/default":0.1015027534,"scheirer1998\/percival2014":0.1505876165}}