{"swing 8ths":{"boeck2015\/tempodetector2016_default":0.8333333333,"boeck2019\/multi_task":0.7777777778,"boeck2019\/multi_task_hjdb":0.7777777778,"boeck2020\/dar":0.8055555556,"davies2009\/mirex_qm_tempotracker":0.7777777778,"echonest\/version_3_2_1":0.3611111111,"gkiokas2012\/default":0.25,"klapuri2006\/percival2014":0.6111111111,"oliveira2010\/ibt":0.7222222222,"percival2014\/stem":0.4722222222,"scheirer1998\/percival2014":0.4722222222,"schreiber2014\/default":0.3611111111,"schreiber2017\/ismir2017":0.6111111111,"schreiber2017\/mirex2017":0.6944444444,"schreiber2018\/cnn":0.7222222222,"schreiber2018\/fcn":0.7222222222,"schreiber2018\/ismir2018":0.8333333333,"zplane\/auftakt_v3":0.5833333333},"swing 16ths":{"boeck2015\/tempodetector2016_default":0.9166666667,"boeck2019\/multi_task":0.8333333333,"boeck2019\/multi_task_hjdb":0.75,"boeck2020\/dar":0.75,"davies2009\/mirex_qm_tempotracker":0.8333333333,"echonest\/version_3_2_1":1.0,"gkiokas2012\/default":1.0,"klapuri2006\/percival2014":0.9166666667,"oliveira2010\/ibt":0.75,"percival2014\/stem":0.9166666667,"scheirer1998\/percival2014":0.75,"schreiber2014\/default":1.0,"schreiber2017\/ismir2017":0.9166666667,"schreiber2017\/mirex2017":0.8333333333,"schreiber2018\/cnn":0.9166666667,"schreiber2018\/fcn":1.0,"schreiber2018\/ismir2018":1.0,"zplane\/auftakt_v3":0.9166666667},"sudden change":{"boeck2015\/tempodetector2016_default":0.5,"boeck2019\/multi_task":0.5,"boeck2019\/multi_task_hjdb":0.25,"boeck2020\/dar":0.25,"davies2009\/mirex_qm_tempotracker":0.75,"echonest\/version_3_2_1":0.0,"gkiokas2012\/default":0.25,"klapuri2006\/percival2014":0.25,"oliveira2010\/ibt":0.5,"percival2014\/stem":0.25,"scheirer1998\/percival2014":0.25,"schreiber2014\/default":0.0,"schreiber2017\/ismir2017":0.25,"schreiber2017\/mirex2017":0.25,"schreiber2018\/cnn":0.25,"schreiber2018\/fcn":0.25,"schreiber2018\/ismir2018":0.5,"zplane\/auftakt_v3":0.0},"rubato":{"boeck2015\/tempodetector2016_default":0.6923076923,"boeck2019\/multi_task":0.6153846154,"boeck2019\/multi_task_hjdb":0.6538461538,"boeck2020\/dar":0.6538461538,"davies2009\/mirex_qm_tempotracker":0.1153846154,"echonest\/version_3_2_1":0.3846153846,"gkiokas2012\/default":0.3076923077,"klapuri2006\/percival2014":0.2307692308,"oliveira2010\/ibt":0.1923076923,"percival2014\/stem":0.2692307692,"scheirer1998\/percival2014":0.1923076923,"schreiber2014\/default":0.4230769231,"schreiber2017\/ismir2017":0.3461538462,"schreiber2017\/mirex2017":0.3461538462,"schreiber2018\/cnn":0.3076923077,"schreiber2018\/fcn":0.3461538462,"schreiber2018\/ismir2018":0.1923076923,"zplane\/auftakt_v3":0.1538461538},"rallantando":{"boeck2015\/tempodetector2016_default":0.5555555556,"boeck2019\/multi_task":0.4444444444,"boeck2019\/multi_task_hjdb":0.4444444444,"boeck2020\/dar":0.5555555556,"davies2009\/mirex_qm_tempotracker":0.3333333333,"echonest\/version_3_2_1":0.4444444444,"gkiokas2012\/default":0.3333333333,"klapuri2006\/percival2014":0.2222222222,"oliveira2010\/ibt":0.4444444444,"percival2014\/stem":0.3333333333,"scheirer1998\/percival2014":0.3333333333,"schreiber2014\/default":0.3333333333,"schreiber2017\/ismir2017":0.4444444444,"schreiber2017\/mirex2017":0.3333333333,"schreiber2018\/cnn":0.4444444444,"schreiber2018\/fcn":0.3333333333,"schreiber2018\/ismir2018":0.5555555556,"zplane\/auftakt_v3":0.4444444444},"none":{"boeck2015\/tempodetector2016_default":0.7777777778,"boeck2019\/multi_task":0.8888888889,"boeck2019\/multi_task_hjdb":0.7777777778,"boeck2020\/dar":0.7777777778,"davies2009\/mirex_qm_tempotracker":0.0,"echonest\/version_3_2_1":0.1111111111,"gkiokas2012\/default":0.0,"klapuri2006\/percival2014":0.0,"oliveira2010\/ibt":0.0,"percival2014\/stem":0.2222222222,"scheirer1998\/percival2014":0.1111111111,"schreiber2014\/default":0.6666666667,"schreiber2017\/ismir2017":0.4444444444,"schreiber2017\/mirex2017":0.1111111111,"schreiber2018\/cnn":0.3333333333,"schreiber2018\/fcn":0.1111111111,"schreiber2018\/ismir2018":0.2222222222,"zplane\/auftakt_v3":0.0},"div by 6":{"boeck2015\/tempodetector2016_default":1.0,"boeck2019\/multi_task":1.0,"boeck2019\/multi_task_hjdb":1.0,"boeck2020\/dar":1.0,"davies2009\/mirex_qm_tempotracker":1.0,"echonest\/version_3_2_1":1.0,"gkiokas2012\/default":1.0,"klapuri2006\/percival2014":1.0,"oliveira2010\/ibt":1.0,"percival2014\/stem":1.0,"scheirer1998\/percival2014":1.0,"schreiber2014\/default":1.0,"schreiber2017\/ismir2017":1.0,"schreiber2017\/mirex2017":1.0,"schreiber2018\/cnn":1.0,"schreiber2018\/fcn":1.0,"schreiber2018\/ismir2018":1.0,"zplane\/auftakt_v3":1.0},"div by 4":{"boeck2015\/tempodetector2016_default":0.9591836735,"boeck2019\/multi_task":0.9387755102,"boeck2019\/multi_task_hjdb":0.9591836735,"boeck2020\/dar":0.9591836735,"davies2009\/mirex_qm_tempotracker":0.9591836735,"echonest\/version_3_2_1":0.8979591837,"gkiokas2012\/default":0.8775510204,"klapuri2006\/percival2014":0.9183673469,"oliveira2010\/ibt":0.9591836735,"percival2014\/stem":0.8979591837,"scheirer1998\/percival2014":0.5918367347,"schreiber2014\/default":0.8979591837,"schreiber2017\/ismir2017":0.9387755102,"schreiber2017\/mirex2017":0.9387755102,"schreiber2018\/cnn":0.9387755102,"schreiber2018\/fcn":0.9591836735,"schreiber2018\/ismir2018":0.9591836735,"zplane\/auftakt_v3":0.8979591837},"div by 3 (triplet)":{"boeck2015\/tempodetector2016_default":0.625,"boeck2019\/multi_task":0.625,"boeck2019\/multi_task_hjdb":0.625,"boeck2020\/dar":0.625,"davies2009\/mirex_qm_tempotracker":0.625,"echonest\/version_3_2_1":0.625,"gkiokas2012\/default":0.625,"klapuri2006\/percival2014":0.5,"oliveira2010\/ibt":0.5,"percival2014\/stem":0.625,"scheirer1998\/percival2014":0.625,"schreiber2014\/default":0.375,"schreiber2017\/ismir2017":0.5,"schreiber2017\/mirex2017":0.375,"schreiber2018\/cnn":0.625,"schreiber2018\/fcn":0.5,"schreiber2018\/ismir2018":0.5,"zplane\/auftakt_v3":0.625},"div by 2":{"boeck2015\/tempodetector2016_default":0.8224299065,"boeck2019\/multi_task":0.7943925234,"boeck2019\/multi_task_hjdb":0.8224299065,"boeck2020\/dar":0.8504672897,"davies2009\/mirex_qm_tempotracker":0.7102803738,"echonest\/version_3_2_1":0.7102803738,"gkiokas2012\/default":0.7476635514,"klapuri2006\/percival2014":0.738317757,"oliveira2010\/ibt":0.7289719626,"percival2014\/stem":0.7289719626,"scheirer1998\/percival2014":0.4953271028,"schreiber2014\/default":0.7102803738,"schreiber2017\/ismir2017":0.7289719626,"schreiber2017\/mirex2017":0.7476635514,"schreiber2018\/cnn":0.7663551402,"schreiber2018\/fcn":0.7943925234,"schreiber2018\/ismir2018":0.7663551402,"zplane\/auftakt_v3":0.7102803738},"Rock\/Pop":{"boeck2015\/tempodetector2016_default":0.8382352941,"boeck2019\/multi_task":0.7941176471,"boeck2019\/multi_task_hjdb":0.8676470588,"boeck2020\/dar":0.8970588235,"davies2009\/mirex_qm_tempotracker":0.8676470588,"echonest\/version_3_2_1":0.7352941176,"gkiokas2012\/default":0.7205882353,"klapuri2006\/percival2014":0.8235294118,"oliveira2010\/ibt":0.8529411765,"percival2014\/stem":0.7794117647,"scheirer1998\/percival2014":0.5588235294,"schreiber2014\/default":0.75,"schreiber2017\/ismir2017":0.8088235294,"schreiber2017\/mirex2017":0.8235294118,"schreiber2018\/cnn":0.8823529412,"schreiber2018\/fcn":0.8676470588,"schreiber2018\/ismir2018":0.8676470588,"zplane\/auftakt_v3":0.8235294118},"Rock":{"boeck2015\/tempodetector2016_default":0.7666666667,"boeck2019\/multi_task":0.6666666667,"boeck2019\/multi_task_hjdb":0.7,"boeck2020\/dar":0.8,"davies2009\/mirex_qm_tempotracker":0.7333333333,"echonest\/version_3_2_1":0.8,"gkiokas2012\/default":0.7,"klapuri2006\/percival2014":0.7,"oliveira2010\/ibt":0.7,"percival2014\/stem":0.7333333333,"scheirer1998\/percival2014":0.4666666667,"schreiber2014\/default":0.7333333333,"schreiber2017\/ismir2017":0.7,"schreiber2017\/mirex2017":0.7333333333,"schreiber2018\/cnn":0.8,"schreiber2018\/fcn":0.8,"schreiber2018\/ismir2018":0.7333333333,"zplane\/auftakt_v3":0.7},"Jazz":{"boeck2015\/tempodetector2016_default":0.9,"boeck2019\/multi_task":0.875,"boeck2019\/multi_task_hjdb":0.875,"boeck2020\/dar":0.875,