{"swing 8ths":{"boeck2015\/tempodetector2016_default":0.9166666667,"boeck2019\/multi_task":0.9444444444,"boeck2019\/multi_task_hjdb":0.9166666667,"boeck2020\/dar":0.9444444444,"davies2009\/mirex_qm_tempotracker":0.9444444444,"echonest\/version_3_2_1":0.9166666667,"gkiokas2012\/default":0.9444444444,"klapuri2006\/percival2014":0.9166666667,"oliveira2010\/ibt":0.9166666667,"percival2014\/stem":0.9444444444,"scheirer1998\/percival2014":0.6944444444,"schreiber2014\/default":0.9166666667,"schreiber2017\/ismir2017":0.9444444444,"schreiber2017\/mirex2017":0.9444444444,"schreiber2018\/cnn":0.9444444444,"schreiber2018\/fcn":0.8888888889,"schreiber2018\/ismir2018":0.9166666667,"zplane\/auftakt_v3":0.9444444444},"swing 16ths":{"boeck2015\/tempodetector2016_default":1.0,"boeck2019\/multi_task":0.9166666667,"boeck2019\/multi_task_hjdb":0.9166666667,"boeck2020\/dar":1.0,"davies2009\/mirex_qm_tempotracker":1.0,"echonest\/version_3_2_1":1.0,"gkiokas2012\/default":1.0,"klapuri2006\/percival2014":1.0,"oliveira2010\/ibt":0.9166666667,"percival2014\/stem":1.0,"scheirer1998\/percival2014":0.8333333333,"schreiber2014\/default":1.0,"schreiber2017\/ismir2017":0.9166666667,"schreiber2017\/mirex2017":0.9166666667,"schreiber2018\/cnn":1.0,"schreiber2018\/fcn":1.0,"schreiber2018\/ismir2018":1.0,"zplane\/auftakt_v3":1.0},"sudden change":{"boeck2015\/tempodetector2016_default":0.5,"boeck2019\/multi_task":0.5,"boeck2019\/multi_task_hjdb":0.5,"boeck2020\/dar":0.5,"davies2009\/mirex_qm_tempotracker":0.5,"echonest\/version_3_2_1":0.5,"gkiokas2012\/default":0.25,"klapuri2006\/percival2014":0.25,"oliveira2010\/ibt":0.5,"percival2014\/stem":0.5,"scheirer1998\/percival2014":0.0,"schreiber2014\/default":0.5,"schreiber2017\/ismir2017":0.25,"schreiber2017\/mirex2017":0.25,"schreiber2018\/cnn":0.25,"schreiber2018\/fcn":0.25,"schreiber2018\/ismir2018":0.5,"zplane\/auftakt_v3":0.25},"rubato":{"boeck2015\/tempodetector2016_default":0.5,"boeck2019\/multi_task":0.6153846154,"boeck2019\/multi_task_hjdb":0.5769230769,"boeck2020\/dar":0.5384615385,"davies2009\/mirex_qm_tempotracker":0.3076923077,"echonest\/version_3_2_1":0.3846153846,"gkiokas2012\/default":0.3461538462,"klapuri2006\/percival2014":0.4230769231,"oliveira2010\/ibt":0.3076923077,"percival2014\/stem":0.3461538462,"scheirer1998\/percival2014":0.2692307692,"schreiber2014\/default":0.5,"schreiber2017\/ismir2017":0.4230769231,"schreiber2017\/mirex2017":0.4230769231,"schreiber2018\/cnn":0.2692307692,"schreiber2018\/fcn":0.4615384615,"schreiber2018\/ismir2018":0.2692307692,"zplane\/auftakt_v3":0.2692307692},"rallantando":{"boeck2015\/tempodetector2016_default":0.3333333333,"boeck2019\/multi_task":0.3333333333,"boeck2019\/multi_task_hjdb":0.3333333333,"boeck2020\/dar":0.3333333333,"davies2009\/mirex_qm_tempotracker":0.2222222222,"echonest\/version_3_2_1":0.3333333333,"gkiokas2012\/default":0.3333333333,"klapuri2006\/percival2014":0.3333333333,"oliveira2010\/ibt":0.2222222222,"percival2014\/stem":0.3333333333,"scheirer1998\/percival2014":0.3333333333,"schreiber2014\/default":0.3333333333,"schreiber2017\/ismir2017":0.3333333333,"schreiber2017\/mirex2017":0.4444444444,"schreiber2018\/cnn":0.4444444444,"schreiber2018\/fcn":0.3333333333,"schreiber2018\/ismir2018":0.3333333333,"zplane\/auftakt_v3":0.2222222222},"none":{"boeck2015\/tempodetector2016_default":0.6666666667,"boeck2019\/multi_task":0.7777777778,"boeck2019\/multi_task_hjdb":0.7777777778,"boeck2020\/dar":0.6666666667,"davies2009\/mirex_qm_tempotracker":0.2222222222,"echonest\/version_3_2_1":0.0,"gkiokas2012\/default":0.2222222222,"klapuri2006\/percival2014":0.1111111111,"oliveira2010\/ibt":0.1111111111,"percival2014\/stem":0.3333333333,"scheirer1998\/percival2014":0.1111111111,"schreiber2014\/default":0.6666666667,"schreiber2017\/ismir2017":0.3333333333,"schreiber2017\/mirex2017":0.3333333333,"schreiber2018\/cnn":0.3333333333,"schreiber2018\/fcn":0.3333333333,"schreiber2018\/ismir2018":0.3333333333,"zplane\/auftakt_v3":0.1111111111},"div by 6":{"boeck2015\/tempodetector2016_default":1.0,"boeck2019\/multi_task":1.0,"boeck2019\/multi_task_hjdb":1.0,"boeck2020\/dar":1.0,"davies2009\/mirex_qm_tempotracker":1.0,"echonest\/version_3_2_1":1.0,"gkiokas2012\/default":1.0,"klapuri2006\/percival2014":1.0,"oliveira2010\/ibt":1.0,"percival2014\/stem":1.0,"scheirer1998\/percival2014":1.0,"schreiber2014\/default":1.0,"schreiber2017\/ismir2017":1.0,"schreiber2017\/mirex2017":1.0,"schreiber2018\/cnn":1.0,"schreiber2018\/fcn":1.0,"schreiber2018\/ismir2018":1.0,"zplane\/auftakt_v3":1.0},"div by 4":{"boeck2015\/tempodetector2016_default":1.0,"boeck2019\/multi_task":1.0,"boeck2019\/multi_task_hjdb":1.0,"boeck2020\/dar":1.0,"davies2009\/mirex_qm_tempotracker":0.9591836735,"echonest\/version_3_2_1":0.9795918367,"gkiokas2012\/default":0.9387755102,"klapuri2006\/percival2014":0.9591836735,"oliveira2010\/ibt":0.9795918367,"percival2014\/stem":1.0,"scheirer1998\/percival2014":0.693877551,"schreiber2014\/default":0.9795918367,"schreiber2017\/ismir2017":0.9795918367,"schreiber2017\/mirex2017":1.0,"schreiber2018\/cnn":0.9795918367,"schreiber2018\/fcn":0.9591836735,"schreiber2018\/ismir2018":0.9795918367,"zplane\/auftakt_v3":0.9591836735},"div by 3 (triplet)":{"boeck2015\/tempodetector2016_default":0.625,"boeck2019\/multi_task":0.75,"boeck2019\/multi_task_hjdb":0.625,"boeck2020\/dar":0.625,"davies2009\/mirex_qm_tempotracker":0.5,"echonest\/version_3_2_1":0.875,"gkiokas2012\/default":0.75,"klapuri2006\/percival2014":0.625,"oliveira2010\/ibt":0.5,"percival2014\/stem":0.75,"scheirer1998\/percival2014":0.5,"schreiber2014\/default":0.375,"schreiber2017\/ismir2017":0.625,"schreiber2017\/mirex2017":0.625,"schreiber2018\/cnn":0.75,"schreiber2018\/fcn":1.0,"schreiber2018\/ismir2018":0.625,"zplane\/auftakt_v3":0.75},"div by 2":{"boeck2015\/tempodetector2016_default":0.8411214953,"boeck2019\/multi_task":0.8504672897,"boeck2019\/multi_task_hjdb":0.8504672897,"boeck2020\/dar":0.8504672897,"davies2009\/mirex_qm_tempotracker":0.785046729,"echonest\/version_3_2_1":0.8317757009,"gkiokas2012\/default":0.8130841121,"klapuri2006\/percival2014":0.8224299065,"oliveira2010\/ibt":0.785046729,"percival2014\/stem":0.8224299065,"scheirer1998\/percival2014":0.6542056075,"schreiber2014\/default":0.8411214953,"schreiber2017\/ismir2017":0.8130841121,"schreiber2017\/mirex2017":0.8224299065,"schreiber2018\/cnn":0.785046729,"schreiber2018\/fcn":0.8317757009,"schreiber2018\/ismir2018":0.7943925234,"zplane\/auftakt_v3":0.7663551402},"Rock\/Pop":{"boeck2015\/tempodetector2016_default":0.8970588235,"boeck2019\/multi_task":0.8970588235,"boeck2019\/multi_task_hjdb":0.8970588235,"boeck2020\/dar":0.8970588235,"davies2009\/mirex_qm_tempotracker":0.8676470588,"echonest\/version_3_2_1":0.8823529412,"gkiokas2012\/default":0.8676470588,"klapuri2006\/percival2014":0.8823529412,"oliveira2010\/ibt":0.8823529412,"percival2014\/stem":0.8970588235,"scheirer1998\/percival2014":0.7058823529,"schreiber2014\/default":0.8970588235,"schreiber2017\/ismir2017":0.8823529412,"schreiber2017\/mirex2017":0.8970588235,"schreiber2018\/cnn":0.8823529412,"schreiber2018\/fcn":0.8823529412,"schreiber2018\/ismir2018":0.8823529412,"zplane\/auftakt_v3":0.8823529412},"Rock":{"boeck2015\/tempodetector2016_default":0.7666666667,"boeck2019\/multi_task":0.7666666667,"boeck2019\/multi_task_hjdb":0.7666666667,"boeck2020\/dar":0.7666666667,"davies2009\/mirex_qm_tempotracker":0.7666666667,"echonest\/version_3_2_1":0.7666666667,"gkiokas2012\/default":0.7333333333,"klapuri2006\/percival2014":0.7666666667,"oliveira2010\/ibt":0.7666666667,"percival2014\/stem":0.7666666667,"scheirer1998\/percival2014":0.6333333333,"schreiber2014\/default":0.8,"schreiber2017\/ismir2017":0.7666666667,"schreiber2017\/mirex2017":0.8,"schreiber2018\/cnn":0.7666666667,"schreiber2018\/fcn":0.7333333333,"schreiber2018\/ismir2018":0.7666666667,"zplane\/auftakt_v3":0.7333333333},"Jazz":{"boeck2015\/tempodetector2016_default":0.95,"boeck2019\/multi_task":0.975,"boeck2019\/multi_task_hjdb":0.975,"boeck2020\/dar":0.975,