{"Accuracy1":{"boeck2015\/tempodetector2016_default":0.8603603604,"schreiber2018\/ismir2018":0.8018018018,"schreiber2018\/fcn":0.7927927928,"schreiber2018\/cnn":0.7792792793,"davies2009\/mirex_qm_tempotracker":0.7522522523,"oliveira2010\/ibt":0.7432432432,"klapuri2006\/percival2014":0.7297297297,"percival2014\/stem":0.7117117117,"zplane\/auftakt_v3":0.7117117117,"schreiber2014\/default":0.7072072072,"echonest\/version_3_2_1":0.6801801802,"schreiber2017\/mirex2017":0.6756756757,"gkiokas2012\/default":0.6711711712,"schreiber2017\/ismir2017":0.6711711712,"scheirer1998\/percival2014":0.518018018},"Accuracy2":{"boeck2015\/tempodetector2016_default":0.9369369369,"schreiber2018\/ismir2018":0.8738738739,"schreiber2018\/fcn":0.8918918919,"schreiber2018\/cnn":0.8693693694,"davies2009\/mirex_qm_tempotracker":0.8558558559,"oliveira2010\/ibt":0.8378378378,"klapuri2006\/percival2014":0.8558558559,"percival2014\/stem":0.8918918919,"zplane\/auftakt_v3":0.8423423423,"schreiber2014\/default":0.8828828829,"echonest\/version_3_2_1":0.8783783784,"schreiber2017\/mirex2017":0.8918918919,"gkiokas2012\/default":0.8783783784,"schreiber2017\/ismir2017":0.8918918919,"scheirer1998\/percival2014":0.6891891892}}