Item,cvar,1.0,2.0,3.0,davies2009/mirex_qm_tempotracker,klapuri2006/percival2014,boeck2019/multi_task_hjdb,boeck2019/multi_task,boeck2020/dar,schreiber2018/fcn,schreiber2018/ismir2018,schreiber2018/cnn,percival2014/stem,gkiokas2012/default,schreiber2017/mirex2017,schreiber2017/ismir2017,scheirer1998/percival2014,zplane/auftakt_v3,oliveira2010/ibt,boeck2015/tempodetector2016_default,echonest/version_3_2_1,schreiber2014/default
006.jams,0.1772914433227036,87.28,100.2016529864524,102.6973827634738,234.908,114.84375,115.53,114.58,108.27,116,116,116,113.582,114.0,114.421425,114.421425,170.117,113.9,112.0,222.22,113.407,54.845005
013.jams,0.07167202109733124,64.1988,64.72089492053634,65.28497409326435,139.675,135.999178,135.44,134.72,133.78,138,136,139,136.9,137.0,69.5124,69.5124,134.783,138.4,133.0,136.36,68.34,126.32883
059.jams,0.023971478495922693,66.8319,68.8081449894172,69.11142454160786,105.469,103.359375,103.39,103.51,103.63,205,104,104,103.879,103.0,103.46031,103.46031,103.295,103.4,101.0,103.45,103.283,103.3026
137.jams,0.37364929808833247,114.0116,175.95717444431511,173.89018969036002,151.999,147.65625,74.98,74.73,146.76,75,75,75,89.1029,75.0,74.24382,74.24382,86.5051,89.6,92.0,74.07,149.526,90.44891
