{"AOE1_MEAN":{"boeck2015\/tempodetector2016_default":0.1245530215,"boeck2020\/dar":0.1295367034,"schreiber2018\/ismir2018":0.1438880745,"boeck2019\/multi_task_hjdb":0.1460118782,"schreiber2018\/cnn":0.15059658,"sun2021\/default":0.1528589885,"boeck2019\/multi_task":0.1541429746,"schreiber2018\/fcn":0.1813890769,"oliveira2010\/ibt":0.1884443229,"klapuri2006\/percival2014":0.2036423593,"schreiber2017\/ismir2017":0.2117501575,"schreiber2017\/mirex2017":0.2232576056,"zplane\/auftakt_v3":0.2260693467,"davies2009\/mirex_qm_tempotracker":0.2297329013,"schreiber2014\/default":0.2304330861,"percival2014\/stem":0.2369395189,"echonest\/version_3_2_1":0.2514473698,"gkiokas2012\/default":0.2964099153,"scheirer1998\/percival2014":0.3434712288},"AOE1_STDEV":{"boeck2015\/tempodetector2016_default":0.3155596963,"boeck2020\/dar":0.3341323221,"schreiber2018\/ismir2018":0.3205498957,"boeck2019\/multi_task_hjdb":0.3448974394,"schreiber2018\/cnn":0.3251816317,"sun2021\/default":0.337557086,"boeck2019\/multi_task":0.3549904855,"schreiber2018\/fcn":0.3826509362,"oliveira2010\/ibt":0.3392315543,"klapuri2006\/percival2014":0.3683380147,"schreiber2017\/ismir2017":0.3969761434,"schreiber2017\/mirex2017":0.4331016004,"zplane\/auftakt_v3":0.3831188561,"davies2009\/mirex_qm_tempotracker":0.3995607196,"schreiber2014\/default":0.3911690078,"percival2014\/stem":0.4062767078,"echonest\/version_3_2_1":0.4154506995,"gkiokas2012\/default":0.4542614532,"scheirer1998\/percival2014":0.4217896236},"AOE2_MEAN":{"boeck2015\/tempodetector2016_default":0.0217279351,"boeck2020\/dar":0.0205608875,"schreiber2018\/ismir2018":0.0376370035,"boeck2019\/multi_task_hjdb":0.0220985156,"schreiber2018\/cnn":0.0420226619,"sun2021\/default":0.0272132773,"boeck2019\/multi_task":0.0209872824,"schreiber2018\/fcn":0.0289500832,"oliveira2010\/ibt":0.0583953859,"klapuri2006\/percival2014":0.0416466994,"schreiber2017\/ismir2017":0.0338872659,"schreiber2017\/mirex2017":0.0334221156,"zplane\/auftakt_v3":0.0470231721,"davies2009\/mirex_qm_tempotracker":0.0505255851,"schreiber2014\/default":0.0361312061,"percival2014\/stem":0.0266462182,"echonest\/version_3_2_1":0.0334913698,"gkiokas2012\/default":0.0324331645,"scheirer1998\/percival2014":0.0953036266},"AOE2_STDEV":{"boeck2015\/tempodetector2016_default":0.0572919613,"boeck2020\/dar":0.0652266805,"schreiber2018\/ismir2018":0.0900606239,"boeck2019\/multi_task_hjdb":0.0676311635,"schreiber2018\/cnn":0.1013058028,"sun2021\/default":0.0659784892,"boeck2019\/multi_task":0.064804794,"schreiber2018\/fcn":0.0693292201,"oliveira2010\/ibt":0.1203150566,"klapuri2006\/percival2014":0.1023594061,"schreiber2017\/ismir2017":0.0899788788,"schreiber2017\/mirex2017":0.0995740736,"zplane\/auftakt_v3":0.1140860499,"davies2009\/mirex_qm_tempotracker":0.0882236951,"schreiber2014\/default":0.0933593568,"percival2014\/stem":0.0793778228,"echonest\/version_3_2_1":0.0853907734,"gkiokas2012\/default":0.0839677116,"scheirer1998\/percival2014":0.1466212178}}