{"Size":{"1.0":222,"2.0":222,"3.0":222},"Min":{"1.0":51.8635,"2.0":55.5098101946,"3.0":55.7240976405},"Max":{"1.0":198.1547,"2.0":198.9492412147,"3.0":198.2616514311},"Avg":{"1.0":113.3045256757,"2.0":114.58937324,"3.0":114.6156968153},"Stdev":{"1.0":28.8424299429,"2.0":29.5570627414,"3.0":29.3603919262},"Sweet Oct. Start":{"1.0":79.0,"2.0":76.0,"3.0":77.0},"Sweet Oct. Coverage":{"1.0":0.8243243243,"2.0":0.8063063063,"3.0":0.8153153153}}