{"boeck2015\/tempodetector2016_default":{"boeck2015\/tempodetector2016_default":1.0,"boeck2019\/multi_task":0.2192258276,"boeck2019\/multi_task_hjdb":0.3690433416,"boeck2020\/dar":0.8519625296,"davies2009\/mirex_qm_tempotracker":0.0005817514,"echonest\/version_3_2_1":0.0000403724,"gkiokas2012\/default":0.0000006204,"klapuri2006\/percival2014":0.0064835244,"oliveira2010\/ibt":0.0145083586,"percival2014\/stem":0.0001482214,"scheirer1998\/percival2014":0.0,"schreiber2014\/default":0.0001102143,"schreiber2017\/ismir2017":0.0013110711,"schreiber2017\/mirex2017":0.001539781,"schreiber2018\/cnn":0.2893341112,"schreiber2018\/fcn":0.0506844919,"schreiber2018\/ismir2018":0.4142647998,"sun2021\/default":0.2309848998,"zplane\/auftakt_v3":0.0003035637},"boeck2019\/multi_task":{"boeck2015\/tempodetector2016_default":0.2192258276,"boeck2019\/multi_task":1.0,"boeck2019\/multi_task_hjdb":0.6426334508,"boeck2020\/dar":0.2944873672,"davies2009\/mirex_qm_tempotracker":0.0190265718,"echonest\/version_3_2_1":0.0019205162,"gkiokas2012\/default":0.0000793252,"klapuri2006\/percival2014":0.0863932242,"oliveira2010\/ibt":0.1725536857,"percival2014\/stem":0.003662481,"scheirer1998\/percival2014":0.000000016,"schreiber2014\/default":0.0091850741,"schreiber2017\/ismir2017":0.0229018432,"schreiber2017\/mirex2017":0.0249060075,"schreiber2018\/cnn":0.8934554005,"schreiber2018\/fcn":0.3470558764,"schreiber2018\/ismir2018":0.6018478526,"sun2021\/default":0.979311266,"zplane\/auftakt_v3":0.0083519111},"boeck2019\/multi_task_hjdb":{"boeck2015\/tempodetector2016_default":0.3690433416,"boeck2019\/multi_task":0.6426334508,"boeck2019\/multi_task_hjdb":1.0,"boeck2020\/dar":0.4414771757,"davies2009\/mirex_qm_tempotracker":0.006916113,"echonest\/version_3_2_1":0.0007424442,"gkiokas2012\/default":0.0000121807,"klapuri2006\/percival2014":0.0447433296,"oliveira2010\/ibt":0.0840374963,"percival2014\/stem":0.001416788,"scheirer1998\/percival2014":0.0000000023,"schreiber2014\/default":0.0042620951,"schreiber2017\/ismir2017":0.0130454818,"schreiber2017\/mirex2017":0.0090241118,"schreiber2018\/cnn":0.8374254088,"schreiber2018\/fcn":0.2476053268,"schreiber2018\/ismir2018":0.8793416374,"sun2021\/default":0.7579770531,"zplane\/auftakt_v3":0.0026449423},"boeck2020\/dar":{"boeck2015\/tempodetector2016_default":0.8519625296,"boeck2019\/multi_task":0.2944873672,"boeck2019\/multi_task_hjdb":0.4414771757,"boeck2020\/dar":1.0,"davies2009\/mirex_qm_tempotracker":0.0029051294,"echonest\/version_3_2_1":0.0002556621,"gkiokas2012\/default":0.0000031387,"klapuri2006\/percival2014":0.0206182449,"oliveira2010\/ibt":0.0390543883,"percival2014\/stem":0.0005319988,"scheirer1998\/percival2014":0.0000000018,"schreiber2014\/default":0.0011468695,"schreiber2017\/ismir2017":0.0029643523,"schreiber2017\/mirex2017":0.0023370381,"schreiber2018\/cnn":0.379712518,"schreiber2018\/fcn":0.0832210792,"schreiber2018\/ismir2018":0.5637897703,"sun2021\/default":0.3005222608,"zplane\/auftakt_v3":0.0009745143},"davies2009\/mirex_qm_tempotracker":{"boeck2015\/tempodetector2016_default":0.0005817514,"boeck2019\/multi_task":0.0190265718,"boeck2019\/multi_task_hjdb":0.006916113,"boeck2020\/dar":0.0029051294,"davies2009\/mirex_qm_tempotracker":1.0,"echonest\/version_3_2_1":0.4803080464,"gkiokas2012\/default":0.0278957195,"klapuri2006\/percival2014":0.2053448889,"oliveira2010\/ibt":0.0334304229,"percival2014\/stem":0.8178740367,"scheirer1998\/percival2014":0.0003274817,"schreiber2014\/default":0.946091738,"schreiber2017\/ismir2017":0.6010574079,"schreiber2017\/mirex2017":0.8851389835,"schreiber2018\/cnn":0.0072633385,"schreiber2018\/fcn":0.1305456996,"schreiber2018\/ismir2018":0.0013100376,"sun2021\/default":0.0233451073,"zplane\/auftakt_v3":0.8877929191},"echonest\/version_3_2_1":{"boeck2015\/tempodetector2016_default":0.0000403724,"boeck2019\/multi_task":0.0019205162,"boeck2019\/multi_task_hjdb":0.0007424442,"boeck2020\/dar":0.0002556621,"davies2009\/mirex_qm_tempotracker":0.4803080464,"echonest\/version_3_2_1":1.0,"gkiokas2012\/default":0.1687333328,"klapuri2006\/percival2014":0.1300220213,"oliveira2010\/ibt":0.0424269142,"percival2014\/stem":0.5915371613,"scheirer1998\/percival2014":0.006172558,"schreiber2014\/default":0.4673984481,"schreiber2017\/ismir2017":0.1369525204,"schreiber2017\/mirex2017":0.2861544267,"schreiber2018\/cnn":0.0019237423,"schreiber2018\/fcn":0.0352459855,"schreiber2018\/ismir2018":0.000706984,"sun2021\/default":0.0028578101,"zplane\/auftakt_v3":0.3681906218},"gkiokas2012\/default":{"boeck2015\/tempodetector2016_default":0.0000006204,"boeck2019\/multi_task":0.0000793252,"boeck2019\/multi_task_hjdb":0.0000121807,"boeck2020\/dar":0.0000031387,"davies2009\/mirex_qm_tempotracker":0.0278957195,"echonest\/version_3_2_1":0.1687333328,"gkiokas2012\/default":1.0,"klapuri2006\/percival2014":0.0006761014,"oliveira2010\/ibt":0.0002474379,"percival2014\/stem":0.0442585347,"scheirer1998\/percival2014":0.2314988144,"schreiber2014\/default":0.0313708248,"schreiber2017\/ismir2017":0.0116303938,"schreiber2017\/mirex2017":0.0365000197,"schreiber2018\/cnn":0.0000076425,"schreiber2018\/fcn":0.0004283737,"schreiber2018\/ismir2018":0.0000042875,"sun2021\/default":0.0000726279,"zplane\/auftakt_v3":0.0145219007},"klapuri2006\/percival2014":{"boeck2015\/tempodetector2016_default":0.0064835244,"boeck2019\/multi_task":0.0863932242,"boeck2019\/multi_task_hjdb":0.0447433296,"boeck2020\/dar":0.0206182449,"davies2009\/mirex_qm_tempotracker":0.2053448889,"echonest\/version_3_2_1":0.1300220213,"gkiokas2012\/default":0.0006761014,"klapuri2006\/percival2014":1.0,"oliveira2010\/ibt":0.3602412539,"percival2014\/stem":0.1616888361,"scheirer1998\/percival2014":0.000004368,"schreiber2014\/default":0.3170210437,"schreiber2017\/ismir2017":0.7719650853,"schreiber2017\/mirex2017":0.5189305809,"schreiber2018\/cnn":0.0521815975,"schreiber2018\/fcn":0.4413870633,"schreiber2018\/ismir2018":0.0099463636,"sun2021\/default":0.117885858,"zplane\/auftakt_v3":0.3056563189},"oliveira2010\/ibt":{"boeck2015\/tempodetector2016_default":0.0145083586,"boeck2019\/multi_task":0.1725536857,"boeck2019\/multi_task_hjdb":0.0840374963,"boeck2020\/dar":0.0390543883,"davies2009\/mirex_qm_tempotracker":0.0334304229,"echonest\/version_3_2_1":0.0424269142,"gkiokas2012\/default":0.0002474379,"klapuri2006\/percival2014":0.3602412539,"oliveira2010\/ibt":1.0,"percival2014\/stem":0.0482035707,"scheirer1998\/percival2014":0.0000000632,"schreiber2014\/default":0.1419825162,"schreiber2017\/ismir2017":0.3850002069,"schreiber2017\/mirex2017":0.2425754364,"schreiber2018\/cnn":0.111084997,"schreiber2018\/fcn":0.78746158,"schreiber2018\/ismir2018":0.0310177342,"sun2021\/default":0.200360712,"zplane\/auftakt_v3":0.0591214058},"percival2014\/stem":{"boeck2015\/tempodetector2016_default":0.0001482214,"boeck2019\/multi_task":0.003662481,"boeck2019\/multi_task_hjdb":0.001416788,"boeck2020\/dar":0.0005319988,"davies2009\/mirex_qm_tempotracker":0.8178740367,"echonest\/version_3_2_1":0.5915371613,"gkiokas2012\/default":0.0442585347,"klapuri2006\/percival2014":0.1616888361,"oliveira2010\/ibt":0.0482035707,"percival2014\/stem":1.0,"scheirer1998\/percival2014":0.0003780273,"schreiber2014\/default":0.8465529592,"schreiber2017\/ismir2017":0.3246190396,"schreiber2017\/mirex2017":0.6754570415,"schreiber2018\/cnn":0.0030800933,"schreiber2018\/fcn":0.0657132316,"schreiber2018\/ismir2018":0.000356087,"sun2021\/default":0.006448358,"zplane\/auftakt_v3":0.659289174},"scheirer1998\/percival2014":{"boeck2015\/tempodetector2016_default":0.0,"boeck2019\/multi_task":0.000000016,"boeck2019\/multi_task_hjdb":0.0000000023,"boeck2020\/dar":0.0000000018,"davies2009\/mirex_qm_tempotracker":0.0003274817,"echonest\/version_3_2_1":0.006172558,"gkiokas2012\/default":0.2314988144,"klapuri2006\/percival2014":0.000004368,"oliveira2010\/ibt":0.0000000632,"percival2014\/stem":0.0003780273,"scheirer1998\/percival2014":1.0,"schreiber2014\/default":0.0005032651,"schreiber2017\/ismir2017":0.0000188101,"schreiber2017\/mirex2017":0.0005613411,