{"OE1_MEAN":{"boeck2015\/tempodetector2016_default":-0.0331606784,"schreiber2018\/ismir2018":0.0097980108,"schreiber2018\/cnn":0.0248613239,"oliveira2010\/ibt":0.0479699066,"klapuri2006\/percival2014":0.0212935986,"schreiber2014\/default":-0.163793546,"schreiber2018\/fcn":-0.0017478462,"davies2009\/mirex_qm_tempotracker":0.1515420765,"echonest\/version_3_2_1":-0.1980878728,"zplane\/auftakt_v3":-0.0203356271,"percival2014\/stem":-0.0978695501,"schreiber2017\/mirex2017":-0.210581581,"schreiber2017\/ismir2017":-0.1745455443,"scheirer1998\/percival2014":-0.0609689889,"gkiokas2012\/default":-0.0335563738},"OE1_STDEV":{"boeck2015\/tempodetector2016_default":0.3376266377,"schreiber2018\/ismir2018":0.3512264407,"schreiber2018\/cnn":0.3574973259,"oliveira2010\/ibt":0.385082067,"klapuri2006\/percival2014":0.4203447231,"schreiber2014\/default":0.4234197375,"schreiber2018\/fcn":0.423462727,"davies2009\/mirex_qm_tempotracker":0.4352711495,"echonest\/version_3_2_1":0.4433804891,"zplane\/auftakt_v3":0.444380321,"percival2014\/stem":0.460024619,"schreiber2017\/mirex2017":0.5179350121,"schreiber2017\/ismir2017":0.5376848476,"scheirer1998\/percival2014":0.5405198924,"gkiokas2012\/default":0.5413744319},"OE2_MEAN":{"boeck2015\/tempodetector2016_default":-0.0034986851,"schreiber2018\/ismir2018":-0.0018459645,"schreiber2018\/cnn":-0.0002961648,"oliveira2010\/ibt":0.0029248616,"klapuri2006\/percival2014":-0.0057334284,"schreiber2014\/default":-0.0106403928,"schreiber2018\/fcn":0.0038607687,"davies2009\/mirex_qm_tempotracker":0.0085020427,"echonest\/version_3_2_1":-0.0053957348,"zplane\/auftakt_v3":-0.0068221136,"percival2014\/stem":0.010238558,"schreiber2017\/mirex2017":0.0007914483,"schreiber2017\/ismir2017":0.0007914489,"scheirer1998\/percival2014":0.0239366714,"gkiokas2012\/default":0.0080882771},"OE2_STDEV":{"boeck2015\/tempodetector2016_default":0.0611737787,"schreiber2018\/ismir2018":0.0975912518,"schreiber2018\/cnn":0.1096753486,"oliveira2010\/ibt":0.1337055688,"klapuri2006\/percival2014":0.1103586127,"schreiber2014\/default":0.0995400201,"schreiber2018\/fcn":0.0750316103,"davies2009\/mirex_qm_tempotracker":0.101311255,"echonest\/version_3_2_1":0.091564961,"zplane\/auftakt_v3":0.1232082151,"percival2014\/stem":0.0831025369,"schreiber2017\/mirex2017":0.1063671347,"schreiber2017\/ismir2017":0.1063671341,"scheirer1998\/percival2014":0.1732270144,"gkiokas2012\/default":0.0896496878}}