{"Accuracy1":{"boeck2020\/dar":0.8108108108,"boeck2015\/tempodetector2016_default":0.8063063063,"boeck2019\/multi_task_hjdb":0.7972972973,"boeck2019\/multi_task":0.7972972973,"schreiber2018\/ismir2018":0.7747747748,"schreiber2018\/fcn":0.7702702703,"schreiber2018\/cnn":0.7657657658,"schreiber2017\/mirex2017":0.7387387387,"schreiber2017\/ismir2017":0.7297297297,"oliveira2010\/ibt":0.7252252252,"davies2009\/mirex_qm_tempotracker":0.7207207207,"klapuri2006\/percival2014":0.7162162162,"schreiber2014\/default":0.7072072072,"zplane\/auftakt_v3":0.6981981982,"percival2014\/stem":0.6981981982,"echonest\/version_3_2_1":0.6666666667,"gkiokas2012\/default":0.6441441441,"scheirer1998\/percival2014":0.490990991},"Accuracy2":{"boeck2020\/dar":0.8918918919,"boeck2015\/tempodetector2016_default":0.8828828829,"boeck2019\/multi_task_hjdb":0.8873873874,"boeck2019\/multi_task":0.8963963964,"schreiber2018\/ismir2018":0.8423423423,"schreiber2018\/fcn":0.8648648649,"schreiber2018\/cnn":0.8468468468,"schreiber2017\/mirex2017":0.8603603604,"schreiber2017\/ismir2017":0.8513513514,"oliveira2010\/ibt":0.8198198198,"davies2009\/mirex_qm_tempotracker":0.8288288288,"klapuri2006\/percival2014":0.8423423423,"schreiber2014\/default":0.8693693694,"zplane\/auftakt_v3":0.8243243243,"percival2014\/stem":0.8693693694,"echonest\/version_3_2_1":0.8558558559,"gkiokas2012\/default":0.8468468468,"scheirer1998\/percival2014":0.6531531532}}