{"boeck2015\/tempodetector2016_default":{"boeck2015\/tempodetector2016_default":1.0,"davies2009\/mirex_qm_tempotracker":0.0000000082,"echonest\/version_3_2_1":0.0000008555,"gkiokas2012\/default":0.9913245705,"klapuri2006\/percival2014":0.0676794728,"oliveira2010\/ibt":0.0025999079,"percival2014\/stem":0.0340672348,"scheirer1998\/percival2014":0.4576352893,"schreiber2014\/default":0.0000107119,"schreiber2017\/ismir2017":0.0001867231,"schreiber2017\/mirex2017":0.000001628,"schreiber2018\/cnn":0.0208068939,"schreiber2018\/fcn":0.2877744498,"schreiber2018\/ismir2018":0.062496966,"zplane\/auftakt_v3":0.6677233171},"davies2009\/mirex_qm_tempotracker":{"boeck2015\/tempodetector2016_default":0.0000000082,"davies2009\/mirex_qm_tempotracker":1.0,"echonest\/version_3_2_1":1.32268624e-19,"gkiokas2012\/default":0.0000000016,"klapuri2006\/percival2014":0.0000000001,"oliveira2010\/ibt":0.0000001095,"percival2014\/stem":2.629881176e-17,"scheirer1998\/percival2014":0.0,"schreiber2014\/default":5.895543135e-21,"schreiber2017\/ismir2017":0.0,"schreiber2017\/mirex2017":3.021815764e-17,"schreiber2018\/cnn":0.000015855,"schreiber2018\/fcn":0.0000032484,"schreiber2018\/ismir2018":0.000000253,"zplane\/auftakt_v3":0.0},"echonest\/version_3_2_1":{"boeck2015\/tempodetector2016_default":0.0000008555,"davies2009\/mirex_qm_tempotracker":1.32268624e-19,"echonest\/version_3_2_1":1.0,"gkiokas2012\/default":0.0000064367,"klapuri2006\/percival2014":0.0,"oliveira2010\/ibt":0.0,"percival2014\/stem":0.0007167272,"scheirer1998\/percival2014":0.0010481014,"schreiber2014\/default":0.2335380219,"schreiber2017\/ismir2017":0.3717012346,"schreiber2017\/mirex2017":0.8329294411,"schreiber2018\/cnn":0.0,"schreiber2018\/fcn":0.0000000171,"schreiber2018\/ismir2018":0.0000000003,"zplane\/auftakt_v3":0.0000000423},"gkiokas2012\/default":{"boeck2015\/tempodetector2016_default":0.9913245705,"davies2009\/mirex_qm_tempotracker":0.0000000016,"echonest\/version_3_2_1":0.0000064367,"gkiokas2012\/default":1.0,"klapuri2006\/percival2014":0.0494742752,"oliveira2010\/ibt":0.0071945343,"percival2014\/stem":0.0354892448,"scheirer1998\/percival2014":0.3517125908,"schreiber2014\/default":0.0000233734,"schreiber2017\/ismir2017":0.0006473998,"schreiber2017\/mirex2017":0.0000257795,"schreiber2018\/cnn":0.0838696047,"schreiber2018\/fcn":0.3556635305,"schreiber2018\/ismir2018":0.2169840755,"zplane\/auftakt_v3":0.667389781},"klapuri2006\/percival2014":{"boeck2015\/tempodetector2016_default":0.0676794728,"davies2009\/mirex_qm_tempotracker":0.0000000001,"echonest\/version_3_2_1":0.0,"gkiokas2012\/default":0.0494742752,"klapuri2006\/percival2014":1.0,"oliveira2010\/ibt":0.1107243889,"percival2014\/stem":0.0000002529,"scheirer1998\/percival2014":0.0047438489,"schreiber2014\/default":0.0,"schreiber2017\/ismir2017":0.0000000644,"schreiber2017\/mirex2017":0.0000000003,"schreiber2018\/cnn":0.8963905065,"schreiber2018\/fcn":0.4430277885,"schreiber2018\/ismir2018":0.6347951965,"zplane\/auftakt_v3":0.0620646686},"oliveira2010\/ibt":{"boeck2015\/tempodetector2016_default":0.0025999079,"davies2009\/mirex_qm_tempotracker":0.0000001095,"echonest\/version_3_2_1":0.0,"gkiokas2012\/default":0.0071945343,"klapuri2006\/percival2014":0.1107243889,"oliveira2010\/ibt":1.0,"percival2014\/stem":0.000000001,"scheirer1998\/percival2014":0.0000930423,"schreiber2014\/default":0.0,"schreiber2017\/ismir2017":0.0000000001,"schreiber2017\/mirex2017":0.0,"schreiber2018\/cnn":0.3292143373,"schreiber2018\/fcn":0.0826124264,"schreiber2018\/ismir2018":0.0808794373,"zplane\/auftakt_v3":0.0009767293},"percival2014\/stem":{"boeck2015\/tempodetector2016_default":0.0340672348,"davies2009\/mirex_qm_tempotracker":2.629881176e-17,"echonest\/version_3_2_1":0.0007167272,"gkiokas2012\/default":0.0354892448,"klapuri2006\/percival2014":0.0000002529,"oliveira2010\/ibt":0.000000001,"percival2014\/stem":1.0,"scheirer1998\/percival2014":0.3063504066,"schreiber2014\/default":0.0074919567,"schreiber2017\/ismir2017":0.0333819942,"schreiber2017\/mirex2017":0.0016733806,"schreiber2018\/cnn":0.0000240117,"schreiber2018\/fcn":0.0018529208,"schreiber2018\/ismir2018":0.000042094,"zplane\/auftakt_v3":0.0014875627},"scheirer1998\/percival2014":{"boeck2015\/tempodetector2016_default":0.4576352893,"davies2009\/mirex_qm_tempotracker":0.0,"echonest\/version_3_2_1":0.0010481014,"gkiokas2012\/default":0.3517125908,"klapuri2006\/percival2014":0.0047438489,"oliveira2010\/ibt":0.0000930423,"percival2014\/stem":0.3063504066,"scheirer1998\/percival2014":1.0,"schreiber2014\/default":0.00578848,"schreiber2017\/ismir2017":0.0122724001,"schreiber2017\/mirex2017":0.0007630542,"schreiber2018\/cnn":0.0077899236,"schreiber2018\/fcn":0.1425339283,"schreiber2018\/ismir2018":0.0348159301,"zplane\/auftakt_v3":0.1864311054},"schreiber2014\/default":{"boeck2015\/tempodetector2016_default":0.0000107119,"davies2009\/mirex_qm_tempotracker":5.895543135e-21,"echonest\/version_3_2_1":0.2335380219,"gkiokas2012\/default":0.0000233734,"klapuri2006\/percival2014":0.0,"oliveira2010\/ibt":0.0,"percival2014\/stem":0.0074919567,"scheirer1998\/percival2014":0.00578848,"schreiber2014\/default":1.0,"schreiber2017\/ismir2017":0.753509365,"schreiber2017\/mirex2017":0.1670809572,"schreiber2018\/cnn":0.0,"schreiber2018\/fcn":0.0000004558,"schreiber2018\/ismir2018":0.0000000005,"zplane\/auftakt_v3":0.000000062},"schreiber2017\/ismir2017":{"boeck2015\/tempodetector2016_default":0.0001867231,"davies2009\/mirex_qm_tempotracker":0.0,"echonest\/version_3_2_1":0.3717012346,"gkiokas2012\/default":0.0006473998,"klapuri2006\/percival2014":0.0000000644,"oliveira2010\/ibt":0.0000000001,"percival2014\/stem":0.0333819942,"scheirer1998\/percival2014":0.0122724001,"schreiber2014\/default":0.753509365,"schreiber2017\/ismir2017":1.0,"schreiber2017\/mirex2017":0.0044443208,"schreiber2018\/cnn":0.000000005,"schreiber2018\/fcn":0.0000029235,"schreiber2018\/ismir2018":0.0000001419,"zplane\/auftakt_v3":0.0000094843},"schreiber2017\/mirex2017":{"boeck2015\/tempodetector2016_default":0.000001628,"davies2009\/mirex_qm_tempotracker":3.021815764e-17,"echonest\/version_3_2_1":0.8329294411,"gkiokas2012\/default":0.0000257795,"klapuri2006\/percival2014":0.0000000003,"oliveira2010\/ibt":0.0,"percival2014\/stem":0.0016733806,"scheirer1998\/percival2014":0.0007630542,"schreiber2014\/default":0.1670809572,"schreiber2017\/ismir2017":0.0044443208,"schreiber2017\/mirex2017":1.0,"schreiber2018\/cnn":0.0,"schreiber2018\/fcn":0.00000002,"schreiber2018\/ismir2018":0.0000000002,"zplane\/auftakt_v3":0.000000082},"schreiber2018\/cnn":{"boeck2015\/tempodetector2016_default":0.0208068939,"davies2009\/mirex_qm_tempotracker":0.000015855,"echonest\/version_3_2_1":0.0,"gkiokas2012\/default":0.0838696047,"klapuri2006\/percival2014":0.8963905065,"oliveira2010\/ibt":0.3292143373,"percival2014\/stem":0.0000240117,"scheirer1998\/percival2014":0.0077899236,"schreiber2014\/default":0.0,"schreiber2017\/ismir2017":0.000000005,"schreiber2017\/mirex2017":0.0,"schreiber2018\/cnn":1.0,"schreiber2018\/fcn":0.2661435437,"schreiber2018\/ismir2018":0.4332752635,"zplane\/auftakt_v3":0.1130355724},"schreiber2018\/fcn":{"boeck2015\/tempodetector2016_default":0.2877744498,"davies2009\/mirex_qm_tempotracker":0.0000032484,"echonest\/version_3_2_1":0.0000000171,"gkiokas2012\/default":0.3556635305,"klapuri2006\/percival2014":0.4430277885,"oliveira2010\/ibt":0.0826124264,"percival2014\/stem":0.0018529208,"scheirer1998\/percival2014":0.1425339283,"schreiber2014\/default":0.0000004558,"schreiber2017\/ismir2017":0.0000029235,"schreiber2017\/mirex2017":0.00000002,"schreiber2018\/cnn":0.2661435437,"schreiber2018\/fcn":1.0,"schreiber2018\/ismir2018":0.6005214486,"zplane\/auftakt_v3":0.5286590134},"schreiber2018\/ismir2018":{"boeck2015\/tempodetector2016_default":0.062496966,"davies2009\/mirex_qm_tempotracker":0.000000253,"echonest\/version_3_2_1":0.0000000003,"gkiokas2012\/default":0.2169840755,"klapuri2006\/percival2014":0.6347951965,"oliveira2010\/ibt":0.0808794373,"percival2014\/stem":0.000042094,