{"Accuracy1":{"boeck2015\/tempodetector2016_default":0.8513513514,"boeck2019\/multi_task_hjdb":0.8333333333,"boeck2019\/multi_task":0.8243243243,"schreiber2018\/ismir2018":0.8018018018,"schreiber2018\/fcn":0.7927927928,"schreiber2018\/cnn":0.7837837838,"davies2009\/mirex_qm_tempotracker":0.7522522523,"schreiber2017\/mirex2017":0.7477477477,"schreiber2017\/ismir2017":0.7477477477,"oliveira2010\/ibt":0.7432432432,"klapuri2006\/percival2014":0.7297297297,"percival2014\/stem":0.7117117117,"zplane\/auftakt_v3":0.7117117117,"schreiber2014\/default":0.6981981982,"echonest\/version_3_2_1":0.6846846847,"gkiokas2012\/default":0.6756756757,"scheirer1998\/percival2014":0.518018018},"Accuracy2":{"boeck2015\/tempodetector2016_default":0.9279279279,"boeck2019\/multi_task_hjdb":0.9324324324,"boeck2019\/multi_task":0.9324324324,"schreiber2018\/ismir2018":0.8783783784,"schreiber2018\/fcn":0.8918918919,"schreiber2018\/cnn":0.8738738739,"davies2009\/mirex_qm_tempotracker":0.8648648649,"schreiber2017\/mirex2017":0.8963963964,"schreiber2017\/ismir2017":0.8918918919,"oliveira2010\/ibt":0.8378378378,"klapuri2006\/percival2014":0.8558558559,"percival2014\/stem":0.9054054054,"zplane\/auftakt_v3":0.8468468468,"schreiber2014\/default":0.8828828829,"echonest\/version_3_2_1":0.8828828829,"gkiokas2012\/default":0.8828828829,"scheirer1998\/percival2014":0.6846846847}}