{"boeck2015\/tempodetector2016_default":{"boeck2015\/tempodetector2016_default":1.0,"boeck2019\/multi_task":0.0018415548,"boeck2019\/multi_task_hjdb":0.0000152588,"davies2009\/mirex_qm_tempotracker":5.074903169e-20,"percival2014\/stem":1.423714251e-37,"schreiber2014\/default":2.251952449e-25,"schreiber2017\/ismir2017":1.423591177e-16,"schreiber2017\/mirex2017":0.0000001646,"schreiber2018\/cnn":0.5715881884,"schreiber2018\/fcn":0.0931396484,"schreiber2018\/ismir2018":0.5113757816},"boeck2019\/multi_task":{"boeck2015\/tempodetector2016_default":0.0018415548,"boeck2019\/multi_task":1.0,"boeck2019\/multi_task_hjdb":0.0,"davies2009\/mirex_qm_tempotracker":0.0000000002,"percival2014\/stem":2.69682503e-32,"schreiber2014\/default":4.300826608e-18,"schreiber2017\/ismir2017":0.000000002,"schreiber2017\/mirex2017":0.0205269337,"schreiber2018\/cnn":0.0000616964,"schreiber2018\/fcn":0.00000025,"schreiber2018\/ismir2018":0.0109735629},"boeck2019\/multi_task_hjdb":{"boeck2015\/tempodetector2016_default":0.0000152588,"boeck2019\/multi_task":0.0,"boeck2019\/multi_task_hjdb":1.0,"davies2009\/mirex_qm_tempotracker":3.944304526e-31,"percival2014\/stem":5.34552942e-51,"schreiber2014\/default":2.350988702e-38,"schreiber2017\/ismir2017":2.524354897e-29,"schreiber2017\/mirex2017":8.67361738e-19,"schreiber2018\/cnn":0.0002441406,"schreiber2018\/fcn":0.0078125,"schreiber2018\/ismir2018":0.0000004768},"davies2009\/mirex_qm_tempotracker":{"boeck2015\/tempodetector2016_default":5.074903169e-20,"boeck2019\/multi_task":0.0000000002,"boeck2019\/multi_task_hjdb":3.944304526e-31,"davies2009\/mirex_qm_tempotracker":1.0,"percival2014\/stem":0.0,"schreiber2014\/default":0.0153331621,"schreiber2017\/ismir2017":0.5712996215,"schreiber2017\/mirex2017":0.0000161138,"schreiber2018\/cnn":4.207682867e-21,"schreiber2018\/fcn":2.630866896e-25,"schreiber2018\/ismir2018":7.966829651e-17},"percival2014\/stem":{"boeck2015\/tempodetector2016_default":1.423714251e-37,"boeck2019\/multi_task":2.69682503e-32,"boeck2019\/multi_task_hjdb":5.34552942e-51,"davies2009\/mirex_qm_tempotracker":0.0,"percival2014\/stem":1.0,"schreiber2014\/default":0.0000285738,"schreiber2017\/ismir2017":0.0,"schreiber2017\/mirex2017":2.078977523e-25,"schreiber2018\/cnn":4.379057701e-47,"schreiber2018\/fcn":1.368455532e-48,"schreiber2018\/ismir2018":1.587110641e-41},"schreiber2014\/default":{"boeck2015\/tempodetector2016_default":2.251952449e-25,"boeck2019\/multi_task":4.300826608e-18,"boeck2019\/multi_task_hjdb":2.350988702e-38,"davies2009\/mirex_qm_tempotracker":0.0153331621,"percival2014\/stem":0.0000285738,"schreiber2014\/default":1.0,"schreiber2017\/ismir2017":0.001992081,"schreiber2017\/mirex2017":0.0000000001,"schreiber2018\/cnn":4.240436417e-29,"schreiber2018\/fcn":2.989282134e-32,"schreiber2018\/ismir2018":1.480300262e-26},"schreiber2017\/ismir2017":{"boeck2015\/tempodetector2016_default":1.423591177e-16,"boeck2019\/multi_task":0.000000002,"boeck2019\/multi_task_hjdb":2.524354897e-29,"davies2009\/mirex_qm_tempotracker":0.5712996215,"percival2014\/stem":0.0,"schreiber2014\/default":0.001992081,"schreiber2017\/ismir2017":1.0,"schreiber2017\/mirex2017":0.0000000105,"schreiber2018\/cnn":1.111224176e-20,"schreiber2018\/fcn":1.728274336e-24,"schreiber2018\/ismir2018":1.311109747e-17},"schreiber2017\/mirex2017":{"boeck2015\/tempodetector2016_default":0.0000001646,"boeck2019\/multi_task":0.0205269337,"boeck2019\/multi_task_hjdb":8.67361738e-19,"davies2009\/mirex_qm_tempotracker":0.0000161138,"percival2014\/stem":2.078977523e-25,"schreiber2014\/default":0.0000000001,"schreiber2017\/ismir2017":0.0000000105,"schreiber2017\/mirex2017":1.0,"schreiber2018\/cnn":0.0,"schreiber2018\/fcn":0.0,"schreiber2018\/ismir2018":0.000000152},"schreiber2018\/cnn":{"boeck2015\/tempodetector2016_default":0.5715881884,"boeck2019\/multi_task":0.0000616964,"boeck2019\/multi_task_hjdb":0.0002441406,"davies2009\/mirex_qm_tempotracker":4.207682867e-21,"percival2014\/stem":4.379057701e-47,"schreiber2014\/default":4.240436417e-29,"schreiber2017\/ismir2017":1.111224176e-20,"schreiber2017\/mirex2017":0.0,"schreiber2018\/cnn":1.0,"schreiber2018\/fcn":0.3592834473,"schreiber2018\/ismir2018":0.1077521443},"schreiber2018\/fcn":{"boeck2015\/tempodetector2016_default":0.0931396484,"boeck2019\/multi_task":0.00000025,"boeck2019\/multi_task_hjdb":0.0078125,"davies2009\/mirex_qm_tempotracker":2.630866896e-25,"percival2014\/stem":1.368455532e-48,"schreiber2014\/default":2.989282134e-32,"schreiber2017\/ismir2017":1.728274336e-24,"schreiber2017\/mirex2017":0.0,"schreiber2018\/cnn":0.3592834473,"schreiber2018\/fcn":1.0,"schreiber2018\/ismir2018":0.0043435097},"schreiber2018\/ismir2018":{"boeck2015\/tempodetector2016_default":0.5113757816,"boeck2019\/multi_task":0.0109735629,"boeck2019\/multi_task_hjdb":0.0000004768,"davies2009\/mirex_qm_tempotracker":7.966829651e-17,"percival2014\/stem":1.587110641e-41,"schreiber2014\/default":1.480300262e-26,"schreiber2017\/ismir2017":1.311109747e-17,"schreiber2017\/mirex2017":0.000000152,"schreiber2018\/cnn":0.1077521443,"schreiber2018\/fcn":0.0043435097,"schreiber2018\/ismir2018":1.0}}