Item,Reference,Estimate
Cant_Stop_Thinking_About.jams,170.2127659574468,76.43209
Crystalize.jams,166.66666666666612,103.89403
Deep_Space.jams,166.66666666666652,103.93346
Horizons.jams,165.51724137931,78.89637
