Item,Reference,Estimate
Cant_Stop_Thinking_About.jams,169.49152542372877,76.43209
Crystalize.jams,166.66666666666694,103.89403
Deep_Space.jams,166.6666666666667,103.93346
Horizons.jams,164.6093632394996,78.89637
My_Own_(Hixxy_and_UFO_Remix).jams,166.66666666666632,158.06874
