{"OE1_MEAN":{"boeck2019\/multi_task_hjdb":0.0025335608,"schreiber2018\/fcn":-0.0311626423,"schreiber2018\/cnn":-0.0524601509,"boeck2015\/tempodetector2016_default":-0.0748081577,"schreiber2018\/ismir2018":-0.0808620879,"boeck2019\/multi_task":-0.1413125382,"davies2009\/mirex_qm_tempotracker":-0.322792434,"schreiber2017\/mirex2017":-0.2529198841,"percival2014\/stem":-0.7131397906,"schreiber2017\/ismir2017":-0.4018560541,"schreiber2014\/default":-0.5290091016},"OE1_STDEV":{"boeck2019\/multi_task_hjdb":0.0105946781,"schreiber2018\/fcn":0.1793032119,"schreiber2018\/cnn":0.2286085502,"boeck2015\/tempodetector2016_default":0.2705455955,"schreiber2018\/ismir2018":0.2804548738,"boeck2019\/multi_task":0.3501990324,"davies2009\/mirex_qm_tempotracker":0.4197299862,"schreiber2017\/mirex2017":0.4327350728,"percival2014\/stem":0.4506790429,"schreiber2017\/ismir2017":0.4876732406,"schreiber2014\/default":0.4968170742},"OE2_MEAN":{"boeck2019\/multi_task_hjdb":0.0025335608,"schreiber2018\/fcn":0.0028799109,"schreiber2018\/cnn":0.002858998,"boeck2015\/tempodetector2016_default":0.00002147,"schreiber2018\/ismir2018":0.0042442951,"boeck2019\/multi_task":0.0033683129,"davies2009\/mirex_qm_tempotracker":0.1027394809,"schreiber2017\/mirex2017":0.0023992648,"percival2014\/stem":0.0017538264,"schreiber2017\/ismir2017":0.0023992651,"schreiber2014\/default":0.002905792},"OE2_STDEV":{"boeck2019\/multi_task_hjdb":0.0105946781,"schreiber2018\/fcn":0.0112733209,"schreiber2018\/cnn":0.0111274322,"boeck2015\/tempodetector2016_default":0.0076868735,"schreiber2018\/ismir2018":0.0204588621,"boeck2019\/multi_task":0.0740457903,"davies2009\/mirex_qm_tempotracker":0.1693553426,"schreiber2017\/mirex2017":0.041375072,"percival2014\/stem":0.0105222694,"schreiber2017\/ismir2017":0.0413750722,"schreiber2014\/default":0.0332493956}}