{"boeck2015\/tempodetector2016_default":{"boeck2015\/tempodetector2016_default":1.0,"boeck2019\/multi_task":0.0000006982,"boeck2019\/multi_task_hjdb":1.777856497e-30,"davies2009\/mirex_qm_tempotracker":4.323047435e-19,"percival2014\/stem":1.132332193e-29,"schreiber2014\/default":0.0000006744,"schreiber2017\/ismir2017":0.0000200304,"schreiber2017\/mirex2017":0.0000200304,"schreiber2018\/cnn":2.99329215e-29,"schreiber2018\/fcn":1.000466038e-30,"schreiber2018\/ismir2018":0.0000000008},"boeck2019\/multi_task":{"boeck2015\/tempodetector2016_default":0.0000006982,"boeck2019\/multi_task":1.0,"boeck2019\/multi_task_hjdb":0.0003484432,"davies2009\/mirex_qm_tempotracker":0.0,"percival2014\/stem":0.0002958177,"schreiber2014\/default":0.0100643495,"schreiber2017\/ismir2017":0.0202160238,"schreiber2017\/mirex2017":0.0202160126,"schreiber2018\/cnn":0.0004413855,"schreiber2018\/fcn":0.0004399892,"schreiber2018\/ismir2018":0.0011211062},"boeck2019\/multi_task_hjdb":{"boeck2015\/tempodetector2016_default":1.777856497e-30,"boeck2019\/multi_task":0.0003484432,"boeck2019\/multi_task_hjdb":1.0,"davies2009\/mirex_qm_tempotracker":3.685048811e-17,"percival2014\/stem":0.2050573262,"schreiber2014\/default":0.0752932078,"schreiber2017\/ismir2017":0.0959124905,"schreiber2017\/mirex2017":0.0959125584,"schreiber2018\/cnn":0.2228388365,"schreiber2018\/fcn":0.3525887018,"schreiber2018\/ismir2018":0.3653715482},"davies2009\/mirex_qm_tempotracker":{"boeck2015\/tempodetector2016_default":4.323047435e-19,"boeck2019\/multi_task":0.0,"boeck2019\/multi_task_hjdb":3.685048811e-17,"davies2009\/mirex_qm_tempotracker":1.0,"percival2014\/stem":3.033542403e-17,"schreiber2014\/default":5.341317813e-16,"schreiber2017\/ismir2017":0.0,"schreiber2017\/mirex2017":0.0,"schreiber2018\/cnn":4.505085356e-17,"schreiber2018\/fcn":3.652258067e-17,"schreiber2018\/ismir2018":2.357136769e-17},"percival2014\/stem":{"boeck2015\/tempodetector2016_default":1.132332193e-29,"boeck2019\/multi_task":0.0002958177,"boeck2019\/multi_task_hjdb":0.2050573262,"davies2009\/mirex_qm_tempotracker":3.033542403e-17,"percival2014\/stem":1.0,"schreiber2014\/default":0.060321037,"schreiber2017\/ismir2017":0.0792386199,"schreiber2017\/mirex2017":0.079238678,"schreiber2018\/cnn":0.0379034074,"schreiber2018\/fcn":0.0591406952,"schreiber2018\/ismir2018":0.2657797631},"schreiber2014\/default":{"boeck2015\/tempodetector2016_default":0.0000006744,"boeck2019\/multi_task":0.0100643495,"boeck2019\/multi_task_hjdb":0.0752932078,"davies2009\/mirex_qm_tempotracker":5.341317813e-16,"percival2014\/stem":0.060321037,"schreiber2014\/default":1.0,"schreiber2017\/ismir2017":0.6557986047,"schreiber2017\/mirex2017":0.6557989952,"schreiber2018\/cnn":0.107007717,"schreiber2018\/fcn":0.1014142862,"schreiber2018\/ismir2018":0.2764935425},"schreiber2017\/ismir2017":{"boeck2015\/tempodetector2016_default":0.0000200304,"boeck2019\/multi_task":0.0202160238,"boeck2019\/multi_task_hjdb":0.0959124905,"davies2009\/mirex_qm_tempotracker":0.0,"percival2014\/stem":0.0792386199,"schreiber2014\/default":0.6557986047,"schreiber2017\/ismir2017":1.0,"schreiber2017\/mirex2017":0.3734189935,"schreiber2018\/cnn":0.1226839109,"schreiber2018\/fcn":0.1163977607,"schreiber2018\/ismir2018":0.2466123967},"schreiber2017\/mirex2017":{"boeck2015\/tempodetector2016_default":0.0000200304,"boeck2019\/multi_task":0.0202160126,"boeck2019\/multi_task_hjdb":0.0959125584,"davies2009\/mirex_qm_tempotracker":0.0,"percival2014\/stem":0.079238678,"schreiber2014\/default":0.6557989952,"schreiber2017\/ismir2017":0.3734189935,"schreiber2017\/mirex2017":1.0,"schreiber2018\/cnn":0.1226839942,"schreiber2018\/fcn":0.1163978422,"schreiber2018\/ismir2018":0.2466125299},"schreiber2018\/cnn":{"boeck2015\/tempodetector2016_default":2.99329215e-29,"boeck2019\/multi_task":0.0004413855,"boeck2019\/multi_task_hjdb":0.2228388365,"davies2009\/mirex_qm_tempotracker":4.505085356e-17,"percival2014\/stem":0.0379034074,"schreiber2014\/default":0.107007717,"schreiber2017\/ismir2017":0.1226839109,"schreiber2017\/mirex2017":0.1226839942,"schreiber2018\/cnn":1.0,"schreiber2018\/fcn":0.9102440087,"schreiber2018\/ismir2018":0.5143331602},"schreiber2018\/fcn":{"boeck2015\/tempodetector2016_default":1.000466038e-30,"boeck2019\/multi_task":0.0004399892,"boeck2019\/multi_task_hjdb":0.3525887018,"davies2009\/mirex_qm_tempotracker":3.652258067e-17,"percival2014\/stem":0.0591406952,"schreiber2014\/default":0.1014142862,"schreiber2017\/ismir2017":0.1163977607,"schreiber2017\/mirex2017":0.1163978422,"schreiber2018\/cnn":0.9102440087,"schreiber2018\/fcn":1.0,"schreiber2018\/ismir2018":0.4837109294},"schreiber2018\/ismir2018":{"boeck2015\/tempodetector2016_default":0.0000000008,"boeck2019\/multi_task":0.0011211062,"boeck2019\/multi_task_hjdb":0.3653715482,"davies2009\/mirex_qm_tempotracker":2.357136769e-17,"percival2014\/stem":0.2657797631,"schreiber2014\/default":0.2764935425,"schreiber2017\/ismir2017":0.2466123967,"schreiber2017\/mirex2017":0.2466125299,"schreiber2018\/cnn":0.5143331602,"schreiber2018\/fcn":0.4837109294,"schreiber2018\/ismir2018":1.0}}