Item,Reference,Estimate
6_Million_Ways_To_Die_(DJ_Hype_Remix).jams,158.9403973509934,199.87
Dark_Stranger_(Origin_Unknown_Remix).jams,159.99999999999991,150.32
Devotion.jams,153.8461538461538,115.05
Promised_Land.jams,147.23926380368107,100.61
T-N-T.jams,158.94039735099358,101.31
The_Element_(Highnoon).jams,146.3414634146341,110.15
The_R.jams,150.00000000000003,204.93
We_Are_Hardcore.jams,142.8571428571429,196.71
