{"Size":{"boeck2015\/tempodetector2016_default":236,"boeck2019\/multi_task":235,"boeck2019\/multi_task_hjdb":235,"boeck2020\/dar":235,"davies2009\/mirex_qm_tempotracker":236,"percival2014\/stem":236,"schreiber2014\/default":236,"schreiber2017\/ismir2017":236,"schreiber2017\/mirex2017":236,"schreiber2018\/cnn":236,"schreiber2018\/fcn":236,"schreiber2018\/ismir2018":236},"Min":{"boeck2015\/tempodetector2016_default":42.55,"boeck2019\/multi_task":76.04,"boeck2019\/multi_task_hjdb":119.79,"boeck2020\/dar":120.26,"davies2009\/mirex_qm_tempotracker":71.7773,"percival2014\/stem":69.8374,"schreiber2014\/default":64.89927,"schreiber2017\/ismir2017":68.999825,"schreiber2017\/mirex2017":72.52868,"schreiber2018\/cnn":77.0,"schreiber2018\/fcn":79.0,"schreiber2018\/ismir2018":77.0},"Max":{"boeck2015\/tempodetector2016_default":171.43,"boeck2019\/multi_task":204.93,"boeck2019\/multi_task_hjdb":170.96,"boeck2020\/dar":172.58,"davies2009\/mirex_qm_tempotracker":166.709,"percival2014\/stem":159.628,"schreiber2014\/default":169.46356,"schreiber2017\/ismir2017":167.17673,"schreiber2017\/mirex2017":169.46356,"schreiber2018\/cnn":170.0,"schreiber2018\/fcn":173.0,"schreiber2018\/ismir2018":176.0},"Avg":{"boeck2015\/tempodetector2016_default":146.6225423729,"boeck2019\/multi_task":141.0685531915,"boeck2019\/multi_task_hjdb":152.4228085106,"boeck2020\/dar":151.7086808511,"davies2009\/mirex_qm_tempotracker":125.274879661,"percival2014\/stem":96.3395665254,"schreiber2014\/default":111.0106136059,"schreiber2017\/ismir2017":120.1332929831,"schreiber2017\/mirex2017":132.1048464915,"schreiber2018\/cnn":148.0974576271,"schreiber2018\/fcn":149.7415254237,"schreiber2018\/ismir2018":145.8008474576},"Stdev":{"boeck2015\/tempodetector2016_default":22.5708415811,"boeck2019\/multi_task":27.7313316052,"boeck2019\/multi_task_hjdb":10.2634823039,"boeck2020\/dar":10.0298305691,"davies2009\/mirex_qm_tempotracker":30.8614381332,"percival2014\/stem":29.5229336479,"schreiber2014\/default":35.6520432103,"schreiber2017\/ismir2017":34.8105334432,"schreiber2017\/mirex2017":31.8345854098,"schreiber2018\/cnn":19.4455878576,"schreiber2018\/fcn":16.4876785782,"schreiber2018\/ismir2018":22.3050075315},"Sweet Oct. Start":{"boeck2015\/tempodetector2016_default":86.0,"boeck2019\/multi_task":100.0,"boeck2019\/multi_task_hjdb":86.0,"boeck2020\/dar":87.0,"davies2009\/mirex_qm_tempotracker":79.0,"percival2014\/stem":70.0,"schreiber2014\/default":76.0,"schreiber2017\/ismir2017":75.0,"schreiber2017\/mirex2017":80.0,"schreiber2018\/cnn":85.0,"schreiber2018\/fcn":87.0,"schreiber2018\/ismir2018":85.0},"Sweet Oct. Coverage":{"boeck2015\/tempodetector2016_default":0.9279661017,"boeck2019\/multi_task":0.8595744681,"boeck2019\/multi_task_hjdb":1.0,"boeck2020\/dar":1.0,"davies2009\/mirex_qm_tempotracker":0.8177966102,"percival2014\/stem":0.8305084746,"schreiber2014\/default":0.6906779661,"schreiber2017\/ismir2017":0.7033898305,"schreiber2017\/mirex2017":0.7711864407,"schreiber2018\/cnn":0.9491525424,"schreiber2018\/fcn":0.9661016949,"schreiber2018\/ismir2018":0.9194915254}}