{"boeck2015\/tempodetector2016_default":{"boeck2015\/tempodetector2016_default":1.0,"boeck2019\/multi_task":0.00390625,"boeck2019\/multi_task_hjdb":1.0,"boeck2020\/dar":1.0,"davies2009\/mirex_qm_tempotracker":0.0,"percival2014\/stem":1.0,"schreiber2014\/default":0.0625,"schreiber2017\/ismir2017":0.125,"schreiber2017\/mirex2017":0.125,"schreiber2018\/cnn":1.0,"schreiber2018\/fcn":1.0,"schreiber2018\/ismir2018":0.5},"boeck2019\/multi_task":{"boeck2015\/tempodetector2016_default":0.00390625,"boeck2019\/multi_task":1.0,"boeck2019\/multi_task_hjdb":0.00390625,"boeck2020\/dar":0.021484375,"davies2009\/mirex_qm_tempotracker":0.0000000058,"percival2014\/stem":0.00390625,"schreiber2014\/default":0.4239501953,"schreiber2017\/ismir2017":0.2668457031,"schreiber2017\/mirex2017":0.2668457031,"schreiber2018\/cnn":0.00390625,"schreiber2018\/fcn":0.00390625,"schreiber2018\/ismir2018":0.0654296875},"boeck2019\/multi_task_hjdb":{"boeck2015\/tempodetector2016_default":1.0,"boeck2019\/multi_task":0.00390625,"boeck2019\/multi_task_hjdb":1.0,"boeck2020\/dar":1.0,"davies2009\/mirex_qm_tempotracker":0.0,"percival2014\/stem":1.0,"schreiber2014\/default":0.0625,"schreiber2017\/ismir2017":0.125,"schreiber2017\/mirex2017":0.125,"schreiber2018\/cnn":1.0,"schreiber2018\/fcn":1.0,"schreiber2018\/ismir2018":0.5},"boeck2020\/dar":{"boeck2015\/tempodetector2016_default":1.0,"boeck2019\/multi_task":0.021484375,"boeck2019\/multi_task_hjdb":1.0,"boeck2020\/dar":1.0,"davies2009\/mirex_qm_tempotracker":0.0,"percival2014\/stem":1.0,"schreiber2014\/default":0.21875,"schreiber2017\/ismir2017":0.375,"schreiber2017\/mirex2017":0.375,"schreiber2018\/cnn":1.0,"schreiber2018\/fcn":1.0,"schreiber2018\/ismir2018":1.0},"davies2009\/mirex_qm_tempotracker":{"boeck2015\/tempodetector2016_default":0.0,"boeck2019\/multi_task":0.0000000058,"boeck2019\/multi_task_hjdb":0.0,"boeck2020\/dar":0.0,"davies2009\/mirex_qm_tempotracker":1.0,"percival2014\/stem":0.0,"schreiber2014\/default":0.0000000001,"schreiber2017\/ismir2017":0.0,"schreiber2017\/mirex2017":0.0,"schreiber2018\/cnn":0.0,"schreiber2018\/fcn":0.0,"schreiber2018\/ismir2018":0.0},"percival2014\/stem":{"boeck2015\/tempodetector2016_default":1.0,"boeck2019\/multi_task":0.00390625,"boeck2019\/multi_task_hjdb":1.0,"boeck2020\/dar":1.0,"davies2009\/mirex_qm_tempotracker":0.0,"percival2014\/stem":1.0,"schreiber2014\/default":0.0625,"schreiber2017\/ismir2017":0.125,"schreiber2017\/mirex2017":0.125,"schreiber2018\/cnn":1.0,"schreiber2018\/fcn":1.0,"schreiber2018\/ismir2018":0.5},"schreiber2014\/default":{"boeck2015\/tempodetector2016_default":0.0625,"boeck2019\/multi_task":0.4239501953,"boeck2019\/multi_task_hjdb":0.0625,"boeck2020\/dar":0.21875,"davies2009\/mirex_qm_tempotracker":0.0000000001,"percival2014\/stem":0.0625,"schreiber2014\/default":1.0,"schreiber2017\/ismir2017":1.0,"schreiber2017\/mirex2017":1.0,"schreiber2018\/cnn":0.0625,"schreiber2018\/fcn":0.0625,"schreiber2018\/ismir2018":0.453125},"schreiber2017\/ismir2017":{"boeck2015\/tempodetector2016_default":0.125,"boeck2019\/multi_task":0.2668457031,"boeck2019\/multi_task_hjdb":0.125,"boeck2020\/dar":0.375,"davies2009\/mirex_qm_tempotracker":0.0,"percival2014\/stem":0.125,"schreiber2014\/default":1.0,"schreiber2017\/ismir2017":1.0,"schreiber2017\/mirex2017":1.0,"schreiber2018\/cnn":0.125,"schreiber2018\/fcn":0.125,"schreiber2018\/ismir2018":0.6875},"schreiber2017\/mirex2017":{"boeck2015\/tempodetector2016_default":0.125,"boeck2019\/multi_task":0.2668457031,"boeck2019\/multi_task_hjdb":0.125,"boeck2020\/dar":0.375,"davies2009\/mirex_qm_tempotracker":0.0,"percival2014\/stem":0.125,"schreiber2014\/default":1.0,"schreiber2017\/ismir2017":1.0,"schreiber2017\/mirex2017":1.0,"schreiber2018\/cnn":0.125,"schreiber2018\/fcn":0.125,"schreiber2018\/ismir2018":0.6875},"schreiber2018\/cnn":{"boeck2015\/tempodetector2016_default":1.0,"boeck2019\/multi_task":0.00390625,"boeck2019\/multi_task_hjdb":1.0,"boeck2020\/dar":1.0,"davies2009\/mirex_qm_tempotracker":0.0,"percival2014\/stem":1.0,"schreiber2014\/default":0.0625,"schreiber2017\/ismir2017":0.125,"schreiber2017\/mirex2017":0.125,"schreiber2018\/cnn":1.0,"schreiber2018\/fcn":1.0,"schreiber2018\/ismir2018":0.5},"schreiber2018\/fcn":{"boeck2015\/tempodetector2016_default":1.0,"boeck2019\/multi_task":0.00390625,"boeck2019\/multi_task_hjdb":1.0,"boeck2020\/dar":1.0,"davies2009\/mirex_qm_tempotracker":0.0,"percival2014\/stem":1.0,"schreiber2014\/default":0.0625,"schreiber2017\/ismir2017":0.125,"schreiber2017\/mirex2017":0.125,"schreiber2018\/cnn":1.0,"schreiber2018\/fcn":1.0,"schreiber2018\/ismir2018":0.5},"schreiber2018\/ismir2018":{"boeck2015\/tempodetector2016_default":0.5,"boeck2019\/multi_task":0.0654296875,"boeck2019\/multi_task_hjdb":0.5,"boeck2020\/dar":1.0,"davies2009\/mirex_qm_tempotracker":0.0,"percival2014\/stem":0.5,"schreiber2014\/default":0.453125,"schreiber2017\/ismir2017":0.6875,"schreiber2017\/mirex2017":0.6875,"schreiber2018\/cnn":0.5,"schreiber2018\/fcn":0.5,"schreiber2018\/ismir2018":1.0}}