{"boeck2015\/tempodetector2016_default":{"0.0":null,"0.005":1.0,"0.01":1.0,"0.015":1.0,"0.02":1.0,"0.025":1.0,"0.03":1.0,"0.035":1.0,"0.04":1.0,"0.045":1.0,"0.05":1.0,"0.055":1.0,"0.06":1.0,"0.065":1.0,"0.07":1.0,"0.075":1.0,"0.08":1.0,"0.085":1.0,"0.09":1.0,"0.095":1.0,"0.1":1.0,"0.105":1.0,"0.11":1.0,"0.115":1.0,"0.12":1.0,"0.125":1.0,"0.13":1.0,"0.135":1.0,"0.14":1.0,"0.145":1.0,"0.15":1.0,"0.155":1.0,"0.16":1.0,"0.165":1.0,"0.17":1.0,"0.175":1.0,"0.18":1.0,"0.185":1.0,"0.19":1.0,"0.195":1.0,"0.2":1.0,"0.205":1.0,"0.21":1.0,"0.215":1.0,"0.22":1.0,"0.225":1.0,"0.23":1.0,"0.235":1.0,"0.24":1.0,"0.245":1.0,"0.25":1.0,"0.255":1.0,"0.26":1.0,"0.265":1.0,"0.27":1.0,"0.275":1.0,"0.28":1.0,"0.285":1.0,"0.29":1.0,"0.295":1.0,"0.3":1.0,"0.305":1.0,"0.31":1.0,"0.315":1.0,"0.32":1.0,"0.325":1.0,"0.33":1.0,"0.335":1.0,"0.34":1.0,"0.345":1.0,"0.35":1.0,"0.355":1.0,"0.36":1.0,"0.365":1.0,"0.37":1.0,"0.375":1.0,"0.38":1.0,"0.385":1.0,"0.39":1.0,"0.395":1.0,"0.4":1.0,"0.405":1.0,"0.41":1.0,"0.415":1.0,"0.42":1.0,"0.425":1.0,"0.43":1.0,"0.435":1.0,"0.44":1.0,"0.445":1.0,"0.45":1.0,"0.455":1.0,"0.46":1.0,"0.465":1.0,"0.47":1.0,"0.475":1.0,"0.48":1.0,"0.485":1.0,"0.49":1.0,"0.495":1.0,"0.5":1.0},"boeck2019\/multi_task":{"0.0":null,"0.005":0.9823529412,"0.01":0.9653679654,"0.015":0.9656652361,"0.02":0.9656652361,"0.025":0.9656652361,"0.03":0.9658119658,"0.035":0.9658119658,"0.04":0.9658119658,"0.045":0.9658119658,"0.05":0.9659574468,"0.055":0.9659574468,"0.06":0.9659574468,"0.065":0.9659574468,"0.07":0.9659574468,"0.075":0.9659574468,"0.08":0.9659574468,"0.085":0.9659574468,"0.09":0.9659574468,"0.095":0.9659574468,"0.1":0.9659574468,"0.105":0.9659574468,"0.11":0.9659574468,"0.115":0.9659574468,"0.12":0.9659574468,"0.125":0.9659574468,"0.13":0.9659574468,"0.135":0.9659574468,"0.14":0.9659574468,"0.145":0.9659574468,"0.15":0.9659574468,"0.155":0.9659574468,"0.16":0.9659574468,"0.165":0.9659574468,"0.17":0.9659574468,"0.175":0.9659574468,"0.18":0.9659574468,"0.185":0.9659574468,"0.19":0.9659574468,"0.195":0.9659574468,"0.2":0.9659574468,"0.205":0.9659574468,"0.21":0.9659574468,"0.215":0.9659574468,"0.22":0.9659574468,"0.225":0.9659574468,"0.23":0.9659574468,"0.235":0.9659574468,"0.24":0.9659574468,"0.245":0.9659574468,"0.25":0.9659574468,"0.255":0.9659574468,"0.26":0.9659574468,"0.265":0.9659574468,"0.27":0.9659574468,"0.275":0.9659574468,"0.28":0.9659574468,"0.285":0.9659574468,"0.29":0.9659574468,"0.295":0.9659574468,"0.3":0.9659574468,"0.305":0.9659574468,"0.31":0.9659574468,"0.315":0.9659574468,"0.32":0.9659574468,"0.325":0.9659574468,"0.33":0.9659574468,"0.335":0.9659574468,"0.34":0.9659574468,"0.345":0.9659574468,"0.35":0.9659574468,"0.355":0.9659574468,"0.36":0.9659574468,"0.365":0.9659574468,"0.37":0.9659574468,"0.375":0.9659574468,"0.38":0.9659574468,"0.385":0.9659574468,"0.39":0.9659574468,"0.395":0.9659574468,"0.4":0.9659574468,"0.405":0.9659574468,"0.41":0.9659574468,"0.415":0.9659574468,"0.42":0.9659574468,"0.425":0.9659574468,"0.43":0.9659574468,"0.435":0.9659574468,"0.44":0.9659574468,"0.445":0.9659574468,"0.45":0.9659574468,"0.455":0.9659574468,"0.46":0.9659574468,"0.465":0.9659574468,"0.47":0.9659574468,"0.475":0.9659574468,"0.48":0.9659574468,"0.485":0.9659574468,"0.49":0.9659574468,"0.495":0.9659574468,"0.5":0.9659574468},"boeck2019\/multi_task_hjdb":{"0.0":null,"0.005":1.0,"0.01":1.0,"0.015":1.0,"0.02":1.0,"0.025":1.0,"0.03":1.0,"0.035":1.0,"0.04":1.0,"0.045":1.0,"0.05":1.0,"0.055":1.0,"0.06":1.0,"0.065":1.0,"0.07":1.0,"0.075":1.0,"0.08":1.0,"0.085":1.0,"0.09":1.0,"0.095":1.0,"0.1":1.0,"0.105":1.0,"0.11":1.0,"0.115":1.0,"0.12":1.0,"0.125":1.0,"0.13":1.0,"0.135":1.0,"0.14":1.0,"0.145":1.0,"0.15":1.0,"0.155":1.0,"0.16":1.0,"0.165":1.0,"0.17":1.0,"0.175":1.0,"0.18":1.0,"0.185":1.0,"0.19":1.0,"0.195":1.0,"0.2":1.0,"0.205":1.0,"0.21":1.0,"0.215":1.0,"0.22":1.0,"0.225":1.0,"0.23":1.0,"0.235":1.0,"0.24":1.0,"0.245":1.0,"0.25":1.0,"0.255":1.0,"0.26":1.0,"0.265":1.0,"0.27":1.0,"0.275":1.0,"0.28":1.0,"0.285":1.0,"0.29":1.0,"0.295":1.0,"0.3":1.0,"0.305":1.0,"0.31":1.0,"0.315":1.0,"0.32":1.0,"0.325":1.0,"0.33":1.0,"0.335":1.0,"0.34":1.0,"0.345":1.0,"0.35":1.0,"0.355":1.0,"0.36":1.0,"0.365":1.0,"0.37":1.0,"0.375":1.0,"0.38":1.0,"0.385":1.0,"0.39":1.0,"0.395":1.0,"0.4":1.0,"0.405":1.0,"0.41":1.0,"0.415":1.0,"0.42":1.0,"0.425":1.0,"0.43":1.0,"0.435":1.0,"0.44":1.0,"0.445":1.0,"0.45":1.0,"0.455":1.0,"0.46":1.0,"0.465":1.0,"0.47":1.0,"0.475":1.0,"0.48":1.0,"0.485":1.0,"0.49":1.0,"0.495":1.0,"0.5":1.0},"davies2009\/mirex_qm_tempotracker":{"0.0":null,"0.005":0.7941176471,"0.01":0.7878787879,"0.015":0.7854077253,"0.02":0.7854077253,"0.025":0.7854077253,"0.03":0.7863247863,"0.035":0.7863247863,"0.04":0.7863247863,"0.045":0.7863247863,"0.05":0.7872340426,"0.055":0.7872340426,"0.06":0.7872340426,"0.065":0.7872340426,"0.07":0.7872340426,"0.075":0.7872340426,"0.08":0.7872340426,"0.085":0.7872340426,"0.09":0.7872340426,"0.095":0.7872340426,"0.1":0.7872340426,"0.105":0.7872340426,"0.11":0.7872340426,"0.115":0.7872340426,"0.12":0.7872340426,"0.125":0.7872340426,"0.13":0.7872340426,"0.135":0.7872340426,"0.14":0.7872340426,"0.145":0.7872340426,"0.15":0.7872340426,"0.155":0.7872340426,"0.16":0.7872340426,"0.165":0.7872340426,"0.17":0.7872340426,"0.175":0.7872340426,"0.18":0.7872340426,"0.185":0.7872340426,"0.19":0.7872340426,"0.195":0.7872340426,"0.2":0.7872340426,"0.205":0.7872340426,"0.21":0.7872340426,"0.215":0.7872340426,"0.22":0.7872340426,"0.225":0.7872340426,"0.23":0.7872340426,"0.235":0.7872340426,"0.24":0.7872340426,"0.245":0.7872340426,"0.25":0.7872340426,"0.255":0.7872340426,"0.26":0.7872340426,"0.265":0.7872340426,"0.27":0.7872340426,"0.275":0.7872340426,"0.28":0.7872340426,"0.285":0.7872340426,"0.29":0.7872340426,"0.295":0.7872340426,"0.3":0.7872340426,"0.305":0.7872340426,"0.31":0.7872340426,"0.315":0.7872340426,"0.32":0.7872340426,"0.325":0.7872340426,"0.33":0.7872340426,"0.335":0.7872340426,"0.34":0.7872340426,"0.345":0.7872340426,"0.35":0.7872340426,"0.355":0.7872340426,"0.36":0.7872340426,"0.365":0.7872340426,"0.37":0.7872340426,"0.375":0.7872340426,"0.38":0.7872340426,"0.385":0.7872340426,"0.39":0.7872340426,"0.395":0.7872340426,"0.4":0.7872340426,"0.405":0.7872340426,"0.41":0.7872340426,"0.415":0.7872340426,"0.42":0.7872340426,"0.425":0.7872340426,"0.43":0.7872340426,"0.435":0.7872340426,"0.44":0.7872340426,"0.445":0.7872340426,"0.45":0.7872340426,"0.455":0.7872340426,"0.46":0.7872340426,"0.465":0.7872340426,"0.47":0.7872340426,"0.475":0.7872340426,"0.48":0.7872340426,"0.485":0.7872340426,"0.49":0.7872340426,"0.495":0.7872340426,"0.5":0.7872340426},"percival2014\/stem":{"0.0":null,"0.005":1.0,"0.01":1.0,"0.015":1.0,"0.02":1.0,"0.025":1.0,"0.03":1.0,"0.035":1.0,"0.04":1.0,"0.045":1.0,"0.05":1.0,"0.055":1.0,"0.06":1.0,"0.065":1.0,"0.07":1.0,"0.075":1.0,"0.08":1.0,"0.085":1.0,"0.09":1.0,"0.095":1.0,"0.1":1.0,"0.105":1.0,"0.11":1.0,"0.115":1.0,"0.12":1.0,"0.125":1.0,"0.13":1.0,"0.135":1.0,"0.14":1.0,"0.145":1.0,"0.15":1.0,"0.155":1.0,"0.16":1.0,"0.165":1.0,"0.17":1.0,"0.175":1.0,"0.18":1.0,"0.185":1.0,"0.19":1.0,"0.195":1.0,"0.2":1.0,"0.205":1.0,"0.21":1.0,"0.215":1.0,"0.22":1.0,"0.225":1.0,"0.23":1.0,"0.235":1.0,"0.24":1.0,"0.245":1.0,"0.25":1.0,"0.255":1.0,"0.26":1.0,"0.265":1.0,"0.27":1.0,"0.275":1.0,"0.28":1.0,"0.285":1.0,"0.29":1.0,"0.295":1.0,"0.3":1.0,"0.305":1.0,"0.31":1.0,"0.315":1.0,"0.32":1.0,"0.325":1.0,"0.33":1.0,"0.335":1.0,"0.34":1.0,"0.345":1.0,"0.35":1.0,"0.355":1.0,"0.36":1.0,"0.365":1.0,"0.37":1.0,"0.375":1.0,"0.38":1.0,"0.385":1.0,"0.39":1.0,"0.395":1.0,"0.4":1.0,"0.405":1.0,"0.41":1.0,"0.415":1.0,"0.42":1.0,"0.425":1.0,"0.43":1.0,"0.435":1.0,"0.44":1.0,"0.445":1.0,"0.45":1.0,"0.455":1.0,"0.46":1.0,"0.465":1.0,"0.47":1.0,"0.475":1.0,"0.48":1.0,"0.485":1.0,"0.49":1.0,"0.495":1.0,"0.5":1.0},"schreiber2014\/default":{"0.0":null,"0.005":0.9941176471,"0.01":0.987012987,"0.015":0.982832618,"0.02":0.982832618,"0.025":0.982832618,"0.03":0.9829059829,"0.035":0.9829059829,"0.04":0.9829059829,"0.045":0.9829059829,"0.05":0.9829787234,"0.055":0.9829787234,