Item,Reference,Estimate
Crystalize.jams,166.66666666666694,103.93346
Deep_Space.jams,166.6666666666667,103.93346
Horizons.jams,164.6093632394996,123.88427
My_Own_(Hixxy_and_UFO_Remix).jams,166.66666666666632,79.014656
