Reference,Size,Min,Max,Avg,Stdev,Sweet Oct. Start,Sweet Oct. Coverage
1.0,235,120.0,171.42857142857162,152.1537927258707,10.242134415373464,86.0,1.0
2.0,235,120.0,172.66187050359704,152.37654524309025,10.358674698329153,87.0,1.0
3.0,235,120.0,171.43,152.13668085106383,10.238360790244347,86.0,1.0
