Item,Reference,Estimate
Crystalize.jams,166.66666666666612,103.93346
Deep_Space.jams,166.66666666666652,103.93346
Horizons.jams,165.51724137931,123.88427
