{"boeck2015\/tempodetector2016_default":{"boeck2015\/tempodetector2016_default":1.0,"boeck2019\/multi_task":0.4893331634,"boeck2019\/multi_task_hjdb":0.0002047767,"boeck2020\/dar":0.0000000044,"davies2009\/mirex_qm_tempotracker":1.134935786e-17,"percival2014\/stem":0.0098965004,"schreiber2014\/default":0.1901770836,"schreiber2017\/ismir2017":0.3875849893,"schreiber2017\/mirex2017":0.3875850343,"schreiber2018\/cnn":0.0000675741,"schreiber2018\/fcn":0.000053903,"schreiber2018\/ismir2018":0.0018465873},"boeck2019\/multi_task":{"boeck2015\/tempodetector2016_default":0.4893331634,"boeck2019\/multi_task":1.0,"boeck2019\/multi_task_hjdb":0.8609912643,"boeck2020\/dar":0.1157587721,"davies2009\/mirex_qm_tempotracker":0.0,"percival2014\/stem":0.7339453687,"schreiber2014\/default":0.9291401826,"schreiber2017\/ismir2017":0.8580822519,"schreiber2017\/mirex2017":0.8580822162,"schreiber2018\/cnn":0.9144378585,"schreiber2018\/fcn":0.9179720577,"schreiber2018\/ismir2018":0.8576449708},"boeck2019\/multi_task_hjdb":{"boeck2015\/tempodetector2016_default":0.0002047767,"boeck2019\/multi_task":0.8609912643,"boeck2019\/multi_task_hjdb":1.0,"boeck2020\/dar":4.972961395e-55,"davies2009\/mirex_qm_tempotracker":6.325557606e-17,"percival2014\/stem":0.0001932835,"schreiber2014\/default":0.8616897067,"schreiber2017\/ismir2017":0.9597631246,"schreiber2017\/mirex2017":0.959763056,"schreiber2018\/cnn":0.2094654566,"schreiber2018\/fcn":0.2479774067,"schreiber2018\/ismir2018":0.1358560704},"boeck2020\/dar":{"boeck2015\/tempodetector2016_default":0.0000000044,"boeck2019\/multi_task":0.1157587721,"boeck2019\/multi_task_hjdb":4.972961395e-55,"boeck2020\/dar":1.0,"davies2009\/mirex_qm_tempotracker":1.571409494e-18,"percival2014\/stem":9.977137309e-50,"schreiber2014\/default":0.0014443703,"schreiber2017\/ismir2017":0.0164926061,"schreiber2017\/mirex2017":0.0164926097,"schreiber2018\/cnn":3.463090199e-48,"schreiber2018\/fcn":5.784353127e-44,"schreiber2018\/ismir2018":0.0},"davies2009\/mirex_qm_tempotracker":{"boeck2015\/tempodetector2016_default":1.134935786e-17,"boeck2019\/multi_task":0.0,"boeck2019\/multi_task_hjdb":6.325557606e-17,"boeck2020\/dar":1.571409494e-18,"davies2009\/mirex_qm_tempotracker":1.0,"percival2014\/stem":3.658359865e-17,"schreiber2014\/default":9.266215371e-17,"schreiber2017\/ismir2017":1.119229666e-16,"schreiber2017\/mirex2017":1.1192292e-16,"schreiber2018\/cnn":7.910039921e-17,"schreiber2018\/fcn":8.109002454e-17,"schreiber2018\/ismir2018":7.228306866e-17},"percival2014\/stem":{"boeck2015\/tempodetector2016_default":0.0098965004,"boeck2019\/multi_task":0.7339453687,"boeck2019\/multi_task_hjdb":0.0001932835,"boeck2020\/dar":9.977137309e-50,"davies2009\/mirex_qm_tempotracker":3.658359865e-17,"percival2014\/stem":1.0,"schreiber2014\/default":0.5856142713,"schreiber2017\/ismir2017":0.8083603952,"schreiber2017\/mirex2017":0.8083604617,"schreiber2018\/cnn":0.0000134248,"schreiber2018\/fcn":0.0000270576,"schreiber2018\/ismir2018":0.027926483},"schreiber2014\/default":{"boeck2015\/tempodetector2016_default":0.1901770836,"boeck2019\/multi_task":0.9291401826,"boeck2019\/multi_task_hjdb":0.8616897067,"boeck2020\/dar":0.0014443703,"davies2009\/mirex_qm_tempotracker":9.266215371e-17,"percival2014\/stem":0.5856142713,"schreiber2014\/default":1.0,"schreiber2017\/ismir2017":0.7573917815,"schreiber2017\/mirex2017":0.7573916752,"schreiber2018\/cnn":0.9824155015,"schreiber2018\/fcn":0.9903490269,"schreiber2018\/ismir2018":0.5729623314},"schreiber2017\/ismir2017":{"boeck2015\/tempodetector2016_default":0.3875849893,"boeck2019\/multi_task":0.8580822519,"boeck2019\/multi_task_hjdb":0.9597631246,"boeck2020\/dar":0.0164926061,"davies2009\/mirex_qm_tempotracker":1.119229666e-16,"percival2014\/stem":0.8083603952,"schreiber2014\/default":0.7573917815,"schreiber2017\/ismir2017":1.0,"schreiber2017\/mirex2017":0.8151535172,"schreiber2018\/cnn":0.8629078624,"schreiber2018\/fcn":0.8580555051,"schreiber2018\/ismir2018":0.5225980493},"schreiber2017\/mirex2017":{"boeck2015\/tempodetector2016_default":0.3875850343,"boeck2019\/multi_task":0.8580822162,"boeck2019\/multi_task_hjdb":0.959763056,"boeck2020\/dar":0.0164926097,"davies2009\/mirex_qm_tempotracker":1.1192292e-16,"percival2014\/stem":0.8083604617,"schreiber2014\/default":0.7573916752,"schreiber2017\/ismir2017":0.8151535172,"schreiber2017\/mirex2017":1.0,"schreiber2018\/cnn":0.8629077951,"schreiber2018\/fcn":0.8580554388,"schreiber2018\/ismir2018":0.5225980023},"schreiber2018\/cnn":{"boeck2015\/tempodetector2016_default":0.0000675741,"boeck2019\/multi_task":0.9144378585,"boeck2019\/multi_task_hjdb":0.2094654566,"boeck2020\/dar":3.463090199e-48,"davies2009\/mirex_qm_tempotracker":7.910039921e-17,"percival2014\/stem":0.0000134248,"schreiber2014\/default":0.9824155015,"schreiber2017\/ismir2017":0.8629078624,"schreiber2017\/mirex2017":0.8629077951,"schreiber2018\/cnn":1.0,"schreiber2018\/fcn":0.945171442,"schreiber2018\/ismir2018":0.2291122765},"schreiber2018\/fcn":{"boeck2015\/tempodetector2016_default":0.000053903,"boeck2019\/multi_task":0.9179720577,"boeck2019\/multi_task_hjdb":0.2479774067,"boeck2020\/dar":5.784353127e-44,"davies2009\/mirex_qm_tempotracker":8.109002454e-17,"percival2014\/stem":0.0000270576,"schreiber2014\/default":0.9903490269,"schreiber2017\/ismir2017":0.8580555051,"schreiber2017\/mirex2017":0.8580554388,"schreiber2018\/cnn":0.945171442,"schreiber2018\/fcn":1.0,"schreiber2018\/ismir2018":0.2212998356},"schreiber2018\/ismir2018":{"boeck2015\/tempodetector2016_default":0.0018465873,"boeck2019\/multi_task":0.8576449708,"boeck2019\/multi_task_hjdb":0.1358560704,"boeck2020\/dar":0.0,"davies2009\/mirex_qm_tempotracker":7.228306866e-17,"percival2014\/stem":0.027926483,"schreiber2014\/default":0.5729623314,"schreiber2017\/ismir2017":0.5225980493,"schreiber2017\/mirex2017":0.5225980023,"schreiber2018\/cnn":0.2291122765,"schreiber2018\/fcn":0.2212998356,"schreiber2018\/ismir2018":1.0}}