{"Size":{"1.0":235,"2.0":235,"3.0":235},"Min":{"1.0":120.0,"2.0":120.0,"3.0":120.0},"Max":{"1.0":171.4285714286,"2.0":172.6618705036,"3.0":171.43},"Avg":{"1.0":152.1537927259,"2.0":152.3765452431,"3.0":152.1366808511},"Stdev":{"1.0":10.2421344154,"2.0":10.3586746983,"3.0":10.2383607902},"Sweet Oct. Start":{"1.0":86.0,"2.0":87.0,"3.0":86.0},"Sweet Oct. Coverage":{"1.0":1.0,"2.0":1.0,"3.0":1.0}}