Item,Reference,Estimate
6_Million_Ways_To_Die_(DJ_Hype_Remix).jams,157.8947368421057,199.87
Dark_Stranger_(Origin_Unknown_Remix).jams,157.8947368421057,150.32
Devotion.jams,153.8461538461536,115.05
Finest_Illusion_(Legal_Mix).jams,157.89473684210495,150.66
Promised_Land.jams,146.34146341463537,100.61
T-N-T.jams,157.89473684210716,101.31
The_Element_(Highnoon).jams,146.3414634146341,110.15
The_R.jams,150.00000000000003,204.93
We_Are_Hardcore.jams,142.85714285714226,196.71
