{"AOE1_MEAN":{"boeck2019\/multi_task_hjdb":0.0094850351,"schreiber2018\/fcn":0.0425418161,"schreiber2018\/cnn":0.0643778013,"boeck2015\/tempodetector2016_default":0.0759686931,"schreiber2018\/ismir2018":0.0945259978,"boeck2019\/multi_task":0.1616273961,"schreiber2017\/mirex2017":0.2608334213,"davies2009\/mirex_qm_tempotracker":0.3488353738,"schreiber2017\/ismir2017":0.4077396373,"schreiber2014\/default":0.5328501121,"percival2014\/stem":0.7154916257},"AOE1_STDEV":{"boeck2019\/multi_task_hjdb":0.0056539584,"schreiber2018\/fcn":0.1769022369,"schreiber2018\/cnn":0.2255520175,"boeck2015\/tempodetector2016_default":0.2702117148,"schreiber2018\/ismir2018":0.2761225091,"boeck2019\/multi_task":0.3412953206,"schreiber2017\/mirex2017":0.428214149,"davies2009\/mirex_qm_tempotracker":0.3982134552,"schreiber2017\/ismir2017":0.4827787853,"schreiber2014\/default":0.492550917,"percival2014\/stem":0.4465450729},"AOE2_MEAN":{"boeck2019\/multi_task_hjdb":0.0094850351,"schreiber2018\/fcn":0.0095754046,"schreiber2018\/cnn":0.0096919835,"boeck2015\/tempodetector2016_default":0.0022756026,"schreiber2018\/ismir2018":0.0104833416,"boeck2019\/multi_task":0.0258717777,"schreiber2017\/mirex2017":0.0136757642,"davies2009\/mirex_qm_tempotracker":0.1080965462,"schreiber2017\/ismir2017":0.013675765,"schreiber2014\/default":0.0129561478,"percival2014\/stem":0.00918492},"AOE2_STDEV":{"boeck2019\/multi_task_hjdb":0.0056539584,"schreiber2018\/fcn":0.0067902573,"schreiber2018\/cnn":0.006338403,"boeck2015\/tempodetector2016_default":0.0071474741,"schreiber2018\/ismir2018":0.0181523101,"boeck2019\/multi_task":0.0694635836,"schreiber2017\/mirex2017":0.039056616,"davies2009\/mirex_qm_tempotracker":0.1662401224,"schreiber2017\/ismir2017":0.039056616,"schreiber2014\/default":0.030769909,"percival2014\/stem":0.0056364321}}