{"OE1_MEAN":{"boeck2019\/multi_task_hjdb":0.0005030205,"boeck2020\/dar":-0.0060999698,"schreiber2018\/fcn":-0.0331931827,"schreiber2018\/cnn":-0.0544906913,"boeck2015\/tempodetector2016_default":-0.076838698,"schreiber2018\/ismir2018":-0.0828926282,"boeck2019\/multi_task":-0.1433430785,"davies2009\/mirex_qm_tempotracker":-0.3248229743,"schreiber2017\/mirex2017":-0.2549504244,"percival2014\/stem":-0.715170331,"schreiber2017\/ismir2017":-0.4038865944,"schreiber2014\/default":-0.531039642},"OE1_STDEV":{"boeck2019\/multi_task_hjdb":0.003619624,"boeck2020\/dar":0.0053043644,"schreiber2018\/fcn":0.180870902,"schreiber2018\/cnn":0.2290396801,"boeck2015\/tempodetector2016_default":0.2701344177,"schreiber2018\/ismir2018":0.2800405004,"boeck2019\/multi_task":0.3518066904,"davies2009\/mirex_qm_tempotracker":0.4212705039,"schreiber2017\/mirex2017":0.4324938932,"percival2014\/stem":0.4519047596,"schreiber2017\/ismir2017":0.4879636717,"schreiber2014\/default":0.4986298061},"OE2_MEAN":{"boeck2019\/multi_task_hjdb":0.0005030205,"boeck2020\/dar":-0.0060999698,"schreiber2018\/fcn":0.0008493705,"schreiber2018\/cnn":0.0008284577,"boeck2015\/tempodetector2016_default":-0.0020090703,"schreiber2018\/ismir2018":0.0022137548,"boeck2019\/multi_task":0.0013377726,"davies2009\/mirex_qm_tempotracker":0.1007089406,"schreiber2017\/mirex2017":0.0003687245,"percival2014\/stem":-0.0002767139,"schreiber2017\/ismir2017":0.0003687248,"schreiber2014\/default":0.0008752517},"OE2_STDEV":{"boeck2019\/multi_task_hjdb":0.003619624,"boeck2020\/dar":0.0053043644,"schreiber2018\/fcn":0.0044262086,"schreiber2018\/cnn":0.0039225215,"boeck2015\/tempodetector2016_default":0.0105001071,"schreiber2018\/ismir2018":0.017448182,"boeck2019\/multi_task":0.0728800891,"davies2009\/mirex_qm_tempotracker":0.1696122723,"schreiber2017\/mirex2017":0.040384491,"percival2014\/stem":0.0029448573,"schreiber2017\/ismir2017":0.040384491,"schreiber2014\/default":0.0318523414}}