{"boeck2015\/tempodetector2016_default":{"boeck2015\/tempodetector2016_default":1.0,"boeck2019\/multi_task":0.0040565549,"boeck2019\/multi_task_hjdb":0.0001822542,"boeck2020\/dar":0.0001598819,"davies2009\/mirex_qm_tempotracker":4.565527238e-16,"percival2014\/stem":2.432920726e-45,"schreiber2014\/default":6.286874089e-27,"schreiber2017\/ismir2017":5.775480769e-17,"schreiber2017\/mirex2017":0.0000001227,"schreiber2018\/cnn":0.6037326256,"schreiber2018\/fcn":0.106047283,"schreiber2018\/ismir2018":0.4761637637},"boeck2019\/multi_task":{"boeck2015\/tempodetector2016_default":0.0040565549,"boeck2019\/multi_task":1.0,"boeck2019\/multi_task_hjdb":0.0000000001,"boeck2020\/dar":0.0000000001,"davies2009\/mirex_qm_tempotracker":0.0000000267,"percival2014\/stem":3.690604736e-40,"schreiber2014\/default":1.409379962e-20,"schreiber2017\/ismir2017":0.0,"schreiber2017\/mirex2017":0.0029648366,"schreiber2018\/cnn":0.000283382,"schreiber2018\/fcn":0.000001165,"schreiber2018\/ismir2018":0.0128675895},"boeck2019\/multi_task_hjdb":{"boeck2015\/tempodetector2016_default":0.0001822542,"boeck2019\/multi_task":0.0000000001,"boeck2019\/multi_task_hjdb":1.0,"boeck2020\/dar":0.2211109524,"davies2009\/mirex_qm_tempotracker":1.091051258e-29,"percival2014\/stem":1.06157909e-65,"schreiber2014\/default":2.579463608e-40,"schreiber2017\/ismir2017":3.032987197e-28,"schreiber2017\/mirex2017":8.69107974e-17,"schreiber2018\/cnn":0.0002445317,"schreiber2018\/fcn":0.0042406441,"schreiber2018\/ismir2018":0.0000041221},"boeck2020\/dar":{"boeck2015\/tempodetector2016_default":0.0001598819,"boeck2019\/multi_task":0.0000000001,"boeck2019\/multi_task_hjdb":0.2211109524,"boeck2020\/dar":1.0,"davies2009\/mirex_qm_tempotracker":9.904785123e-30,"percival2014\/stem":3.093904006e-65,"schreiber2014\/default":1.935123239e-40,"schreiber2017\/ismir2017":5.78355341e-28,"schreiber2017\/mirex2017":7.062290127e-17,"schreiber2018\/cnn":0.0002134516,"schreiber2018\/fcn":0.0039795849,"schreiber2018\/ismir2018":0.0000034901},"davies2009\/mirex_qm_tempotracker":{"boeck2015\/tempodetector2016_default":4.565527238e-16,"boeck2019\/multi_task":0.0000000267,"boeck2019\/multi_task_hjdb":1.091051258e-29,"boeck2020\/dar":9.904785123e-30,"davies2009\/mirex_qm_tempotracker":1.0,"percival2014\/stem":5.370320179e-25,"schreiber2014\/default":0.0000018265,"schreiber2017\/ismir2017":0.0882337557,"schreiber2017\/mirex2017":0.0101410927,"schreiber2018\/cnn":4.628625269e-19,"schreiber2018\/fcn":5.943926409e-23,"schreiber2018\/ismir2018":0.0},"percival2014\/stem":{"boeck2015\/tempodetector2016_default":2.432920726e-45,"boeck2019\/multi_task":3.690604736e-40,"boeck2019\/multi_task_hjdb":1.06157909e-65,"boeck2020\/dar":3.093904006e-65,"davies2009\/mirex_qm_tempotracker":5.370320179e-25,"percival2014\/stem":1.0,"schreiber2014\/default":0.0000074728,"schreiber2017\/ismir2017":0.0,"schreiber2017\/mirex2017":5.110251188e-28,"schreiber2018\/cnn":1.126846692e-56,"schreiber2018\/fcn":5.19713125e-60,"schreiber2018\/ismir2018":3.598878403e-50},"schreiber2014\/default":{"boeck2015\/tempodetector2016_default":6.286874089e-27,"boeck2019\/multi_task":1.409379962e-20,"boeck2019\/multi_task_hjdb":2.579463608e-40,"boeck2020\/dar":1.935123239e-40,"davies2009\/mirex_qm_tempotracker":0.0000018265,"percival2014\/stem":0.0000074728,"schreiber2014\/default":1.0,"schreiber2017\/ismir2017":0.0015276456,"schreiber2017\/mirex2017":0.0,"schreiber2018\/cnn":4.530179493e-31,"schreiber2018\/fcn":1.744005559e-34,"schreiber2018\/ismir2018":5.257441502e-29},"schreiber2017\/ismir2017":{"boeck2015\/tempodetector2016_default":5.775480769e-17,"boeck2019\/multi_task":0.0,"boeck2019\/multi_task_hjdb":3.032987197e-28,"boeck2020\/dar":5.78355341e-28,"davies2009\/mirex_qm_tempotracker":0.0882337557,"percival2014\/stem":0.0,"schreiber2014\/default":0.0015276456,"schreiber2017\/ismir2017":1.0,"schreiber2017\/mirex2017":0.0000000182,"schreiber2018\/cnn":1.040353092e-20,"schreiber2018\/fcn":3.58651079e-24,"schreiber2018\/ismir2018":1.581734433e-18},"schreiber2017\/mirex2017":{"boeck2015\/tempodetector2016_default":0.0000001227,"boeck2019\/multi_task":0.0029648366,"boeck2019\/multi_task_hjdb":8.69107974e-17,"boeck2020\/dar":7.062290127e-17,"davies2009\/mirex_qm_tempotracker":0.0101410927,"percival2014\/stem":5.110251188e-28,"schreiber2014\/default":0.0,"schreiber2017\/ismir2017":0.0000000182,"schreiber2017\/mirex2017":1.0,"schreiber2018\/cnn":0.0000000001,"schreiber2018\/fcn":0.0,"schreiber2018\/ismir2018":0.0000000416},"schreiber2018\/cnn":{"boeck2015\/tempodetector2016_default":0.6037326256,"boeck2019\/multi_task":0.000283382,"boeck2019\/multi_task_hjdb":0.0002445317,"boeck2020\/dar":0.0002134516,"davies2009\/mirex_qm_tempotracker":4.628625269e-19,"percival2014\/stem":1.126846692e-56,"schreiber2014\/default":4.530179493e-31,"schreiber2017\/ismir2017":1.040353092e-20,"schreiber2017\/mirex2017":0.0000000001,"schreiber2018\/cnn":1.0,"schreiber2018\/fcn":0.2336407988,"schreiber2018\/ismir2018":0.1360043157},"schreiber2018\/fcn":{"boeck2015\/tempodetector2016_default":0.106047283,"boeck2019\/multi_task":0.000001165,"boeck2019\/multi_task_hjdb":0.0042406441,"boeck2020\/dar":0.0039795849,"davies2009\/mirex_qm_tempotracker":5.943926409e-23,"percival2014\/stem":5.19713125e-60,"schreiber2014\/default":1.744005559e-34,"schreiber2017\/ismir2017":3.58651079e-24,"schreiber2017\/mirex2017":0.0,"schreiber2018\/cnn":0.2336407988,"schreiber2018\/fcn":1.0,"schreiber2018\/ismir2018":0.0054753201},"schreiber2018\/ismir2018":{"boeck2015\/tempodetector2016_default":0.4761637637,"boeck2019\/multi_task":0.0128675895,"boeck2019\/multi_task_hjdb":0.0000041221,"boeck2020\/dar":0.0000034901,"davies2009\/mirex_qm_tempotracker":0.0,"percival2014\/stem":3.598878403e-50,"schreiber2014\/default":5.257441502e-29,"schreiber2017\/ismir2017":1.581734433e-18,"schreiber2017\/mirex2017":0.0000000416,"schreiber2018\/cnn":0.1360043157,"schreiber2018\/fcn":0.0054753201,"schreiber2018\/ismir2018":1.0}}