{"Accuracy1":{"schreiber2017\/mirex2017":0.8989247312,"schreiber2014\/default":0.7311827957,"schreiber2018\/fcn":0.6752688172,"schreiber2017\/ismir2017":0.6688172043,"schreiber2018\/cnn":0.6451612903,"percival2014\/stem":0.6086021505,"schreiber2018\/ismir2018":0.5870967742,"klapuri2006\/ismir2004":0.5827956989,"klapuri2006\/percival2014":0.5784946237,"echonest\/version_3_2_1":0.5698924731,"gkiokas2012\/default":0.5677419355,"zplane\/auftakt_v3":0.5612903226,"boeck2015\/tempodetector2016_default":0.5548387097,"oliveira2010\/ibt":0.4666666667,"davies2009\/mirex_qm_tempotracker":0.4387096774,"scheirer1998\/percival2014":0.4258064516,"uhle2004\/ismir2004":0.4193548387,"scheirer1998\/ismir2004":0.3784946237,"alonso2004\/ismir2004_spec":0.3741935484,"dixon2001\/ismir2004_indu":0.2860215054,"tzanetakis2002\/ismir2004_msum":0.2731182796,"alonso2004\/ismir2004_corr":0.2344086022,"tzanetakis2002\/ismir2004_hist":0.2129032258,"dixon2001\/ismir2004_trac":0.1935483871,"tzanetakis2002\/ismir2004_mmul":0.1892473118,"dixon2003\/ismir2004_auco":0.1677419355},"Accuracy2":{"schreiber2017\/mirex2017":0.9483870968,"schreiber2014\/default":0.9182795699,"schreiber2018\/fcn":0.935483871,"schreiber2017\/ismir2017":0.9139784946,"schreiber2018\/cnn":0.9225806452,"percival2014\/stem":0.8602150538,"schreiber2018\/ismir2018":0.9182795699,"klapuri2006\/ismir2004":0.9096774194,"klapuri2006\/percival2014":0.8924731183,"echonest\/version_3_2_1":0.7849462366,"gkiokas2012\/default":0.9075268817,"zplane\/auftakt_v3":0.823655914,"boeck2015\/tempodetector2016_default":0.9483870968,"oliveira2010\/ibt":0.7677419355,"davies2009\/mirex_qm_tempotracker":0.8193548387,"scheirer1998\/percival2014":0.6430107527,"uhle2004\/ismir2004":0.7204301075,"scheirer1998\/ismir2004":0.6946236559,"alonso2004\/ismir2004_spec":0.6860215054,"dixon2001\/ismir2004_indu":0.6279569892,"tzanetakis2002\/ismir2004_msum":0.5247311828,"alonso2004\/ismir2004_corr":0.5784946237,"tzanetakis2002\/ismir2004_hist":0.4774193548,"dixon2001\/ismir2004_trac":0.688172043,"tzanetakis2002\/ismir2004_mmul":0.4129032258,"dixon2003\/ismir2004_auco":0.7677419355}}