Reference,Size,Min,Max,Avg,Stdev,Sweet Oct. Start,Sweet Oct. Coverage
1.0,465,23.0,242.435605,89.83326117419355,27.841666916242165,56.0,0.7397849462365591
