{"1.0":{"0.0":0.0,"1.0":0.0,"2.0":0.0,"3.0":0.0,"4.0":0.0,"5.0":0.0,"6.0":0.0,"7.0":0.0,"8.0":0.0,"9.0":0.0,"10.0":0.0,"11.0":0.0,"12.0":0.0,"13.0":0.0,"14.0":0.0,"15.0":0.0,"16.0":0.0,"17.0":0.0,"18.0":0.0021505376,"19.0":0.0021505376,"20.0":0.0021505376,"21.0":0.0021505376,"22.0":0.0021505376,"23.0":0.0021505376,"24.0":0.0021505376,"25.0":0.0021505376,"26.0":0.0021505376,"27.0":0.0021505376,"28.0":0.0021505376,"29.0":0.0,"30.0":0.0,"31.0":0.0021505376,"32.0":0.0021505376,"33.0":0.0064516129,"34.0":0.0086021505,"35.0":0.0086021505,"36.0":0.0086021505,"37.0":0.0107526882,"38.0":0.0129032258,"39.0":0.0129032258,"40.0":0.0172043011,"41.0":0.0193548387,"42.0":0.0172043011,"43.0":0.0172043011,"44.0":0.0193548387,"45.0":0.0215053763,"46.0":0.0258064516,"47.0":0.0322580645,"48.0":0.0430107527,"49.0":0.047311828,"50.0":0.0516129032,"51.0":0.064516129,"52.0":0.0774193548,"53.0":0.0903225806,"54.0":0.0924731183,"55.0":0.1096774194,"56.0":0.111827957,"57.0":0.1204301075,"58.0":0.1333333333,"59.0":0.1290322581,"60.0":0.1397849462,"61.0":0.1462365591,"62.0":0.1397849462,"63.0":0.1333333333,"64.0":0.135483871,"65.0":0.135483871,"66.0":0.135483871,"67.0":0.1333333333,"68.0":0.1290322581,"69.0":0.1204301075,"70.0":0.1290322581,"71.0":0.1440860215,"72.0":0.135483871,"73.0":0.1397849462,"74.0":0.152688172,"75.0":0.1483870968,"76.0":0.1569892473,"77.0":0.1569892473,"78.0":0.152688172,"79.0":0.1612903226,"80.0":0.1720430108,"81.0":0.152688172,"82.0":0.1462365591,"83.0":0.1462365591,"84.0":0.1505376344,"85.0":0.1505376344,"86.0":0.1440860215,"87.0":0.135483871,"88.0":0.1333333333,"89.0":0.1311827957,"90.0":0.1225806452,"91.0":0.1182795699,"92.0":0.1290322581,"93.0":0.1311827957,"94.0":0.1290322581,"95.0":0.1333333333,"96.0":0.1333333333,"97.0":0.1505376344,"98.0":0.152688172,"99.0":0.1548387097,"100.0":0.1634408602,"101.0":0.1655913978,"102.0":0.1634408602,"103.0":0.1634408602,"104.0":0.1505376344,"105.0":0.1483870968,"106.0":0.135483871,"107.0":0.1139784946,"108.0":0.111827957,"109.0":0.1032258065,"110.0":0.0924731183,"111.0":0.0774193548,"112.0":0.0774193548,"113.0":0.0709677419,"114.0":0.0709677419,"115.0":0.0795698925,"116.0":0.0709677419,"117.0":0.064516129,"118.0":0.0709677419,"119.0":0.0709677419,"120.0":0.0731182796,"121.0":0.0731182796,"122.0":0.0666666667,"123.0":0.0623655914,"124.0":0.0559139785,"125.0":0.0537634409,"126.0":0.0430107527,"127.0":0.0494623656,"128.0":0.047311828,"129.0":0.047311828,"130.0":0.0516129032,"131.0":0.0494623656,"132.0":0.0516129032,"133.0":0.0408602151,"134.0":0.0387096774,"135.0":0.0430107527,"136.0":0.0387096774,"137.0":0.0387096774,"138.0":0.0322580645,"139.0":0.0301075269,"140.0":0.023655914,"141.0":0.0172043011,"142.0":0.0129032258,"143.0":0.0150537634,"144.0":0.0172043011,"145.0":0.0215053763,"146.0":0.0172043011,"147.0":0.0172043011,"148.0":0.0172043011,"149.0":0.0150537634,"150.0":0.0172043011,"151.0":0.0172043011,"152.0":0.0150537634,"153.0":0.0172043011,"154.0":0.0129032258,"155.0":0.0129032258,"156.0":0.0107526882,"157.0":0.0107526882,"158.0":0.0107526882,"159.0":0.0107526882,"160.0":0.0107526882,"161.0":0.0107526882,"162.0":0.0107526882,"163.0":0.0086021505,"164.0":0.0086021505,"165.0":0.0086021505,"166.0":0.0086021505,"167.0":0.0043010753,"168.0":0.0043010753,"169.0":0.0021505376,"170.0":0.0021505376,"171.0":0.0,"172.0":0.0,"173.0":0.0,"174.0":0.0,"175.0":0.0,"176.0":0.0,"177.0":0.0,"178.0":0.0,"179.0":0.0,"180.0":0.0021505376,"181.0":0.0021505376,"182.0":0.0021505376,"183.0":0.0021505376,"184.0":0.0021505376,"185.0":0.0021505376,"186.0":0.0021505376,"187.0":0.0021505376,"188.0":0.0021505376,"189.0":0.0021505376,"190.0":0.0,"191.0":0.0,"192.0":0.0,"193.0":0.0,"194.0":0.0,"195.0":0.0,"196.0":0.0,"197.0":0.0,"198.0":0.0,"199.0":0.0,"200.0":0.0,"201.0":0.0,"202.0":0.0,"203.0":0.0,"204.0":0.0,"205.0":0.0,"206.0":0.0,"207.0":0.0,"208.0":0.0,"209.0":0.0,"210.0":0.0,"211.0":0.0,"212.0":0.0,"213.0":0.0,"214.0":0.0,"215.0":0.0,"216.0":0.0,"217.0":0.0,"218.0":0.0,"219.0":0.0,"220.0":0.0,"221.0":0.0,"222.0":0.0,"223.0":0.0,"224.0":0.0021505376,"225.0":0.0021505376,"226.0":0.0021505376,"227.0":0.0021505376,"228.0":0.0021505376,"229.0":0.0021505376,"230.0":0.0021505376,"231.0":0.0021505376,"232.0":0.0021505376,"233.0":0.0021505376,"234.0":0.0,"235.0":0.0,"236.0":0.0,"237.0":0.0,"238.0":0.0021505376,"239.0":0.0021505376,"240.0":0.0021505376,"241.0":0.0021505376,"242.0":0.0021505376,"243.0":0.0021505376,"244.0":0.0021505376,"245.0":0.0021505376,"246.0":0.0021505376,"247.0":0.0021505376,"248.0":0.0,"249.0":0.0,"250.0":0.0,"251.0":0.0,"252.0":0.0,"253.0":0.0,"254.0":0.0,"255.0":0.0,"256.0":0.0,"257.0":0.0,"258.0":0.0,"259.0":0.0,"260.0":0.0,"261.0":0.0,"262.0":0.0,"263.0":0.0,"264.0":0.0,"265.0":0.0,"266.0":0.0,"267.0":0.0,"268.0":0.0,"269.0":0.0,"270.0":0.0,"271.0":0.0,"272.0":0.0,"273.0":0.0,"274.0":0.0,"275.0":0.0,"276.0":0.0,"277.0":0.0,"278.0":0.0,"279.0":0.0,"280.0":0.0,"281.0":0.0,"282.0":0.0,"283.0":0.0,"284.0":0.0,"285.0":0.0,"286.0":0.0,"287.0":0.0,"288.0":0.0,"289.0":0.0,"290.0":0.0,"291.0":0.0,"292.0":0.0,"293.0":0.0,"294.0":0.0,"295.0":0.0,"296.0":0.0,"297.0":0.0,"298.0":0.0,"299.0":0.0,"300.0":0.0}}