{"Size":{"1.0":465},"Min":{"1.0":23.0},"Max":{"1.0":242.435605},"Avg":{"1.0":89.8332611742},"Stdev":{"1.0":27.8416669162},"Sweet Oct. Start":{"1.0":56.0},"Sweet Oct. Coverage":{"1.0":0.7397849462}}