{"AOE1_MEAN":{"schreiber2017\/mirex2017":0.0886404527,"schreiber2014\/default":0.2426681436,"schreiber2017\/ismir2017":0.2984090535,"echonest\/version_3_2_1":0.3142286841,"schreiber2018\/fcn":0.3147853305,"percival2014\/stem":0.3342085022,"schreiber2018\/cnn":0.3447185968,"zplane\/auftakt_v3":0.3840759612,"klapuri2006\/percival2014":0.3905194093,"klapuri2006\/ismir2004":0.3977588034,"schreiber2018\/ismir2018":0.3989587452,"scheirer1998\/percival2014":0.4118969582,"gkiokas2012\/default":0.4247319168,"oliveira2010\/ibt":0.4510900465,"boeck2015\/tempodetector2016_default":0.4598805535,"alonso2004\/ismir2004_spec":0.4764329288,"scheirer1998\/ismir2004":0.4895651295,"uhle2004\/ismir2004":0.5597061951,"davies2009\/mirex_qm_tempotracker":0.5616370369,"alonso2004\/ismir2004_corr":0.6621468408,"tzanetakis2002\/ismir2004_msum":0.7047599706,"dixon2001\/ismir2004_indu":0.7130195542,"tzanetakis2002\/ismir2004_mmul":0.7608087317,"dixon2001\/ismir2004_trac":0.8342469753,"dixon2003\/ismir2004_auco":0.8943817424,"tzanetakis2002\/ismir2004_hist":1.0446859158},"AOE1_STDEV":{"schreiber2017\/mirex2017":0.2709574795,"schreiber2014\/default":0.4155257464,"schreiber2017\/ismir2017":0.4479971684,"echonest\/version_3_2_1":0.4316258868,"schreiber2018\/fcn":0.482946895,"percival2014\/stem":0.4536326862,"schreiber2018\/cnn":0.4880772194,"zplane\/auftakt_v3":0.4781395303,"klapuri2006\/percival2014":0.4920014565,"klapuri2006\/ismir2004":0.4941902519,"schreiber2018\/ismir2018":0.4960060854,"scheirer1998\/percival2014":0.4659150856,"gkiokas2012\/default":0.5132172324,"oliveira2010\/ibt":0.4878473268,"boeck2015\/tempodetector2016_default":0.5308864894,"alonso2004\/ismir2004_spec":0.4706559559,"scheirer1998\/ismir2004":0.47034124,"uhle2004\/ismir2004":0.5655951841,"davies2009\/mirex_qm_tempotracker":0.5462284749,"alonso2004\/ismir2004_corr":0.5333450801,"tzanetakis2002\/ismir2004_msum":0.6043983046,"dixon2001\/ismir2004_indu":0.5868056773,"tzanetakis2002\/ismir2004_mmul":0.58843648,"dixon2001\/ismir2004_trac":0.5431103047,"dixon2003\/ismir2004_auco":0.5220561558,"tzanetakis2002\/ismir2004_hist":0.7207528},"AOE2_MEAN":{"schreiber2017\/mirex2017":0.0183851791,"schreiber2014\/default":0.0327052944,"schreiber2017\/ismir2017":0.0321869724,"echonest\/version_3_2_1":0.0675894105,"schreiber2018\/fcn":0.0254549096,"percival2014\/stem":0.0479320406,"schreiber2018\/cnn":0.0262675936,"zplane\/auftakt_v3":0.0604658438,"klapuri2006\/percival2014":0.0371438423,"klapuri2006\/ismir2004":0.0364743131,"schreiber2018\/ismir2018":0.0343126672,"scheirer1998\/percival2014":0.1040051843,"gkiokas2012\/default":0.0334799446,"oliveira2010\/ibt":0.0746450357,"boeck2015\/tempodetector2016_default":0.0248109494,"alonso2004\/ismir2004_spec":0.099580111,"scheirer1998\/ismir2004":0.1098881525,"uhle2004\/ismir2004":0.0930782419,"davies2009\/mirex_qm_tempotracker":0.0721728314,"alonso2004\/ismir2004_corr":0.1347876975,"tzanetakis2002\/ismir2004_msum":0.1390859871,"dixon2001\/ismir2004_indu":0.1195525161,"tzanetakis2002\/ismir2004_mmul":0.1701814839,"dixon2001\/ismir2004_trac":0.0907035371,"dixon2003\/ismir2004_auco":0.0838403028,"tzanetakis2002\/ismir2004_hist":0.1742401729},"AOE2_STDEV":{"schreiber2017\/mirex2017":0.0485979496,"schreiber2014\/default":0.0895103046,"schreiber2017\/ismir2017":0.0868971883,"echonest\/version_3_2_1":0.1274949248,"schreiber2018\/fcn":0.0729978248,"percival2014\/stem":0.1092738954,"schreiber2018\/cnn":0.072622068,"zplane\/auftakt_v3":0.1267982099,"klapuri2006\/percival2014":0.0985545609,"klapuri2006\/ismir2004":0.1001585075,"schreiber2018\/ismir2018":0.0925468232,"scheirer1998\/percival2014":0.161612627,"gkiokas2012\/default":0.0882974169,"oliveira2010\/ibt":0.133796791,"boeck2015\/tempodetector2016_default":0.0773804399,"alonso2004\/ismir2004_spec":0.1503891349,"scheirer1998\/ismir2004":0.1608995864,"uhle2004\/ismir2004":0.1495998544,"davies2009\/mirex_qm_tempotracker":0.1353680556,"alonso2004\/ismir2004_corr":0.1650388773,"tzanetakis2002\/ismir2004_msum":0.1799543612,"dixon2001\/ismir2004_indu":0.1742762437,"tzanetakis2002\/ismir2004_mmul":0.1811464417,"dixon2001\/ismir2004_trac":0.1539368749,"dixon2003\/ismir2004_auco":0.1516809495,"tzanetakis2002\/ismir2004_hist":0.2194825429}}