{"Size":{"alonso2004\/ismir2004_corr":465,"alonso2004\/ismir2004_spec":465,"boeck2015\/tempodetector2016_default":465,"davies2009\/mirex_qm_tempotracker":465,"dixon2001\/ismir2004_indu":465,"dixon2001\/ismir2004_trac":465,"dixon2003\/ismir2004_auco":465,"echonest\/version_3_2_1":465,"gkiokas2012\/default":465,"klapuri2006\/ismir2004":465,"klapuri2006\/percival2014":465,"oliveira2010\/ibt":465,"percival2014\/stem":465,"scheirer1998\/ismir2004":465,"scheirer1998\/percival2014":465,"schreiber2014\/default":465,"schreiber2017\/ismir2017":465,"schreiber2017\/mirex2017":465,"schreiber2018\/cnn":465,"schreiber2018\/fcn":465,"schreiber2018\/ismir2018":465,"tzanetakis2002\/ismir2004_hist":465,"tzanetakis2002\/ismir2004_mmul":465,"tzanetakis2002\/ismir2004_msum":465,"uhle2004\/ismir2004":465,"zplane\/auftakt_v3":465},"Min":{"alonso2004\/ismir2004_corr":57.7839,"alonso2004\/ismir2004_spec":0.0,"boeck2015\/tempodetector2016_default":45.11,"davies2009\/mirex_qm_tempotracker":65.4173,"dixon2001\/ismir2004_indu":50.089,"dixon2001\/ismir2004_trac":0.0,"dixon2003\/ismir2004_auco":60.0,"echonest\/version_3_2_1":53.586,"gkiokas2012\/default":0.0,"klapuri2006\/ismir2004":66.0,"klapuri2006\/percival2014":0.0,"oliveira2010\/ibt":81.0,"percival2014\/stem":51.5508,"scheirer1998\/ismir2004":51.5038,"scheirer1998\/percival2014":0.0,"schreiber2014\/default":43.489605,"schreiber2017\/ismir2017":39.980473,"schreiber2017\/mirex2017":38.06819,"schreiber2018\/cnn":43.0,"schreiber2018\/fcn":45.0,"schreiber2018\/ismir2018":54.0,"tzanetakis2002\/ismir2004_hist":50.0,"tzanetakis2002\/ismir2004_mmul":52.0,"tzanetakis2002\/ismir2004_msum":50.0,"uhle2004\/ismir2004":51.0,"zplane\/auftakt_v3":0.0},"Max":{"alonso2004\/ismir2004_corr":245.8873,"alonso2004\/ismir2004_spec":249.1699,"boeck2015\/tempodetector2016_default":240.0,"davies2009\/mirex_qm_tempotracker":246.094,"dixon2001\/ismir2004_indu":248.802,"dixon2001\/ismir2004_trac":248.466,"dixon2003\/ismir2004_auco":249.0,"echonest\/version_3_2_1":198.286,"gkiokas2012\/default":248.0,"klapuri2006\/ismir2004":164.0,"klapuri2006\/percival2014":164.0625,"oliveira2010\/ibt":161.0,"percival2014\/stem":159.014,"scheirer1998\/ismir2004":220.0,"scheirer1998\/percival2014":181.818,"schreiber2014\/default":161.4596,"schreiber2017\/ismir2017":172.30241,"schreiber2017\/mirex2017":161.4596,"schreiber2018\/cnn":224.0,"schreiber2018\/fcn":224.0,"schreiber2018\/ismir2018":224.0,"tzanetakis2002\/ismir2004_hist":249.0,"tzanetakis2002\/ismir2004_mmul":240.0,"tzanetakis2002\/ismir2004_msum":248.0,"uhle2004\/ismir2004":248.0,"zplane\/auftakt_v3":164.5},"Avg":{"alonso2004\/ismir2004_corr":131.764091828,"alonso2004\/ismir2004_spec":105.4181769892,"boeck2015\/tempodetector2016_default":120.934688172,"davies2009\/mirex_qm_tempotracker":126.7464735484,"dixon2001\/ismir2004_indu":127.3789806452,"dixon2001\/ismir2004_trac":152.1009075269,"dixon2003\/ismir2004_auco":163.376344086,"echonest\/version_3_2_1":99.0280946237,"gkiokas2012\/default":114.0537634409,"klapuri2006\/ismir2004":111.4516129032,"klapuri2006\/percival2014":110.5961729656,"oliveira2010\/ibt":115.7204301075,"percival2014\/stem":101.3632008602,"scheirer1998\/ismir2004":106.0759391398,"scheirer1998\/percival2014":93.2425552688,"schreiber2014\/default":97.192922957,"schreiber2017\/ismir2017":102.2867844731,"schreiber2017\/mirex2017":100.3177774624,"schreiber2018\/cnn":109.8021505376,"schreiber2018\/fcn":106.1247311828,"schreiber2018\/ismir2018":112.9548387097,"tzanetakis2002\/ismir2004_hist":172.5505376344,"tzanetakis2002\/ismir2004_mmul":140.8924731183,"tzanetakis2002\/ismir2004_msum":135.2322580645,"uhle2004\/ismir2004":119.7655913978,"zplane\/auftakt_v3":108.9840860215},"Stdev":{"alonso2004\/ismir2004_corr":49.7593759834,"alonso2004\/ismir2004_spec":46.7575152157,"boeck2015\/tempodetector2016_default":37.0884744964,"davies2009\/mirex_qm_tempotracker":31.6191471708,"dixon2001\/ismir2004_indu":53.0348699659,"dixon2001\/ismir2004_trac":52.4329133321,"dixon2003\/ismir2004_auco":44.8511220159,"echonest\/version_3_2_1":30.8615922984,"gkiokas2012\/default":36.6989046603,"klapuri2006\/ismir2004":21.1433511035,"klapuri2006\/percival2014":21.2375517922,"oliveira2010\/ibt":21.856489997,"percival2014\/stem":22.2135303087,"scheirer1998\/ismir2004":35.8534155996,"scheirer1998\/percival2014":41.5405017221,"schreiber2014\/default":21.5741699959,"schreiber2017\/ismir2017":29.089338007,"schreiber2017\/mirex2017":29.3931010311,"schreiber2018\/cnn":31.0216761623,"schreiber2018\/fcn":33.8684309571,"schreiber2018\/ismir2018":28.9559732542,"tzanetakis2002\/ismir2004_hist":75.1069791968,"tzanetakis2002\/ismir2004_mmul":45.6744624106,"tzanetakis2002\/ismir2004_msum":53.0324176259,"uhle2004\/ismir2004":41.2274350367,"zplane\/auftakt_v3":24.0975702665},"Sweet Oct. Start":{"alonso2004\/ismir2004_corr":92.0,"alonso2004\/ismir2004_spec":61.0,"boeck2015\/tempodetector2016_default":79.0,"davies2009\/mirex_qm_tempotracker":84.0,"dixon2001\/ismir2004_indu":91.0,"dixon2001\/ismir2004_trac":121.0,"dixon2003\/ismir2004_auco":124.0,"echonest\/version_3_2_1":64.0,"gkiokas2012\/default":76.0,"klapuri2006\/ismir2004":79.0,"klapuri2006\/percival2014":76.0,"oliveira2010\/ibt":81.0,"percival2014\/stem":70.0,"scheirer1998\/ismir2004":66.0,"scheirer1998\/percival2014":77.0,"schreiber2014\/default":68.0,"schreiber2017\/ismir2017":80.0,"schreiber2017\/mirex2017":80.0,"schreiber2018\/cnn":76.0,"schreiber2018\/fcn":68.0,"schreiber2018\/ismir2018":77.0,"tzanetakis2002\/ismir2004_hist":125.0,"tzanetakis2002\/ismir2004_mmul":113.0,"tzanetakis2002\/ismir2004_msum":117.0,"uhle2004\/ismir2004":77.0,"zplane\/auftakt_v3":79.0},"Sweet Oct. Coverage":{"alonso2004\/ismir2004_corr":0.5956989247,"alonso2004\/ismir2004_spec":0.5870967742,"boeck2015\/tempodetector2016_default":0.7612903226,"davies2009\/mirex_qm_tempotracker":0.864516129,"dixon2001\/ismir2004_indu":0.511827957,"dixon2001\/ismir2004_trac":0.7634408602,"dixon2003\/ismir2004_auco":0.8064516129,"echonest\/version_3_2_1":0.7569892473,"gkiokas2012\/default":0.7397849462,"klapuri2006\/ismir2004":0.9634408602,"klapuri2006\/percival2014":0.9655913978,"oliveira2010\/ibt":1.0,"percival2014\/stem":0.8946236559,"scheirer1998\/ismir2004":0.6903225806,"scheirer1998\/percival2014":0.7032258065,"schreiber2014\/default":0.8924731183,"schreiber2017\/ismir2017":0.7784946237,"schreiber2017\/mirex2017":0.7569892473,"schreiber2018\/cnn":0.8021505376,"schreiber2018\/fcn":0.7333333333,"schreiber2018\/ismir2018":0.864516129,"tzanetakis2002\/ismir2004_hist":0.6559139785,"tzanetakis2002\/ismir2004_mmul":0.6666666667,"tzanetakis2002\/ismir2004_msum":0.5483870968,"uhle2004\/ismir2004":0.7397849462,"zplane\/auftakt_v3":0.8903225806}}