{"1.0":{"0.0":0.0,"1.0":0.0,"2.0":0.0,"3.0":0.0,"4.0":0.0,"5.0":0.0,"6.0":0.0,"7.0":0.0,"8.0":0.0,"9.0":0.0,"10.0":0.0,"11.0":0.0,"12.0":0.0,"13.0":0.0,"14.0":0.0,"15.0":0.0,"16.0":0.0,"17.0":0.0,"18.0":0.0,"19.0":0.0,"20.0":0.0,"21.0":0.0,"22.0":0.0,"23.0":0.0,"24.0":0.0,"25.0":0.0,"26.0":0.0,"27.0":0.0,"28.0":0.0,"29.0":0.0,"30.0":0.0,"31.0":0.0,"32.0":0.0,"33.0":0.0,"34.0":0.0,"35.0":0.0,"36.0":0.0,"37.0":0.0021186441,"38.0":0.0021186441,"39.0":0.0021186441,"40.0":0.0021186441,"41.0":0.0021186441,"42.0":0.0021186441,"43.0":0.0042372881,"44.0":0.0042372881,"45.0":0.0042372881,"46.0":0.0042372881,"47.0":0.0021186441,"48.0":0.0021186441,"49.0":0.0042372881,"50.0":0.0042372881,"51.0":0.0063559322,"52.0":0.0084745763,"53.0":0.0127118644,"54.0":0.0190677966,"55.0":0.0190677966,"56.0":0.0254237288,"57.0":0.031779661,"58.0":0.0338983051,"59.0":0.0381355932,"60.0":0.0402542373,"61.0":0.0423728814,"62.0":0.0444915254,"63.0":0.0466101695,"64.0":0.0444915254,"65.0":0.0444915254,"66.0":0.0466101695,"67.0":0.0487288136,"68.0":0.0572033898,"69.0":0.061440678,"70.0":0.0783898305,"71.0":0.0826271186,"72.0":0.0868644068,"73.0":0.0868644068,"74.0":0.0911016949,"75.0":0.0953389831,"76.0":0.0995762712,"77.0":0.1038135593,"78.0":0.1080508475,"79.0":0.1080508475,"80.0":0.0953389831,"81.0":0.0974576271,"82.0":0.0995762712,"83.0":0.1101694915,"84.0":0.1165254237,"85.0":0.1186440678,"86.0":0.1186440678,"87.0":0.1122881356,"88.0":0.1059322034,"89.0":0.1122881356,"90.0":0.1122881356,"91.0":0.1207627119,"92.0":0.1228813559,"93.0":0.1144067797,"94.0":0.1080508475,"95.0":0.1165254237,"96.0":0.1101694915,"97.0":0.1228813559,"98.0":0.1207627119,"99.0":0.1122881356,"100.0":0.1165254237,"101.0":0.0995762712,"102.0":0.0974576271,"103.0":0.0974576271,"104.0":0.0953389831,"105.0":0.093220339,"106.0":0.093220339,"107.0":0.0889830508,"108.0":0.1038135593,"109.0":0.1016949153,"110.0":0.1122881356,"111.0":0.1228813559,"112.0":0.1271186441,"113.0":0.1186440678,"114.0":0.1144067797,"115.0":0.1228813559,"116.0":0.1271186441,"117.0":0.1144067797,"118.0":0.0974576271,"119.0":0.1080508475,"120.0":0.1122881356,"121.0":0.1080508475,"122.0":0.1101694915,"123.0":0.1207627119,"124.0":0.125,"125.0":0.1144067797,"126.0":0.1165254237,"127.0":0.1207627119,"128.0":0.1292372881,"129.0":0.1334745763,"130.0":0.1186440678,"131.0":0.1228813559,"132.0":0.1207627119,"133.0":0.1144067797,"134.0":0.1144067797,"135.0":0.1122881356,"136.0":0.1038135593,"137.0":0.1038135593,"138.0":0.0953389831,"139.0":0.0805084746,"140.0":0.0720338983,"141.0":0.0656779661,"142.0":0.0572033898,"143.0":0.0572033898,"144.0":0.063559322,"145.0":0.0572033898,"146.0":0.0572033898,"147.0":0.0550847458,"148.0":0.0529661017,"149.0":0.0508474576,"150.0":0.0550847458,"151.0":0.0529661017,"152.0":0.0508474576,"153.0":0.0487288136,"154.0":0.0402542373,"155.0":0.0423728814,"156.0":0.0466101695,"157.0":0.0423728814,"158.0":0.0402542373,"159.0":0.0402542373,"160.0":0.0360169492,"161.0":0.0360169492,"162.0":0.0360169492,"163.0":0.0338983051,"164.0":0.031779661,"165.0":0.0275423729,"166.0":0.0233050847,"167.0":0.0254237288,"168.0":0.0296610169,"169.0":0.0254237288,"170.0":0.0254237288,"171.0":0.0211864407,"172.0":0.0169491525,"173.0":0.0169491525,"174.0":0.0169491525,"175.0":0.0169491525,"176.0":0.0127118644,"177.0":0.0127118644,"178.0":0.0084745763,"179.0":0.0084745763,"180.0":0.0063559322,"181.0":0.0063559322,"182.0":0.0063559322,"183.0":0.0042372881,"184.0":0.0021186441,"185.0":0.0021186441,"186.0":0.0063559322,"187.0":0.0042372881,"188.0":0.0042372881,"189.0":0.0042372881,"190.0":0.0063559322,"191.0":0.0063559322,"192.0":0.0063559322,"193.0":0.0063559322,"194.0":0.0063559322,"195.0":0.0063559322,"196.0":0.0042372881,"197.0":0.0042372881,"198.0":0.0042372881,"199.0":0.0042372881,"200.0":0.0021186441,"201.0":0.0021186441,"202.0":0.0021186441,"203.0":0.0021186441,"204.0":0.0021186441,"205.0":0.0021186441,"206.0":0.0,"207.0":0.0,"208.0":0.0,"209.0":0.0021186441,"210.0":0.0021186441,"211.0":0.0021186441,"212.0":0.0042372881,"213.0":0.0042372881,"214.0":0.0042372881,"215.0":0.0042372881,"216.0":0.0042372881,"217.0":0.0042372881,"218.0":0.0042372881,"219.0":0.0021186441,"220.0":0.0021186441,"221.0":0.0021186441,"222.0":0.0,"223.0":0.0,"224.0":0.0,"225.0":0.0,"226.0":0.0,"227.0":0.0,"228.0":0.0,"229.0":0.0,"230.0":0.0,"231.0":0.0,"232.0":0.0,"233.0":0.0,"234.0":0.0,"235.0":0.0,"236.0":0.0,"237.0":0.0,"238.0":0.0,"239.0":0.0,"240.0":0.0,"241.0":0.0,"242.0":0.0,"243.0":0.0,"244.0":0.0,"245.0":0.0,"246.0":0.0,"247.0":0.0,"248.0":0.0,"249.0":0.0,"250.0":0.0,"251.0":0.0,"252.0":0.0,"253.0":0.0,"254.0":0.0,"255.0":0.0,"256.0":0.0,"257.0":0.0,"258.0":0.0,"259.0":0.0,"260.0":0.0,"261.0":0.0,"262.0":0.0,"263.0":0.0,"264.0":0.0,"265.0":0.0,"266.0":0.0,"267.0":0.0,"268.0":0.0,"269.0":0.0,"270.0":0.0,"271.0":0.0,"272.0":0.0,"273.0":0.0,"274.0":0.0,"275.0":0.0,"276.0":0.0,"277.0":0.0,"278.0":0.0,"279.0":0.0,"280.0":0.0,"281.0":0.0,"282.0":0.0,"283.0":0.0,"284.0":0.0,"285.0":0.0,"286.0":0.0,"287.0":0.0,"288.0":0.0,"289.0":0.0,"290.0":0.0,"291.0":0.0,"292.0":0.0,"293.0":0.0,"294.0":0.0,"295.0":0.0,"296.0":0.0,"297.0":0.0,"298.0":0.0,"299.0":0.0,"300.0":0.0}}