{"Count":{"2 beats\/measure":0.0486257928,"3 beats\/measure":0.0084566596,"4 beats\/measure":0.6109936575,"6 beats\/measure":0.0042283298,"8 beats\/measure":0.0021141649,"classical":0.177589852,"electronic\/dance":0.1395348837,"hip hop\/rap":0.0782241015,"jazz\/blues":0.1987315011,"rock\/pop":0.2600422833,"soul\/rnb\/funk":0.1141649049,"tempo discontinuity":0.1014799154,"tempo variation":0.0782241015,"unkown meter":0.3255813953,"world\/folk":0.0317124736}}