Reference,Size,Min,Max,Avg,Stdev,Sweet Oct. Start,Sweet Oct. Coverage
1.0,473,41.69272965245525,216.29416005767837,111.17249075014196,30.324031802233257,72.0,0.7758985200845666
