Reference,Size,Min,Max,Avg,Stdev,Sweet Oct. Start,Sweet Oct. Coverage
1.0,472,41.69272965245525,216.29416005767837,111.05879864402962,30.255120302426505,72.0,0.777542372881356
