{"1.0":{"0.0":0.0,"1.0":0.0,"2.0":0.0,"3.0":0.0,"4.0":0.0,"5.0":0.0,"6.0":0.0,"7.0":0.0,"8.0":0.0,"9.0":0.0,"10.0":0.0,"11.0":0.0,"12.0":0.0,"13.0":0.0,"14.0":0.0,"15.0":0.0,"16.0":0.0,"17.0":0.0,"18.0":0.0,"19.0":0.0,"20.0":0.0,"21.0":0.0,"22.0":0.0,"23.0":0.0,"24.0":0.0,"25.0":0.0,"26.0":0.0,"27.0":0.0,"28.0":0.0,"29.0":0.0,"30.0":0.0,"31.0":0.0,"32.0":0.0,"33.0":0.0,"34.0":0.0,"35.0":0.0,"36.0":0.0,"37.0":0.0021141649,"38.0":0.0021141649,"39.0":0.0021141649,"40.0":0.0021141649,"41.0":0.0021141649,"42.0":0.0021141649,"43.0":0.0042283298,"44.0":0.0042283298,"45.0":0.0042283298,"46.0":0.0042283298,"47.0":0.0021141649,"48.0":0.0021141649,"49.0":0.0042283298,"50.0":0.0042283298,"51.0":0.0063424947,"52.0":0.0084566596,"53.0":0.0126849894,"54.0":0.0190274841,"55.0":0.0190274841,"56.0":0.0253699789,"57.0":0.0317124736,"58.0":0.0338266385,"59.0":0.0380549683,"60.0":0.0401691332,"61.0":0.0422832981,"62.0":0.044397463,"63.0":0.0465116279,"64.0":0.044397463,"65.0":0.044397463,"66.0":0.0465116279,"67.0":0.0486257928,"68.0":0.0570824524,"69.0":0.0613107822,"70.0":0.0782241015,"71.0":0.0824524313,"72.0":0.0866807611,"73.0":0.0866807611,"74.0":0.0909090909,"75.0":0.0951374207,"76.0":0.0993657505,"77.0":0.1035940803,"78.0":0.1078224101,"79.0":0.1078224101,"80.0":0.0951374207,"81.0":0.0972515856,"82.0":0.0993657505,"83.0":0.1099365751,"84.0":0.1162790698,"85.0":0.1183932347,"86.0":0.1183932347,"87.0":0.11205074,"88.0":0.1057082452,"89.0":0.11205074,"90.0":0.11205074,"91.0":0.1205073996,"92.0":0.1226215645,"93.0":0.1141649049,"94.0":0.1078224101,"95.0":0.1162790698,"96.0":0.1099365751,"97.0":0.1226215645,"98.0":0.1205073996,"99.0":0.11205074,"100.0":0.1162790698,"101.0":0.0993657505,"102.0":0.0972515856,"103.0":0.0972515856,"104.0":0.0951374207,"105.0":0.0930232558,"106.0":0.0930232558,"107.0":0.088794926,"108.0":0.1035940803,"109.0":0.1014799154,"110.0":0.11205074,"111.0":0.1226215645,"112.0":0.1268498943,"113.0":0.1183932347,"114.0":0.1141649049,"115.0":0.1226215645,"116.0":0.1268498943,"117.0":0.1141649049,"118.0":0.0972515856,"119.0":0.1078224101,"120.0":0.11205074,"121.0":0.1078224101,"122.0":0.1099365751,"123.0":0.1205073996,"124.0":0.1247357294,"125.0":0.1141649049,"126.0":0.1162790698,"127.0":0.1205073996,"128.0":0.1289640592,"129.0":0.133192389,"130.0":0.1183932347,"131.0":0.1226215645,"132.0":0.1205073996,"133.0":0.1141649049,"134.0":0.1141649049,"135.0":0.11205074,"136.0":0.1035940803,"137.0":0.1035940803,"138.0":0.0951374207,"139.0":0.0803382664,"140.0":0.0718816068,"141.0":0.0655391121,"142.0":0.0570824524,"143.0":0.0570824524,"144.0":0.0634249471,"145.0":0.0570824524,"146.0":0.0570824524,"147.0":0.0549682875,"148.0":0.0528541226,"149.0":0.0507399577,"150.0":0.0549682875,"151.0":0.0528541226,"152.0":0.0507399577,"153.0":0.0486257928,"154.0":0.0401691332,"155.0":0.0422832981,"156.0":0.0465116279,"157.0":0.0422832981,"158.0":0.0401691332,"159.0":0.0401691332,"160.0":0.0380549683,"161.0":0.0380549683,"162.0":0.0380549683,"163.0":0.0359408034,"164.0":0.0338266385,"165.0":0.0295983087,"166.0":0.0253699789,"167.0":0.0274841438,"168.0":0.0317124736,"169.0":0.0274841438,"170.0":0.0253699789,"171.0":0.021141649,"172.0":0.0169133192,"173.0":0.0169133192,"174.0":0.0169133192,"175.0":0.0169133192,"176.0":0.0126849894,"177.0":0.0126849894,"178.0":0.0084566596,"179.0":0.0084566596,"180.0":0.0063424947,"181.0":0.0063424947,"182.0":0.0063424947,"183.0":0.0042283298,"184.0":0.0021141649,"185.0":0.0021141649,"186.0":0.0063424947,"187.0":0.0042283298,"188.0":0.0042283298,"189.0":0.0042283298,"190.0":0.0063424947,"191.0":0.0063424947,"192.0":0.0063424947,"193.0":0.0063424947,"194.0":0.0063424947,"195.0":0.0063424947,"196.0":0.0042283298,"197.0":0.0042283298,"198.0":0.0042283298,"199.0":0.0042283298,"200.0":0.0021141649,"201.0":0.0021141649,"202.0":0.0021141649,"203.0":0.0021141649,"204.0":0.0021141649,"205.0":0.0021141649,"206.0":0.0,"207.0":0.0,"208.0":0.0,"209.0":0.0021141649,"210.0":0.0021141649,"211.0":0.0021141649,"212.0":0.0042283298,"213.0":0.0042283298,"214.0":0.0042283298,"215.0":0.0042283298,"216.0":0.0042283298,"217.0":0.0042283298,"218.0":0.0042283298,"219.0":0.0021141649,"220.0":0.0021141649,"221.0":0.0021141649,"222.0":0.0,"223.0":0.0,"224.0":0.0,"225.0":0.0,"226.0":0.0,"227.0":0.0,"228.0":0.0,"229.0":0.0,"230.0":0.0,"231.0":0.0,"232.0":0.0,"233.0":0.0,"234.0":0.0,"235.0":0.0,"236.0":0.0,"237.0":0.0,"238.0":0.0,"239.0":0.0,"240.0":0.0,"241.0":0.0,"242.0":0.0,"243.0":0.0,"244.0":0.0,"245.0":0.0,"246.0":0.0,"247.0":0.0,"248.0":0.0,"249.0":0.0,"250.0":0.0,"251.0":0.0,"252.0":0.0,"253.0":0.0,"254.0":0.0,"255.0":0.0,"256.0":0.0,"257.0":0.0,"258.0":0.0,"259.0":0.0,"260.0":0.0,"261.0":0.0,"262.0":0.0,"263.0":0.0,"264.0":0.0,"265.0":0.0,"266.0":0.0,"267.0":0.0,"268.0":0.0,"269.0":0.0,"270.0":0.0,"271.0":0.0,"272.0":0.0,"273.0":0.0,"274.0":0.0,"275.0":0.0,"276.0":0.0,"277.0":0.0,"278.0":0.0,"279.0":0.0,"280.0":0.0,"281.0":0.0,"282.0":0.0,"283.0":0.0,"284.0":0.0,"285.0":0.0,"286.0":0.0,"287.0":0.0,"288.0":0.0,"289.0":0.0,"290.0":0.0,"291.0":0.0,"292.0":0.0,"293.0":0.0,"294.0":0.0,"295.0":0.0,"296.0":0.0,"297.0":0.0,"298.0":0.0,"299.0":0.0,"300.0":0.0}}