{"1.0":{"0.0":0.0,"0.005":0.0190274841,"0.01":0.0803382664,"0.015":0.3805496829,"0.02":0.5391120507,"0.025":0.6046511628,"0.03":0.6384778013,"0.035":0.6638477801,"0.04":0.6997885835,"0.045":0.7399577167,"0.05":0.7843551797,"0.055":0.8287526427,"0.06":0.866807611,"0.065":0.8900634249,"0.07":0.9006342495,"0.075":0.9133192389,"0.08":0.9238900634,"0.085":0.9344608879,"0.09":0.9386892178,"0.095":0.9471458774,"0.1":0.9534883721,"0.105":0.955602537,"0.11":0.9577167019,"0.115":0.9577167019,"0.12":0.9598308668,"0.125":0.9598308668,"0.13":0.9619450317,"0.135":0.9640591966,"0.14":0.9661733615,"0.145":0.9661733615,"0.15":0.9661733615,"0.155":0.9682875264,"0.16":0.9682875264,"0.165":0.9725158562,"0.17":0.9746300211,"0.175":0.976744186,"0.18":0.976744186,"0.185":0.9809725159,"0.19":0.9809725159,"0.195":0.9809725159,"0.2":0.9809725159,"0.205":0.9830866808,"0.21":0.9830866808,"0.215":0.9873150106,"0.22":0.9873150106,"0.225":0.9873150106,"0.23":0.9894291755,"0.235":0.9915433404,"0.24":0.9915433404,"0.245":0.9936575053,"0.25":0.9936575053,"0.255":0.9936575053,"0.26":0.9936575053,"0.265":0.9936575053,"0.27":0.9936575053,"0.275":0.9936575053,"0.28":0.9957716702,"0.285":0.9957716702,"0.29":0.9957716702,"0.295":0.9957716702,"0.3":0.9957716702,"0.305":0.9957716702,"0.31":0.9957716702,"0.315":0.9957716702,"0.32":0.9957716702,"0.325":0.9957716702,"0.33":0.9957716702,"0.335":0.9957716702,"0.34":0.9957716702,"0.345":0.9957716702,"0.35":0.9957716702,"0.355":0.9978858351,"0.36":0.9978858351,"0.365":0.9978858351,"0.37":0.9978858351,"0.375":0.9978858351,"0.38":0.9978858351,"0.385":0.9978858351,"0.39":0.9978858351,"0.395":0.9978858351,"0.4":0.9978858351,"0.405":0.9978858351,"0.41":0.9978858351,"0.415":0.9978858351,"0.42":0.9978858351,"0.425":0.9978858351,"0.43":0.9978858351,"0.435":0.9978858351,"0.44":0.9978858351,"0.445":0.9978858351,"0.45":0.9978858351,"0.455":0.9978858351,"0.46":0.9978858351,"0.465":0.9978858351,"0.47":0.9978858351,"0.475":0.9978858351,"0.48":0.9978858351,"0.485":0.9978858351,"0.49":0.9978858351,"0.495":0.9978858351,"0.5":0.9978858351}}