{"Count":{"2 beats\/measure":0.0487288136,"3 beats\/measure":0.0084745763,"4 beats\/measure":0.6101694915,"6 beats\/measure":0.0042372881,"8 beats\/measure":0.0021186441,"classical":0.1779661017,"electronic\/dance":0.1398305085,"hip hop\/rap":0.0783898305,"jazz\/blues":0.1970338983,"rock\/pop":0.2605932203,"soul\/rnb\/funk":0.1144067797,"tempo discontinuity":0.0995762712,"tempo variation":0.0783898305,"unkown meter":0.3262711864,"world\/folk":0.031779661}}