{"Size":{"1.0":472},"Min":{"1.0":41.6927296525},"Max":{"1.0":216.2941600577},"Avg":{"1.0":111.058798644},"Stdev":{"1.0":30.2551203024},"Sweet Oct. Start":{"1.0":72.0},"Sweet Oct. Coverage":{"1.0":0.7775423729}}