Reference,Size,Min,Max,Avg,Stdev,Sweet Oct. Start,Sweet Oct. Coverage
1.0,3611,44.43589,161.42017,113.58593916754361,21.252218722895503,77.0,0.9393519800609249
