Item,cvar,1.0,davies2009/mirex_qm_tempotracker,schreiber2018/fcn,schreiber2018/ismir2018,schreiber2018/cnn,percival2014/stem,schreiber2017/mirex2017,schreiber2017/ismir2017,boeck2015/tempodetector2016_default
TRDPTCF128F93002CE.jams,,131.17853,166.709,150,96,108,84.7208,151.0899,151.0899,42.55
TRDWVQX128F9335CED.jams,,58.984993,126.048,87,84,77,62.642,87.68892,87.68892,120.0
TRGBTIM128F427FFF0.jams,,69.98554,143.555,140,140,141,140.625,140.44421,140.44421,139.53
TRIRCFN128F4280243.jams,,76.25467,117.454,116,56,58,113.582,57.605,57.605,115.38
TRVKVHJ12903CF3934.jams,,161.42017,103.359,116,80,84,91.4685,122.819695,122.819695,117.65
TRZJFFH128F14647FC.jams,,49.206734,105.469,87,87,84,86.1328,56.225002,112.450005,60.61
