Estimator,boeck2015/tempodetector2016_default,davies2009/mirex_qm_tempotracker,percival2014/stem,schreiber2017/ismir2017,schreiber2017/mirex2017,schreiber2018/cnn,schreiber2018/fcn,schreiber2018/ismir2018
boeck2015/tempodetector2016_default,1.0,2.477563709899505e-93,2.54592143596117e-07,3.7492895600363835e-06,0.0024645606622154532,7.217158487225245e-08,0.008405502389371586,9.298690042156567e-14
davies2009/mirex_qm_tempotracker,2.477563709899505e-93,1.0,6.921516408806726e-127,1.2259552351779815e-79,4.506006594524231e-92,8.153630376967246e-79,9.780511897139048e-73,1.4725961457946836e-70
percival2014/stem,2.54592143596117e-07,6.921516408806726e-127,1.0,3.523583060756769e-22,3.988413037569505e-17,3.152198197713166e-22,1.8645361123988815e-13,2.5747831087738117e-31
schreiber2017/ismir2017,3.7492895600363835e-06,1.2259552351779815e-79,3.523583060756769e-22,1.0,4.076311737692901e-08,0.7908822711943799,0.03495183261642836,0.007209784963286366
schreiber2017/mirex2017,0.0024645606622154532,4.506006594524231e-92,3.988413037569505e-17,4.076311737692901e-08,1.0,0.010836705787028259,0.7474875531519983,1.5204866687825582e-07
schreiber2018/cnn,7.217158487225245e-08,8.153630376967246e-79,3.152198197713166e-22,0.7908822711943799,0.010836705787028259,1.0,0.00469260931581306,0.005846130528794125
schreiber2018/fcn,0.008405502389371586,9.780511897139048e-73,1.8645361123988815e-13,0.03495183261642836,0.7474875531519983,0.00469260931581306,1.0,2.097704301861946e-06
schreiber2018/ismir2018,9.298690042156567e-14,1.4725961457946836e-70,2.5747831087738117e-31,0.007209784963286366,1.5204866687825582e-07,0.005846130528794125,2.097704301861946e-06,1.0
