{"Size":{"boeck2015\/tempodetector2016_default":3611,"davies2009\/mirex_qm_tempotracker":3611,"percival2014\/stem":3611,"schreiber2017\/ismir2017":3611,"schreiber2017\/mirex2017":3611,"schreiber2018\/cnn":3611,"schreiber2018\/fcn":3611,"schreiber2018\/ismir2018":3611},"Min":{"boeck2015\/tempodetector2016_default":41.96,"davies2009\/mirex_qm_tempotracker":64.5996,"percival2014\/stem":50.5425,"schreiber2017\/ismir2017":41.3999,"schreiber2017\/mirex2017":53.819866,"schreiber2018\/cnn":41.0,"schreiber2018\/fcn":40.0,"schreiber2018\/ismir2018":56.0},"Max":{"boeck2015\/tempodetector2016_default":240.0,"davies2009\/mirex_qm_tempotracker":234.908,"percival2014\/stem":20671.9,"schreiber2017\/ismir2017":201.95264,"schreiber2017\/mirex2017":204.08177,"schreiber2018\/cnn":232.0,"schreiber2018\/fcn":224.0,"schreiber2018\/ismir2018":224.0},"Avg":{"boeck2015\/tempodetector2016_default":112.9997507616,"davies2009\/mirex_qm_tempotracker":121.6353031016,"percival2014\/stem":115.5177696483,"schreiber2017\/ismir2017":113.420183409,"schreiber2017\/mirex2017":114.271602558,"schreiber2018\/cnn":114.4059817225,"schreiber2018\/fcn":113.9889227361,"schreiber2018\/ismir2018":114.8551647743},"Stdev":{"boeck2015\/tempodetector2016_default":24.7207940944,"davies2009\/mirex_qm_tempotracker":21.0374631772,"percival2014\/stem":342.8513814218,"schreiber2017\/ismir2017":22.2282757393,"schreiber2017\/mirex2017":22.5586531754,"schreiber2018\/cnn":22.7703629047,"schreiber2018\/fcn":24.6566311922,"schreiber2018\/ismir2018":21.5649714124},"Sweet Oct. Start":{"boeck2015\/tempodetector2016_default":74.0,"davies2009\/mirex_qm_tempotracker":79.0,"percival2014\/stem":72.0,"schreiber2017\/ismir2017":75.0,"schreiber2017\/mirex2017":75.0,"schreiber2018\/cnn":77.0,"schreiber2018\/fcn":76.0,"schreiber2018\/ismir2018":77.0},"Sweet Oct. Coverage":{"boeck2015\/tempodetector2016_default":0.8906120188,"davies2009\/mirex_qm_tempotracker":0.947659928,"percival2014\/stem":0.9288285793,"schreiber2017\/ismir2017":0.915258931,"schreiber2017\/mirex2017":0.9138742731,"schreiber2018\/cnn":0.9238438106,"schreiber2018\/fcn":0.8922736084,"schreiber2018\/ismir2018":0.9374134589}}