Estimator,boeck2015/tempodetector2016_default,davies2009/mirex_qm_tempotracker,percival2014/stem,schreiber2017/ismir2017,schreiber2017/mirex2017,schreiber2018/cnn,schreiber2018/fcn,schreiber2018/ismir2018
boeck2015/tempodetector2016_default,1.0,1.0818734184832413e-08,4.682683391670621e-09,1.494254883636957e-26,9.084868393950072e-37,2.820934606459937e-12,0.18856956844476286,8.221591072383429e-14
davies2009/mirex_qm_tempotracker,1.0818734184832413e-08,1.0,0.9650886885026074,2.5639197267513885e-54,1.7550031946346217e-61,4.799766680472559e-33,2.927040525494171e-11,6.071495952268007e-38
percival2014/stem,4.682683391670621e-09,0.9650886885026074,1.0,1.8552428918951154e-52,8.613400120970631e-63,6.827609433178653e-32,4.964796628855261e-12,6.80730935166077e-36
schreiber2017/ismir2017,1.494254883636957e-26,2.5639197267513885e-54,1.8552428918951154e-52,1.0,1.6242265701293937e-06,7.569376335990891e-07,1.073223790777848e-21,4.234534889278919e-06
schreiber2017/mirex2017,9.084868393950072e-37,1.7550031946346217e-61,8.613400120970631e-63,1.6242265701293937e-06,1.0,8.943489692419624e-13,4.807443770631514e-31,6.728463837056185e-12
schreiber2018/cnn,2.820934606459937e-12,4.799766680472559e-33,6.827609433178653e-32,7.569376335990891e-07,8.943489692419624e-13,1.0,1.9218849704655635e-10,0.6206907170753546
schreiber2018/fcn,0.18856956844476286,2.927040525494171e-11,4.964796628855261e-12,1.073223790777848e-21,4.807443770631514e-31,1.9218849704655635e-10,1.0,6.250795586693794e-10
schreiber2018/ismir2018,8.221591072383429e-14,6.071495952268007e-38,6.80730935166077e-36,4.234534889278919e-06,6.728463837056185e-12,0.6206907170753546,6.250795586693794e-10,1.0
