Estimator,OE1_MEAN,OE1_STDEV,OE2_MEAN,OE2_STDEV
schreiber2017/mirex2017,-0.0014349640232577063,0.12790401927482387,-0.0003272376316764263,0.01454125213431398
schreiber2017/ismir2017,0.006872983919769456,0.1536938024196063,-0.00032723762550886023,0.01454125217978226
schreiber2018/ismir2018,0.016869376955138553,0.19177646719582747,-2.3450516475957573e-05,0.035306763845911124
schreiber2018/cnn,0.007903360966016517,0.1994742648045416,0.0011420656186670714,0.03589332376943147
schreiber2018/fcn,-0.002859118524322744,0.24841482332454348,0.0009029868483499653,0.036134618466572434
boeck2015/tempodetector2016_default,-0.01593728652473115,0.27167342022151286,7.76885510256165e-05,0.033803815132705244
davies2009/mirex_qm_tempotracker,0.10480377318962895,0.2972311295662964,0.02462936859136617,0.06111835093938155
percival2014/stem,-0.04884928403637365,0.33229167817479077,0.004159588159494206,0.10442735929958293
