{"boeck2015\/tempodetector2016_default":{"boeck2015\/tempodetector2016_default":1.0,"davies2009\/mirex_qm_tempotracker":4.012524057e-104,"percival2014\/stem":0.6354080618,"schreiber2017\/ismir2017":6.345207366e-52,"schreiber2017\/mirex2017":8.243716533e-56,"schreiber2018\/cnn":0.0000000086,"schreiber2018\/fcn":0.0000127301,"schreiber2018\/ismir2018":0.0000000059},"davies2009\/mirex_qm_tempotracker":{"boeck2015\/tempodetector2016_default":4.012524057e-104,"davies2009\/mirex_qm_tempotracker":1.0,"percival2014\/stem":9.942514992e-27,"schreiber2017\/ismir2017":1.353810319e-164,"schreiber2017\/mirex2017":6.587711897e-168,"schreiber2018\/cnn":8.076918655e-117,"schreiber2018\/fcn":3.549242042e-118,"schreiber2018\/ismir2018":1.6801355e-118},"percival2014\/stem":{"boeck2015\/tempodetector2016_default":0.6354080618,"davies2009\/mirex_qm_tempotracker":9.942514992e-27,"percival2014\/stem":1.0,"schreiber2017\/ismir2017":0.000000256,"schreiber2017\/mirex2017":0.0000001683,"schreiber2018\/cnn":0.0211859978,"schreiber2018\/fcn":0.0527947221,"schreiber2018\/ismir2018":0.0186265468},"schreiber2017\/ismir2017":{"boeck2015\/tempodetector2016_default":6.345207366e-52,"davies2009\/mirex_qm_tempotracker":1.353810319e-164,"percival2014\/stem":0.000000256,"schreiber2017\/ismir2017":1.0,"schreiber2017\/mirex2017":0.317376214,"schreiber2018\/cnn":1.067402185e-16,"schreiber2018\/fcn":2.589574441e-22,"schreiber2018\/ismir2018":2.083390485e-17},"schreiber2017\/mirex2017":{"boeck2015\/tempodetector2016_default":8.243716533e-56,"davies2009\/mirex_qm_tempotracker":6.587711897e-168,"percival2014\/stem":0.0000001683,"schreiber2017\/ismir2017":0.317376214,"schreiber2017\/mirex2017":1.0,"schreiber2018\/cnn":5.293464773e-18,"schreiber2018\/fcn":5.0470622e-24,"schreiber2018\/ismir2018":7.548618047e-19},"schreiber2018\/cnn":{"boeck2015\/tempodetector2016_default":0.0000000086,"davies2009\/mirex_qm_tempotracker":8.076918655e-117,"percival2014\/stem":0.0211859978,"schreiber2017\/ismir2017":1.067402185e-16,"schreiber2017\/mirex2017":5.293464773e-18,"schreiber2018\/cnn":1.0,"schreiber2018\/fcn":0.1892523106,"schreiber2018\/ismir2018":0.9331745393},"schreiber2018\/fcn":{"boeck2015\/tempodetector2016_default":0.0000127301,"davies2009\/mirex_qm_tempotracker":3.549242042e-118,"percival2014\/stem":0.0527947221,"schreiber2017\/ismir2017":2.589574441e-22,"schreiber2017\/mirex2017":5.0470622e-24,"schreiber2018\/cnn":0.1892523106,"schreiber2018\/fcn":1.0,"schreiber2018\/ismir2018":0.2000755877},"schreiber2018\/ismir2018":{"boeck2015\/tempodetector2016_default":0.0000000059,"davies2009\/mirex_qm_tempotracker":1.6801355e-118,"percival2014\/stem":0.0186265468,"schreiber2017\/ismir2017":2.083390485e-17,"schreiber2017\/mirex2017":7.548618047e-19,"schreiber2018\/cnn":0.9331745393,"schreiber2018\/fcn":0.2000755877,"schreiber2018\/ismir2018":1.0}}