Estimator,boeck2015/tempodetector2016_default,davies2009/mirex_qm_tempotracker,percival2014/stem,schreiber2017/ismir2017,schreiber2017/mirex2017,schreiber2018/cnn,schreiber2018/fcn,schreiber2018/ismir2018
boeck2015/tempodetector2016_default,1.0,6.903604905829125e-11,1.610184669178723e-05,6.717210034292769e-30,3.319637467215489e-40,5.343235889128819e-17,0.006020829981602833,1.7182025167892862e-18
davies2009/mirex_qm_tempotracker,6.903604905829125e-11,1.0,0.07032873600824639,1.1393219505601345e-73,8.196726778695308e-84,1.838687358872522e-48,3.921847454030599e-18,1.1320644925080403e-54
percival2014/stem,1.610184669178723e-05,0.07032873600824639,1.0,4.613558979542331e-47,3.8109032274928275e-58,2.5413109034929e-28,9.607329078096024e-11,1.202739031782842e-31
schreiber2017/ismir2017,6.717210034292769e-30,1.1393219505601345e-73,4.613558979542331e-47,1.0,2.0015598742038134e-06,1.3544165378061673e-06,1.6463185143185917e-20,3.611992715481441e-06
schreiber2017/mirex2017,3.319637467215489e-40,8.196726778695308e-84,3.8109032274928275e-58,2.0015598742038134e-06,1.0,1.2156713617991975e-12,1.51355504991951e-29,2.288530360682175e-12
schreiber2018/cnn,5.343235889128819e-17,1.838687358872522e-48,2.5413109034929e-28,1.3544165378061673e-06,1.2156713617991975e-12,1.0,2.014841477482825e-10,0.6289693740374469
schreiber2018/fcn,0.006020829981602833,3.921847454030599e-18,9.607329078096024e-11,1.6463185143185917e-20,1.51355504991951e-29,2.014841477482825e-10,1.0,1.1460132934110762e-09
schreiber2018/ismir2018,1.7182025167892862e-18,1.1320644925080403e-54,1.202739031782842e-31,3.611992715481441e-06,2.288530360682175e-12,0.6289693740374469,1.1460132934110762e-09,1.0
