Item,cvar,1.0,davies2009/mirex_qm_tempotracker,schreiber2018/fcn,schreiber2018/ismir2018,schreiber2018/cnn,percival2014/stem,schreiber2017/mirex2017,schreiber2017/ismir2017,boeck2015/tempodetector2016_default
TRIRCFN128F4280243.jams,,76.25467,117.454,116,56,58,113.582,115.21,115.21,115.38
TRZJFFH128F14647FC.jams,,49.206734,105.469,87,87,84,86.1328,56.225002,112.450005,60.61
