{"AOE1_MEAN":{"schreiber2017\/mirex2017":0.016990352,"schreiber2017\/ismir2017":0.0241893868,"schreiber2018\/ismir2018":0.0413511235,"schreiber2018\/cnn":0.0428865604,"schreiber2018\/fcn":0.0663428827,"boeck2015\/tempodetector2016_default":0.0794949184,"percival2014\/stem":0.1062230039,"davies2009\/mirex_qm_tempotracker":0.1178344597},"AOE1_STDEV":{"schreiber2017\/mirex2017":0.1267786465,"schreiber2017\/ismir2017":0.1519338553,"schreiber2018\/ismir2018":0.1880235991,"schreiber2018\/cnn":0.1949697114,"schreiber2018\/fcn":0.2394091078,"boeck2015\/tempodetector2016_default":0.260271017,"percival2014\/stem":0.3186231087,"davies2009\/mirex_qm_tempotracker":0.2923101356},"AOE2_MEAN":{"schreiber2017\/mirex2017":0.0008569774,"schreiber2017\/ismir2017":0.0008569776,"schreiber2018\/ismir2018":0.005851801,"schreiber2018\/cnn":0.0058975892,"schreiber2018\/fcn":0.0065744642,"boeck2015\/tempodetector2016_default":0.0090841316,"percival2014\/stem":0.0098882729,"davies2009\/mirex_qm_tempotracker":0.0294539759},"AOE2_STDEV":{"schreiber2017\/mirex2017":0.0145196656,"schreiber2017\/ismir2017":0.0145196656,"schreiber2018\/ismir2018":0.0348184513,"schreiber2018\/cnn":0.0354239107,"schreiber2018\/fcn":0.0355429664,"boeck2015\/tempodetector2016_default":0.0325604439,"percival2014\/stem":0.1040413264,"davies2009\/mirex_qm_tempotracker":0.0589450755}}