Estimator,boeck2015/tempodetector2016_default,davies2009/mirex_qm_tempotracker,percival2014/stem,schreiber2017/ismir2017,schreiber2017/mirex2017,schreiber2018/cnn,schreiber2018/fcn,schreiber2018/ismir2018
boeck2015/tempodetector2016_default,1.0,1.796144770969544e-131,0.018950076627724955,0.45190266041396754,0.45190265345571445,0.0813609130468426,0.19463762522539818,0.8684618371455496
davies2009/mirex_qm_tempotracker,1.796144770969544e-131,1.0,3.3679676301766604e-27,1.625903499747392e-118,1.6259030002762704e-118,1.5772251138483721e-102,8.583760648202433e-104,2.2555889035443253e-111
percival2014/stem,0.018950076627724955,3.3679676301766604e-27,1.0,0.010015492782122517,0.010015492660832044,0.08645823531658059,0.0669897403621662,0.018453892515673788
schreiber2017/ismir2017,0.45190266041396754,1.625903499747392e-118,0.010015492782122517,1.0,0.9373541071340885,0.025755224338981333,0.034000286283335894,0.6133586898280639
schreiber2017/mirex2017,0.45190265345571445,1.6259030002762704e-118,0.010015492660832044,0.9373541071340885,1.0,0.02575522359289279,0.03400028552411624,0.6133586821667787
schreiber2018/cnn,0.0813609130468426,1.5772251138483721e-102,0.08645823531658059,0.025755224338981333,0.02575522359289279,1.0,0.6972617490670308,0.06388505890770826
schreiber2018/fcn,0.19463762522539818,8.583760648202433e-104,0.0669897403621662,0.034000286283335894,0.03400028552411624,0.6972617490670308,1.0,0.18042634138968888
schreiber2018/ismir2018,0.8684618371455496,2.2555889035443253e-111,0.018453892515673788,0.6133586898280639,0.6133586821667787,0.06388505890770826,0.18042634138968888,1.0
