Estimator,boeck2015/tempodetector2016_default,davies2009/mirex_qm_tempotracker,percival2014/stem,schreiber2017/ismir2017,schreiber2017/mirex2017,schreiber2018/cnn,schreiber2018/fcn,schreiber2018/ismir2018
boeck2015/tempodetector2016_default,1.0,4.0125240573554533e-104,0.6354080617717068,8.217254452101212e-56,8.217208581415636e-56,8.618282803458704e-09,1.273010367694346e-05,5.893812463524403e-09
davies2009/mirex_qm_tempotracker,4.0125240573554533e-104,1.0,9.942514992205972e-27,6.672989695987162e-168,6.672958265618371e-168,8.076918655483443e-117,3.54924204157464e-118,1.6801354995680864e-118
percival2014/stem,0.6354080617717068,9.942514992205972e-27,1.0,1.6853899507556546e-07,1.6853889649492047e-07,0.021185997777801602,0.05279472210160795,0.018626546752274722
schreiber2017/ismir2017,8.217254452101212e-56,6.672989695987162e-168,1.6853899507556546e-07,1.0,0.016389648482032886,5.321669722398966e-18,5.069252874440785e-24,7.580785950134712e-19
schreiber2017/mirex2017,8.217208581415636e-56,6.672958265618371e-168,1.6853889649492047e-07,0.016389648482032886,1.0,5.321655010353651e-18,5.069237278233552e-24,7.5807639556986185e-19
schreiber2018/cnn,8.618282803458704e-09,8.076918655483443e-117,0.021185997777801602,5.321669722398966e-18,5.321655010353651e-18,1.0,0.18925231061361636,0.9331745393020254
schreiber2018/fcn,1.273010367694346e-05,3.54924204157464e-118,0.05279472210160795,5.069252874440785e-24,5.069237278233552e-24,0.18925231061361636,1.0,0.20007558774596446
schreiber2018/ismir2018,5.893812463524403e-09,1.6801354995680864e-118,0.018626546752274722,7.580785950134712e-19,7.5807639556986185e-19,0.9331745393020254,0.20007558774596446,1.0
