{"boeck2015\/tempodetector2016_default":{"boeck2015\/tempodetector2016_default":1.0,"davies2009\/mirex_qm_tempotracker":9.440274242e-20,"percival2014\/stem":0.0000000033,"schreiber2017\/ismir2017":0.0000194311,"schreiber2017\/mirex2017":0.0000194311,"schreiber2018\/cnn":0.1627556575,"schreiber2018\/fcn":0.0470310274,"schreiber2018\/ismir2018":0.557197094},"davies2009\/mirex_qm_tempotracker":{"boeck2015\/tempodetector2016_default":9.440274242e-20,"davies2009\/mirex_qm_tempotracker":1.0,"percival2014\/stem":0.0000234913,"schreiber2017\/ismir2017":1.331202778e-30,"schreiber2017\/mirex2017":1.331202778e-30,"schreiber2018\/cnn":0.0,"schreiber2018\/fcn":0.0,"schreiber2018\/ismir2018":3.063290175e-17},"percival2014\/stem":{"boeck2015\/tempodetector2016_default":0.0000000033,"davies2009\/mirex_qm_tempotracker":0.0000234913,"percival2014\/stem":1.0,"schreiber2017\/ismir2017":2.168404345e-19,"schreiber2017\/mirex2017":2.168404345e-19,"schreiber2018\/cnn":0.0000271919,"schreiber2018\/fcn":0.000153889,"schreiber2018\/ismir2018":0.0000002572},"schreiber2017\/ismir2017":{"boeck2015\/tempodetector2016_default":0.0000194311,"davies2009\/mirex_qm_tempotracker":1.331202778e-30,"percival2014\/stem":2.168404345e-19,"schreiber2017\/ismir2017":1.0,"schreiber2017\/mirex2017":1.0,"schreiber2018\/cnn":0.0000000154,"schreiber2018\/fcn":0.0000000011,"schreiber2018\/ismir2018":0.0000016242},"schreiber2017\/mirex2017":{"boeck2015\/tempodetector2016_default":0.0000194311,"davies2009\/mirex_qm_tempotracker":1.331202778e-30,"percival2014\/stem":2.168404345e-19,"schreiber2017\/ismir2017":1.0,"schreiber2017\/mirex2017":1.0,"schreiber2018\/cnn":0.0000000154,"schreiber2018\/fcn":0.0000000011,"schreiber2018\/ismir2018":0.0000016242},"schreiber2018\/cnn":{"boeck2015\/tempodetector2016_default":0.1627556575,"davies2009\/mirex_qm_tempotracker":0.0,"percival2014\/stem":0.0000271919,"schreiber2017\/ismir2017":0.0000000154,"schreiber2017\/mirex2017":0.0000000154,"schreiber2018\/cnn":1.0,"schreiber2018\/fcn":0.5715881884,"schreiber2018\/ismir2018":0.4731296599},"schreiber2018\/fcn":{"boeck2015\/tempodetector2016_default":0.0470310274,"davies2009\/mirex_qm_tempotracker":0.0,"percival2014\/stem":0.000153889,"schreiber2017\/ismir2017":0.0000000011,"schreiber2017\/mirex2017":0.0000000011,"schreiber2018\/cnn":0.5715881884,"schreiber2018\/fcn":1.0,"schreiber2018\/ismir2018":0.1220781207},"schreiber2018\/ismir2018":{"boeck2015\/tempodetector2016_default":0.557197094,"davies2009\/mirex_qm_tempotracker":3.063290175e-17,"percival2014\/stem":0.0000002572,"schreiber2017\/ismir2017":0.0000016242,"schreiber2017\/mirex2017":0.0000016242,"schreiber2018\/cnn":0.4731296599,"schreiber2018\/fcn":0.1220781207,"schreiber2018\/ismir2018":1.0}}