{"boeck2015\/tempodetector2016_default":{"boeck2015\/tempodetector2016_default":1.0,"davies2009\/mirex_qm_tempotracker":0.0000000108,"percival2014\/stem":0.0000000047,"schreiber2017\/ismir2017":1.494254884e-26,"schreiber2017\/mirex2017":9.084868394e-37,"schreiber2018\/cnn":0.0,"schreiber2018\/fcn":0.1885695684,"schreiber2018\/ismir2018":0.0},"davies2009\/mirex_qm_tempotracker":{"boeck2015\/tempodetector2016_default":0.0000000108,"davies2009\/mirex_qm_tempotracker":1.0,"percival2014\/stem":0.9650886885,"schreiber2017\/ismir2017":2.563919727e-54,"schreiber2017\/mirex2017":1.755003195e-61,"schreiber2018\/cnn":4.79976668e-33,"schreiber2018\/fcn":0.0,"schreiber2018\/ismir2018":6.071495952e-38},"percival2014\/stem":{"boeck2015\/tempodetector2016_default":0.0000000047,"davies2009\/mirex_qm_tempotracker":0.9650886885,"percival2014\/stem":1.0,"schreiber2017\/ismir2017":1.855242892e-52,"schreiber2017\/mirex2017":8.613400121e-63,"schreiber2018\/cnn":6.827609433e-32,"schreiber2018\/fcn":0.0,"schreiber2018\/ismir2018":6.807309352e-36},"schreiber2017\/ismir2017":{"boeck2015\/tempodetector2016_default":1.494254884e-26,"davies2009\/mirex_qm_tempotracker":2.563919727e-54,"percival2014\/stem":1.855242892e-52,"schreiber2017\/ismir2017":1.0,"schreiber2017\/mirex2017":0.0000016242,"schreiber2018\/cnn":0.0000007569,"schreiber2018\/fcn":1.073223791e-21,"schreiber2018\/ismir2018":0.0000042345},"schreiber2017\/mirex2017":{"boeck2015\/tempodetector2016_default":9.084868394e-37,"davies2009\/mirex_qm_tempotracker":1.755003195e-61,"percival2014\/stem":8.613400121e-63,"schreiber2017\/ismir2017":0.0000016242,"schreiber2017\/mirex2017":1.0,"schreiber2018\/cnn":0.0,"schreiber2018\/fcn":4.807443771e-31,"schreiber2018\/ismir2018":0.0},"schreiber2018\/cnn":{"boeck2015\/tempodetector2016_default":0.0,"davies2009\/mirex_qm_tempotracker":4.79976668e-33,"percival2014\/stem":6.827609433e-32,"schreiber2017\/ismir2017":0.0000007569,"schreiber2017\/mirex2017":0.0,"schreiber2018\/cnn":1.0,"schreiber2018\/fcn":0.0000000002,"schreiber2018\/ismir2018":0.6206907171},"schreiber2018\/fcn":{"boeck2015\/tempodetector2016_default":0.1885695684,"davies2009\/mirex_qm_tempotracker":0.0,"percival2014\/stem":0.0,"schreiber2017\/ismir2017":1.073223791e-21,"schreiber2017\/mirex2017":4.807443771e-31,"schreiber2018\/cnn":0.0000000002,"schreiber2018\/fcn":1.0,"schreiber2018\/ismir2018":0.0000000006},"schreiber2018\/ismir2018":{"boeck2015\/tempodetector2016_default":0.0,"davies2009\/mirex_qm_tempotracker":6.071495952e-38,"percival2014\/stem":6.807309352e-36,"schreiber2017\/ismir2017":0.0000042345,"schreiber2017\/mirex2017":0.0,"schreiber2018\/cnn":0.6206907171,"schreiber2018\/fcn":0.0000000006,"schreiber2018\/ismir2018":1.0}}