{"boeck2015\/tempodetector2016_default":{"boeck2015\/tempodetector2016_default":1.0,"davies2009\/mirex_qm_tempotracker":0.0000000001,"percival2014\/stem":0.0000161018,"schreiber2017\/ismir2017":6.717210034e-30,"schreiber2017\/mirex2017":3.319637467e-40,"schreiber2018\/cnn":5.343235889e-17,"schreiber2018\/fcn":0.00602083,"schreiber2018\/ismir2018":1.718202517e-18},"davies2009\/mirex_qm_tempotracker":{"boeck2015\/tempodetector2016_default":0.0000000001,"davies2009\/mirex_qm_tempotracker":1.0,"percival2014\/stem":0.070328736,"schreiber2017\/ismir2017":1.139321951e-73,"schreiber2017\/mirex2017":8.196726779e-84,"schreiber2018\/cnn":1.838687359e-48,"schreiber2018\/fcn":3.921847454e-18,"schreiber2018\/ismir2018":1.132064493e-54},"percival2014\/stem":{"boeck2015\/tempodetector2016_default":0.0000161018,"davies2009\/mirex_qm_tempotracker":0.070328736,"percival2014\/stem":1.0,"schreiber2017\/ismir2017":4.61355898e-47,"schreiber2017\/mirex2017":3.810903227e-58,"schreiber2018\/cnn":2.541310903e-28,"schreiber2018\/fcn":0.0000000001,"schreiber2018\/ismir2018":1.202739032e-31},"schreiber2017\/ismir2017":{"boeck2015\/tempodetector2016_default":6.717210034e-30,"davies2009\/mirex_qm_tempotracker":1.139321951e-73,"percival2014\/stem":4.61355898e-47,"schreiber2017\/ismir2017":1.0,"schreiber2017\/mirex2017":0.0000020016,"schreiber2018\/cnn":0.0000013544,"schreiber2018\/fcn":1.646318514e-20,"schreiber2018\/ismir2018":0.000003612},"schreiber2017\/mirex2017":{"boeck2015\/tempodetector2016_default":3.319637467e-40,"davies2009\/mirex_qm_tempotracker":8.196726779e-84,"percival2014\/stem":3.810903227e-58,"schreiber2017\/ismir2017":0.0000020016,"schreiber2017\/mirex2017":1.0,"schreiber2018\/cnn":0.0,"schreiber2018\/fcn":1.51355505e-29,"schreiber2018\/ismir2018":0.0},"schreiber2018\/cnn":{"boeck2015\/tempodetector2016_default":5.343235889e-17,"davies2009\/mirex_qm_tempotracker":1.838687359e-48,"percival2014\/stem":2.541310903e-28,"schreiber2017\/ismir2017":0.0000013544,"schreiber2017\/mirex2017":0.0,"schreiber2018\/cnn":1.0,"schreiber2018\/fcn":0.0000000002,"schreiber2018\/ismir2018":0.628969374},"schreiber2018\/fcn":{"boeck2015\/tempodetector2016_default":0.00602083,"davies2009\/mirex_qm_tempotracker":3.921847454e-18,"percival2014\/stem":0.0000000001,"schreiber2017\/ismir2017":1.646318514e-20,"schreiber2017\/mirex2017":1.51355505e-29,"schreiber2018\/cnn":0.0000000002,"schreiber2018\/fcn":1.0,"schreiber2018\/ismir2018":0.0000000011},"schreiber2018\/ismir2018":{"boeck2015\/tempodetector2016_default":1.718202517e-18,"davies2009\/mirex_qm_tempotracker":1.132064493e-54,"percival2014\/stem":1.202739032e-31,"schreiber2017\/ismir2017":0.000003612,"schreiber2017\/mirex2017":0.0,"schreiber2018\/cnn":0.628969374,"schreiber2018\/fcn":0.0000000011,"schreiber2018\/ismir2018":1.0}}