{"boeck2015\/tempodetector2016_default":{"0.0":0.0,"0.0005":0.0888950429,"0.001":0.137081141,"0.0015":0.1819440598,"0.002":0.2146219884,"0.0025":0.2605926336,"0.003":0.3569648297,"0.0035":0.4361672667,"0.004":0.4893381335,"0.0045":0.52340072,"0.005":0.5654943229,"0.0055":0.6125726945,"0.006":0.6438659651,"0.0065":0.6743284409,"0.007":0.7020216007,"0.0075":0.7266685129,"0.008":0.761008031,"0.0085":0.820271393,"0.009":0.8377180836,"0.0095":0.8582110219,"0.01":0.8692882858,"0.0105":0.8839656605,"0.011":0.8914428136,"0.0115":0.89947383,"0.012":0.9033508723,"0.0125":0.9061201883,"0.013":0.9077817779,"0.0135":0.9097202991,"0.014":0.9119357519,"0.0145":0.9124896151,"0.015":0.9141512047,"0.0155":0.915258931,"0.016":0.9158127942,"0.0165":0.9163666574,"0.017":0.9171974522,"0.0175":0.918028247,"0.018":0.9183051786,"0.0185":0.9188590418,"0.019":0.9196898366,"0.0195":0.9205206314,"0.02":0.920797563,"0.0205":0.9216283578,"0.021":0.9216283578,"0.0215":0.9219052894,"0.022":0.9219052894,"0.0225":0.922182221,"0.023":0.922182221,"0.0235":0.9227360842,"0.024":0.9227360842,"0.0245":0.9227360842,"0.025":0.9227360842,"0.0255":0.9230130158,"0.026":0.9230130158,"0.0265":0.9230130158,"0.027":0.9230130158,"0.0275":0.9230130158,"0.028":0.9230130158,"0.0285":0.9232899474,"0.029":0.9232899474,"0.0295":0.9232899474,"0.03":0.9232899474,"0.0305":0.923566879,"0.031":0.9238438106,"0.0315":0.9238438106,"0.032":0.9241207422,"0.0325":0.9241207422,"0.033":0.9241207422,"0.0335":0.9241207422,"0.034":0.9241207422,"0.0345":0.9241207422,"0.035":0.9241207422,"0.0355":0.9241207422,"0.036":0.9241207422,"0.0365":0.9241207422,"0.037":0.9241207422,"0.0375":0.9241207422,"0.038":0.9241207422,"0.0385":0.9241207422,"0.039":0.9241207422,"0.0395":0.9241207422,"0.04":0.9241207422,"0.0405":0.9243976738,"0.041":0.9243976738,"0.0415":0.9243976738,"0.042":0.9243976738,"0.0425":0.9243976738,"0.043":0.9243976738,"0.0435":0.9243976738,"0.044":0.9243976738,"0.0445":0.9243976738,"0.045":0.9243976738,"0.0455":0.9243976738,"0.046":0.9246746054,"0.0465":0.9246746054,"0.047":0.9246746054,"0.0475":0.9246746054,"0.048":0.9246746054,"0.0485":0.9246746054,"0.049":0.9246746054,"0.0495":0.9246746054,"0.05":0.9246746054},"davies2009\/mirex_qm_tempotracker":{"0.0":0.0,"0.0005":0.0060924952,"0.001":0.0110772639,"0.0015":0.0191082803,"0.002":0.0260315702,"0.0025":0.0335087233,"0.003":0.0423705345,"0.0035":0.056494046,"0.004":0.0725560786,"0.0045":0.0897258377,"0.005":0.0999723068,"0.0055":0.1118803655,"0.006":0.1193575187,"0.0065":0.1296039878,"0.007":0.1398504569,"0.0075":0.1578510108,"0.008":0.1833287178,"0.0085":0.2245915259,"0.009":0.2464691221,"0.0095":0.3240099695,"0.01":0.338133481,"0.0105":0.3530877873,"0.011":0.363611188,"0.0115":0.3802270839,"0.012":0.3968429798,"0.0125":0.4189975076,"0.013":0.4358903351,"0.0135":0.4699529216,"0.014":0.4893381335,"0.0145":0.5087233453,"0.015":0.5200775408,"0.0155":0.5306009416,"0.016":0.5458321795,"0.0165":0.5649404597,"0.017":0.5810024924,"0.0175":0.6147881473,"0.018":0.6286347272,"0.0185":0.6482968707,"0.019":0.661866519,"0.0195":0.7061755746,"0.02":0.7238991969,"0.0205":0.73137635,"0.021":0.7418997508,"0.0215":0.7549155359,"0.022":0.7643312102,"0.0225":0.7726391581,"0.023":0.7767931321,"0.0235":0.7859318748,"0.024":0.7923013016,"0.0245":0.7978399335,"0.025":0.8114095818,"0.0255":0.8357795624,"0.026":0.8557186375,"0.0265":0.8587648851,"0.027":0.864303517,"0.0275":0.8728883966,"0.028":0.8770423705,"0.0285":0.8789808917,"0.029":0.8800886181,"0.0295":0.8811963445,"0.03":0.8820271393,"0.0305":0.8831348657,"0.031":0.8859041817,"0.0315":0.8861811133,"0.032":0.8867349765,"0.0325":0.8875657713,"0.033":0.8875657713,"0.0335":0.8875657713,"0.034":0.8881196345,"0.0345":0.888396566,"0.035":0.888396566,"0.0355":0.888396566,"0.036":0.888396566,"0.0365":0.888396566,"0.037":0.8886734976,"0.0375":0.8886734976,"0.038":0.8886734976,"0.0385":0.8889504292,"0.039":0.8892273608,"0.0395":0.8892273608,"0.04":0.8892273608,"0.0405":0.8892273608,"0.041":0.8895042924,"0.0415":0.8895042924,"0.042":0.8895042924,"0.0425":0.8895042924,"0.043":0.8895042924,"0.0435":0.8895042924,"0.044":0.8900581556,"0.0445":0.8900581556,"0.045":0.8903350872,"0.0455":0.8906120188,"0.046":0.8906120188,"0.0465":0.8906120188,"0.047":0.8906120188,"0.0475":0.8906120188,"0.048":0.8906120188,"0.0485":0.8906120188,"0.049":0.8906120188,"0.0495":0.8906120188,"0.05":0.8906120188},"percival2014\/stem":{"0.0":0.0,"0.0005":0.2777623927,"0.001":0.4693990584,"0.0015":0.6355580172,"0.002":0.7136527278,"0.0025":0.7632234838,"0.003":0.7895319856,"0.0035":0.8089171975,"0.004":0.8224868457,"0.0045":0.8321794517,"0.005":0.8382719468,"0.0055":0.8446413736,"0.006":0.8499030739,"0.0065":0.8543339795,"0.007":0.8573802271,"0.0075":0.8604264747,"0.008":0.8634727222,"0.0085":0.865688175,"0.009":0.8667959014,"0.0095":0.8695652174,"0.01":0.8717806702,"0.0105":0.8734422598,"0.011":0.8745499862,"0.0115":0.8753807809,"0.012":0.8773193021,"0.0125":0.8778731653,"0.013":0.8787039601,"0.0135":0.8792578233,"0.014":0.8803655497,"0.0145":0.8809194129,"0.015":0.8811963445,"0.0155":0.8811963445,"0.016":0.8820271393,"0.0165":0.8828579341,"0.017":0.8831348657,"0.0175":0.8834117973,"0.018":0.8836887289,"0.0185":0.8839656605,"0.019":0.8845195237,"0.0195":0.8845195237,"0.02":0.8847964553,"0.0205":0.8847964553,"0.021":0.8853503185,"0.0215":0.8853503185,"0.022":0.8856272501,"0.0225":0.8864580449,"0.023":0.8864580449,"0.0235":0.8864580449,"0.024":0.8867349765,"0.0245":0.8867349765,"0.025":0.8872888397,"0.0255":0.8872888397,"0.026":0.8875657713,"0.0265":0.8875657713,"0.027":0.8875657713,"0.0275":0.8878427029,"0.028":0.8878427029,"0.0285":0.8878427029,"0.029":0.8878427029,"0.0295":0.8878427029,"0.03":0.8881196345,"0.0305":0.8881196345,"0.031":0.8881196345,"0.0315":0.8881196345,"0.032":0.8881196345,"0.0325":0.8881196345,"0.033":0.8881196345,"0.0335":0.8881196345,"0.034":0.888396566,"0.0345":0.888396566,"0.035":0.888396566,"0.0355":0.888396566,"0.036":0.888396566,"0.0365":0.888396566,"0.037":0.888396566,"0.0375":0.888396566,"0.038":0.8886734976,"0.0385":0.8886734976,"0.039":0.8886734976,"0.0395":0.8886734976,"0.04":0.8886734976,"0.0405":0.8886734976,"0.041":0.8889504292,"0.0415":0.8892273608,"0.042":0.8892273608,"0.0425":0.8892273608,"0.043":0.8895042924,"0.0435":0.8895042924,"0.044":0.8895042924,"0.0445":0.8895042924,"0.045":0.8895042924,"0.0455":0.8895042924,"0.046":0.8895042924,"0.0465":0.8895042924,"0.047":0.8895042924,"0.0475":0.8895042924,"0.048":0.8895042924,"0.0485":0.8895042924,"0.049":0.8895042924,"0.0495":0.8895042924,"0.05":0.8895042924},"schreiber2017\/ismir2017":{"0.0":0.7036831903,"0.0005":0.8745499862,"0.001":0.922182221,"0.0015":0.9321517585,"0.002":0.9343672113,"0.0025":0.9363057325,"0.003":0.9374134589,"0.0035":0.9382442537,"0.004":0.9385211853,"0.0045":0.9390750485,"0.005":0.9390750485,"0.0055":0.9393519801,"0.006":0.9399058433,"0.0065":0.9401827749,"0.007":0.9401827749,"0.0075":0.9404597065,"0.008":0.9404597065,"0.0085":0.9404597065,"0.009":0.9404597065,"0.0095":0.9410135696,"0.01":0.9412905012,"0.0105":0.9415674328,"0.011":0.9415674328,"0.0115":0.9415674328,"0.012":0.9415674328,"0.0125":0.9418443644,"0.013":0.942121296,"0.0135":0.9423982276,"0.014":0.9429520908,"0.0145":0.9429520908,"0.015":0.9432290224,"0.0155":0.9432290224,"0.016":0.9432290224,"0.0165":0.9432290224,"0.017":0.9432290224,"0.0175":0.9432290224,"0.018":0.9432290224,"0.0185":0.9432290224,"0.019":0.9432290224,"0.0195":0.9432290224,"0.02":0.9432290224,"0.0205":0.9432290224,"0.021":0.9432290224,"0.0215":0.9432290224,"0.022":0.9432290224,"0.0225":0.9432290224,"0.023":0.9432290224,"0.0235":0.9432290224,"0.024":0.9432290224,"0.0245":0.9432290224,"0.025":0.9432290224,"0.0255":0.9432290224,"0.026":0.9432290224,"0.0265":0.9432290224,"0.027":0.9432290224,"0.0275":0.9432290224,"0.028":0.9432290224,"0.0285":0.943505954,"0.029":0.943505954,"0.0295":0.9437828856,"0.03":0.9437828856,"0.0305":0.9437828856,"0.031":0.9437828856,"0.0315":0.9437828856,"0.032":0.9437828856,"0.0325":0.9437828856,"0.033":0.9437828856,