{"boeck2015\/tempodetector2016_default":{"0.0":0.0,"0.0005":0.0977568541,"0.001":0.1534201052,"0.0015":0.2057601772,"0.002":0.2414843534,"0.0025":0.292716699,"0.003":0.3951813902,"0.0035":0.4796455276,"0.004":0.5358626419,"0.0045":0.5721406813,"0.005":0.6158958737,"0.0055":0.6646358349,"0.006":0.6975906951,"0.0065":0.7286070341,"0.007":0.7574079202,"0.0075":0.7828856273,"0.008":0.8177790086,"0.0085":0.8787039601,"0.009":0.8975353088,"0.0095":0.9188590418,"0.01":0.9299363057,"0.0105":0.9454444752,"0.011":0.95319856,"0.0115":0.9620603711,"0.012":0.9673220714,"0.0125":0.9706452506,"0.013":0.9723068402,"0.0135":0.9747992246,"0.014":0.977291609,"0.0145":0.9781224038,"0.015":0.9803378565,"0.0155":0.9817225145,"0.016":0.9825533093,"0.0165":0.9831071725,"0.017":0.9839379673,"0.0175":0.9853226253,"0.018":0.9855995569,"0.0185":0.9864303517,"0.019":0.9872611465,"0.0195":0.9880919413,"0.02":0.9883688729,"0.0205":0.9891996677,"0.021":0.9891996677,"0.0215":0.9894765993,"0.022":0.9894765993,"0.0225":0.9897535309,"0.023":0.9897535309,"0.0235":0.9903073941,"0.024":0.9903073941,"0.0245":0.9903073941,"0.025":0.9903073941,"0.0255":0.9905843257,"0.026":0.9905843257,"0.0265":0.9905843257,"0.027":0.9908612573,"0.0275":0.9911381889,"0.028":0.9911381889,"0.0285":0.9914151205,"0.029":0.9914151205,"0.0295":0.9914151205,"0.03":0.9914151205,"0.0305":0.9916920521,"0.031":0.9919689837,"0.0315":0.9919689837,"0.032":0.9922459153,"0.0325":0.9922459153,"0.033":0.9922459153,"0.0335":0.9922459153,"0.034":0.9922459153,"0.0345":0.9922459153,"0.035":0.9922459153,"0.0355":0.9922459153,"0.036":0.9922459153,"0.0365":0.9922459153,"0.037":0.9925228469,"0.0375":0.9925228469,"0.038":0.9925228469,"0.0385":0.9925228469,"0.039":0.9925228469,"0.0395":0.9925228469,"0.04":0.9925228469,"0.0405":0.9927997785,"0.041":0.9930767101,"0.0415":0.9930767101,"0.042":0.9930767101,"0.0425":0.9930767101,"0.043":0.9930767101,"0.0435":0.9930767101,"0.044":0.9930767101,"0.0445":0.9930767101,"0.045":0.9930767101,"0.0455":0.9930767101,"0.046":0.9933536417,"0.0465":0.9933536417,"0.047":0.9933536417,"0.0475":0.9933536417,"0.048":0.9933536417,"0.0485":0.9933536417,"0.049":0.9933536417,"0.0495":0.9933536417,"0.05":0.9933536417},"davies2009\/mirex_qm_tempotracker":{"0.0":0.0,"0.0005":0.0072002215,"0.001":0.0127388535,"0.0015":0.0207698698,"0.002":0.0285239546,"0.0025":0.0362780393,"0.003":0.0456937137,"0.0035":0.0612018831,"0.004":0.0794793686,"0.0045":0.0980337857,"0.005":0.1091110496,"0.0055":0.1215729715,"0.006":0.1293270562,"0.0065":0.1404043201,"0.007":0.1509277209,"0.0075":0.1692052063,"0.008":0.1966214345,"0.0085":0.2381611742,"0.009":0.2614234284,"0.0095":0.3392412074,"0.01":0.3547493769,"0.0105":0.3708114096,"0.011":0.3832733315,"0.0115":0.4004430906,"0.012":0.418720576,"0.0125":0.444198283,"0.013":0.4624757685,"0.0135":0.4984768762,"0.014":0.5186928829,"0.0145":0.5389088895,"0.015":0.551647743,"0.0155":0.5630019385,"0.016":0.5793409028,"0.0165":0.6023262254,"0.017":0.6219883689,"0.0175":0.6574356134,"0.018":0.6721129881,"0.0185":0.6926059263,"0.019":0.7070063694,"0.0195":0.7527000831,"0.02":0.7712545001,"0.0205":0.7795624481,"0.021":0.7903627804,"0.0215":0.8044862919,"0.022":0.814732761,"0.0225":0.8255330933,"0.023":0.8316255885,"0.0235":0.842979784,"0.024":0.8518415951,"0.0245":0.8576571587,"0.025":0.8723345334,"0.0255":0.8991968984,"0.026":0.9199667682,"0.0265":0.9241207422,"0.027":0.9310440321,"0.0275":0.9407366381,"0.028":0.9459983384,"0.0285":0.9493215176,"0.029":0.9515369704,"0.0295":0.9545832179,"0.03":0.9565217391,"0.0305":0.9584602603,"0.031":0.9617834395,"0.0315":0.9620603711,"0.032":0.9626142343,"0.0325":0.9637219607,"0.033":0.9637219607,"0.0335":0.9639988923,"0.034":0.9648296871,"0.0345":0.9653835503,"0.035":0.9656604819,"0.0355":0.9662143451,"0.036":0.9662143451,"0.0365":0.9667682083,"0.037":0.9670451399,"0.0375":0.9670451399,"0.038":0.9673220714,"0.0385":0.9678759346,"0.039":0.9684297978,"0.0395":0.968983661,"0.04":0.9692605926,"0.0405":0.9692605926,"0.041":0.9698144558,"0.0415":0.9698144558,"0.042":0.9698144558,"0.0425":0.9700913874,"0.043":0.9700913874,"0.0435":0.970368319,"0.044":0.9709221822,"0.0445":0.9711991138,"0.045":0.9714760454,"0.0455":0.971752977,"0.046":0.971752977,"0.0465":0.9720299086,"0.047":0.9720299086,"0.0475":0.9720299086,"0.048":0.9723068402,"0.0485":0.9723068402,"0.049":0.9723068402,"0.0495":0.9723068402,"0.05":0.9728607034},"percival2014\/stem":{"0.0":0.0,"0.0005":0.2979783993,"0.001":0.5098310717,"0.0015":0.6978676267,"0.002":0.7828856273,"0.0025":0.8382719468,"0.003":0.867072833,"0.0035":0.8875657713,"0.004":0.9041816671,"0.0045":0.9155358626,"0.005":0.9230130158,"0.0055":0.9302132373,"0.006":0.9354749377,"0.0065":0.9399058433,"0.007":0.9440598172,"0.0075":0.947659928,"0.008":0.9507061756,"0.0085":0.9537524232,"0.009":0.9551370811,"0.0095":0.9587371919,"0.01":0.9612295763,"0.0105":0.9631680975,"0.011":0.9642758239,"0.0115":0.9651066187,"0.012":0.9670451399,"0.0125":0.9678759346,"0.013":0.9687067294,"0.0135":0.9695375242,"0.014":0.9706452506,"0.0145":0.9711991138,"0.015":0.9714760454,"0.0155":0.9714760454,"0.016":0.9723068402,"0.0165":0.973137635,"0.017":0.9734145666,"0.0175":0.9736914982,"0.018":0.9739684298,"0.0185":0.974522293,"0.019":0.9750761562,"0.0195":0.9750761562,"0.02":0.9753530878,"0.0205":0.9753530878,"0.021":0.975906951,"0.0215":0.9761838826,"0.022":0.9767377458,"0.0225":0.9775685406,"0.023":0.9775685406,"0.0235":0.9775685406,"0.024":0.9778454722,"0.0245":0.9778454722,"0.025":0.978676267,"0.0255":0.978676267,"0.026":0.9789531986,"0.0265":0.9792301302,"0.027":0.9792301302,"0.0275":0.9795070618,"0.028":0.9795070618,"0.0285":0.9795070618,"0.029":0.9795070618,"0.0295":0.9795070618,"0.03":0.9797839934,"0.0305":0.9797839934,"0.031":0.9797839934,"0.0315":0.9797839934,"0.032":0.9797839934,"0.0325":0.9797839934,"0.033":0.9797839934,"0.0335":0.9797839934,"0.034":0.980060925,"0.0345":0.9803378565,"0.035":0.9803378565,"0.0355":0.9803378565,"0.036":0.9803378565,"0.0365":0.9803378565,"0.037":0.9803378565,"0.0375":0.9803378565,"0.038":0.9806147881,"0.0385":0.9806147881,"0.039":0.9806147881,"0.0395":0.9806147881,"0.04":0.9808917197,"0.0405":0.9808917197,"0.041":0.9811686513,"0.0415":0.9814455829,"0.042":0.9817225145,"0.0425":0.9817225145,"0.043":0.9819994461,"0.0435":0.9819994461,"0.044":0.9819994461,"0.0445":0.9819994461,"0.045":0.9819994461,"0.0455":0.9819994461,"0.046":0.9819994461,"0.0465":0.9819994461,"0.047":0.9819994461,"0.0475":0.9819994461,"0.048":0.9819994461,"0.0485":0.9819994461,"0.049":0.9819994461,"0.0495":0.9819994461,"0.05":0.9819994461},"schreiber2017\/ismir2017":{"0.0":0.7247299917,"0.0005":0.9188590418,"0.001":0.9728607034,"0.0015":0.9842148989,"0.002":0.9869842149,"0.0025":0.9897535309,"0.003":0.9908612573,"0.0035":0.9919689837,"0.004":0.9922459153,"0.0045":0.9927997785,"0.005":0.9927997785,"0.0055":0.9930767101,"0.006":0.9936305732,"0.0065":0.9939075048,"0.007":0.9941844364,"0.0075":0.994461368,"0.008":0.994461368,"0.0085":0.994461368,"0.009":0.994461368,"0.0095":0.9950152312,"0.01":0.9952921628,"0.0105":0.9955690944,"0.011":0.9955690944,"0.0115":0.9955690944,"0.012":0.9955690944,"0.0125":0.995846026,"0.013":0.9961229576,"0.0135":0.9963998892,"0.014":0.9969537524,"0.0145":0.9969537524,"0.015":0.997230684,"0.0155":0.997230684,"0.016":0.997230684,"0.0165":0.997230684,"0.017":0.997230684,"0.0175":0.997230684,"0.018":0.997230684,"0.0185":0.997230684,"0.019":0.997230684,"0.0195":0.997230684,"0.02":0.997230684,"0.0205":0.997230684,"0.021":0.997230684,"0.0215":0.997230684,"0.022":0.997230684,"0.0225":0.997230684,"0.023":0.997230684,"0.0235":0.997230684,"0.024":0.997230684,"0.0245":0.997230684,"0.025":0.997230684,"0.0255":0.997230684,"0.026":0.997230684,"0.0265":0.997230684,"0.027":0.997230684,"0.0275":0.997230684,"0.028":0.997230684,"0.0285":0.9975076156,"0.029":0.9975076156,"0.0295":0.9977845472,"0.03":0.9977845472,"0.0305":0.9977845472,"0.031":0.9977845472,"0.0315":0.9977845472,"0.032":0.9977845472,"0.0325":0.9977845472,"0.033":0.9977845472,"0.0335":0.9980614788,