{"OE1_MEAN":{"schreiber2017\/mirex2017":-0.001434964,"schreiber2017\/ismir2017":0.0068729839,"schreiber2018\/ismir2018":0.016869377,"schreiber2018\/cnn":0.007903361,"schreiber2018\/fcn":-0.0028591185,"boeck2015\/tempodetector2016_default":-0.0159372865,"davies2009\/mirex_qm_tempotracker":0.1048037732,"percival2014\/stem":-0.048849284},"OE1_STDEV":{"schreiber2017\/mirex2017":0.1279040193,"schreiber2017\/ismir2017":0.1536938024,"schreiber2018\/ismir2018":0.1917764672,"schreiber2018\/cnn":0.1994742648,"schreiber2018\/fcn":0.2484148233,"boeck2015\/tempodetector2016_default":0.2716734202,"davies2009\/mirex_qm_tempotracker":0.2972311296,"percival2014\/stem":0.3322916782},"OE2_MEAN":{"schreiber2017\/mirex2017":-0.0003272376,"schreiber2017\/ismir2017":-0.0003272376,"schreiber2018\/ismir2018":-0.0000234505,"schreiber2018\/cnn":0.0011420656,"schreiber2018\/fcn":0.0009029868,"boeck2015\/tempodetector2016_default":0.0000776886,"davies2009\/mirex_qm_tempotracker":0.0246293686,"percival2014\/stem":0.0041595882},"OE2_STDEV":{"schreiber2017\/mirex2017":0.0145412521,"schreiber2017\/ismir2017":0.0145412522,"schreiber2018\/ismir2018":0.0353067638,"schreiber2018\/cnn":0.0358933238,"schreiber2018\/fcn":0.0361346185,"boeck2015\/tempodetector2016_default":0.0338038151,"davies2009\/mirex_qm_tempotracker":0.0611183509,"percival2014\/stem":0.1044273593}}