{"boeck2015\/tempodetector2016_default":{"boeck2015\/tempodetector2016_default":1.0,"davies2009\/mirex_qm_tempotracker":1.796144771e-131,"percival2014\/stem":0.0189500766,"schreiber2017\/ismir2017":0.4519026604,"schreiber2017\/mirex2017":0.4519026535,"schreiber2018\/cnn":0.081360913,"schreiber2018\/fcn":0.1946376252,"schreiber2018\/ismir2018":0.8684618371},"davies2009\/mirex_qm_tempotracker":{"boeck2015\/tempodetector2016_default":1.796144771e-131,"davies2009\/mirex_qm_tempotracker":1.0,"percival2014\/stem":3.36796763e-27,"schreiber2017\/ismir2017":1.6259035e-118,"schreiber2017\/mirex2017":1.625903e-118,"schreiber2018\/cnn":1.577225114e-102,"schreiber2018\/fcn":8.583760648e-104,"schreiber2018\/ismir2018":2.255588904e-111},"percival2014\/stem":{"boeck2015\/tempodetector2016_default":0.0189500766,"davies2009\/mirex_qm_tempotracker":3.36796763e-27,"percival2014\/stem":1.0,"schreiber2017\/ismir2017":0.0100154928,"schreiber2017\/mirex2017":0.0100154927,"schreiber2018\/cnn":0.0864582353,"schreiber2018\/fcn":0.0669897404,"schreiber2018\/ismir2018":0.0184538925},"schreiber2017\/ismir2017":{"boeck2015\/tempodetector2016_default":0.4519026604,"davies2009\/mirex_qm_tempotracker":1.6259035e-118,"percival2014\/stem":0.0100154928,"schreiber2017\/ismir2017":1.0,"schreiber2017\/mirex2017":0.9373541071,"schreiber2018\/cnn":0.0257552243,"schreiber2018\/fcn":0.0340002863,"schreiber2018\/ismir2018":0.6133586898},"schreiber2017\/mirex2017":{"boeck2015\/tempodetector2016_default":0.4519026535,"davies2009\/mirex_qm_tempotracker":1.625903e-118,"percival2014\/stem":0.0100154927,"schreiber2017\/ismir2017":0.9373541071,"schreiber2017\/mirex2017":1.0,"schreiber2018\/cnn":0.0257552236,"schreiber2018\/fcn":0.0340002855,"schreiber2018\/ismir2018":0.6133586822},"schreiber2018\/cnn":{"boeck2015\/tempodetector2016_default":0.081360913,"davies2009\/mirex_qm_tempotracker":1.577225114e-102,"percival2014\/stem":0.0864582353,"schreiber2017\/ismir2017":0.0257552243,"schreiber2017\/mirex2017":0.0257552236,"schreiber2018\/cnn":1.0,"schreiber2018\/fcn":0.6972617491,"schreiber2018\/ismir2018":0.0638850589},"schreiber2018\/fcn":{"boeck2015\/tempodetector2016_default":0.1946376252,"davies2009\/mirex_qm_tempotracker":8.583760648e-104,"percival2014\/stem":0.0669897404,"schreiber2017\/ismir2017":0.0340002863,"schreiber2017\/mirex2017":0.0340002855,"schreiber2018\/cnn":0.6972617491,"schreiber2018\/fcn":1.0,"schreiber2018\/ismir2018":0.1804263414},"schreiber2018\/ismir2018":{"boeck2015\/tempodetector2016_default":0.8684618371,"davies2009\/mirex_qm_tempotracker":2.255588904e-111,"percival2014\/stem":0.0184538925,"schreiber2017\/ismir2017":0.6133586898,"schreiber2017\/mirex2017":0.6133586822,"schreiber2018\/cnn":0.0638850589,"schreiber2018\/fcn":0.1804263414,"schreiber2018\/ismir2018":1.0}}