{"Size":{"1.0":3611},"Min":{"1.0":44.43589},"Max":{"1.0":161.42017},"Avg":{"1.0":113.5859391675},"Stdev":{"1.0":21.2522187229},"Sweet Oct. Start":{"1.0":77.0},"Sweet Oct. Coverage":{"1.0":0.9393519801}}