{"boeck2015\/tempodetector2016_default":{"boeck2015\/tempodetector2016_default":1.0,"davies2009\/mirex_qm_tempotracker":2.47756371e-93,"percival2014\/stem":0.0000002546,"schreiber2017\/ismir2017":0.0190934296,"schreiber2017\/mirex2017":0.0000052994,"schreiber2018\/cnn":0.0000000722,"schreiber2018\/fcn":0.0084055024,"schreiber2018\/ismir2018":0.0},"davies2009\/mirex_qm_tempotracker":{"boeck2015\/tempodetector2016_default":2.47756371e-93,"davies2009\/mirex_qm_tempotracker":1.0,"percival2014\/stem":6.921516409e-127,"schreiber2017\/ismir2017":6.430886293e-90,"schreiber2017\/mirex2017":6.773247683e-75,"schreiber2018\/cnn":8.153630377e-79,"schreiber2018\/fcn":9.780511897e-73,"schreiber2018\/ismir2018":1.472596146e-70},"percival2014\/stem":{"boeck2015\/tempodetector2016_default":0.0000002546,"davies2009\/mirex_qm_tempotracker":6.921516409e-127,"percival2014\/stem":1.0,"schreiber2017\/ismir2017":0.0,"schreiber2017\/mirex2017":1.394463349e-21,"schreiber2018\/cnn":3.152198198e-22,"schreiber2018\/fcn":0.0,"schreiber2018\/ismir2018":2.574783109e-31},"schreiber2017\/ismir2017":{"boeck2015\/tempodetector2016_default":0.0190934296,"davies2009\/mirex_qm_tempotracker":6.430886293e-90,"percival2014\/stem":0.0,"schreiber2017\/ismir2017":1.0,"schreiber2017\/mirex2017":0.0009196548,"schreiber2018\/cnn":0.002529994,"schreiber2018\/fcn":0.7551748482,"schreiber2018\/ismir2018":0.0000001279},"schreiber2017\/mirex2017":{"boeck2015\/tempodetector2016_default":0.0000052994,"davies2009\/mirex_qm_tempotracker":6.773247683e-75,"percival2014\/stem":1.394463349e-21,"schreiber2017\/ismir2017":0.0009196548,"schreiber2017\/mirex2017":1.0,"schreiber2018\/cnn":0.7332120193,"schreiber2018\/fcn":0.0359737778,"schreiber2018\/ismir2018":0.0077473705},"schreiber2018\/cnn":{"boeck2015\/tempodetector2016_default":0.0000000722,"davies2009\/mirex_qm_tempotracker":8.153630377e-79,"percival2014\/stem":3.152198198e-22,"schreiber2017\/ismir2017":0.002529994,"schreiber2017\/mirex2017":0.7332120193,"schreiber2018\/cnn":1.0,"schreiber2018\/fcn":0.0046926093,"schreiber2018\/ismir2018":0.0058461305},"schreiber2018\/fcn":{"boeck2015\/tempodetector2016_default":0.0084055024,"davies2009\/mirex_qm_tempotracker":9.780511897e-73,"percival2014\/stem":0.0,"schreiber2017\/ismir2017":0.7551748482,"schreiber2017\/mirex2017":0.0359737778,"schreiber2018\/cnn":0.0046926093,"schreiber2018\/fcn":1.0,"schreiber2018\/ismir2018":0.0000020977},"schreiber2018\/ismir2018":{"boeck2015\/tempodetector2016_default":0.0,"davies2009\/mirex_qm_tempotracker":1.472596146e-70,"percival2014\/stem":2.574783109e-31,"schreiber2017\/ismir2017":0.0000001279,"schreiber2017\/mirex2017":0.0077473705,"schreiber2018\/cnn":0.0058461305,"schreiber2018\/fcn":0.0000020977,"schreiber2018\/ismir2018":1.0}}