Item,Reference,Estimate
TRDPTCF128F93002CE.jams,131.17853,75.54495
TRDWVQX128F9335CED.jams,58.984993,87.68892
TRHTLCM128E0783A19.jams,89.97578,134.84538
TRIRCFN128F4280243.jams,76.25467,115.21
TRTUCHS128F1459CF2.jams,96.28433,64.18955
TRVKVHJ12903CF3934.jams,161.42017,122.819695
TRZJFFH128F14647FC.jams,49.206734,112.450005
