Estimator,boeck2015/tempodetector2016_default,davies2009/mirex_qm_tempotracker,percival2014/stem,schreiber2014/default,schreiber2017/ismir2017,schreiber2017/mirex2017,schreiber2018/cnn,schreiber2018/fcn
boeck2015/tempodetector2016_default,1.0,0.310943090500603,0.6835221702953128,0.6556238862686445,0.9801197400868474,0.9801197400868474,0.5149670757167868,0.1524030212535286
davies2009/mirex_qm_tempotracker,0.310943090500603,1.0,0.5905719649592249,0.5899825079160645,0.31229851032729566,0.31229851032729566,0.5614386900283275,0.6076547895834743
percival2014/stem,0.6835221702953128,0.5905719649592249,1.0,0.986153809030041,0.3951240302600326,0.3951240302600326,0.8873920211845465,0.10586578217346758
schreiber2014/default,0.6556238862686445,0.5899825079160645,0.986153809030041,1.0,0.6566635580115379,0.6566635580115379,0.8811388122243469,0.28358429190066287
schreiber2017/ismir2017,0.9801197400868474,0.31229851032729566,0.3951240302600326,0.6566635580115379,1.0,1.0,0.29383112768092573,0.06548927348733574
schreiber2017/mirex2017,0.9801197400868474,0.31229851032729566,0.3951240302600326,0.6566635580115379,1.0,1.0,0.29383112768092573,0.06548927348733574
schreiber2018/cnn,0.5149670757167868,0.5614386900283275,0.8873920211845465,0.8811388122243469,0.29383112768092573,0.29383112768092573,1.0,0.14049573936903126
schreiber2018/fcn,0.1524030212535286,0.6076547895834743,0.10586578217346758,0.28358429190066287,0.06548927348733574,0.06548927348733574,0.14049573936903126,1.0
