Estimator,boeck2015/tempodetector2016_default,davies2009/mirex_qm_tempotracker,percival2014/stem,schreiber2014/default,schreiber2017/ismir2017,schreiber2017/mirex2017,schreiber2018/cnn,schreiber2018/fcn
boeck2015/tempodetector2016_default,1.0,0.27946098698645705,0.7052355419860092,0.7865744729884233,0.9701282871197687,0.9701282871197687,0.43902152021261964,0.6973127285449466
davies2009/mirex_qm_tempotracker,0.27946098698645705,1.0,0.5815168980557015,0.19429564070553595,0.26185884466065057,0.26185884466065057,0.04092732821603812,0.5819804721158183
percival2014/stem,0.7052355419860092,0.5815168980557015,1.0,0.8555238980990787,0.3654142711072482,0.3654142711072482,0.12746628052117837,0.994670149802205
schreiber2014/default,0.7865744729884233,0.19429564070553595,0.8555238980990787,1.0,0.7706146408305181,0.7706146408305181,0.2580108090349752,0.8500654117097066
schreiber2017/ismir2017,0.9701282871197687,0.26185884466065057,0.3654142711072482,0.7706146408305181,1.0,1.0,0.2166572487587353,0.590135039922739
schreiber2017/mirex2017,0.9701282871197687,0.26185884466065057,0.3654142711072482,0.7706146408305181,1.0,1.0,0.2166572487587353,0.590135039922739
schreiber2018/cnn,0.43902152021261964,0.04092732821603812,0.12746628052117837,0.2580108090349752,0.2166572487587353,0.2166572487587353,1.0,0.11619954782639219
schreiber2018/fcn,0.6973127285449466,0.5819804721158183,0.994670149802205,0.8500654117097066,0.590135039922739,0.590135039922739,0.11619954782639219,1.0
