{"boeck2015\/tempodetector2016_default":{"boeck2015\/tempodetector2016_default":1.0,"davies2009\/mirex_qm_tempotracker":0.647605896,"percival2014\/stem":1.0,"schreiber2014\/default":1.0,"schreiber2017\/ismir2017":0.548828125,"schreiber2017\/mirex2017":0.548828125,"schreiber2018\/cnn":0.109375,"schreiber2018\/fcn":0.5810546875},"davies2009\/mirex_qm_tempotracker":{"boeck2015\/tempodetector2016_default":0.647605896,"davies2009\/mirex_qm_tempotracker":1.0,"percival2014\/stem":0.480682373,"schreiber2014\/default":0.6072387695,"schreiber2017\/ismir2017":0.2378845215,"schreiber2017\/mirex2017":0.2101135254,"schreiber2018\/cnn":0.0224609375,"schreiber2018\/fcn":0.2378845215},"percival2014\/stem":{"boeck2015\/tempodetector2016_default":1.0,"davies2009\/mirex_qm_tempotracker":0.480682373,"percival2014\/stem":1.0,"schreiber2014\/default":1.0,"schreiber2017\/ismir2017":0.625,"schreiber2017\/mirex2017":0.6875,"schreiber2018\/cnn":0.125,"schreiber2018\/fcn":0.6875},"schreiber2014\/default":{"boeck2015\/tempodetector2016_default":1.0,"davies2009\/mirex_qm_tempotracker":0.6072387695,"percival2014\/stem":1.0,"schreiber2014\/default":1.0,"schreiber2017\/ismir2017":0.453125,"schreiber2017\/mirex2017":0.375,"schreiber2018\/cnn":0.109375,"schreiber2018\/fcn":0.5078125},"schreiber2017\/ismir2017":{"boeck2015\/tempodetector2016_default":0.548828125,"davies2009\/mirex_qm_tempotracker":0.2378845215,"percival2014\/stem":0.625,"schreiber2014\/default":0.453125,"schreiber2017\/ismir2017":1.0,"schreiber2017\/mirex2017":1.0,"schreiber2018\/cnn":0.375,"schreiber2018\/fcn":1.0},"schreiber2017\/mirex2017":{"boeck2015\/tempodetector2016_default":0.548828125,"davies2009\/mirex_qm_tempotracker":0.2101135254,"percival2014\/stem":0.6875,"schreiber2014\/default":0.375,"schreiber2017\/ismir2017":1.0,"schreiber2017\/mirex2017":1.0,"schreiber2018\/cnn":0.375,"schreiber2018\/fcn":1.0},"schreiber2018\/cnn":{"boeck2015\/tempodetector2016_default":0.109375,"davies2009\/mirex_qm_tempotracker":0.0224609375,"percival2014\/stem":0.125,"schreiber2014\/default":0.109375,"schreiber2017\/ismir2017":0.375,"schreiber2017\/mirex2017":0.375,"schreiber2018\/cnn":1.0,"schreiber2018\/fcn":0.375},"schreiber2018\/fcn":{"boeck2015\/tempodetector2016_default":0.5810546875,"davies2009\/mirex_qm_tempotracker":0.2378845215,"percival2014\/stem":0.6875,"schreiber2014\/default":0.5078125,"schreiber2017\/ismir2017":1.0,"schreiber2017\/mirex2017":1.0,"schreiber2018\/cnn":0.375,"schreiber2018\/fcn":1.0}}