{"boeck2015\/tempodetector2016_default":{"0.0":0.0588235294,"0.001":0.0784313725,"0.002":0.1176470588,"0.003":0.137254902,"0.004":0.137254902,"0.005":0.137254902,"0.006":0.1764705882,"0.007":0.1960784314,"0.008":0.2156862745,"0.009":0.2549019608,"0.01":0.2745098039,"0.011":0.3529411765,"0.012":0.3921568627,"0.013":0.3921568627,"0.014":0.4117647059,"0.015":0.4117647059,"0.016":0.4117647059,"0.017":0.4117647059,"0.018":0.4117647059,"0.019":0.4117647059,"0.02":0.4117647059,"0.021":0.4117647059,"0.022":0.4117647059,"0.023":0.4117647059,"0.024":0.4117647059,"0.025":0.4117647059,"0.026":0.4117647059,"0.027":0.431372549,"0.028":0.4509803922,"0.029":0.4509803922,"0.03":0.4509803922,"0.031":0.4509803922,"0.032":0.4509803922,"0.033":0.4509803922,"0.034":0.4509803922,"0.035":0.4509803922,"0.036":0.4705882353,"0.037":0.4705882353,"0.038":0.4705882353,"0.039":0.4705882353,"0.04":0.4705882353,"0.041":0.4901960784,"0.042":0.4901960784,"0.043":0.4901960784,"0.044":0.4901960784,"0.045":0.4901960784,"0.046":0.4901960784,"0.047":0.4901960784,"0.048":0.4901960784,"0.049":0.4901960784,"0.05":0.4901960784,"0.051":0.4901960784,"0.052":0.4901960784,"0.053":0.4901960784,"0.054":0.4901960784,"0.055":0.4901960784,"0.056":0.4901960784,"0.057":0.4901960784,"0.058":0.4901960784,"0.059":0.4901960784,"0.06":0.4901960784,"0.061":0.4901960784,"0.062":0.4901960784,"0.063":0.4901960784,"0.064":0.4901960784,"0.065":0.4901960784,"0.066":0.4901960784,"0.067":0.4901960784,"0.068":0.4901960784,"0.069":0.4901960784,"0.07":0.4901960784,"0.071":0.4901960784,"0.072":0.4901960784,"0.073":0.4901960784,"0.074":0.4901960784,"0.075":0.4901960784,"0.076":0.4901960784,"0.077":0.4901960784,"0.078":0.4901960784,"0.079":0.4901960784,"0.08":0.4901960784,"0.081":0.5098039216,"0.082":0.5098039216,"0.083":0.5098039216,"0.084":0.5098039216,"0.085":0.5098039216,"0.086":0.5098039216,"0.087":0.5098039216,"0.088":0.5098039216,"0.089":0.5098039216,"0.09":0.5098039216,"0.091":0.5098039216,"0.092":0.5098039216,"0.093":0.5098039216,"0.094":0.5098039216,"0.095":0.5098039216,"0.096":0.5098039216,"0.097":0.5098039216,"0.098":0.5098039216,"0.099":0.5098039216,"0.1":0.5098039216},"davies2009\/mirex_qm_tempotracker":{"0.0":0.0,"0.001":0.0,"0.002":0.0392156863,"0.003":0.0392156863,"0.004":0.0980392157,"0.005":0.0980392157,"0.006":0.0980392157,"0.007":0.0980392157,"0.008":0.0980392157,"0.009":0.1176470588,"0.01":0.1176470588,"0.011":0.1176470588,"0.012":0.1176470588,"0.013":0.137254902,"0.014":0.1568627451,"0.015":0.1568627451,"0.016":0.1764705882,"0.017":0.1960784314,"0.018":0.1960784314,"0.019":0.2156862745,"0.02":0.2352941176,"0.021":0.2352941176,"0.022":0.2745098039,"0.023":0.2745098039,"0.024":0.2941176471,"0.025":0.2941176471,"0.026":0.4117647059,"0.027":0.4117647059,"0.028":0.4117647059,"0.029":0.431372549,"0.03":0.4509803922,"0.031":0.4509803922,"0.032":0.4509803922,"0.033":0.4509803922,"0.034":0.4509803922,"0.035":0.4509803922,"0.036":0.5098039216,"0.037":0.5098039216,"0.038":0.5098039216,"0.039":0.5098039216,"0.04":0.5098039216,"0.041":0.5294117647,"0.042":0.5294117647,"0.043":0.5294117647,"0.044":0.5294117647,"0.045":0.5294117647,"0.046":0.5294117647,"0.047":0.5490196078,"0.048":0.5490196078,"0.049":0.5490196078,"0.05":0.5490196078,"0.051":0.5490196078,"0.052":0.5490196078,"0.053":0.5490196078,"0.054":0.5490196078,"0.055":0.5490196078,"0.056":0.5490196078,"0.057":0.5490196078,"0.058":0.5490196078,"0.059":0.5490196078,"0.06":0.5490196078,"0.061":0.5490196078,"0.062":0.5490196078,"0.063":0.5490196078,"0.064":0.5490196078,"0.065":0.5490196078,"0.066":0.5490196078,"0.067":0.5490196078,"0.068":0.568627451,"0.069":0.5882352941,"0.07":0.5882352941,"0.071":0.5882352941,"0.072":0.5882352941,"0.073":0.5882352941,"0.074":0.5882352941,"0.075":0.5882352941,"0.076":0.5882352941,"0.077":0.6078431373,"0.078":0.6078431373,"0.079":0.6078431373,"0.08":0.6078431373,"0.081":0.6078431373,"0.082":0.6078431373,"0.083":0.6078431373,"0.084":0.6078431373,"0.085":0.6078431373,"0.086":0.6078431373,"0.087":0.6078431373,"0.088":0.6078431373,"0.089":0.6078431373,"0.09":0.6078431373,"0.091":0.6078431373,"0.092":0.6078431373,"0.093":0.6078431373,"0.094":0.6078431373,"0.095":0.6078431373,"0.096":0.6078431373,"0.097":0.6078431373,"0.098":0.6078431373,"0.099":0.6078431373,"0.1":0.6078431373},"percival2014\/stem":{"0.0":0.0,"0.001":0.0,"0.002":0.0,"0.003":0.0,"0.004":0.0,"0.005":0.0,"0.006":0.0,"0.007":0.0,"0.008":0.0,"0.009":0.0,"0.01":0.0,"0.011":0.0,"0.012":0.0,"0.013":0.0,"0.014":0.0,"0.015":0.0,"0.016":0.0,"0.017":0.0,"0.018":0.0,"0.019":0.0,"0.02":0.0,"0.021":0.0,"0.022":0.0,"0.023":0.0,"0.024":0.0,"0.025":0.0,"0.026":0.0,"0.027":0.0,"0.028":0.0,"0.029":0.0,"0.03":0.0,"0.031":0.0,"0.032":0.0,"0.033":0.0,"0.034":0.0,"0.035":0.0,"0.036":0.0,"0.037":0.0,"0.038":0.0,"0.039":0.0,"0.04":0.0,"0.041":0.0,"0.042":0.0,"0.043":0.0,"0.044":0.0,"0.045":0.0,"0.046":0.0,"0.047":0.0,"0.048":0.0,"0.049":0.0,"0.05":0.0,"0.051":0.0,"0.052":0.0,"0.053":0.0,"0.054":0.0,"0.055":0.0,"0.056":0.0,"0.057":0.0,"0.058":0.0,"0.059":0.0,"0.06":0.0,"0.061":0.0,"0.062":0.0,"0.063":0.0,"0.064":0.0,"0.065":0.0,"0.066":0.0,"0.067":0.0,"0.068":0.0,"0.069":0.0,"0.07":0.0,"0.071":0.0,"0.072":0.0,"0.073":0.0,"0.074":0.0,"0.075":0.0,"0.076":0.0,"0.077":0.0,"0.078":0.0,"0.079":0.0,"0.08":0.0,"0.081":0.0,"0.082":0.0,"0.083":0.0,"0.084":0.0,"0.085":0.0,"0.086":0.0,"0.087":0.0,"0.088":0.0196078431,"0.089":0.0196078431,"0.09":0.0196078431,"0.091":0.0196078431,"0.092":0.0196078431,"0.093":0.0196078431,"0.094":0.0196078431,"0.095":0.0196078431,"0.096":0.0196078431,"0.097":0.0196078431,"0.098":0.0196078431,"0.099":0.0196078431,"0.1":0.0196078431},"schreiber2014\/default":{"0.0":0.0,"0.001":0.1764705882,"0.002":0.2352941176,"0.003":0.2745098039,"0.004":0.2745098039,"0.005":0.3137254902,"0.006":0.3333333333,"0.007":0.3529411765,"0.008":0.3529411765,"0.009":0.3529411765,"0.01":0.3725490196,"0.011":0.3725490196,"0.012":0.4117647059,"0.013":0.4509803922,"0.014":0.4705882353,"0.015":0.4901960784,"0.016":0.4901960784,"0.017":0.4901960784,"0.018":0.4901960784,"0.019":0.5098039216,"0.02":0.5098039216,"0.021":0.5294117647,"0.022":0.5294117647,"0.023":0.5490196078,"0.024":0.5490196078,"0.025":0.5490196078,"0.026":0.5490196078,"0.027":0.5490196078,"0.028":0.5490196078,"0.029":0.5490196078,"0.03":0.5490196078,"0.031":0.568627451,"0.032":0.568627451,"0.033":0.5882352941,"0.034":0.5882352941,"0.035":0.6078431373,"0.036":0.6078431373,"0.037":0.6078431373,"0.038":0.6274509804,"0.039":0.6274509804,"0.04":0.6470588235,"0.041":0.6470588235,"0.042":0.6470588235,"0.043":0.6470588235,"0.044":0.6470588235,"0.045":0.6470588235,"0.046":0.6666666667,"0.047":0.6666666667,"0.048":0.6666666667,"0.049":0.6666666667,"0.05":0.6666666667,"0.051":0.6666666667,"0.052":0.6666666667,"0.053":0.6862745098,"0.054":0.6862745098,"0.055":0.6862745098,"0.056":0.6862745098,"0.057":0.7058823529,"0.058":0.7058823529,"0.059":0.7058823529,"0.06":0.7058823529,"0.061":0.7058823529,"0.062":0.7058823529,"0.063":0.7058823529,"0.064":0.7058823529,"0.065":0.7058823529,"0.066":0.7058823529,"0.067":0.7058823529,"0.068":0.7058823529,"0.069":0.7058823529,"0.07":0.7058823529,"0.071":0.7058823529,"0.072":0.7058823529,"0.073":0.7058823529,"0.074":0.7058823529,"0.075":0.7058823529,"0.076":0.7058823529,"0.077":0.7058823529,"0.078":0.7058823529,"0.079":0.7058823529,"0.08":0.7058823529,"0.081":0.7058823529,"0.082":0.7058823529,"0.083":0.7058823529,"0.084":0.7058823529,"0.085":0.7058823529,"0.086":0.7058823529,"0.087":0.7058823529,"0.088":0.7058823529,"0.089":0.7058823529,"0.09":0.7058823529,"0.091":0.7058823529,"0.092":0.7058823529,"0.093":0.7058823529,"0.094":0.7058823529,"0.095":0.7058823529,"0.096":0.7058823529,"0.097":0.7058823529,"0.098":0.7058823529,"0.099":0.7058823529,"0.1":0.7058823529},"schreiber2017\/ismir2017":{"0.0":0.0,"0.001":0.1960784314,"0.002":0.2549019608,"0.003":0.3137254902,"0.004":0.3333333333,"0.005":0.3725490196,"0.006":0.3921568627,"0.007":0.3921568627,"0.008":0.4117647059,"0.009":0.4705882353,"0.01":0.4901960784,