{"boeck2015\/tempodetector2016_default":{"0.0":0.0784313725,"0.001":0.3137254902,"0.002":0.431372549,"0.003":0.5098039216,"0.004":0.568627451,"0.005":0.6078431373,"0.006":0.6666666667,"0.007":0.6862745098,"0.008":0.7647058824,"0.009":0.8039215686,"0.01":0.8235294118,"0.011":0.862745098,"0.012":0.862745098,"0.013":0.8823529412,"0.014":0.9019607843,"0.015":0.9411764706,"0.016":0.9411764706,"0.017":0.9607843137,"0.018":0.9607843137,"0.019":0.9803921569,"0.02":0.9803921569,"0.021":0.9803921569,"0.022":0.9803921569,"0.023":0.9803921569,"0.024":0.9803921569,"0.025":0.9803921569,"0.026":0.9803921569,"0.027":0.9803921569,"0.028":0.9803921569,"0.029":0.9803921569,"0.03":0.9803921569,"0.031":0.9803921569,"0.032":0.9803921569,"0.033":0.9803921569,"0.034":0.9803921569,"0.035":0.9803921569,"0.036":0.9803921569,"0.037":0.9803921569,"0.038":0.9803921569,"0.039":0.9803921569,"0.04":0.9803921569,"0.041":0.9803921569,"0.042":0.9803921569,"0.043":0.9803921569,"0.044":0.9803921569,"0.045":0.9803921569,"0.046":0.9803921569,"0.047":0.9803921569,"0.048":0.9803921569,"0.049":0.9803921569,"0.05":0.9803921569,"0.051":0.9803921569,"0.052":0.9803921569,"0.053":0.9803921569,"0.054":0.9803921569,"0.055":0.9803921569,"0.056":0.9803921569,"0.057":0.9803921569,"0.058":0.9803921569,"0.059":0.9803921569,"0.06":0.9803921569,"0.061":0.9803921569,"0.062":0.9803921569,"0.063":0.9803921569,"0.064":0.9803921569,"0.065":0.9803921569,"0.066":0.9803921569,"0.067":0.9803921569,"0.068":0.9803921569,"0.069":0.9803921569,"0.07":0.9803921569,"0.071":0.9803921569,"0.072":0.9803921569,"0.073":0.9803921569,"0.074":0.9803921569,"0.075":0.9803921569,"0.076":0.9803921569,"0.077":0.9803921569,"0.078":0.9803921569,"0.079":0.9803921569,"0.08":0.9803921569,"0.081":0.9803921569,"0.082":0.9803921569,"0.083":0.9803921569,"0.084":0.9803921569,"0.085":0.9803921569,"0.086":0.9803921569,"0.087":0.9803921569,"0.088":0.9803921569,"0.089":0.9803921569,"0.09":0.9803921569,"0.091":0.9803921569,"0.092":0.9803921569,"0.093":0.9803921569,"0.094":0.9803921569,"0.095":0.9803921569,"0.096":0.9803921569,"0.097":0.9803921569,"0.098":0.9803921569,"0.099":0.9803921569,"0.1":0.9803921569},"davies2009\/mirex_qm_tempotracker":{"0.0":0.0,"0.001":0.0,"0.002":0.0392156863,"0.003":0.0392156863,"0.004":0.1176470588,"0.005":0.137254902,"0.006":0.137254902,"0.007":0.137254902,"0.008":0.1568627451,"0.009":0.2352941176,"0.01":0.2352941176,"0.011":0.3137254902,"0.012":0.3333333333,"0.013":0.4117647059,"0.014":0.431372549,"0.015":0.4509803922,"0.016":0.4901960784,"0.017":0.568627451,"0.018":0.568627451,"0.019":0.568627451,"0.02":0.6078431373,"0.021":0.6078431373,"0.022":0.6666666667,"0.023":0.7058823529,"0.024":0.7058823529,"0.025":0.7058823529,"0.026":0.8039215686,"0.027":0.8039215686,"0.028":0.8039215686,"0.029":0.8039215686,"0.03":0.8235294118,"0.031":0.862745098,"0.032":0.862745098,"0.033":0.862745098,"0.034":0.862745098,"0.035":0.862745098,"0.036":0.8823529412,"0.037":0.9019607843,"0.038":0.9215686275,"0.039":0.9215686275,"0.04":0.9215686275,"0.041":0.9411764706,"0.042":0.9411764706,"0.043":0.9411764706,"0.044":0.9411764706,"0.045":0.9411764706,"0.046":0.9411764706,"0.047":0.9411764706,"0.048":0.9411764706,"0.049":0.9411764706,"0.05":0.9411764706,"0.051":0.9411764706,"0.052":0.9411764706,"0.053":0.9411764706,"0.054":0.9411764706,"0.055":0.9411764706,"0.056":0.9411764706,"0.057":0.9411764706,"0.058":0.9411764706,"0.059":0.9411764706,"0.06":0.9411764706,"0.061":0.9411764706,"0.062":0.9411764706,"0.063":0.9411764706,"0.064":0.9411764706,"0.065":0.9411764706,"0.066":0.9411764706,"0.067":0.9411764706,"0.068":0.9607843137,"0.069":0.9607843137,"0.07":0.9607843137,"0.071":0.9607843137,"0.072":0.9607843137,"0.073":0.9607843137,"0.074":0.9607843137,"0.075":0.9607843137,"0.076":0.9607843137,"0.077":0.9607843137,"0.078":0.9607843137,"0.079":0.9607843137,"0.08":0.9607843137,"0.081":0.9607843137,"0.082":0.9607843137,"0.083":0.9607843137,"0.084":0.9607843137,"0.085":0.9607843137,"0.086":0.9607843137,"0.087":0.9607843137,"0.088":0.9607843137,"0.089":0.9607843137,"0.09":0.9607843137,"0.091":0.9607843137,"0.092":0.9607843137,"0.093":0.9607843137,"0.094":0.9607843137,"0.095":0.9607843137,"0.096":0.9607843137,"0.097":0.9607843137,"0.098":0.9607843137,"0.099":0.9607843137,"0.1":0.9607843137},"percival2014\/stem":{"0.0":0.0,"0.001":0.2549019608,"0.002":0.4509803922,"0.003":0.4901960784,"0.004":0.6274509804,"0.005":0.7058823529,"0.006":0.7254901961,"0.007":0.7450980392,"0.008":0.7843137255,"0.009":0.8235294118,"0.01":0.8431372549,"0.011":0.8431372549,"0.012":0.8431372549,"0.013":0.8823529412,"0.014":0.8823529412,"0.015":0.8823529412,"0.016":0.9019607843,"0.017":0.9019607843,"0.018":0.9019607843,"0.019":0.9215686275,"0.02":0.9215686275,"0.021":0.9215686275,"0.022":0.9411764706,"0.023":0.9411764706,"0.024":0.9411764706,"0.025":0.9411764706,"0.026":0.9411764706,"0.027":0.9411764706,"0.028":0.9411764706,"0.029":0.9411764706,"0.03":0.9411764706,"0.031":0.9411764706,"0.032":0.9411764706,"0.033":0.9411764706,"0.034":0.9411764706,"0.035":0.9411764706,"0.036":0.9411764706,"0.037":0.9411764706,"0.038":0.9411764706,"0.039":0.9411764706,"0.04":0.9411764706,"0.041":0.9411764706,"0.042":0.9411764706,"0.043":0.9411764706,"0.044":0.9411764706,"0.045":0.9411764706,"0.046":0.9411764706,"0.047":0.9411764706,"0.048":0.9411764706,"0.049":0.9411764706,"0.05":0.9411764706,"0.051":0.9411764706,"0.052":0.9411764706,"0.053":0.9411764706,"0.054":0.9411764706,"0.055":0.9411764706,"0.056":0.9411764706,"0.057":0.9411764706,"0.058":0.9411764706,"0.059":0.9411764706,"0.06":0.9411764706,"0.061":0.9411764706,"0.062":0.9411764706,"0.063":0.9411764706,"0.064":0.9411764706,"0.065":0.9411764706,"0.066":0.9411764706,"0.067":0.9411764706,"0.068":0.9411764706,"0.069":0.9411764706,"0.07":0.9411764706,"0.071":0.9411764706,"0.072":0.9411764706,"0.073":0.9411764706,"0.074":0.9411764706,"0.075":0.9411764706,"0.076":0.9411764706,"0.077":0.9411764706,"0.078":0.9411764706,"0.079":0.9411764706,"0.08":0.9411764706,"0.081":0.9411764706,"0.082":0.9411764706,"0.083":0.9411764706,"0.084":0.9411764706,"0.085":0.9411764706,"0.086":0.9411764706,"0.087":0.9411764706,"0.088":0.9411764706,"0.089":0.9411764706,"0.09":0.9411764706,"0.091":0.9411764706,"0.092":0.9411764706,"0.093":0.9411764706,"0.094":0.9411764706,"0.095":0.9411764706,"0.096":0.9411764706,"0.097":0.9411764706,"0.098":0.9411764706,"0.099":0.9411764706,"0.1":0.9411764706},"schreiber2014\/default":{"0.0":0.0,"0.001":0.2352941176,"0.002":0.3333333333,"0.003":0.4117647059,"0.004":0.4509803922,"0.005":0.5098039216,"0.006":0.6078431373,"0.007":0.6470588235,"0.008":0.6666666667,"0.009":0.6862745098,"0.01":0.7058823529,"0.011":0.7254901961,"0.012":0.7450980392,"0.013":0.7450980392,"0.014":0.7647058824,"0.015":0.7647058824,"0.016":0.7647058824,"0.017":0.7647058824,"0.018":0.7647058824,"0.019":0.8039215686,"0.02":0.8039215686,"0.021":0.8235294118,"0.022":0.8431372549,"0.023":0.862745098,"0.024":0.8823529412,"0.025":0.8823529412,"0.026":0.9019607843,"0.027":0.9019607843,"0.028":0.9019607843,"0.029":0.9019607843,"0.03":0.9019607843,"0.031":0.9019607843,"0.032":0.9215686275,"0.033":0.9215686275,"0.034":0.9215686275,"0.035":0.9215686275,"0.036":0.9215686275,"0.037":0.9215686275,"0.038":0.9215686275,"0.039":0.9215686275,"0.04":0.9215686275,"0.041":0.9215686275,"0.042":0.9215686275,"0.043":0.9215686275,"0.044":0.9215686275,"0.045":0.9215686275,"0.046":0.9411764706,"0.047":0.9411764706,"0.048":0.9411764706,"0.049":0.9411764706,"0.05":0.9411764706,"0.051":0.9411764706,"0.052":0.9607843137,"0.053":0.9607843137,"0.054":0.9607843137,"0.055":0.9607843137,"0.056":0.9607843137,"0.057":0.9607843137,"0.058":0.9607843137,"0.059":0.9607843137,"0.06":0.9607843137,"0.061":0.9607843137,"0.062":0.9607843137,"0.063":0.9607843137,"0.064":0.9607843137,"0.065":0.9607843137,"0.066":0.9607843137,"0.067":0.9607843137,"0.068":0.9607843137,"0.069":0.9607843137,"0.07":0.9607843137,"0.071":0.9607843137,"0.072":0.9607843137,"0.073":0.9607843137,"0.074":0.9607843137,"0.075":0.9607843137,