{"boeck2015\/tempodetector2016_default":{"0.0":0.0729837634,"0.001":0.2103217469,"0.002":0.2738024434,"0.003":0.3191735615,"0.004":0.3750116843,"0.005":0.3895344119,"0.006":0.4531908795,"0.007":0.4916410525,"0.008":0.5663617392,"0.009":0.6380839904,"0.01":0.6622294854,"0.011":0.7389945962,"0.012":0.7776701866,"0.013":0.7875144377,"0.014":0.8095972813,"0.015":0.8414878595,"0.016":0.8414878595,"0.017":0.8600873748,"0.018":0.8600873748,"0.019":0.8782441754,"0.02":0.8782441754,"0.021":0.8782441754,"0.022":0.8782441754,"0.023":0.8782441754,"0.024":0.8782441754,"0.025":0.8782441754,"0.026":0.8782441754,"0.027":0.8792525032,"0.028":0.8895506858,"0.029":0.8895506858,"0.03":0.8895506858,"0.031":0.8895506858,"0.032":0.8895506858,"0.033":0.8895506858,"0.034":0.8895506858,"0.035":0.8895506858,"0.036":0.8949669564,"0.037":0.8949669564,"0.038":0.8949669564,"0.039":0.8949669564,"0.04":0.8949669564,"0.041":0.8964179989,"0.042":0.8964179989,"0.043":0.8964179989,"0.044":0.8964179989,"0.045":0.8964179989,"0.046":0.8964179989,"0.047":0.8964179989,"0.048":0.8964179989,"0.049":0.8964179989,"0.05":0.8964179989,"0.051":0.8964179989,"0.052":0.8964179989,"0.053":0.8964179989,"0.054":0.8964179989,"0.055":0.8964179989,"0.056":0.8964179989,"0.057":0.8964179989,"0.058":0.8964179989,"0.059":0.8964179989,"0.06":0.8964179989,"0.061":0.8964179989,"0.062":0.8964179989,"0.063":0.8964179989,"0.064":0.8964179989,"0.065":0.8964179989,"0.066":0.8964179989,"0.067":0.8964179989,"0.068":0.8964179989,"0.069":0.8964179989,"0.07":0.8964179989,"0.071":0.8964179989,"0.072":0.8964179989,"0.073":0.8964179989,"0.074":0.8964179989,"0.075":0.8964179989,"0.076":0.8964179989,"0.077":0.8964179989,"0.078":0.8964179989,"0.079":0.8964179989,"0.08":0.8964179989,"0.081":0.9022267906,"0.082":0.9022267906,"0.083":0.9022267906,"0.084":0.9022267906,"0.085":0.9022267906,"0.086":0.9022267906,"0.087":0.9022267906,"0.088":0.9022267906,"0.089":0.9022267906,"0.09":0.9022267906,"0.091":0.9022267906,"0.092":0.9022267906,"0.093":0.9022267906,"0.094":0.9022267906,"0.095":0.9022267906,"0.096":0.9022267906,"0.097":0.9022267906,"0.098":0.9022267906,"0.099":0.9022267906,"0.1":0.9022267906},"davies2009\/mirex_qm_tempotracker":{"0.0":0.0,"0.001":0.0,"0.002":0.0392156863,"0.003":0.0392156863,"0.004":0.115337262,"0.005":0.1340351479,"0.006":0.1340351479,"0.007":0.1340351479,"0.008":0.1500281914,"0.009":0.2199262509,"0.01":0.2199262509,"0.011":0.2780312346,"0.012":0.2883294172,"0.013":0.3622881741,"0.014":0.3818960172,"0.015":0.382904345,"0.016":0.4212964915,"0.017":0.485960229,"0.018":0.485960229,"0.019":0.5045597443,"0.02":0.5423243881,"0.021":0.5423243881,"0.022":0.5955637167,"0.023":0.5985742129,"0.024":0.6108021356,"0.025":0.6108021356,"0.026":0.708820342,"0.027":0.708820342,"0.028":0.708820342,"0.029":0.7181300025,"0.03":0.7377378457,"0.031":0.7708156821,"0.032":0.7708156821,"0.033":0.7708156821,"0.034":0.7708156821,"0.035":0.7708156821,"0.036":0.8266287153,"0.037":0.844720242,"0.038":0.857493425,"0.039":0.857493425,"0.04":0.857493425,"0.041":0.8767050702,"0.042":0.8767050702,"0.043":0.8767050702,"0.044":0.8767050702,"0.045":0.8767050702,"0.046":0.8767050702,"0.047":0.8768771368,"0.048":0.8768771368,"0.049":0.8768771368,"0.05":0.8768771368,"0.051":0.8768771368,"0.052":0.8768771368,"0.053":0.8768771368,"0.054":0.8768771368,"0.055":0.8768771368,"0.056":0.8768771368,"0.057":0.8768771368,"0.058":0.8768771368,"0.059":0.8768771368,"0.06":0.8768771368,"0.061":0.8768771368,"0.062":0.8768771368,"0.063":0.8768771368,"0.064":0.8768771368,"0.065":0.8768771368,"0.066":0.8768771368,"0.067":0.8768771368,"0.068":0.8964849799,"0.069":0.8979360224,"0.07":0.8979360224,"0.071":0.8979360224,"0.072":0.8979360224,"0.073":0.8979360224,"0.074":0.8979360224,"0.075":0.8979360224,"0.076":0.8979360224,"0.077":0.8994967441,"0.078":0.8994967441,"0.079":0.8994967441,"0.08":0.8994967441,"0.081":0.8994967441,"0.082":0.8994967441,"0.083":0.8994967441,"0.084":0.8994967441,"0.085":0.8994967441,"0.086":0.8994967441,"0.087":0.8994967441,"0.088":0.8994967441,"0.089":0.8994967441,"0.09":0.8994967441,"0.091":0.8994967441,"0.092":0.8994967441,"0.093":0.8994967441,"0.094":0.8994967441,"0.095":0.8994967441,"0.096":0.8994967441,"0.097":0.8994967441,"0.098":0.8994967441,"0.099":0.8994967441,"0.1":0.8994967441},"percival2014\/stem":{"0.0":0.0,"0.001":0.1910234749,"0.002":0.3573540356,"0.003":0.3932397446,"0.004":0.5226598237,"0.005":0.591749858,"0.006":0.6101627206,"0.007":0.6239617721,"0.008":0.6570982871,"0.009":0.6924287814,"0.01":0.7066203539,"0.011":0.7066203539,"0.012":0.7066203539,"0.013":0.7433766699,"0.014":0.7433766699,"0.015":0.7433766699,"0.016":0.7614681966,"0.017":0.7614681966,"0.018":0.7614681966,"0.019":0.7707778571,"0.02":0.7707778571,"0.021":0.7707778571,"0.022":0.7848014995,"0.023":0.7848014995,"0.024":0.7848014995,"0.025":0.7848014995,"0.026":0.7848014995,"0.027":0.7848014995,"0.028":0.7848014995,"0.029":0.7848014995,"0.03":0.7848014995,"0.031":0.7848014995,"0.032":0.7848014995,"0.033":0.7848014995,"0.034":0.7848014995,"0.035":0.7848014995,"0.036":0.7848014995,"0.037":0.7848014995,"0.038":0.7848014995,"0.039":0.7848014995,"0.04":0.7848014995,"0.041":0.7848014995,"0.042":0.7848014995,"0.043":0.7848014995,"0.044":0.7848014995,"0.045":0.7848014995,"0.046":0.7848014995,"0.047":0.7848014995,"0.048":0.7848014995,"0.049":0.7848014995,"0.05":0.7848014995,"0.051":0.7848014995,"0.052":0.7848014995,"0.053":0.7848014995,"0.054":0.7848014995,"0.055":0.7848014995,"0.056":0.7848014995,"0.057":0.7848014995,"0.058":0.7848014995,"0.059":0.7848014995,"0.06":0.7848014995,"0.061":0.7848014995,"0.062":0.7848014995,"0.063":0.7848014995,"0.064":0.7848014995,"0.065":0.7848014995,"0.066":0.7848014995,"0.067":0.7848014995,"0.068":0.7848014995,"0.069":0.7848014995,"0.07":0.7848014995,"0.071":0.7848014995,"0.072":0.7848014995,"0.073":0.7848014995,"0.074":0.7848014995,"0.075":0.7848014995,"0.076":0.7848014995,"0.077":0.7848014995,"0.078":0.7848014995,"0.079":0.7848014995,"0.08":0.7848014995,"0.081":0.7848014995,"0.082":0.7848014995,"0.083":0.7848014995,"0.084":0.7848014995,"0.085":0.7848014995,"0.086":0.7848014995,"0.087":0.7848014995,"0.088":0.7906102912,"0.089":0.7906102912,"0.09":0.7906102912,"0.091":0.7906102912,"0.092":0.7906102912,"0.093":0.7906102912,"0.094":0.7906102912,"0.095":0.7906102912,"0.096":0.7906102912,"0.097":0.7906102912,"0.098":0.7906102912,"0.099":0.7906102912,"0.1":0.7906102912},"schreiber2014\/default":{"0.0":0.0,"0.001":0.2152565446,"0.002":0.3118639376,"0.003":0.3893147012,"0.004":0.4280112291,"0.005":0.479218678,"0.006":0.5493409734,"0.007":0.5874489378,"0.008":0.5977471203,"0.009":0.5991981628,"0.01":0.618806006,"0.011":0.6363800288,"0.012":0.6563326037,"0.013":0.6862655953,"0.014":0.7008312735,"0.015":0.702026254,"0.016":0.702026254,"0.017":0.702026254,"0.018":0.702026254,"0.019":0.7349764721,"0.02":0.7349764721,"0.021":0.7545843152,"0.022":0.7726758419,"0.023":0.7922836851,"0.024":0.8117194616,"0.025":0.8117194616,"0.026":0.8171357322,"0.027":0.8171357322,"0.028":0.8171357322,"0.029":0.8171357322,"0.03":0.8171357322,"0.031":0.8186964538,"0.032":0.8327200961,"0.033":0.8420297567,"0.034":0.8420297567,"0.035":0.8430380845,"0.036":0.8430380845,"0.037":0.8430380845,"0.038":0.8611948852,"0.039":0.8611948852,"0.04":0.8613669517,"0.041":0.8613669517,"0.042":0.8613669517,"0.043":0.8613669517,"0.044":0.8613669517,"0.045":0.8613669517,"0.046":0.8809747949,"0.047":0.8809747949,"0.048":0.8809747949,"0.049":0.8809747949,"0.05":0.8809747949,"0.051":0.8809747949,"0.052":0.8969678384,"0.053":0.9111594109,"0.054":0.9111594109,"0.055":0.9111594109,"0.056":0.9111594109,"0.057":0.9147742106,"0.058":0.9147742106,"0.059":0.9147742106,"0.06":0.9147742106,"0.061":0.9147742106,"0.062":0.9147742106,"0.063":0.9147742106,"0.064":0.9147742106,"0.065":0.9147742106,"0.066":0.9147742106,"0.067":0.9147742106,"0.068":0.9147742106,"0.069":0.9147742106,"0.07":0.9147742106,"0.071":0.9147742106,"0.072":0.9147742106,"0.073":0.9147742106,"0.074":0.9147742106,"0.075":0.9147742106,