{"P-Score":{"schreiber2018\/fcn":0.9628094066,"schreiber2018\/cnn":0.9585700333,"schreiber2014\/default":0.9147742106,"schreiber2017\/ismir2017":0.9082458002,"davies2009\/mirex_qm_tempotracker":0.8994967441,"boeck2015\/tempodetector2016_default":0.8964179989,"schreiber2017\/mirex2017":0.8325600834,"percival2014\/stem":0.7848014995},"One Correct":{"schreiber2018\/fcn":1.0,"schreiber2018\/cnn":1.0,"schreiber2014\/default":0.9607843137,"schreiber2017\/ismir2017":0.9607843137,"davies2009\/mirex_qm_tempotracker":0.9607843137,"boeck2015\/tempodetector2016_default":0.9803921569,"schreiber2017\/mirex2017":0.9215686275,"percival2014\/stem":0.9411764706},"Both Correct":{"schreiber2018\/fcn":0.7843137255,"schreiber2018\/cnn":0.7647058824,"schreiber2014\/default":0.7058823529,"schreiber2017\/ismir2017":0.6470588235,"davies2009\/mirex_qm_tempotracker":0.6078431373,"boeck2015\/tempodetector2016_default":0.4901960784,"schreiber2017\/mirex2017":0.4901960784,"percival2014\/stem":0.0}}