{"boeck2015\/tempodetector2016_default":{"0.0":0.0980392157,"0.0005":0.0980392157,"0.001":0.2941176471,"0.0015":0.3725490196,"0.002":0.3921568627,"0.0025":0.431372549,"0.003":0.4509803922,"0.0035":0.4901960784,"0.004":0.5098039216,"0.0045":0.5294117647,"0.005":0.5294117647,"0.0055":0.5490196078,"0.006":0.6078431373,"0.0065":0.6078431373,"0.007":0.6274509804,"0.0075":0.6470588235,"0.008":0.6862745098,"0.0085":0.7450980392,"0.009":0.7450980392,"0.0095":0.7450980392,"0.01":0.7647058824,"0.0105":0.7843137255,"0.011":0.8039215686,"0.0115":0.8039215686,"0.012":0.8235294118,"0.0125":0.8431372549,"0.013":0.8431372549,"0.0135":0.862745098,"0.014":0.862745098,"0.0145":0.9019607843,"0.015":0.9019607843,"0.0155":0.9019607843,"0.016":0.9019607843,"0.0165":0.9019607843,"0.017":0.9215686275,"0.0175":0.9215686275,"0.018":0.9215686275,"0.0185":0.9411764706,"0.019":0.9411764706,"0.0195":0.9411764706,"0.02":0.9411764706,"0.0205":0.9411764706,"0.021":0.9411764706,"0.0215":0.9411764706,"0.022":0.9411764706,"0.0225":0.9411764706,"0.023":0.9411764706,"0.0235":0.9411764706,"0.024":0.9411764706,"0.0245":0.9411764706,"0.025":0.9411764706,"0.0255":0.9411764706,"0.026":0.9411764706,"0.0265":0.9411764706,"0.027":0.9411764706,"0.0275":0.9607843137,"0.028":0.9607843137,"0.0285":0.9607843137,"0.029":0.9607843137,"0.0295":0.9607843137,"0.03":0.9607843137,"0.0305":0.9607843137,"0.031":0.9607843137,"0.0315":0.9607843137,"0.032":0.9607843137,"0.0325":0.9607843137,"0.033":0.9607843137,"0.0335":0.9607843137,"0.034":0.9607843137,"0.0345":0.9607843137,"0.035":0.9607843137,"0.0355":0.9607843137,"0.036":0.9607843137,"0.0365":0.9607843137,"0.037":0.9607843137,"0.0375":0.9607843137,"0.038":0.9607843137,"0.0385":0.9607843137,"0.039":0.9607843137,"0.0395":0.9607843137,"0.04":0.9607843137,"0.0405":0.9607843137,"0.041":0.9607843137,"0.0415":0.9607843137,"0.042":0.9607843137,"0.0425":0.9607843137,"0.043":0.9607843137,"0.0435":0.9607843137,"0.044":0.9607843137,"0.0445":0.9607843137,"0.045":0.9607843137,"0.0455":0.9607843137,"0.046":0.9607843137,"0.0465":0.9607843137,"0.047":0.9607843137,"0.0475":0.9607843137,"0.048":0.9607843137,"0.0485":0.9607843137,"0.049":0.9607843137,"0.0495":0.9607843137,"0.05":0.9607843137},"davies2009\/mirex_qm_tempotracker":{"0.0":0.0,"0.0005":0.0,"0.001":0.0,"0.0015":0.0,"0.002":0.0392156863,"0.0025":0.0392156863,"0.003":0.0392156863,"0.0035":0.0980392157,"0.004":0.1176470588,"0.0045":0.137254902,"0.005":0.137254902,"0.0055":0.137254902,"0.006":0.137254902,"0.0065":0.137254902,"0.007":0.137254902,"0.0075":0.1568627451,"0.008":0.1568627451,"0.0085":0.1568627451,"0.009":0.2352941176,"0.0095":0.2352941176,"0.01":0.2352941176,"0.0105":0.2549019608,"0.011":0.3137254902,"0.0115":0.3333333333,"0.012":0.3333333333,"0.0125":0.3333333333,"0.013":0.4117647059,"0.0135":0.431372549,"0.014":0.431372549,"0.0145":0.431372549,"0.015":0.431372549,"0.0155":0.431372549,"0.016":0.4705882353,"0.0165":0.4901960784,"0.017":0.5294117647,"0.0175":0.5294117647,"0.018":0.5294117647,"0.0185":0.5294117647,"0.019":0.5490196078,"0.0195":0.5882352941,"0.02":0.5882352941,"0.0205":0.5882352941,"0.021":0.5882352941,"0.0215":0.6470588235,"0.022":0.6470588235,"0.0225":0.6470588235,"0.023":0.6470588235,"0.0235":0.6470588235,"0.024":0.6666666667,"0.0245":0.6666666667,"0.025":0.6666666667,"0.0255":0.7647058824,"0.026":0.7647058824,"0.0265":0.7647058824,"0.027":0.7647058824,"0.0275":0.7647058824,"0.028":0.7647058824,"0.0285":0.7647058824,"0.029":0.7647058824,"0.0295":0.7843137255,"0.03":0.7843137255,"0.0305":0.8039215686,"0.031":0.8235294118,"0.0315":0.8235294118,"0.032":0.8235294118,"0.0325":0.8235294118,"0.033":0.8235294118,"0.0335":0.8235294118,"0.034":0.8235294118,"0.0345":0.8235294118,"0.035":0.8235294118,"0.0355":0.8823529412,"0.036":0.8823529412,"0.0365":0.9019607843,"0.037":0.9019607843,"0.0375":0.9215686275,"0.038":0.9215686275,"0.0385":0.9215686275,"0.039":0.9215686275,"0.0395":0.9215686275,"0.04":0.9215686275,"0.0405":0.9411764706,"0.041":0.9411764706,"0.0415":0.9411764706,"0.042":0.9411764706,"0.0425":0.9411764706,"0.043":0.9411764706,"0.0435":0.9411764706,"0.044":0.9411764706,"0.0445":0.9411764706,"0.045":0.9411764706,"0.0455":0.9411764706,"0.046":0.9411764706,"0.0465":0.9411764706,"0.047":0.9411764706,"0.0475":0.9411764706,"0.048":0.9411764706,"0.0485":0.9411764706,"0.049":0.9411764706,"0.0495":0.9411764706,"0.05":0.9411764706},"percival2014\/stem":{"0.0":0.0,"0.0005":0.1568627451,"0.001":0.2352941176,"0.0015":0.3137254902,"0.002":0.4117647059,"0.0025":0.431372549,"0.003":0.4509803922,"0.0035":0.5490196078,"0.004":0.6078431373,"0.0045":0.6274509804,"0.005":0.7058823529,"0.0055":0.7254901961,"0.006":0.7254901961,"0.0065":0.7254901961,"0.007":0.7450980392,"0.0075":0.7450980392,"0.008":0.7843137255,"0.0085":0.8039215686,"0.009":0.8235294118,"0.0095":0.8235294118,"0.01":0.8431372549,"0.0105":0.8431372549,"0.011":0.8431372549,"0.0115":0.8431372549,"0.012":0.8431372549,"0.0125":0.862745098,"0.013":0.8823529412,"0.0135":0.8823529412,"0.014":0.8823529412,"0.0145":0.8823529412,"0.015":0.8823529412,"0.0155":0.9019607843,"0.016":0.9019607843,"0.0165":0.9019607843,"0.017":0.9019607843,"0.0175":0.9019607843,"0.018":0.9019607843,"0.0185":0.9019607843,"0.019":0.9019607843,"0.0195":0.9019607843,"0.02":0.9019607843,"0.0205":0.9019607843,"0.021":0.9019607843,"0.0215":0.9215686275,"0.022":0.9215686275,"0.0225":0.9411764706,"0.023":0.9411764706,"0.0235":0.9411764706,"0.024":0.9411764706,"0.0245":0.9411764706,"0.025":0.9411764706,"0.0255":0.9411764706,"0.026":0.9411764706,"0.0265":0.9411764706,"0.027":0.9411764706,"0.0275":0.9411764706,"0.028":0.9411764706,"0.0285":0.9411764706,"0.029":0.9411764706,"0.0295":0.9411764706,"0.03":0.9411764706,"0.0305":0.9411764706,"0.031":0.9411764706,"0.0315":0.9411764706,"0.032":0.9411764706,"0.0325":0.9411764706,"0.033":0.9411764706,"0.0335":0.9411764706,"0.034":0.9411764706,"0.0345":0.9411764706,"0.035":0.9411764706,"0.0355":0.9411764706,"0.036":0.9411764706,"0.0365":0.9411764706,"0.037":0.9411764706,"0.0375":0.9411764706,"0.038":0.9411764706,"0.0385":0.9411764706,"0.039":0.9411764706,"0.0395":0.9411764706,"0.04":0.9411764706,"0.0405":0.9411764706,"0.041":0.9411764706,"0.0415":0.9411764706,"0.042":0.9411764706,"0.0425":0.9411764706,"0.043":0.9411764706,"0.0435":0.9411764706,"0.044":0.9411764706,"0.0445":0.9411764706,"0.045":0.9411764706,"0.0455":0.9411764706,"0.046":0.9411764706,"0.0465":0.9411764706,"0.047":0.9411764706,"0.0475":0.9411764706,"0.048":0.9411764706,"0.0485":0.9411764706,"0.049":0.9411764706,"0.0495":0.9411764706,"0.05":0.9411764706},"schreiber2014\/default":{"0.0":0.0,"0.0005":0.137254902,"0.001":0.2156862745,"0.0015":0.2745098039,"0.002":0.3137254902,"0.0025":0.3725490196,"0.003":0.3921568627,"0.0035":0.4117647059,"0.004":0.431372549,"0.0045":0.4705882353,"0.005":0.4901960784,"0.0055":0.5098039216,"0.006":0.568627451,"0.0065":0.5882352941,"0.007":0.6078431373,"0.0075":0.6274509804,"0.008":0.6274509804,"0.0085":0.6274509804,"0.009":0.6274509804,"0.0095":0.6274509804,"0.01":0.6470588235,"0.0105":0.6470588235,"0.011":0.6666666667,"0.0115":0.6862745098,"0.012":0.6862745098,"0.0125":0.6862745098,"0.013":0.7254901961,"0.0135":0.7254901961,"0.014":0.7450980392,"0.0145":0.7450980392,"0.015":0.7450980392,"0.0155":0.7450980392,"0.016":0.7450980392,"0.0165":0.7450980392,"0.017":0.7450980392,"0.0175":0.7450980392,"0.018":0.7450980392,"0.0185":0.7843137255,"0.019":0.7843137255,"0.0195":0.7843137255,"0.02":0.7843137255,"0.0205":0.8039215686,"0.021":0.8039215686,"0.0215":0.8039215686,"0.022":0.8235294118,"0.0225":0.8235294118,"0.023":0.8431372549,"0.0235":0.862745098,"0.024":0.862745098,"0.0245":0.862745098,"0.025":0.862745098,"0.0255":0.862745098,"0.026":0.862745098,"0.0265":0.862745098,"0.027":0.862745098,"0.0275":0.862745098,"0.028":0.862745098,"0.0285":0.862745098,"0.029":0.862745098,"0.0295":0.862745098,"0.03":0.862745098,"0.0305":0.862745098,"0.031":0.862745098,"0.0315":0.862745098,"0.032":0.8823529412,"0.0325":0.8823529412,"0.033":0.8823529412,"0.0335":0.8823529412,