Estimator,boeck2015/tempodetector2016_default,davies2009/mirex_qm_tempotracker,percival2014/stem,schreiber2014/default,schreiber2017/ismir2017,schreiber2017/mirex2017,schreiber2018/cnn,schreiber2018/fcn
boeck2015/tempodetector2016_default,1.0,0.6559574150143035,0.5079150273787951,0.2734861784831013,0.8573328397173545,0.8423568250604774,0.03687853583589843,0.22215446175454898
davies2009/mirex_qm_tempotracker,0.6559574150143035,1.0,0.26732077628417017,0.14182099145458554,0.49870231780864294,0.4997035147851221,0.005870482199413242,0.09666893037483132
percival2014/stem,0.5079150273787951,0.26732077628417017,1.0,0.573137174571261,0.5801291192533798,0.6453951070073942,0.07122721038130336,0.3608382400166644
schreiber2014/default,0.2734861784831013,0.14182099145458554,0.573137174571261,1.0,0.3639126168074188,0.357402125614814,0.17760660312813373,0.6669197277847625
schreiber2017/ismir2017,0.8573328397173545,0.49870231780864294,0.5801291192533798,0.3639126168074188,1.0,0.958016772523218,0.03415060423314058,0.2588338044397845
schreiber2017/mirex2017,0.8423568250604774,0.4997035147851221,0.6453951070073942,0.357402125614814,0.958016772523218,1.0,0.035632312687992315,0.26720427950618497
schreiber2018/cnn,0.03687853583589843,0.005870482199413242,0.07122721038130336,0.17760660312813373,0.03415060423314058,0.035632312687992315,1.0,0.2364956495625705
schreiber2018/fcn,0.22215446175454898,0.09666893037483132,0.3608382400166644,0.6669197277847625,0.2588338044397845,0.26720427950618497,0.2364956495625705,1.0
