{"Accuracy1":{"schreiber2018\/cnn":0.9411764706,"schreiber2018\/fcn":0.8823529412,"percival2014\/stem":0.8431372549,"schreiber2017\/mirex2017":0.8235294118,"schreiber2017\/ismir2017":0.8235294118,"boeck2015\/tempodetector2016_default":0.8235294118,"schreiber2014\/default":0.8235294118,"davies2009\/mirex_qm_tempotracker":0.7647058824},"Accuracy2":{"schreiber2018\/cnn":0.9607843137,"schreiber2018\/fcn":0.9215686275,"percival2014\/stem":0.9411764706,"schreiber2017\/mirex2017":0.9607843137,"schreiber2017\/ismir2017":0.9607843137,"boeck2015\/tempodetector2016_default":0.9607843137,"schreiber2014\/default":0.9019607843,"davies2009\/mirex_qm_tempotracker":0.9215686275}}