Reference,Size,Min,Max,Avg,Stdev,Sweet Oct. Start,Sweet Oct. Coverage
schreiber2018/ismir2018,51,69.0,156.0,104.09803921568627,23.311160333162984,67.0,0.9215686274509803
