{"Size":{"boeck2015\/tempodetector2016_default":51,"davies2009\/mirex_qm_tempotracker":51,"percival2014\/stem":51,"schreiber2014\/default":51,"schreiber2017\/ismir2017":51,"schreiber2017\/mirex2017":51,"schreiber2018\/cnn":51,"schreiber2018\/fcn":51},"Min":{"boeck2015\/tempodetector2016_default":41.96,"davies2009\/mirex_qm_tempotracker":71.7773,"percival2014\/stem":63.4107,"schreiber2014\/default":59.734135,"schreiber2017\/ismir2017":40.650757,"schreiber2017\/mirex2017":40.650757,"schreiber2018\/cnn":63.0,"schreiber2018\/fcn":60.0},"Max":{"boeck2015\/tempodetector2016_default":157.89,"davies2009\/mirex_qm_tempotracker":166.709,"percival2014\/stem":142.565,"schreiber2014\/default":143.8745,"schreiber2017\/ismir2017":152.90363,"schreiber2017\/mirex2017":152.90363,"schreiber2018\/cnn":157.0,"schreiber2018\/fcn":157.0},"Avg":{"boeck2015\/tempodetector2016_default":95.5303921569,"davies2009\/mirex_qm_tempotracker":120.7583215686,"percival2014\/stem":99.0803058824,"schreiber2014\/default":97.7447291765,"schreiber2017\/ismir2017":99.0868434118,"schreiber2017\/mirex2017":96.8224121373,"schreiber2018\/cnn":103.7843137255,"schreiber2018\/fcn":98.1960784314},"Stdev":{"boeck2015\/tempodetector2016_default":26.4993954618,"davies2009\/mirex_qm_tempotracker":26.0024246686,"percival2014\/stem":21.2537810932,"schreiber2014\/default":21.0035863683,"schreiber2017\/ismir2017":26.4554297661,"schreiber2017\/mirex2017":27.0581506691,"schreiber2018\/cnn":24.4395693297,"schreiber2018\/fcn":23.6440433157},"Sweet Oct. Start":{"boeck2015\/tempodetector2016_default":67.0,"davies2009\/mirex_qm_tempotracker":81.0,"percival2014\/stem":67.0,"schreiber2014\/default":63.0,"schreiber2017\/ismir2017":66.0,"schreiber2017\/mirex2017":66.0,"schreiber2018\/cnn":67.0,"schreiber2018\/fcn":67.0},"Sweet Oct. Coverage":{"boeck2015\/tempodetector2016_default":0.8235294118,"davies2009\/mirex_qm_tempotracker":0.9411764706,"percival2014\/stem":0.9607843137,"schreiber2014\/default":0.9215686275,"schreiber2017\/ismir2017":0.8431372549,"schreiber2017\/mirex2017":0.8431372549,"schreiber2018\/cnn":0.9019607843,"schreiber2018\/fcn":0.9215686275}}