{"boeck2015\/tempodetector2016_default":{"boeck2015\/tempodetector2016_default":1.0,"davies2009\/mirex_qm_tempotracker":0.655957415,"percival2014\/stem":0.5079150274,"schreiber2014\/default":0.2734861785,"schreiber2017\/ismir2017":0.8573328397,"schreiber2017\/mirex2017":0.8423568251,"schreiber2018\/cnn":0.0368785358,"schreiber2018\/fcn":0.2221544618},"davies2009\/mirex_qm_tempotracker":{"boeck2015\/tempodetector2016_default":0.655957415,"davies2009\/mirex_qm_tempotracker":1.0,"percival2014\/stem":0.2673207763,"schreiber2014\/default":0.1418209915,"schreiber2017\/ismir2017":0.4987023178,"schreiber2017\/mirex2017":0.4997035148,"schreiber2018\/cnn":0.0058704822,"schreiber2018\/fcn":0.0966689304},"percival2014\/stem":{"boeck2015\/tempodetector2016_default":0.5079150274,"davies2009\/mirex_qm_tempotracker":0.2673207763,"percival2014\/stem":1.0,"schreiber2014\/default":0.5731371746,"schreiber2017\/ismir2017":0.5801291193,"schreiber2017\/mirex2017":0.645395107,"schreiber2018\/cnn":0.0712272104,"schreiber2018\/fcn":0.36083824},"schreiber2014\/default":{"boeck2015\/tempodetector2016_default":0.2734861785,"davies2009\/mirex_qm_tempotracker":0.1418209915,"percival2014\/stem":0.5731371746,"schreiber2014\/default":1.0,"schreiber2017\/ismir2017":0.3639126168,"schreiber2017\/mirex2017":0.3574021256,"schreiber2018\/cnn":0.1776066031,"schreiber2018\/fcn":0.6669197278},"schreiber2017\/ismir2017":{"boeck2015\/tempodetector2016_default":0.8573328397,"davies2009\/mirex_qm_tempotracker":0.4987023178,"percival2014\/stem":0.5801291193,"schreiber2014\/default":0.3639126168,"schreiber2017\/ismir2017":1.0,"schreiber2017\/mirex2017":0.9580167725,"schreiber2018\/cnn":0.0341506042,"schreiber2018\/fcn":0.2588338044},"schreiber2017\/mirex2017":{"boeck2015\/tempodetector2016_default":0.8423568251,"davies2009\/mirex_qm_tempotracker":0.4997035148,"percival2014\/stem":0.645395107,"schreiber2014\/default":0.3574021256,"schreiber2017\/ismir2017":0.9580167725,"schreiber2017\/mirex2017":1.0,"schreiber2018\/cnn":0.0356323127,"schreiber2018\/fcn":0.2672042795},"schreiber2018\/cnn":{"boeck2015\/tempodetector2016_default":0.0368785358,"davies2009\/mirex_qm_tempotracker":0.0058704822,"percival2014\/stem":0.0712272104,"schreiber2014\/default":0.1776066031,"schreiber2017\/ismir2017":0.0341506042,"schreiber2017\/mirex2017":0.0356323127,"schreiber2018\/cnn":1.0,"schreiber2018\/fcn":0.2364956496},"schreiber2018\/fcn":{"boeck2015\/tempodetector2016_default":0.2221544618,"davies2009\/mirex_qm_tempotracker":0.0966689304,"percival2014\/stem":0.36083824,"schreiber2014\/default":0.6669197278,"schreiber2017\/ismir2017":0.2588338044,"schreiber2017\/mirex2017":0.2672042795,"schreiber2018\/cnn":0.2364956496,"schreiber2018\/fcn":1.0}}