{"Size":{"schreiber2018\/ismir2018":51},"Min":{"schreiber2018\/ismir2018":69.0},"Max":{"schreiber2018\/ismir2018":156.0},"Avg":{"schreiber2018\/ismir2018":104.0980392157},"Stdev":{"schreiber2018\/ismir2018":23.3111603332},"Sweet Oct. Start":{"schreiber2018\/ismir2018":67.0},"Sweet Oct. Coverage":{"schreiber2018\/ismir2018":0.9215686275}}