Estimator,boeck2015/tempodetector2016_default,davies2009/mirex_qm_tempotracker,percival2014/stem,schreiber2014/default,schreiber2017/ismir2017,schreiber2017/mirex2017,schreiber2018/cnn,schreiber2018/fcn
boeck2015/tempodetector2016_default,1.0,3.8733883408746205e-06,0.21523127984062587,0.3460756714137272,0.5052569066456222,0.8769267311795484,0.021068927287350072,0.38812209853230084
davies2009/mirex_qm_tempotracker,3.8733883408746205e-06,1.0,3.0164290957585093e-05,6.171983427082716e-06,1.2787566134080679e-05,6.401366460523608e-06,0.00010641453852045782,4.54728801549666e-06
percival2014/stem,0.21523127984062587,3.0164290957585093e-05,1.0,0.6620229937893886,0.593825795494597,0.24777792206671018,0.19945342523822274,0.6342793424564059
schreiber2014/default,0.3460756714137272,6.171983427082716e-06,0.6620229937893886,1.0,0.907607591681989,0.44908873742527045,0.06366070914239491,0.9847066261177515
schreiber2017/ismir2017,0.5052569066456222,1.2787566134080679e-05,0.593825795494597,0.907607591681989,1.0,0.1593449320643661,0.10361705445590674,0.9170013283281272
schreiber2017/mirex2017,0.8769267311795484,6.401366460523608e-06,0.24777792206671018,0.44908873742527045,0.1593449320643661,1.0,0.016053895978841486,0.44503133398321515
schreiber2018/cnn,0.021068927287350072,0.00010641453852045782,0.19945342523822274,0.06366070914239491,0.10361705445590674,0.016053895978841486,1.0,0.03009143208531776
schreiber2018/fcn,0.38812209853230084,4.54728801549666e-06,0.6342793424564059,0.9847066261177515,0.9170013283281272,0.44503133398321515,0.03009143208531776,1.0
