Item,Reference,Estimate
RM-J004.jams,74.07407407407403,143.555
RM-J009.jams,63.829787234042705,127.604
RM-J010.jams,115.38461538461574,58.0671
RM-J012.jams,66.51884700665191,135.11
RM-J031.jams,45.454545454545446,90.6661
RM-J032.jams,59.77593330107545,119.491
RM-J038.jams,62.50000000000018,125.284
RM-J040.jams,63.49206349206395,126.821
RM-J044.jams,37.26708074534163,87.5927
RM-J046.jams,151.89873417721535,75.9995
RM-J050.jams,157.8947368421057,78.9003
