Estimator,AOE1_MEAN,AOE1_STDEV,AOE2_MEAN,AOE2_STDEV
percival2014/stem,0.22839890844708638,0.4205706889769789,0.010911298505565164,0.03264033747173441
boeck2015/tempodetector2016_default,0.26041643174524,0.42784283841485893,0.01684574590599334,0.05691533701254085
schreiber2014/default,0.29299588351159145,0.412710919821311,0.08070084713912784,0.12537506948766283
schreiber2017/ismir2017,0.3090188877693575,0.5429287487918051,0.03763143077344132,0.09928340450674879
schreiber2017/mirex2017,0.3276748853529785,0.5494479121831807,0.03763143201378656,0.09928340445638498
davies2009/mirex_qm_tempotracker,0.5488465066104647,0.5476226133092853,0.05485759880653938,0.10805523314474638
