Estimator,AOE1_MEAN,AOE1_STDEV,AOE2_MEAN,AOE2_STDEV
boeck2015/tempodetector2016_default,0.45356829808395704,0.5515154586648342,0.06510551699327935,0.10343741182249527
schreiber2018/ismir2018,0.5071213270295026,0.48704840643715386,0.09918548912236079,0.1286774793687154
schreiber2018/fcn,0.5370119351195932,0.5402985391024427,0.08741320373051936,0.11690363038532073
schreiber2018/cnn,0.5627780679265364,0.5425111471266739,0.10284026056363996,0.13480572690617995
schreiber2014/default,0.581953670457032,0.5576032030668973,0.12431511654293934,0.1371473551591792
schreiber2017/mirex2017,0.6038205360353828,0.5629613302496206,0.09501364120183046,0.12548620787698506
percival2014/stem,0.7048876296850894,0.529261032435883,0.0974248641547859,0.13500689186072568
schreiber2017/ismir2017,0.7160704073903308,0.565285395010485,0.10069555006700724,0.13035716902217054
davies2009/mirex_qm_tempotracker,0.7273660742943286,0.5427543974076189,0.09108588848037491,0.11138273960928281
