{"boeck2015\/tempodetector2016_default":{"0.0":null,"0.005":-0.0008286968,"0.01":-0.0017390719,"0.015":-0.0015941492,"0.02":-0.0015941492,"0.025":-0.0015941492,"0.03":-0.0015941492,"0.035":-0.0015941492,"0.04":-0.0014715224,"0.045":-0.0013664136,"0.05":-0.0013664136,"0.055":-0.0007575457,"0.06":-0.0007575457,"0.065":-0.0007575457,"0.07":-0.0007575457,"0.075":-0.0007575457,"0.08":-0.0007575457,"0.085":-0.0007575457,"0.09":-0.0007575457,"0.095":-0.0007575457,"0.1":-0.0007575457,"0.105":-0.0007575457,"0.11":-0.0007575457,"0.115":-0.0007575457,"0.12":-0.0007575457,"0.125":-0.0007575457,"0.13":-0.0007575457,"0.135":-0.0007575457,"0.14":-0.0007575457,"0.145":-0.0007575457,"0.15":-0.0007575457,"0.155":-0.0007575457,"0.16":-0.0007575457,"0.165":-0.0007575457,"0.17":-0.0007575457,"0.175":-0.0007575457,"0.18":-0.0007575457,"0.185":-0.0007575457,"0.19":-0.0007575457,"0.195":-0.0007575457,"0.2":-0.0007575457,"0.205":-0.0007575457,"0.21":-0.0007575457,"0.215":-0.0007575457,"0.22":-0.0007575457,"0.225":-0.0007575457,"0.23":-0.0007575457,"0.235":-0.0007575457,"0.24":-0.0007575457,"0.245":-0.0007575457,"0.25":-0.0007575457,"0.255":-0.0007575457,"0.26":-0.0007575457,"0.265":-0.0007575457,"0.27":-0.0007575457,"0.275":-0.0007575457,"0.28":-0.0007575457,"0.285":-0.0007575457,"0.29":-0.0007575457,"0.295":-0.0007575457,"0.3":-0.0007575457,"0.305":-0.0007575457,"0.31":-0.0007575457,"0.315":-0.0007575457,"0.32":-0.0007575457,"0.325":-0.0007575457,"0.33":-0.0007575457,"0.335":-0.0007575457,"0.34":-0.0007575457,"0.345":-0.0007575457,"0.35":-0.0007575457,"0.355":-0.0007575457,"0.36":-0.0007575457,"0.365":-0.0007575457,"0.37":-0.0007575457,"0.375":-0.0007575457,"0.38":-0.0007575457,"0.385":-0.0007575457,"0.39":-0.0007575457,"0.395":-0.0007575457,"0.4":-0.0007575457,"0.405":-0.0007575457,"0.41":-0.0007575457,"0.415":-0.0007575457,"0.42":-0.0007575457,"0.425":-0.0007575457,"0.43":-0.0007575457,"0.435":-0.0007575457,"0.44":-0.0007575457,"0.445":-0.0007575457,"0.45":-0.0007575457,"0.455":-0.0007575457,"0.46":-0.0007575457,"0.465":-0.0007575457,"0.47":-0.0007575457,"0.475":-0.0007575457,"0.48":-0.0007575457,"0.485":-0.0007575457,"0.49":-0.0007575457,"0.495":-0.0007575457,"0.5":-0.0007575457},"davies2009\/mirex_qm_tempotracker":{"0.0":null,"0.005":0.019845121,"0.01":0.0186798349,"0.015":0.0187151884,"0.02":0.0187151884,"0.025":0.0187151884,"0.03":0.0187151884,"0.035":0.0187151884,"0.04":0.0187447379,"0.045":0.0183667799,"0.05":0.0183667799,"0.055":0.0191832531,"0.06":0.0191832531,"0.065":0.0191832531,"0.07":0.0191832531,"0.075":0.0191832531,"0.08":0.0191832531,"0.085":0.0191832531,"0.09":0.0191832531,"0.095":0.0191832531,"0.1":0.0191832531,"0.105":0.0191832531,"0.11":0.0191832531,"0.115":0.0191832531,"0.12":0.0191832531,"0.125":0.0191832531,"0.13":0.0191832531,"0.135":0.0191832531,"0.14":0.0191832531,"0.145":0.0191832531,"0.15":0.0191832531,"0.155":0.0191832531,"0.16":0.0191832531,"0.165":0.0191832531,"0.17":0.0191832531,"0.175":0.0191832531,"0.18":0.0191832531,"0.185":0.0191832531,"0.19":0.0191832531,"0.195":0.0191832531,"0.2":0.0191832531,"0.205":0.0191832531,"0.21":0.0191832531,"0.215":0.0191832531,"0.22":0.0191832531,"0.225":0.0191832531,"0.23":0.0191832531,"0.235":0.0191832531,"0.24":0.0191832531,"0.245":0.0191832531,"0.25":0.0191832531,"0.255":0.0191832531,"0.26":0.0191832531,"0.265":0.0191832531,"0.27":0.0191832531,"0.275":0.0191832531,"0.28":0.0191832531,"0.285":0.0191832531,"0.29":0.0191832531,"0.295":0.0191832531,"0.3":0.0191832531,"0.305":0.0191832531,"0.31":0.0191832531,"0.315":0.0191832531,"0.32":0.0191832531,"0.325":0.0191832531,"0.33":0.0191832531,"0.335":0.0191832531,"0.34":0.0191832531,"0.345":0.0191832531,"0.35":0.0191832531,"0.355":0.0191832531,"0.36":0.0191832531,"0.365":0.0191832531,"0.37":0.0191832531,"0.375":0.0191832531,"0.38":0.0191832531,"0.385":0.0191832531,"0.39":0.0191832531,"0.395":0.0191832531,"0.4":0.0191832531,"0.405":0.0191832531,"0.41":0.0191832531,"0.415":0.0191832531,"0.42":0.0191832531,"0.425":0.0191832531,"0.43":0.0191832531,"0.435":0.0191832531,"0.44":0.0191832531,"0.445":0.0191832531,"0.45":0.0191832531,"0.455":0.0191832531,"0.46":0.0191832531,"0.465":0.0191832531,"0.47":0.0191832531,"0.475":0.0191832531,"0.48":0.0191832531,"0.485":0.0191832531,"0.49":0.0191832531,"0.495":0.0191832531,"0.5":0.0191832531},"percival2014\/stem":{"0.0":null,"0.005":0.0000439193,"0.01":-0.0004667142,"0.015":-0.0005913177,"0.02":-0.0005913177,"0.025":-0.0005913177,"0.03":-0.0005913177,"0.035":-0.0005913177,"0.04":-0.0006967143,"0.045":-0.0004879888,"0.05":-0.0004879888,"0.055":-0.0002464126,"0.06":-0.0002464126,"0.065":-0.0002464126,"0.07":-0.0002464126,"0.075":-0.0002464126,"0.08":-0.0002464126,"0.085":-0.0002464126,"0.09":-0.0002464126,"0.095":-0.0002464126,"0.1":-0.0002464126,"0.105":-0.0002464126,"0.11":-0.0002464126,"0.115":-0.0002464126,"0.12":-0.0002464126,"0.125":-0.0002464126,"0.13":-0.0002464126,"0.135":-0.0002464126,"0.14":-0.0002464126,"0.145":-0.0002464126,"0.15":-0.0002464126,"0.155":-0.0002464126,"0.16":-0.0002464126,"0.165":-0.0002464126,"0.17":-0.0002464126,"0.175":-0.0002464126,"0.18":-0.0002464126,"0.185":-0.0002464126,"0.19":-0.0002464126,"0.195":-0.0002464126,"0.2":-0.0002464126,"0.205":-0.0002464126,"0.21":-0.0002464126,"0.215":-0.0002464126,"0.22":-0.0002464126,"0.225":-0.0002464126,"0.23":-0.0002464126,"0.235":-0.0002464126,"0.24":-0.0002464126,"0.245":-0.0002464126,"0.25":-0.0002464126,"0.255":-0.0002464126,"0.26":-0.0002464126,"0.265":-0.0002464126,"0.27":-0.0002464126,"0.275":-0.0002464126,"0.28":-0.0002464126,"0.285":-0.0002464126,"0.29":-0.0002464126,"0.295":-0.0002464126,"0.3":-0.0002464126,"0.305":-0.0002464126,"0.31":-0.0002464126,"0.315":-0.0002464126,"0.32":-0.0002464126,"0.325":-0.0002464126,"0.33":-0.0002464126,"0.335":-0.0002464126,"0.34":-0.0002464126,"0.345":-0.0002464126,"0.35":-0.0002464126,"0.355":-0.0002464126,"0.36":-0.0002464126,"0.365":-0.0002464126,"0.37":-0.0002464126,"0.375":-0.0002464126,"0.38":-0.0002464126,"0.385":-0.0002464126,"0.39":-0.0002464126,"0.395":-0.0002464126,"0.4":-0.0002464126,"0.405":-0.0002464126,"0.41":-0.0002464126,"0.415":-0.0002464126,"0.42":-0.0002464126,"0.425":-0.0002464126,"0.43":-0.0002464126,"0.435":-0.0002464126,"0.44":-0.0002464126,"0.445":-0.0002464126,"0.45":-0.0002464126,"0.455":-0.0002464126,"0.46":-0.0002464126,"0.465":-0.0002464126,"0.47":-0.0002464126,"0.475":-0.0002464126,"0.48":-0.0002464126,"0.485":-0.0002464126,"0.49":-0.0002464126,"0.495":-0.0002464126,"0.5":-0.0002464126},"schreiber2014\/default":{"0.0":null,"0.005":0.0423257651,"0.01":0.0382292647,"0.015":0.0350322031,"0.02":0.0350322031,"0.025":0.0350322031,"0.03":0.0350322031,"0.035":0.0350322031,"0.04":0.0320933568,"0.045":0.0298014508,"0.05":0.0298014508,"0.055":0.0280116497,"0.06":0.0280116497,"0.065":0.0280116497,"0.07":0.0280116497,"0.075":0.0280116497,"0.08":0.0280116497,"0.085":0.0280116497,"0.09":0.0280116497,"0.095":0.0280116497,"0.1":0.0280116497,"0.105":0.0280116497,"0.11":0.0280116497,"0.115":0.0280116497,"0.12":0.0280116497,"0.125":0.0280116497,"0.13":0.0280116497,"0.135":0.0280116497,"0.14":0.0280116497,"0.145":0.0280116497,"0.15":0.0280116497,"0.155":0.0280116497,"0.16":0.0280116497,"0.165":0.0280116497,"0.17":0.0280116497,"0.175":0.0280116497,"0.18":0.0280116497,"0.185":0.0280116497,"0.19":0.0280116497,"0.195":0.0280116497,"0.2":0.0280116497,"0.205":0.0280116497,"0.21":0.0280116497,"0.215":0.0280116497,"0.22":0.0280116497,"0.225":0.0280116497,"0.23":0.0280116497,"0.235":0.0280116497,"0.24":0.0280116497,"0.245":0.0280116497,"0.25":0.0280116497,"0.255":0.0280116497,"0.26":0.0280116497,"0.265":0.0280116497,"0.27":0.0280116497,"0.275":0.0280116497,"0.28":0.0280116497,"0.285":0.0280116497,"0.29":0.0280116497,"0.295":0.0280116497,"0.3":0.0280116497,"0.305":0.0280116497,"0.31":0.0280116497,"0.315":0.0280116497,"0.32":0.0280116497,"0.325":0.0280116497,"0.33":0.0280116497,"0.335":0.0280116497,"0.34":0.0280116497,"0.345":0.0280116497,"0.35":0.0280116497,"0.355":0.0280116497,"0.36":0.0280116497,"0.365":0.0280116497,