Estimator,boeck2015/tempodetector2016_default,davies2009/mirex_qm_tempotracker,percival2014/stem,schreiber2014/default,schreiber2017/ismir2017,schreiber2017/mirex2017
boeck2015/tempodetector2016_default,1.0,0.05737304687500002,0.125,7.62939453125e-06,0.007385253906249998,0.007385253906249998
davies2009/mirex_qm_tempotracker,0.05737304687500002,1.0,0.548828125,0.04138946533203125,0.548828125,0.548828125
percival2014/stem,0.125,0.548828125,1.0,0.002349853515625,0.14599609375000003,0.14599609375000003
schreiber2014/default,7.62939453125e-06,0.04138946533203125,0.002349853515625,1.0,0.14346313476562497,0.14346313476562497
schreiber2017/ismir2017,0.007385253906249998,0.548828125,0.14599609375000003,0.14346313476562497,1.0,1.0
schreiber2017/mirex2017,0.007385253906249998,0.548828125,0.14599609375000003,0.14346313476562497,1.0,1.0
