Estimator,AOE1_MEAN,AOE1_STDEV,AOE2_MEAN,AOE2_STDEV
percival2014/stem,0.14474589718754158,0.3447904764969692,0.005454711946006512,0.015666332966244444
schreiber2014/default,0.1546221502951632,0.3430275641481366,0.018364984483403207,0.069979963736314
schreiber2017/mirex2017,0.18023565162010347,0.3793106758953429,0.004132875170702354,0.014945272857596698
schreiber2017/ismir2017,0.18023565162010347,0.3793106758953429,0.004132875170702354,0.014945272857596698
davies2009/mirex_qm_tempotracker,0.23786934317170044,0.40816844553754944,0.027097037898900236,0.04382510936796742
boeck2015/tempodetector2016_default,0.35054420658367846,0.4827978811418162,0.007043645034387491,0.015777567539757256
