{"davies2009\/mirex_qm_tempotracker":{"RM-C001.jams":1.5302345138,"RM-C002.jams":0.9497721823,"RM-C003.jams":0.5830993816,"RM-C004.jams":1.5919846544,"RM-C005.jams":0.0551613453,"RM-C006.jams":1.3213402933,"RM-C007.jams":1.0409727145,"RM-C008.jams":0.9929695925,"RM-C009.jams":1.2674167421,"RM-C010.jams":0.0461268772,"RM-C011.jams":1.072210668,"RM-C012.jams":1.0227943734,"RM-C013.jams":0.0306138778,"RM-C014.jams":0.0433666713,"RM-C015.jams":1.1609017278,"RM-C016.jams":1.0269954738,"RM-C017.jams":0.0920522485,"RM-C018.jams":1.3197056527,"RM-C019.jams":0.0143707078,"RM-C020.jams":1.0116031372,"RM-C021.jams":1.1717881206,"RM-C022.jams":0.0172931597,"RM-C023_A.jams":1.0285585441,"RM-C023_B.jams":1.0342518762,"RM-C023_C.jams":0.0216755085,"RM-C023_D.jams":0.0129013906,"RM-C023_E.jams":1.0170458133,"RM-C024_A.jams":0.0129013906,"RM-C024_B.jams":0.0245831956,"RM-C024_C.jams":0.9689232811,"RM-C025_A.jams":1.0100541919,"RM-C025_B.jams":1.0262206228,"RM-C025_C.jams":0.0344129453,"RM-C025_D.jams":1.0346700879,"RM-C026.jams":0.4017286011,"RM-C027.jams":0.0376131441,"RM-C028.jams":0.106564406,"RM-C029.jams":1.3313064189,"RM-C030.jams":1.7869447969,"RM-C031.jams":1.628985999,"RM-C032.jams":0.6370807977,"RM-C033.jams":0.9545596376,"RM-C034.jams":0.0741395784,"RM-C035_A.jams":1.0654851131,"RM-C035_B.jams":0.0596964889,"RM-C035_C.jams":0.0487669288,"RM-C036.jams":1.0750291118,"RM-C037.jams":0.9831902467,"RM-C038.jams":0.5107278508,"RM-C039.jams":1.0711565575,"RM-C040.jams":1.1244824058,"RM-C041.jams":1.1982625652,"RM-C042.jams":1.0402872784,"RM-C043.jams":0.0111272401,"RM-C044.jams":0.9971815647,"RM-C045.jams":1.035498597,"RM-C046.jams":0.0325654996,"RM-C047.jams":1.0291397133,"RM-C048.jams":1.4114167543,"RM-C049.jams":0.0160532057,"RM-C050.jams":0.1113670673},"percival2014\/stem":{"RM-C001.jams":0.997364921,"RM-C002.jams":0.9876453928,"RM-C003.jams":1.0026365284,"RM-C004.jams":0.8632889653,"RM-C005.jams":0.0107686217,"RM-C006.jams":0.5692694817,"RM-C007.jams":0.0014469465,"RM-C008.jams":2.00295738,"RM-C009.jams":0.6459283654,"RM-C010.jams":0.9949008796,"RM-C011.jams":1.0201225058,"RM-C012.jams":1.0044198919,"RM-C013.jams":0.0122393964,"RM-C014.jams":0.9947662941,"RM-C015.jams":0.1500141654,"RM-C016.jams":1.0095039992,"RM-C017.jams":0.0148149026,"RM-C018.jams":1.9378303833,"RM-C019.jams":0.0229860714,"RM-C020.jams":1.0277180569,"RM-C021.jams":1.1361664441,"RM-C022.jams":0.026343045,"RM-C023_A.jams":1.0050298342,"RM-C023_B.jams":0.0045013922,"RM-C023_C.jams":0.0045973889,"RM-C023_D.jams":0.9922393025,"RM-C023_E.jams":0.9995543388,"RM-C024_A.jams":1.0075601158,"RM-C024_B.jams":0.0143168841,"RM-C024_C.jams":0.9899893143,"RM-C025_A.jams":0.9994895563,"RM-C025_B.jams":1.0187241321,"RM-C025_C.jams":1.0003531428,"RM-C025_D.jams":1.0098356178,"RM-C026.jams":0.4513132122,"RM-C027.jams":0.0557667719,"RM-C028.jams":0.3714851101,"RM-C029.jams":1.3210401074,"RM-C030.jams":1.777726546,"RM-C031.jams":1.6208069031,"RM-C032.jams":0.6073303137,"RM-C033.jams":0.0841943737,"RM-C034.jams":0.9258589141,"RM-C035_A.jams":0.0466284587,"RM-C035_B.jams":0.0547645633,"RM-C035_C.jams":0.0291376475,"RM-C036.jams":1.0556568079,"RM-C037.jams":1.0171428827,"RM-C038.jams":0.3488384236,"RM-C039.jams":1.0280881147,"RM-C040.jams":1.1335322911,"RM-C041.jams":0.1648400243,"RM-C042.jams":1.0402872784,"RM-C043.jams":0.8691063509,"RM-C044.jams":1.0118374134,"RM-C045.jams":0.0146831475,"RM-C046.jams":0.0126609172,"RM-C047.jams":1.0487648909,"RM-C048.jams":0.6162374674,"RM-C049.jams":0.0349321886,"RM-C050.jams":0.7761606322},"schreiber2017\/mirex2017":{"RM-C001.jams":2.5460647937,"RM-C002.jams":0.9657794135,"RM-C003.jams":1.9711499268,"RM-C004.jams":0.3936955199,"RM-C005.jams":0.0249998623,"RM-C006.jams":0.1324659169,"RM-C007.jams":0.0044656688,"RM-C008.jams":2.0076643847,"RM-C009.jams":0.4137579049,"RM-C010.jams":1.5357568314,"RM-C011.jams":0.6654000163,"RM-C012.jams":0.0233007607,"RM-C013.jams":0.9740382584,"RM-C014.jams":1.000799424,"RM-C015.jams":1.0270707697,"RM-C016.jams":1.0061417627,"RM-C017.jams":0.01087422,"RM-C018.jams":0.9850444232,"RM-C019.jams":0.0296534668,"RM-C020.jams":0.0187886357,"RM-C021.jams":1.1393771368,"RM-C022.jams":0.0182638681,"RM-C023_A.jams":0.0154245265,"RM-C023_B.jams":0.0155483264,"RM-C023_C.jams":0.0092490184,"RM-C023_D.jams":0.0197910704,"RM-C023_E.jams":0.0024351477,"RM-C024_A.jams":0.0209739149,"RM-C024_B.jams":0.9842691494,"RM-C024_C.jams":0.9667055543,"RM-C025_A.jams":1.0077858448,"RM-C025_B.jams":1.0337737392,"RM-C025_C.jams":0.0181304603,"RM-C025_D.jams":0.9871807219,"RM-C026.jams":0.0109922254,"RM-C027.jams":1.0165748199,"RM-C028.jams":0.0800809476,"RM-C029.jams":0.2663357341,"RM-C030.jams":1.7030694292,"RM-C031.jams":2.0312965323,"RM-C032.jams":0.5887721524,"RM-C033.jams":0.0656954972,"RM-C034.jams":0.9230435241,"RM-C035_A.jams":0.0964127493,"RM-C035_B.jams":0.0760693394,"RM-C035_C.jams":0.0515707635,"RM-C036.jams":0.0590944187,"RM-C037.jams":2.5965209233,"RM-C038.jams":0.6580146615,"RM-C039.jams":0.1496627499,"RM-C040.jams":1.2436692257,"RM-C041.jams":1.1444379916,"RM-C042.jams":0.0166299573,"RM-C043.jams":0.1031869946,"RM-C044.jams":0.9949962455,"RM-C045.jams":0.0019856358,"RM-C046.jams":0.9861380502,"RM-C047.jams":0.0334881982,"RM-C048.jams":0.2771179972,"RM-C049.jams":0.9734563859,"RM-C050.jams":0.7173029131},"schreiber2017\/ismir2017":{"RM-C001.jams":2.5460647937,"RM-C002.jams":0.9657794135,"RM-C003.jams":1.9711499268,"RM-C004.jams":1.3936954078,"RM-C005.jams":0.0249998623,"RM-C006.jams":0.1324659169,"RM-C007.jams":0.0044656688,"RM-C008.jams":2.0076643847,"RM-C009.jams":0.4137579049,"RM-C010.jams":1.5357568314,"RM-C011.jams":0.3345999837,"RM-C012.jams":0.0233007607,"RM-C013.jams":0.9740382584,"RM-C014.jams":1.000799424,"RM-C015.jams":1.0270707697,"RM-C016.jams":1.0061417627,"RM-C017.jams":0.01087422,"RM-C018.jams":0.9850444232,"RM-C019.jams":0.0296534668,"RM-C020.jams":0.0187886357,"RM-C021.jams":1.1393771368,"RM-C022.jams":0.0182638681,"RM-C023_A.jams":0.0154245265,"RM-C023_B.jams":0.0155483264,"RM-C023_C.jams":0.0092490184,"RM-C023_D.jams":0.0197910704,"RM-C023_E.jams":0.0024351477,"RM-C024_A.jams":0.0209739149,"RM-C024_B.jams":0.9842691494,"RM-C024_C.jams":0.9667055543,"RM-C025_A.jams":1.0077858448,"RM-C025_B.jams":1.0337737392,"RM-C025_C.jams":0.0181304603,"RM-C025_D.jams":0.9871807219,"RM-C026.jams":0.0109922254,"RM-C027.jams":1.0165748199,"RM-C028.jams":0.0800809476,"RM-C029.jams":0.2663357341,"RM-C030.jams":1.7030694292,"RM-C031.jams":2.0312965323,"RM-C032.jams":0.5887721524,"RM-C033.jams":1.0656954972,"RM-C034.jams":0.9230435241,"RM-C035_A.jams":0.0964127493,"RM-C035_B.jams":1.0760693595,"RM-C035_C.jams":0.0515707635,"RM-C036.jams":0.0590944187,"RM-C037.jams":2.5965209233,"RM-C038.jams":0.6580146615,"RM-C039.jams":0.1496627499,"RM-C040.jams":1.2436692257,"RM-C041.jams":1.1444379916,"RM-C042.jams":0.0166299573,"RM-C043.jams":0.1031869946,"RM-C044.jams":0.9949962455,"RM-C045.jams":0.0019856358,"RM-C046.jams":0.9861380502,"RM-C047.jams":0.0334881982,"RM-C048.jams":0.2771179972,"RM-C049.jams":0.9734563859,"RM-C050.jams":0.7173029131},"boeck2015\/tempodetector2016_default":{"RM-C001.jams":1.5731949509,"RM-C002.jams":0.987214432,"RM-C003.jams":1.0000625181,"RM-C004.jams":0.0968358237,"RM-C005.jams":0.0074945365,"RM-C006.jams":1.1699370239,"RM-C007.jams":0.0112272554,"RM-C008.jams":1.9999711464,"RM-C009.jams":0.0263397478,"RM-C010.jams":0.0550413636,"RM-C011.jams":0.1082144183,"RM-C012.jams":0.0156783469,"RM-C013.jams":0.0077666047,"RM-C014.jams":0.021709498,"RM-C015.jams":0.191843358,"RM-C016.jams":0.9852150205,"RM-C017.jams":0.0029800015,"RM-C018.jams":0.963438057,"RM-C019.jams":0.0073539977,"RM-C020.jams":1.0183208204,"RM-C021.jams":1.0652276228,"RM-C022.jams":0.0309739958,"RM-C023_A.jams":0.0000721329,"RM-C023_B.jams":0.0101840223,"RM-C023_C.jams":0.0144995697,"RM-C023_D.jams":0.0356239097,"RM-C023_E.jams":0.0050006811,"RM-C024_A.jams":0.000014427,"RM-C024_B.jams":0.011667378,"RM-C024_C.jams":0.9880273583,"RM-C025_A.jams":0.0091142295,