Item,Reference,Estimate
RM-R007.jams,100.00000000000003,199.98122
RM-R013.jams,70.03891050583637,93.36662
