Item,Reference,Estimate
RM-R012.jams,199.99999999999952,99.8641
RM-R014.jams,180.45112781954887,89.8777
