Estimator,boeck2015/tempodetector2016_default,davies2009/mirex_qm_tempotracker,percival2014/stem,schreiber2014/default,schreiber2017/ismir2017,schreiber2017/mirex2017,schreiber2018/cnn,schreiber2018/fcn,schreiber2018/ismir2018
boeck2015/tempodetector2016_default,1.0,0.125,1.0,0.0018310546875000002,0.0625,0.0625,0.03125,0.03125,0.125
davies2009/mirex_qm_tempotracker,0.125,1.0,0.125,0.076812744140625,1.0,1.0,0.7265625000000002,0.7265625000000002,1.0
percival2014/stem,1.0,0.125,1.0,0.0018310546875000002,0.0625,0.0625,0.03125,0.03125,0.125
schreiber2014/default,0.0018310546875000002,0.076812744140625,0.0018310546875000002,1.0,0.0390625,0.0390625,0.14599609375000003,0.14599609375000003,0.038574218750000014
schreiber2017/ismir2017,0.0625,1.0,0.0625,0.0390625,1.0,1.0,1.0,1.0,1.0
schreiber2017/mirex2017,0.0625,1.0,0.0625,0.0390625,1.0,1.0,1.0,1.0,1.0
schreiber2018/cnn,0.03125,0.7265625000000002,0.03125,0.14599609375000003,1.0,1.0,1.0,1.0,0.625
schreiber2018/fcn,0.03125,0.7265625000000002,0.03125,0.14599609375000003,1.0,1.0,1.0,1.0,0.625
schreiber2018/ismir2018,0.125,1.0,0.125,0.038574218750000014,1.0,1.0,0.625,0.625,1.0
