Estimator,boeck2015/tempodetector2016_default,davies2009/mirex_qm_tempotracker,percival2014/stem,schreiber2014/default,schreiber2017/ismir2017,schreiber2017/mirex2017
boeck2015/tempodetector2016_default,1.0,0.11587741770770155,0.0005520675653248258,0.00021629901072957644,0.008687384298087521,0.008687384298087521
davies2009/mirex_qm_tempotracker,0.11587741770770155,1.0,0.05963523686150733,0.1092388897900599,0.20847238602509938,0.20847238602509938
percival2014/stem,0.0005520675653248258,0.05963523686150733,1.0,0.757384565903573,0.3341737800982131,0.3341737800982131
schreiber2014/default,0.00021629901072957644,0.1092388897900599,0.757384565903573,1.0,0.46572463282426846,0.46572463282426846
schreiber2017/ismir2017,0.008687384298087521,0.20847238602509938,0.3341737800982131,0.46572463282426846,1.0,1.0
schreiber2017/mirex2017,0.008687384298087521,0.20847238602509938,0.3341737800982131,0.46572463282426846,1.0,1.0
