{"Count":{"2\/4":0.1803278689,"3\/4":0.3114754098,"4\/4":0.3442622951,"5\/4":0.0163934426,"6\/4":0.0655737705,"7\/4":0.0327868852,"7\/8":0.0163934426,"8\/4":0.0327868852,"Chamber":0.1639344262,"Concerto":0.0327868852,"Orchestral":0.0655737705,"Solo":0.5737704918,"Symphony":0.0655737705,"Vocal":0.0983606557}}