{"AOE1_MEAN":{"boeck2015\/tempodetector2016_default":0.4535682981,"schreiber2014\/default":0.5819536705,"schreiber2017\/mirex2017":0.6367448607,"schreiber2017\/ismir2017":0.6805022357,"percival2014\/stem":0.7048876297,"davies2009\/mirex_qm_tempotracker":0.7273660743},"AOE1_STDEV":{"boeck2015\/tempodetector2016_default":0.5515154587,"schreiber2014\/default":0.5576032031,"schreiber2017\/mirex2017":0.676611838,"schreiber2017\/ismir2017":0.6793215391,"percival2014\/stem":0.5292610324,"davies2009\/mirex_qm_tempotracker":0.5427543974},"AOE2_MEAN":{"boeck2015\/tempodetector2016_default":0.065105517,"schreiber2014\/default":0.1243151165,"schreiber2017\/mirex2017":0.1328660229,"schreiber2017\/ismir2017":0.1295475244,"percival2014\/stem":0.0974248642,"davies2009\/mirex_qm_tempotracker":0.0910858885},"AOE2_STDEV":{"boeck2015\/tempodetector2016_default":0.1034374118,"schreiber2014\/default":0.1371473552,"schreiber2017\/mirex2017":0.2051148325,"schreiber2017\/ismir2017":0.2024888041,"percival2014\/stem":0.1350068919,"davies2009\/mirex_qm_tempotracker":0.1113827396}}