Item,cvar,1.0,davies2009/mirex_qm_tempotracker,schreiber2018/fcn,schreiber2018/ismir2018,schreiber2018/cnn,percival2014/stem,schreiber2017/mirex2017,schreiber2017/ismir2017,boeck2015/tempodetector2016_default,schreiber2014/default
RM-C006.jams,0.20287048481542067,54.42176870748286,135.999,116,87,87,80.7495,59.655277,59.655277,122.45,87.68892
RM-C021.jams,0.19693700109894133,57.34767025089602,129.199,87,84,84,126.048,126.32883,126.32883,120.0,99.04433
RM-C029.jams,0.23924559662127268,58.679706601467,147.656,74,74,77,146.609,70.576965,70.576965,75.0,75.50553
RM-C032.jams,0.14924189773334565,92.30769230769201,143.555,140,143,139,140.625,138.82765,138.82765,139.53,69.0984
RM-C038.jams,0.2764470076673462,90.68067610781148,129.199,116,151,116,115.485,143.08592,71.54296,150.0,110.39972
RM-C041.jams,0.14284949191982094,70.38123167155425,161.499,76,84,84,78.9003,77.79237,77.79237,153.85,75.30838
RM-C050.jams,0.3187868825289669,159.46843853820647,172.266,87,87,94,93.1166,96.99404,96.99404,176.47,86.506065
