Estimator,boeck2015/tempodetector2016_default,davies2009/mirex_qm_tempotracker,percival2014/stem,schreiber2014/default,schreiber2017/ismir2017,schreiber2017/mirex2017
boeck2015/tempodetector2016_default,1.0,6.98280739948273e-06,0.12626330798950366,0.3712899259397481,0.384452672822047,0.384452672822047
davies2009/mirex_qm_tempotracker,6.98280739948273e-06,1.0,8.742443133741216e-06,0.7314450075153732,0.7495602991866885,0.7495602991866885
percival2014/stem,0.12626330798950366,8.742443133741216e-06,1.0,0.3473159586717668,0.3598887458994615,0.3598887458994615
schreiber2014/default,0.3712899259397481,0.7314450075153732,0.3473159586717668,1.0,0.016880571549918885,0.016880571549918885
schreiber2017/ismir2017,0.384452672822047,0.7495602991866885,0.3598887458994615,0.016880571549918885,1.0,1.0
schreiber2017/mirex2017,0.384452672822047,0.7495602991866885,0.3598887458994615,0.016880571549918885,1.0,1.0
