{"davies2009\/mirex_qm_tempotracker":{"RM-R001.jams":0.0022224422,"RM-R002.jams":0.0202354884,"RM-R003.jams":1.0190993315,"RM-R004.jams":1.0361767531,"RM-R005.jams":0.0276113897,"RM-R006.jams":0.0304619853,"RM-R007.jams":0.0191040772,"RM-R008.jams":0.0276113897,"RM-R009.jams":0.0191040772,"RM-R010.jams":0.0179710411,"RM-R011.jams":0.0022224422,"RM-R012.jams":-0.9808959228,"RM-R013.jams":0.0162742087,"RM-R014.jams":-0.9893617727,"RM-R015.jams":0.0134533267},"percival2014\/stem":{"RM-R001.jams":-0.0019609929,"RM-R002.jams":-0.0016794974,"RM-R003.jams":-0.0019614745,"RM-R004.jams":0.0015284468,"RM-R005.jams":0.0001331657,"RM-R006.jams":-0.0019583758,"RM-R007.jams":-0.001961956,"RM-R008.jams":0.0001331657,"RM-R009.jams":-0.001961956,"RM-R010.jams":0.0016655997,"RM-R011.jams":-0.0019609929,"RM-R012.jams":-1.001961956,"RM-R013.jams":0.0015284468,"RM-R014.jams":-1.0019617955,"RM-R015.jams":0.0022254431},"schreiber2017\/mirex2017":{"RM-R001.jams":-0.0002303687,"RM-R002.jams":0.0001708105,"RM-R003.jams":-0.0001354273,"RM-R004.jams":0.0005143321,"RM-R005.jams":-0.0000480536,"RM-R006.jams":0.0001611965,"RM-R007.jams":-0.0001354754,"RM-R008.jams":-0.0000480536,"RM-R009.jams":-0.0001354754,"RM-R010.jams":-0.0000178348,"RM-R011.jams":-0.0002303687,"RM-R012.jams":-1.0001354754,"RM-R013.jams":-0.5844480656,"RM-R014.jams":-1.0003882975,"RM-R015.jams":0.0000066724},"schreiber2017\/ismir2017":{"RM-R001.jams":-0.0002303687,"RM-R002.jams":0.0001708105,"RM-R003.jams":-0.0001354273,"RM-R004.jams":0.0005143321,"RM-R005.jams":-0.0000480536,"RM-R006.jams":0.0001611965,"RM-R007.jams":-0.0001354754,"RM-R008.jams":-0.0000480536,"RM-R009.jams":-0.0001354754,"RM-R010.jams":-0.0000178348,"RM-R011.jams":-0.0002303687,"RM-R012.jams":-1.0001354754,"RM-R013.jams":-0.5844480656,"RM-R014.jams":-1.0003882975,"RM-R015.jams":0.0000066724},"boeck2015\/tempodetector2016_default":{"RM-R001.jams":0.0,"RM-R002.jams":-0.0076498832,"RM-R003.jams":0.0,"RM-R004.jams":-0.0047480884,"RM-R005.jams":0.0047641165,"RM-R006.jams":0.0047593073,"RM-R007.jams":0.0,"RM-R008.jams":0.0047641165,"RM-R009.jams":0.0,"RM-R010.jams":-0.0077316368,"RM-R011.jams":0.0,"RM-R012.jams":-1.0,"RM-R013.jams":-0.0047480884,"RM-R014.jams":-1.0072315692,"RM-R015.jams":0.0},"schreiber2014\/default":{"RM-R001.jams":0.0002436747,"RM-R002.jams":0.0018104169,"RM-R003.jams":-0.0031727987,"RM-R004.jams":0.9997019496,"RM-R005.jams":-0.0000480536,"RM-R006.jams":-0.0008282192,"RM-R007.jams":-0.0024129043,"RM-R008.jams":0.0003894751,"RM-R009.jams":0.0010018346,"RM-R010.jams":0.0009625534,"RM-R011.jams":-0.0002303687,"RM-R012.jams":-1.0001354754,"RM-R013.jams":0.4155519344,"RM-R014.jams":-0.9991244857,"RM-R015.jams":0.0000066724}}