Item,Reference,Estimate
RM-R004.jams,69.97084548104957,139.97108
RM-R012.jams,199.99999999999952,99.99061
RM-R013.jams,70.03891050583637,93.36662
RM-R014.jams,180.45112781954887,90.054634
