Estimator,OE1_MEAN,OE1_STDEV,OE2_MEAN,OE2_STDEV
schreiber2014/default,-0.12107182051802846,0.35625487141055956,-0.01107182051802848,0.07149743191211856
percival2014/stem,-0.0973397627314883,0.36104960604743913,0.0026602372685117204,0.01637409566047435
schreiber2017/mirex2017,-0.01747875233918501,0.4195902431894366,0.002521247660814986,0.015299841443539849
schreiber2017/ismir2017,-0.01747875233918501,0.4195902431894366,0.002521247660814986,0.015299841443539849
davies2009/mirex_qm_tempotracker,0.16650243363009803,0.44210885983966713,0.02650243363009803,0.044187223104546744
boeck2015/tempodetector2016_default,-0.3234817161852765,0.501332837642056,0.002367908821935005,0.017115419382914804
