{"boeck2015\/tempodetector2016_default":{"boeck2015\/tempodetector2016_default":1.0,"davies2009\/mirex_qm_tempotracker":0.0041809082,"percival2014\/stem":0.2890625,"schreiber2014\/default":0.03515625,"schreiber2017\/ismir2017":0.0390625,"schreiber2017\/mirex2017":0.0390625,"schreiber2018\/cnn":0.125,"schreiber2018\/fcn":0.34375,"schreiber2018\/ismir2018":0.03125},"davies2009\/mirex_qm_tempotracker":{"boeck2015\/tempodetector2016_default":0.0041809082,"davies2009\/mirex_qm_tempotracker":1.0,"percival2014\/stem":0.0573730469,"schreiber2014\/default":0.6636238098,"schreiber2017\/ismir2017":0.3017578125,"schreiber2017\/mirex2017":0.3017578125,"schreiber2018\/cnn":0.1184692383,"schreiber2018\/fcn":0.0768127441,"schreiber2018\/ismir2018":0.1795654297},"percival2014\/stem":{"boeck2015\/tempodetector2016_default":0.2890625,"davies2009\/mirex_qm_tempotracker":0.0573730469,"percival2014\/stem":1.0,"schreiber2014\/default":0.3592834473,"schreiber2017\/ismir2017":0.548828125,"schreiber2017\/mirex2017":0.548828125,"schreiber2018\/cnn":1.0,"schreiber2018\/fcn":1.0,"schreiber2018\/ismir2018":0.6875},"schreiber2014\/default":{"boeck2015\/tempodetector2016_default":0.03515625,"davies2009\/mirex_qm_tempotracker":0.6636238098,"percival2014\/stem":0.3592834473,"schreiber2014\/default":1.0,"schreiber2017\/ismir2017":0.8036193848,"schreiber2017\/mirex2017":0.8036193848,"schreiber2018\/cnn":0.480682373,"schreiber2018\/fcn":0.3323059082,"schreiber2018\/ismir2018":0.6072387695},"schreiber2017\/ismir2017":{"boeck2015\/tempodetector2016_default":0.0390625,"davies2009\/mirex_qm_tempotracker":0.3017578125,"percival2014\/stem":0.548828125,"schreiber2014\/default":0.8036193848,"schreiber2017\/ismir2017":1.0,"schreiber2017\/mirex2017":1.0,"schreiber2018\/cnn":0.6875,"schreiber2018\/fcn":0.5078125,"schreiber2018\/ismir2018":1.0},"schreiber2017\/mirex2017":{"boeck2015\/tempodetector2016_default":0.0390625,"davies2009\/mirex_qm_tempotracker":0.3017578125,"percival2014\/stem":0.548828125,"schreiber2014\/default":0.8036193848,"schreiber2017\/ismir2017":1.0,"schreiber2017\/mirex2017":1.0,"schreiber2018\/cnn":0.6875,"schreiber2018\/fcn":0.5078125,"schreiber2018\/ismir2018":1.0},"schreiber2018\/cnn":{"boeck2015\/tempodetector2016_default":0.125,"davies2009\/mirex_qm_tempotracker":0.1184692383,"percival2014\/stem":1.0,"schreiber2014\/default":0.480682373,"schreiber2017\/ismir2017":0.6875,"schreiber2017\/mirex2017":0.6875,"schreiber2018\/cnn":1.0,"schreiber2018\/fcn":1.0,"schreiber2018\/ismir2018":1.0},"schreiber2018\/fcn":{"boeck2015\/tempodetector2016_default":0.34375,"davies2009\/mirex_qm_tempotracker":0.0768127441,"percival2014\/stem":1.0,"schreiber2014\/default":0.3323059082,"schreiber2017\/ismir2017":0.5078125,"schreiber2017\/mirex2017":0.5078125,"schreiber2018\/cnn":1.0,"schreiber2018\/fcn":1.0,"schreiber2018\/ismir2018":0.6875},"schreiber2018\/ismir2018":{"boeck2015\/tempodetector2016_default":0.03125,"davies2009\/mirex_qm_tempotracker":0.1795654297,"percival2014\/stem":0.6875,"schreiber2014\/default":0.6072387695,"schreiber2017\/ismir2017":1.0,"schreiber2017\/mirex2017":1.0,"schreiber2018\/cnn":1.0,"schreiber2018\/fcn":0.6875,"schreiber2018\/ismir2018":1.0}}