{"davies2009\/mirex_qm_tempotracker":{"RM-R001.jams":0.0022224422,"RM-R002.jams":0.0216774626,"RM-R003.jams":0.0190993315,"RM-R004.jams":0.0367777508,"RM-R005.jams":0.0306138778,"RM-R006.jams":0.0325643829,"RM-R007.jams":0.0191040772,"RM-R008.jams":0.0306138778,"RM-R009.jams":0.0191040772,"RM-R010.jams":0.0186922083,"RM-R011.jams":0.0022224422,"RM-R012.jams":0.0191040772,"RM-R013.jams":0.0154724887,"RM-R014.jams":0.0070269738,"RM-R015.jams":0.0134533267},"percival2014\/stem":{"RM-R001.jams":0.0019609929,"RM-R002.jams":0.0002375232,"RM-R003.jams":0.0019614745,"RM-R004.jams":0.0021294445,"RM-R005.jams":0.0031356539,"RM-R006.jams":0.0001440219,"RM-R007.jams":0.001961956,"RM-R008.jams":0.0031356539,"RM-R009.jams":0.001961956,"RM-R010.jams":0.0023867669,"RM-R011.jams":0.0019609929,"RM-R012.jams":0.001961956,"RM-R013.jams":0.0007267268,"RM-R014.jams":0.005573049,"RM-R015.jams":0.0022254431},"schreiber2017\/mirex2017":{"RM-R001.jams":0.0002303687,"RM-R002.jams":0.0016127847,"RM-R003.jams":0.0001354273,"RM-R004.jams":0.0011153299,"RM-R005.jams":0.0029544345,"RM-R006.jams":0.0022635941,"RM-R007.jams":0.0001354754,"RM-R008.jams":0.0029544345,"RM-R009.jams":0.0001354754,"RM-R010.jams":0.0007033324,"RM-R011.jams":0.0002303687,"RM-R012.jams":0.0001354754,"RM-R013.jams":0.4147502145,"RM-R014.jams":0.0039995511,"RM-R015.jams":0.0000066724},"schreiber2017\/ismir2017":{"RM-R001.jams":0.0002303687,"RM-R002.jams":0.0016127847,"RM-R003.jams":0.0001354273,"RM-R004.jams":0.0011153299,"RM-R005.jams":0.0029544345,"RM-R006.jams":0.0022635941,"RM-R007.jams":0.0001354754,"RM-R008.jams":0.0029544345,"RM-R009.jams":0.0001354754,"RM-R010.jams":0.0007033324,"RM-R011.jams":0.0002303687,"RM-R012.jams":0.0001354754,"RM-R013.jams":0.4147502145,"RM-R014.jams":0.0039995511,"RM-R015.jams":0.0000066724},"boeck2015\/tempodetector2016_default":{"RM-R001.jams":0.0,"RM-R002.jams":0.006207909,"RM-R003.jams":0.0,"RM-R004.jams":0.0041470907,"RM-R005.jams":0.0077666047,"RM-R006.jams":0.006861705,"RM-R007.jams":4.805139756e-16,"RM-R008.jams":0.0077666047,"RM-R009.jams":0.0,"RM-R010.jams":0.0070104696,"RM-R011.jams":0.0,"RM-R012.jams":0.0,"RM-R013.jams":0.0055498084,"RM-R014.jams":0.0108428228,"RM-R015.jams":0.0},"schreiber2014\/default":{"RM-R001.jams":0.0002436747,"RM-R002.jams":0.0032523911,"RM-R003.jams":0.0031727987,"RM-R004.jams":0.0003029474,"RM-R005.jams":0.0029544345,"RM-R006.jams":0.0012741785,"RM-R007.jams":0.0024129043,"RM-R008.jams":0.0033919632,"RM-R009.jams":0.0010018346,"RM-R010.jams":0.0016837206,"RM-R011.jams":0.0002303687,"RM-R012.jams":0.0001354754,"RM-R013.jams":0.4147502145,"RM-R014.jams":0.0027357393,"RM-R015.jams":0.0000066724}}