Reference,Size,Min,Max,Avg,Stdev,Sweet Oct. Start,Sweet Oct. Coverage
1.0,50,37.26708074534163,157.8947368421057,90.71197682887727,27.526048908125958,61.0,0.76
