Item,Reference,Estimate
RM-J005.jams,120.0,41.715324
RM-J025.jams,90.4522613065324,61.271847
RM-J030.jams,93.26424870466289,58.827282
RM-J035.jams,135.33834586466327,90.8432
RM-J036.jams,136.36363636363558,90.054634
RM-J044.jams,37.26708074534163,78.56123
