{"boeck2015\/tempodetector2016_default":{"boeck2015\/tempodetector2016_default":1.0,"davies2009\/mirex_qm_tempotracker":0.3962316026,"percival2014\/stem":0.3667849207,"schreiber2014\/default":0.0989837457,"schreiber2017\/ismir2017":0.0872545036,"schreiber2017\/mirex2017":0.2149548135,"schreiber2018\/cnn":0.0839743296,"schreiber2018\/fcn":0.0095499278,"schreiber2018\/ismir2018":0.0596714702},"davies2009\/mirex_qm_tempotracker":{"boeck2015\/tempodetector2016_default":0.3962316026,"davies2009\/mirex_qm_tempotracker":1.0,"percival2014\/stem":0.0746380835,"schreiber2014\/default":0.0201755358,"schreiber2017\/ismir2017":0.0057495588,"schreiber2017\/mirex2017":0.0244129482,"schreiber2018\/cnn":0.0065991517,"schreiber2018\/fcn":0.0000592577,"schreiber2018\/ismir2018":0.0036807432},"percival2014\/stem":{"boeck2015\/tempodetector2016_default":0.3667849207,"davies2009\/mirex_qm_tempotracker":0.0746380835,"percival2014\/stem":1.0,"schreiber2014\/default":0.3531882341,"schreiber2017\/ismir2017":0.258953505,"schreiber2017\/mirex2017":0.6076336797,"schreiber2018\/cnn":0.2532536767,"schreiber2018\/fcn":0.0315592062,"schreiber2018\/ismir2018":0.2057746196},"schreiber2014\/default":{"boeck2015\/tempodetector2016_default":0.0989837457,"davies2009\/mirex_qm_tempotracker":0.0201755358,"percival2014\/stem":0.3531882341,"schreiber2014\/default":1.0,"schreiber2017\/ismir2017":0.7042647079,"schreiber2017\/mirex2017":0.7962924241,"schreiber2018\/cnn":0.7934968053,"schreiber2018\/fcn":0.0995730691,"schreiber2018\/ismir2018":0.5974297957},"schreiber2017\/ismir2017":{"boeck2015\/tempodetector2016_default":0.0872545036,"davies2009\/mirex_qm_tempotracker":0.0057495588,"percival2014\/stem":0.258953505,"schreiber2014\/default":0.7042647079,"schreiber2017\/ismir2017":1.0,"schreiber2017\/mirex2017":0.1824712131,"schreiber2018\/cnn":0.8792830622,"schreiber2018\/fcn":0.2485813063,"schreiber2018\/ismir2018":0.946412201},"schreiber2017\/mirex2017":{"boeck2015\/tempodetector2016_default":0.2149548135,"davies2009\/mirex_qm_tempotracker":0.0244129482,"percival2014\/stem":0.6076336797,"schreiber2014\/default":0.7962924241,"schreiber2017\/ismir2017":0.1824712131,"schreiber2017\/mirex2017":1.0,"schreiber2018\/cnn":0.5888124833,"schreiber2018\/fcn":0.0674899587,"schreiber2018\/ismir2018":0.4275962499},"schreiber2018\/cnn":{"boeck2015\/tempodetector2016_default":0.0839743296,"davies2009\/mirex_qm_tempotracker":0.0065991517,"percival2014\/stem":0.2532536767,"schreiber2014\/default":0.7934968053,"schreiber2017\/ismir2017":0.8792830622,"schreiber2017\/mirex2017":0.5888124833,"schreiber2018\/cnn":1.0,"schreiber2018\/fcn":0.1347343203,"schreiber2018\/ismir2018":0.7319038143},"schreiber2018\/fcn":{"boeck2015\/tempodetector2016_default":0.0095499278,"davies2009\/mirex_qm_tempotracker":0.0000592577,"percival2014\/stem":0.0315592062,"schreiber2014\/default":0.0995730691,"schreiber2017\/ismir2017":0.2485813063,"schreiber2017\/mirex2017":0.0674899587,"schreiber2018\/cnn":0.1347343203,"schreiber2018\/fcn":1.0,"schreiber2018\/ismir2018":0.0830110006},"schreiber2018\/ismir2018":{"boeck2015\/tempodetector2016_default":0.0596714702,"davies2009\/mirex_qm_tempotracker":0.0036807432,"percival2014\/stem":0.2057746196,"schreiber2014\/default":0.5974297957,"schreiber2017\/ismir2017":0.946412201,"schreiber2017\/mirex2017":0.4275962499,"schreiber2018\/cnn":0.7319038143,"schreiber2018\/fcn":0.0830110006,"schreiber2018\/ismir2018":1.0}}