{"boeck2015\/tempodetector2016_default":{"0.0":null,"0.005":null,"0.01":null,"0.015":null,"0.02":null,"0.025":null,"0.03":null,"0.035":0.4150086457,"0.04":0.0919105032,"0.045":0.0766041081,"0.05":0.0612253207,"0.055":0.0555540653,"0.06":0.0406030769,"0.065":0.037426589,"0.07":0.0360991772,"0.075":0.0369959364,"0.08":0.0369959364,"0.085":0.033497068,"0.09":0.033497068,"0.095":0.0307596394,"0.1":0.0325466474,"0.105":0.0406488709,"0.11":0.0406488709,"0.115":0.0406488709,"0.12":0.0406397684,"0.125":0.0401884711,"0.13":0.0389345351,"0.135":0.0384125643,"0.14":0.0384125643,"0.145":0.040634747,"0.15":0.049135498,"0.155":0.0505515604,"0.16":0.0493480176,"0.165":0.0482219171,"0.17":0.0482219171,"0.175":0.0482219171,"0.18":0.0483701659,"0.185":0.046759617,"0.19":0.046759617,"0.195":0.0467113415,"0.2":0.0469556818,"0.205":0.0493207076,"0.21":0.0493207076,"0.215":0.0493207076,"0.22":0.0493207076,"0.225":0.0493207076,"0.23":0.0493207076,"0.235":0.0490799762,"0.24":0.0547271792,"0.245":0.0547271792,"0.25":0.0547271792,"0.255":0.0547271792,"0.26":0.0616277179,"0.265":0.0616277179,"0.27":0.0611633641,"0.275":0.0611633641,"0.28":0.0641272024,"0.285":0.0641272024,"0.29":0.0641272024,"0.295":0.0641272024,"0.3":0.0641272024,"0.305":0.0641272024,"0.31":0.0641272024,"0.315":0.0641272024,"0.32":0.0655174536,"0.325":0.0655174536,"0.33":0.0655174536,"0.335":0.0655174536,"0.34":0.0655174536,"0.345":0.0655174536,"0.35":0.0655174536,"0.355":0.0655174536,"0.36":0.0655174536,"0.365":0.0655174536,"0.37":0.0660394265,"0.375":0.0660394265,"0.38":0.0660394265,"0.385":0.0660394265,"0.39":0.0660394265,"0.395":0.0660394265,"0.4":0.0660394265,"0.405":0.0660394265,"0.41":0.0660394265,"0.415":0.0660394265,"0.42":0.0660394265,"0.425":0.0660394265,"0.43":0.0660394265,"0.435":0.0660394265,"0.44":0.0660394265,"0.445":0.0660394265,"0.45":0.0660394265,"0.455":0.0660394265,"0.46":0.0660394265,"0.465":0.0660394265,"0.47":0.0660394265,"0.475":0.0660394265,"0.48":0.0660394265,"0.485":0.0660394265,"0.49":0.0660394265,"0.495":0.0660394265,"0.5":0.0660394265},"davies2009\/mirex_qm_tempotracker":{"0.0":null,"0.005":null,"0.01":null,"0.015":null,"0.02":null,"0.025":null,"0.03":null,"0.035":0.0070304075,"0.04":0.0264752462,"0.045":0.0268224625,"0.05":0.0256755821,"0.055":0.0266285037,"0.06":0.0256130907,"0.065":0.0266110379,"0.07":0.0282896457,"0.075":0.0302473019,"0.08":0.0302473019,"0.085":0.0321883606,"0.09":0.0321883606,"0.095":0.0306119944,"0.1":0.0302486807,"0.105":0.0362009232,"0.11":0.0362009232,"0.115":0.0362009232,"0.12":0.0374951962,"0.125":0.0385810466,"0.13":0.0504035332,"0.135":0.0501902949,"0.14":0.0501902949,"0.145":0.0606274012,"0.15":0.0697861796,"0.155":0.0711202339,"0.16":0.07157338,"0.165":0.0701668589,"0.17":0.0701668589,"0.175":0.0701668589,"0.18":0.0696442506,"0.185":0.0677146377,"0.19":0.0677146377,"0.195":0.067845759,"0.2":0.0719563933,"0.205":0.0756422743,"0.21":0.0756422743,"0.215":0.0756422743,"0.22":0.0756422743,"0.225":0.0756422743,"0.23":0.0756422743,"0.235":0.0792199078,"0.24":0.0824502073,"0.245":0.0824502073,"0.25":0.0824502073,"0.255":0.0824502073,"0.26":0.088255269,"0.265":0.088255269,"0.27":0.086909664,"0.275":0.086909664,"0.28":0.0929970082,"0.285":0.0929970082,"0.29":0.0929970082,"0.295":0.0929970082,"0.3":0.0929970082,"0.305":0.0929970082,"0.31":0.0929970082,"0.315":0.0929970082,"0.32":0.0933083652,"0.325":0.0933083652,"0.33":0.0933083652,"0.335":0.0933083652,"0.34":0.0933083652,"0.345":0.0933083652,"0.35":0.0933083652,"0.355":0.0933083652,"0.36":0.0933083652,"0.365":0.0933083652,"0.37":0.0918702617,"0.375":0.0918702617,"0.38":0.0918702617,"0.385":0.0918702617,"0.39":0.0918702617,"0.395":0.0918702617,"0.4":0.0918702617,"0.405":0.0918702617,"0.41":0.0918702617,"0.415":0.0918702617,"0.42":0.0918702617,"0.425":0.0918702617,"0.43":0.0918702617,"0.435":0.0918702617,"0.44":0.0918702617,"0.445":0.0918702617,"0.45":0.0918702617,"0.455":0.0918702617,"0.46":0.0918702617,"0.465":0.0918702617,"0.47":0.0918702617,"0.475":0.0918702617,"0.48":0.0918702617,"0.485":0.0918702617,"0.49":0.0918702617,"0.495":0.0918702617,"0.5":0.0918702617},"percival2014\/stem":{"0.0":null,"0.005":null,"0.01":null,"0.015":null,"0.02":null,"0.025":null,"0.03":null,"0.035":0.4179948793,"0.04":0.0900619665,"0.045":0.0758899445,"0.05":0.0580446184,"0.055":0.0520953711,"0.06":0.0439122425,"0.065":0.0396839046,"0.07":0.0374397632,"0.075":0.0379233788,"0.08":0.0379233788,"0.085":0.034855403,"0.09":0.034855403,"0.095":0.0323892206,"0.1":0.0363300534,"0.105":0.0396913142,"0.11":0.0396913142,"0.115":0.0396913142,"0.12":0.0402234974,"0.125":0.0398320334,"0.13":0.0386696739,"0.135":0.0376564627,"0.14":0.0376564627,"0.145":0.0503307123,"0.15":0.0597161925,"0.155":0.0615165852,"0.16":0.0675449703,"0.165":0.0664218054,"0.17":0.0664218054,"0.175":0.0664218054,"0.18":0.0650887035,"0.185":0.0633594156,"0.19":0.0633594156,"0.195":0.0635794496,"0.2":0.0712808237,"0.205":0.0781933178,"0.21":0.0781933178,"0.215":0.0781933178,"0.22":0.0781933178,"0.225":0.0781933178,"0.23":0.0781933178,"0.235":0.0833758568,"0.24":0.0867193112,"0.245":0.0867193112,"0.25":0.0867193112,"0.255":0.0867193112,"0.26":0.0933482912,"0.265":0.0933482912,"0.27":0.0918199413,"0.275":0.0918199413,"0.28":0.0956296881,"0.285":0.0956296881,"0.29":0.0956296881,"0.295":0.0956296881,"0.3":0.0956296881,"0.305":0.0956296881,"0.31":0.0956296881,"0.315":0.0956296881,"0.32":0.0978027335,"0.325":0.0978027335,"0.33":0.0978027335,"0.335":0.0978027335,"0.34":0.0978027335,"0.345":0.0978027335,"0.35":0.0978027335,"0.355":0.0978027335,"0.36":0.0978027335,"0.365":0.0978027335,"0.37":0.0984512052,"0.375":0.0984512052,"0.38":0.0984512052,"0.385":0.0984512052,"0.39":0.0984512052,"0.395":0.0984512052,"0.4":0.0984512052,"0.405":0.0984512052,"0.41":0.0984512052,"0.415":0.0984512052,"0.42":0.0984512052,"0.425":0.0984512052,"0.43":0.0984512052,"0.435":0.0984512052,"0.44":0.0984512052,"0.445":0.0984512052,"0.45":0.0984512052,"0.455":0.0984512052,"0.46":0.0984512052,"0.465":0.0984512052,"0.47":0.0984512052,"0.475":0.0984512052,"0.48":0.0984512052,"0.485":0.0984512052,"0.49":0.0984512052,"0.495":0.0984512052,"0.5":0.0984512052},"schreiber2014\/default":{"0.0":null,"0.005":null,"0.01":null,"0.015":null,"0.02":null,"0.025":null,"0.03":null,"0.035":0.3692625511,"0.04":0.1028609232,"0.045":0.0907216213,"0.05":0.0762572957,"0.055":0.073730585,"0.06":0.0606540447,"0.065":0.0562030964,"0.07":0.0577902544,"0.075":0.0557511314,"0.08":0.0557511314,"0.085":0.0500947232,"0.09":0.0500947232,"0.095":0.0510925265,"0.1":0.0535262371,"0.105":0.0594406312,"0.11":0.0594406312,"0.115":0.0594406312,"0.12":0.062065283,"0.125":0.0609169604,"0.13":0.062178855,"0.135":0.0617846191,"0.14":0.0617846191,"0.145":0.0717913842,"0.15":0.0981807672,"0.155":0.0983705767,"0.16":0.1014287456,"0.165":0.0998304811,"0.17":0.0998304811,"0.175":0.0998304811,"0.18":0.1019089822,"0.185":0.1090056907,"0.19":0.1090056907,"0.195":0.1078296856,"0.2":0.1079329732,"0.205":0.1118532869,"0.21":0.1118532869,"0.215":0.1118532869,"0.22":0.1118532869,"0.225":0.1118532869,"0.23":0.1118532869,"0.235":0.1159715581,"0.24":0.1205595043,"0.245":0.1205595043,"0.25":0.1205595043,"0.255":0.1205595043,"0.26":0.1211457955,"0.265":0.1211457955,"0.27":0.1193710983,"0.275":0.1193710983,"0.28":0.1244791105,"0.285":0.1244791105,"0.29":0.1244791105,"0.295":0.1244791105,"0.3":0.1244791105,"0.305":0.1244791105,"0.31":0.1244791105,"0.315":0.1244791105,"0.32":0.1243625539,"0.325":0.1243625539,"0.33":0.1243625539,"0.335":0.1243625539,"0.34":0.1243625539,"0.345":0.1243625539,"0.35":0.1243625539,"0.355":0.1243625539,"0.36":0.1243625539,"0.365":0.1243625539,"0.37":0.1252331334,"0.375":0.1252331334,"0.38":0.1252331334,"0.385":0.1252331334,"0.39":0.1252331334,"0.395":0.1252331334,"0.4":0.1252331334,"0.405":0.1252331334,"0.41":0.1252331334,"0.415":0.1252331334,"0.42":0.1252331334,"0.425":0.1252331334,"0.43":0.1252331334,"0.435":0.1252331334,"0.44":0.1252331334,"0.445":0.1252331334,"0.45":0.1252331334,"0.455":0.1252331334,"0.46":0.1252331334,"0.465":0.1252331334,