Item,cvar,1.0,davies2009/mirex_qm_tempotracker,percival2014/stem,schreiber2017/mirex2017,schreiber2017/ismir2017,boeck2015/tempodetector2016_default,schreiber2014/default
RM-J009.jams,0.04137904584227854,63.829787234042705,129.199,127.604,130.62653,130.62653,130.43,77.930374
RM-J031.jams,0.017312094623555648,45.454545454545446,184.57,90.6661,91.316345,91.316345,90.91,92.26263
RM-J040.jams,0.0317094764705039,63.49206349206395,129.199,126.821,128.85225,128.85225,127.66,123.72654
RM-J044.jams,0.14935832242779087,37.26708074534163,126.048,87.5927,157.12247,157.12247,56.07,114.57914
