{"boeck2015\/tempodetector2016_default":{"0.0":null,"0.005":0.0034401121,"0.01":0.0946938809,"0.015":0.1701360575,"0.02":0.1701360575,"0.025":0.1701360575,"0.03":0.1701360575,"0.035":0.1701360575,"0.04":0.1570486685,"0.045":0.1458309064,"0.05":0.1458309064,"0.055":0.1364264538,"0.06":0.1364264538,"0.065":0.1364264538,"0.07":0.1364264538,"0.075":0.1364264538,"0.08":0.1364264538,"0.085":0.1364264538,"0.09":0.1364264538,"0.095":0.1364264538,"0.1":0.1364264538,"0.105":0.1364264538,"0.11":0.1364264538,"0.115":0.1364264538,"0.12":0.1364264538,"0.125":0.1364264538,"0.13":0.1364264538,"0.135":0.1364264538,"0.14":0.1364264538,"0.145":0.1364264538,"0.15":0.1364264538,"0.155":0.1364264538,"0.16":0.1364264538,"0.165":0.1364264538,"0.17":0.1364264538,"0.175":0.1364264538,"0.18":0.1364264538,"0.185":0.1364264538,"0.19":0.1364264538,"0.195":0.1364264538,"0.2":0.1364264538,"0.205":0.1364264538,"0.21":0.1364264538,"0.215":0.1364264538,"0.22":0.1364264538,"0.225":0.1364264538,"0.23":0.1364264538,"0.235":0.1364264538,"0.24":0.1364264538,"0.245":0.1364264538,"0.25":0.1364264538,"0.255":0.1364264538,"0.26":0.1364264538,"0.265":0.1364264538,"0.27":0.1364264538,"0.275":0.1364264538,"0.28":0.1364264538,"0.285":0.1364264538,"0.29":0.1364264538,"0.295":0.1364264538,"0.3":0.1364264538,"0.305":0.1364264538,"0.31":0.1364264538,"0.315":0.1364264538,"0.32":0.1364264538,"0.325":0.1364264538,"0.33":0.1364264538,"0.335":0.1364264538,"0.34":0.1364264538,"0.345":0.1364264538,"0.35":0.1364264538,"0.355":0.1364264538,"0.36":0.1364264538,"0.365":0.1364264538,"0.37":0.1364264538,"0.375":0.1364264538,"0.38":0.1364264538,"0.385":0.1364264538,"0.39":0.1364264538,"0.395":0.1364264538,"0.4":0.1364264538,"0.405":0.1364264538,"0.41":0.1364264538,"0.415":0.1364264538,"0.42":0.1364264538,"0.425":0.1364264538,"0.43":0.1364264538,"0.435":0.1364264538,"0.44":0.1364264538,"0.445":0.1364264538,"0.45":0.1364264538,"0.455":0.1364264538,"0.46":0.1364264538,"0.465":0.1364264538,"0.47":0.1364264538,"0.475":0.1364264538,"0.48":0.1364264538,"0.485":0.1364264538,"0.49":0.1364264538,"0.495":0.1364264538,"0.5":0.1364264538},"davies2009\/mirex_qm_tempotracker":{"0.0":null,"0.005":0.1191383905,"0.01":0.1982496071,"0.015":0.2634701334,"0.02":0.2634701334,"0.025":0.2634701334,"0.03":0.2634701334,"0.035":0.2634701334,"0.04":0.3215954563,"0.045":0.2995853042,"0.05":0.2995853042,"0.055":0.2814537099,"0.06":0.2814537099,"0.065":0.2814537099,"0.07":0.2814537099,"0.075":0.2814537099,"0.08":0.2814537099,"0.085":0.2814537099,"0.09":0.2814537099,"0.095":0.2814537099,"0.1":0.2814537099,"0.105":0.2814537099,"0.11":0.2814537099,"0.115":0.2814537099,"0.12":0.2814537099,"0.125":0.2814537099,"0.13":0.2814537099,"0.135":0.2814537099,"0.14":0.2814537099,"0.145":0.2814537099,"0.15":0.2814537099,"0.155":0.2814537099,"0.16":0.2814537099,"0.165":0.2814537099,"0.17":0.2814537099,"0.175":0.2814537099,"0.18":0.2814537099,"0.185":0.2814537099,"0.19":0.2814537099,"0.195":0.2814537099,"0.2":0.2814537099,"0.205":0.2814537099,"0.21":0.2814537099,"0.215":0.2814537099,"0.22":0.2814537099,"0.225":0.2814537099,"0.23":0.2814537099,"0.235":0.2814537099,"0.24":0.2814537099,"0.245":0.2814537099,"0.25":0.2814537099,"0.255":0.2814537099,"0.26":0.2814537099,"0.265":0.2814537099,"0.27":0.2814537099,"0.275":0.2814537099,"0.28":0.2814537099,"0.285":0.2814537099,"0.29":0.2814537099,"0.295":0.2814537099,"0.3":0.2814537099,"0.305":0.2814537099,"0.31":0.2814537099,"0.315":0.2814537099,"0.32":0.2814537099,"0.325":0.2814537099,"0.33":0.2814537099,"0.335":0.2814537099,"0.34":0.2814537099,"0.345":0.2814537099,"0.35":0.2814537099,"0.355":0.2814537099,"0.36":0.2814537099,"0.365":0.2814537099,"0.37":0.2814537099,"0.375":0.2814537099,"0.38":0.2814537099,"0.385":0.2814537099,"0.39":0.2814537099,"0.395":0.2814537099,"0.4":0.2814537099,"0.405":0.2814537099,"0.41":0.2814537099,"0.415":0.2814537099,"0.42":0.2814537099,"0.425":0.2814537099,"0.43":0.2814537099,"0.435":0.2814537099,"0.44":0.2814537099,"0.445":0.2814537099,"0.45":0.2814537099,"0.455":0.2814537099,"0.46":0.2814537099,"0.465":0.2814537099,"0.47":0.2814537099,"0.475":0.2814537099,"0.48":0.2814537099,"0.485":0.2814537099,"0.49":0.2814537099,"0.495":0.2814537099,"0.5":0.2814537099},"percival2014\/stem":{"0.0":null,"0.005":0.001633943,"0.01":0.0925728387,"0.015":0.1683552651,"0.02":0.1683552651,"0.025":0.1683552651,"0.03":0.1683552651,"0.035":0.1683552651,"0.04":0.1555557428,"0.045":0.1446035785,"0.05":0.1446035785,"0.055":0.1349722177,"0.06":0.1349722177,"0.065":0.1349722177,"0.07":0.1349722177,"0.075":0.1349722177,"0.08":0.1349722177,"0.085":0.1349722177,"0.09":0.1349722177,"0.095":0.1349722177,"0.1":0.1349722177,"0.105":0.1349722177,"0.11":0.1349722177,"0.115":0.1349722177,"0.12":0.1349722177,"0.125":0.1349722177,"0.13":0.1349722177,"0.135":0.1349722177,"0.14":0.1349722177,"0.145":0.1349722177,"0.15":0.1349722177,"0.155":0.1349722177,"0.16":0.1349722177,"0.165":0.1349722177,"0.17":0.1349722177,"0.175":0.1349722177,"0.18":0.1349722177,"0.185":0.1349722177,"0.19":0.1349722177,"0.195":0.1349722177,"0.2":0.1349722177,"0.205":0.1349722177,"0.21":0.1349722177,"0.215":0.1349722177,"0.22":0.1349722177,"0.225":0.1349722177,"0.23":0.1349722177,"0.235":0.1349722177,"0.24":0.1349722177,"0.245":0.1349722177,"0.25":0.1349722177,"0.255":0.1349722177,"0.26":0.1349722177,"0.265":0.1349722177,"0.27":0.1349722177,"0.275":0.1349722177,"0.28":0.1349722177,"0.285":0.1349722177,"0.29":0.1349722177,"0.295":0.1349722177,"0.3":0.1349722177,"0.305":0.1349722177,"0.31":0.1349722177,"0.315":0.1349722177,"0.32":0.1349722177,"0.325":0.1349722177,"0.33":0.1349722177,"0.335":0.1349722177,"0.34":0.1349722177,"0.345":0.1349722177,"0.35":0.1349722177,"0.355":0.1349722177,"0.36":0.1349722177,"0.365":0.1349722177,"0.37":0.1349722177,"0.375":0.1349722177,"0.38":0.1349722177,"0.385":0.1349722177,"0.39":0.1349722177,"0.395":0.1349722177,"0.4":0.1349722177,"0.405":0.1349722177,"0.41":0.1349722177,"0.415":0.1349722177,"0.42":0.1349722177,"0.425":0.1349722177,"0.43":0.1349722177,"0.435":0.1349722177,"0.44":0.1349722177,"0.445":0.1349722177,"0.45":0.1349722177,"0.455":0.1349722177,"0.46":0.1349722177,"0.465":0.1349722177,"0.47":0.1349722177,"0.475":0.1349722177,"0.48":0.1349722177,"0.485":0.1349722177,"0.49":0.1349722177,"0.495":0.1349722177,"0.5":0.1349722177},"schreiber2014\/default":{"0.0":null,"0.005":0.1423133331,"0.01":0.2202052561,"0.015":0.285199441,"0.02":0.285199441,"0.025":0.285199441,"0.03":0.285199441,"0.035":0.285199441,"0.04":0.2635050839,"0.045":0.2446837688,"0.05":0.2446837688,"0.055":0.2283747211,"0.06":0.2283747211,"0.065":0.2283747211,"0.07":0.2283747211,"0.075":0.2283747211,"0.08":0.2283747211,"0.085":0.2283747211,"0.09":0.2283747211,"0.095":0.2283747211,"0.1":0.2283747211,"0.105":0.2283747211,"0.11":0.2283747211,"0.115":0.2283747211,"0.12":0.2283747211,"0.125":0.2283747211,"0.13":0.2283747211,"0.135":0.2283747211,"0.14":0.2283747211,"0.145":0.2283747211,"0.15":0.2283747211,"0.155":0.2283747211,"0.16":0.2283747211,"0.165":0.2283747211,"0.17":0.2283747211,"0.175":0.2283747211,"0.18":0.2283747211,"0.185":0.2283747211,"0.19":0.2283747211,"0.195":0.2283747211,"0.2":0.2283747211,"0.205":0.2283747211,"0.21":0.2283747211,"0.215":0.2283747211,"0.22":0.2283747211,"0.225":0.2283747211,"0.23":0.2283747211,"0.235":0.2283747211,"0.24":0.2283747211,"0.245":0.2283747211,"0.25":0.2283747211,"0.255":0.2283747211,"0.26":0.2283747211,"0.265":0.2283747211,"0.27":0.2283747211,"0.275":0.2283747211,"0.28":0.2283747211,"0.285":0.2283747211,"0.29":0.2283747211,"0.295":0.2283747211,"0.3":0.2283747211,"0.305":0.2283747211,"0.31":0.2283747211,"0.315":0.2283747211,"0.32":0.2283747211,"0.325":0.2283747211,"0.33":0.2283747211,"0.335":0.2283747211,"0.34":0.2283747211,"0.345":0.2283747211,"0.35":0.2283747211,"0.355":0.2283747211,"0.36":0.2283747211,"0.365":0.2283747211,"0.37":0.2283747211,"0.375":0.2283747211,"0.38":0.2283747211,"0.385":0.2283747211,"0.39":0.2283747211,"0.395":0.2283747211,"0.4":0.2283747211,"0.405":0.2283747211,"0.41":0.2283747211,"0.415":0.2283747211,