Estimator,boeck2015/tempodetector2016_default,davies2009/mirex_qm_tempotracker,percival2014/stem,schreiber2014/default,schreiber2017/ismir2017,schreiber2017/mirex2017
boeck2015/tempodetector2016_default,1.0,0.138602754786727,0.12626330798950547,0.21076587273520614,0.36936580968759114,0.36936580968759114
davies2009/mirex_qm_tempotracker,0.138602754786727,1.0,0.13469351495498513,0.48590828716445755,0.3111978070765163,0.3111978070765163
percival2014/stem,0.12626330798950547,0.13469351495498513,1.0,0.20503491106390923,0.3523494348604349,0.3523494348604349
schreiber2014/default,0.21076587273520614,0.48590828716445755,0.20503491106390923,1.0,0.4267332973243876,0.4267332973243876
schreiber2017/ismir2017,0.36936580968759114,0.3111978070765163,0.3523494348604349,0.4267332973243876,1.0,1.0
schreiber2017/mirex2017,0.36936580968759114,0.3111978070765163,0.3523494348604349,0.4267332973243876,1.0,1.0
