{"boeck2015\/tempodetector2016_default":{"0":0.0,"1":0.0,"2":0.006207909,"3":0.0108428228,"4":0.0,"5":0.0055498084,"6":0.0077666047,"7":0.0041470907,"8":0.0,"9":0.0077666047,"10":4.805139756e-16,"11":0.0,"12":0.0070104696,"13":0.006861705,"14":0.0},"davies2009\/mirex_qm_tempotracker":{"0":0.0134533267,"1":0.0190993315,"2":0.0216774626,"3":0.0070269738,"4":0.0191040772,"5":0.0154724887,"6":0.0306138778,"7":0.0367777508,"8":0.0191040772,"9":0.0306138778,"10":0.0191040772,"11":0.0022224422,"12":0.0186922083,"13":0.0325643829,"14":0.0022224422},"percival2014\/stem":{"0":0.0022254431,"1":0.0019614745,"2":0.0002375232,"3":0.005573049,"4":0.001961956,"5":0.0007267268,"6":0.0031356539,"7":0.0021294445,"8":0.001961956,"9":0.0031356539,"10":0.001961956,"11":0.0019609929,"12":0.0023867669,"13":0.0001440219,"14":0.0019609929},"schreiber2014\/default":{"0":0.0000066724,"1":0.0031727987,"2":0.0032523911,"3":0.0027357393,"4":0.0010018346,"5":0.4147502145,"6":0.0029544345,"7":0.0003029474,"8":0.0001354754,"9":0.0033919632,"10":0.0024129043,"11":0.0002303687,"12":0.0016837206,"13":0.0012741785,"14":0.0002436747},"schreiber2017\/ismir2017":{"0":0.0000066724,"1":0.0001354273,"2":0.0016127847,"3":0.0039995511,"4":0.0001354754,"5":0.4147502145,"6":0.0029544345,"7":0.0011153299,"8":0.0001354754,"9":0.0029544345,"10":0.0001354754,"11":0.0002303687,"12":0.0007033324,"13":0.0022635941,"14":0.0002303687},"schreiber2017\/mirex2017":{"0":0.0000066724,"1":0.0001354273,"2":0.0016127847,"3":0.0039995511,"4":0.0001354754,"5":0.4147502145,"6":0.0029544345,"7":0.0011153299,"8":0.0001354754,"9":0.0029544345,"10":0.0001354754,"11":0.0002303687,"12":0.0007033324,"13":0.0022635941,"14":0.0002303687}}