Estimator,boeck2015/tempodetector2016_default,davies2009/mirex_qm_tempotracker,percival2014/stem,schreiber2014/default,schreiber2017/ismir2017,schreiber2017/mirex2017
boeck2015/tempodetector2016_default,1.0,3.3604044817048366e-05,0.250076538386057,0.016484774557700463,0.17668527298366174,0.05319662444395991
davies2009/mirex_qm_tempotracker,3.3604044817048366e-05,1.0,0.000562503114623284,0.19565422744386743,0.005094861633491499,0.021165185789684637
percival2014/stem,0.250076538386057,0.000562503114623284,1.0,0.18901596194883524,0.8884077909813508,0.5579832869790757
schreiber2014/default,0.016484774557700463,0.19565422744386743,0.18901596194883524,1.0,0.0908297650068701,0.2629709985738735
schreiber2017/ismir2017,0.17668527298366174,0.005094861633491499,0.8884077909813508,0.0908297650068701,1.0,0.18592044248900527
schreiber2017/mirex2017,0.05319662444395991,0.021165185789684637,0.5579832869790757,0.2629709985738735,0.18592044248900527,1.0
