Estimator,boeck2015/tempodetector2016_default,davies2009/mirex_qm_tempotracker,percival2014/stem,schreiber2014/default,schreiber2017/ismir2017,schreiber2017/mirex2017
boeck2015/tempodetector2016_default,1.0,0.12002420776863698,0.38520574833423493,0.171299619025856,0.0899099310102715,0.08990992016023032
davies2009/mirex_qm_tempotracker,0.12002420776863698,1.0,0.2208674891216588,0.969018754789325,0.8651924059955729,0.865192363899103
percival2014/stem,0.38520574833423493,0.2208674891216588,1.0,0.36292153373132896,0.04546125786541609,0.0454612475805785
schreiber2014/default,0.171299619025856,0.969018754789325,0.36292153373132896,1.0,0.8288146772208941,0.828814632797972
schreiber2017/ismir2017,0.0899099310102715,0.8651924059955729,0.04546125786541609,0.8288146772208941,1.0,0.3222234059506758
schreiber2017/mirex2017,0.08990992016023032,0.865192363899103,0.0454612475805785,0.828814632797972,0.3222234059506758,1.0
