{"Size":{"boeck2015\/tempodetector2016_default":50,"davies2009\/mirex_qm_tempotracker":50,"percival2014\/stem":50,"schreiber2014\/default":50,"schreiber2017\/ismir2017":50,"schreiber2017\/mirex2017":50},"Min":{"boeck2015\/tempodetector2016_default":54.05,"davies2009\/mirex_qm_tempotracker":89.1029,"percival2014\/stem":54.1149,"schreiber2014\/default":55.75186,"schreiber2017\/ismir2017":41.715324,"schreiber2017\/mirex2017":41.715324},"Max":{"boeck2015\/tempodetector2016_default":162.16,"davies2009\/mirex_qm_tempotracker":191.406,"percival2014\/stem":143.555,"schreiber2014\/default":141.82422,"schreiber2017\/ismir2017":160.04018,"schreiber2017\/mirex2017":160.04018},"Avg":{"boeck2015\/tempodetector2016_default":99.0962,"davies2009\/mirex_qm_tempotracker":128.659886,"percival2014\/stem":96.141532,"schreiber2014\/default":91.2962343,"schreiber2017\/ismir2017":93.2357217,"schreiber2017\/mirex2017":90.35586612},"Stdev":{"boeck2015\/tempodetector2016_default":28.7654074342,"davies2009\/mirex_qm_tempotracker":23.6309075223,"percival2014\/stem":24.1791958892,"schreiber2014\/default":21.664043071,"schreiber2017\/ismir2017":30.9970335696,"schreiber2017\/mirex2017":32.7572277049},"Sweet Oct. Start":{"boeck2015\/tempodetector2016_default":69.0,"davies2009\/mirex_qm_tempotracker":84.0,"percival2014\/stem":68.0,"schreiber2014\/default":62.0,"schreiber2017\/ismir2017":61.0,"schreiber2017\/mirex2017":61.0},"Sweet Oct. Coverage":{"boeck2015\/tempodetector2016_default":0.76,"davies2009\/mirex_qm_tempotracker":0.96,"percival2014\/stem":0.86,"schreiber2014\/default":0.88,"schreiber2017\/ismir2017":0.7,"schreiber2017\/mirex2017":0.64}}