{"boeck2015\/tempodetector2016_default":{"boeck2015\/tempodetector2016_default":1.0,"davies2009\/mirex_qm_tempotracker":0.000033604,"percival2014\/stem":0.2500765384,"schreiber2014\/default":0.0164847746,"schreiber2017\/ismir2017":0.0075123951,"schreiber2017\/mirex2017":0.0074275764,"schreiber2018\/cnn":0.2462185233,"schreiber2018\/fcn":0.727913922,"schreiber2018\/ismir2018":0.0214893397},"davies2009\/mirex_qm_tempotracker":{"boeck2015\/tempodetector2016_default":0.000033604,"davies2009\/mirex_qm_tempotracker":1.0,"percival2014\/stem":0.0005625031,"schreiber2014\/default":0.1956542274,"schreiber2017\/ismir2017":0.0259470298,"schreiber2017\/mirex2017":0.0264744865,"schreiber2018\/cnn":0.0020994665,"schreiber2018\/fcn":0.0001652309,"schreiber2018\/ismir2018":0.0032451544},"percival2014\/stem":{"boeck2015\/tempodetector2016_default":0.2500765384,"davies2009\/mirex_qm_tempotracker":0.0005625031,"percival2014\/stem":1.0,"schreiber2014\/default":0.1890159619,"schreiber2017\/ismir2017":0.3630482622,"schreiber2017\/mirex2017":0.3590277672,"schreiber2018\/cnn":0.9097140635,"schreiber2018\/fcn":0.4176442843,"schreiber2018\/ismir2018":0.75506137},"schreiber2014\/default":{"boeck2015\/tempodetector2016_default":0.0164847746,"davies2009\/mirex_qm_tempotracker":0.1956542274,"percival2014\/stem":0.1890159619,"schreiber2014\/default":1.0,"schreiber2017\/ismir2017":0.4552396637,"schreiber2017\/mirex2017":0.4612815537,"schreiber2018\/cnn":0.15448658,"schreiber2018\/fcn":0.0267303034,"schreiber2018\/ismir2018":0.1556956542},"schreiber2017\/ismir2017":{"boeck2015\/tempodetector2016_default":0.0075123951,"davies2009\/mirex_qm_tempotracker":0.0259470298,"percival2014\/stem":0.3630482622,"schreiber2014\/default":0.4552396637,"schreiber2017\/ismir2017":1.0,"schreiber2017\/mirex2017":0.3197037633,"schreiber2018\/cnn":0.2792902544,"schreiber2018\/fcn":0.1038418467,"schreiber2018\/ismir2018":0.344408859},"schreiber2017\/mirex2017":{"boeck2015\/tempodetector2016_default":0.0074275764,"davies2009\/mirex_qm_tempotracker":0.0264744865,"percival2014\/stem":0.3590277672,"schreiber2014\/default":0.4612815537,"schreiber2017\/ismir2017":0.3197037633,"schreiber2017\/mirex2017":1.0,"schreiber2018\/cnn":0.273522762,"schreiber2018\/fcn":0.1022221611,"schreiber2018\/ismir2018":0.3395840387},"schreiber2018\/cnn":{"boeck2015\/tempodetector2016_default":0.2462185233,"davies2009\/mirex_qm_tempotracker":0.0020994665,"percival2014\/stem":0.9097140635,"schreiber2014\/default":0.15448658,"schreiber2017\/ismir2017":0.2792902544,"schreiber2017\/mirex2017":0.273522762,"schreiber2018\/cnn":1.0,"schreiber2018\/fcn":0.3161739153,"schreiber2018\/ismir2018":0.8533677214},"schreiber2018\/fcn":{"boeck2015\/tempodetector2016_default":0.727913922,"davies2009\/mirex_qm_tempotracker":0.0001652309,"percival2014\/stem":0.4176442843,"schreiber2014\/default":0.0267303034,"schreiber2017\/ismir2017":0.1038418467,"schreiber2017\/mirex2017":0.1022221611,"schreiber2018\/cnn":0.3161739153,"schreiber2018\/fcn":1.0,"schreiber2018\/ismir2018":0.2245974821},"schreiber2018\/ismir2018":{"boeck2015\/tempodetector2016_default":0.0214893397,"davies2009\/mirex_qm_tempotracker":0.0032451544,"percival2014\/stem":0.75506137,"schreiber2014\/default":0.1556956542,"schreiber2017\/ismir2017":0.344408859,"schreiber2017\/mirex2017":0.3395840387,"schreiber2018\/cnn":0.8533677214,"schreiber2018\/fcn":0.2245974821,"schreiber2018\/ismir2018":1.0}}