{"Size":{"boeck2015\/tempodetector2016_default":15,"davies2009\/mirex_qm_tempotracker":15,"percival2014\/stem":15,"schreiber2014\/default":15,"schreiber2017\/ismir2017":15,"schreiber2017\/mirex2017":15},"Min":{"boeck2015\/tempodetector2016_default":69.77,"davies2009\/mirex_qm_tempotracker":70.7941,"percival2014\/stem":70.0742,"schreiber2014\/default":74.83524,"schreiber2017\/ismir2017":46.68331,"schreiber2017\/mirex2017":46.68331},"Max":{"boeck2015\/tempodetector2016_default":130.43,"davies2009\/mirex_qm_tempotracker":151.999,"percival2014\/stem":130.012,"schreiber2014\/default":139.97108,"schreiber2017\/ismir2017":129.99567,"schreiber2017\/mirex2017":129.99567},"Avg":{"boeck2015\/tempodetector2016_default":101.2773333333,"davies2009\/mirex_qm_tempotracker":112.5022466667,"percival2014\/stem":101.2796666667,"schreiber2014\/default":107.5529866667,"schreiber2017\/ismir2017":99.775064,"schreiber2017\/mirex2017":99.775064},"Stdev":{"boeck2015\/tempodetector2016_default":20.8299161464,"davies2009\/mirex_qm_tempotracker":22.5839435418,"percival2014\/stem":20.6646543786,"schreiber2014\/default":18.9333993164,"schreiber2017\/ismir2017":23.8471663903,"schreiber2017\/mirex2017":23.8471663903},"Sweet Oct. Start":{"boeck2015\/tempodetector2016_default":66.0,"davies2009\/mirex_qm_tempotracker":76.0,"percival2014\/stem":66.0,"schreiber2014\/default":70.0,"schreiber2017\/ismir2017":65.0,"schreiber2017\/mirex2017":65.0},"Sweet Oct. Coverage":{"boeck2015\/tempodetector2016_default":1.0,"davies2009\/mirex_qm_tempotracker":0.9333333333,"percival2014\/stem":1.0,"schreiber2014\/default":1.0,"schreiber2017\/ismir2017":0.9333333333,"schreiber2017\/mirex2017":0.9333333333}}