Item,Reference,Estimate
RM-R012.jams,199.99999999999952,99.99061
RM-R013.jams,70.03891050583637,46.68331
RM-R014.jams,180.45112781954887,89.97578
