Estimator,boeck2015/tempodetector2016_default,davies2009/mirex_qm_tempotracker,percival2014/stem,schreiber2014/default,schreiber2017/ismir2017,schreiber2017/mirex2017
boeck2015/tempodetector2016_default,1.0,4.1174161065355945e-06,0.8358808095865884,5.4807197202684074e-08,0.010005686851403866,0.0003386339761440396
davies2009/mirex_qm_tempotracker,4.1174161065355945e-06,1.0,2.886933092825053e-07,1.9294860252740847e-20,9.78240538137047e-09,2.14928599824768e-10
percival2014/stem,0.8358808095865884,2.886933092825053e-07,1.0,7.124075348597617e-08,0.03944502072505611,0.005268939262997506
schreiber2014/default,5.4807197202684074e-08,1.9294860252740847e-20,7.124075348597617e-08,1.0,0.006342023238275599,0.053631883020603746
schreiber2017/ismir2017,0.010005686851403866,9.78240538137047e-09,0.03944502072505611,0.006342023238275599,1.0,0.044545117032452175
schreiber2017/mirex2017,0.0003386339761440396,2.14928599824768e-10,0.005268939262997506,0.053631883020603746,0.044545117032452175,1.0
