Tag,Count
2/4,0.18032786885245902
3/4,0.3114754098360656
4/4,0.3442622950819672
5/4,0.01639344262295082
6/4,0.06557377049180328
7/4,0.03278688524590164
7/8,0.01639344262295082
8/4,0.03278688524590164
Chamber,0.16393442622950818
Concerto,0.03278688524590164
Orchestral,0.06557377049180328
Solo,0.5737704918032787
Symphony,0.06557377049180328
Vocal,0.09836065573770492
