Item,cvar,1.0,0.1,davies2009/mirex_qm_tempotracker,percival2014/stem,schreiber2017/mirex2017,schreiber2017/ismir2017,boeck2015/tempodetector2016_default,schreiber2014/default
RM-R012.jams,0.01348077472553316,199.99999999999952,200.0,101.333,99.8641,99.99061,99.99061,100.0,99.99061
RM-R014.jams,0.00890577225494045,180.45112781954887,180.0,90.6661,89.8777,89.97578,89.97578,89.55,90.054634
