{"boeck2015\/tempodetector2016_default":{"0.0":0.0784313725,"0.0005":0.2941176471,"0.001":0.2941176471,"0.0015":0.3039215686,"0.002":0.3039215686,"0.0025":0.3039215686,"0.003":0.3235294118,"0.0035":0.3431372549,"0.004":0.3823529412,"0.0045":0.3823529412,"0.005":0.4215686275,"0.0055":0.4901960784,"0.006":0.5098039216,"0.0065":0.5098039216,"0.007":0.5098039216,"0.0075":0.5098039216,"0.008":0.5098039216,"0.0085":0.5196078431,"0.009":0.5392156863,"0.0095":0.5490196078,"0.01":0.5588235294,"0.0105":0.5588235294,"0.011":0.5588235294,"0.0115":0.5588235294,"0.012":0.568627451,"0.0125":0.5784313725,"0.013":0.5784313725,"0.0135":0.5784313725,"0.014":0.5784313725,"0.0145":0.5882352941,"0.015":0.5882352941,"0.0155":0.5882352941,"0.016":0.5882352941,"0.0165":0.5980392157,"0.017":0.5980392157,"0.0175":0.6078431373,"0.018":0.6078431373,"0.0185":0.6176470588,"0.019":0.6176470588,"0.0195":0.6176470588,"0.02":0.6176470588,"0.0205":0.6176470588,"0.021":0.6176470588,"0.0215":0.6176470588,"0.022":0.6176470588,"0.0225":0.6176470588,"0.023":0.6176470588,"0.0235":0.6176470588,"0.024":0.6176470588,"0.0245":0.6176470588,"0.025":0.6176470588,"0.0255":0.6176470588,"0.026":0.6176470588,"0.0265":0.6176470588,"0.027":0.6176470588,"0.0275":0.6176470588,"0.028":0.6274509804,"0.0285":0.637254902,"0.029":0.637254902,"0.0295":0.637254902,"0.03":0.637254902,"0.0305":0.637254902,"0.031":0.637254902,"0.0315":0.637254902,"0.032":0.637254902,"0.0325":0.637254902,"0.033":0.637254902,"0.0335":0.6470588235,"0.034":0.6470588235,"0.0345":0.6470588235,"0.035":0.6470588235,"0.0355":0.6470588235,"0.036":0.6470588235,"0.0365":0.6470588235,"0.037":0.6470588235,"0.0375":0.6568627451,"0.038":0.6666666667,"0.0385":0.6666666667,"0.039":0.6666666667,"0.0395":0.6666666667,"0.04":0.6666666667,"0.0405":0.6666666667,"0.041":0.6666666667,"0.0415":0.6666666667,"0.042":0.6666666667,"0.0425":0.6666666667,"0.043":0.6666666667,"0.0435":0.6666666667,"0.044":0.6666666667,"0.0445":0.6666666667,"0.045":0.6666666667,"0.0455":0.6666666667,"0.046":0.6666666667,"0.0465":0.6666666667,"0.047":0.6666666667,"0.0475":0.6764705882,"0.048":0.6764705882,"0.0485":0.6764705882,"0.049":0.6764705882,"0.0495":0.6764705882,"0.05":0.6764705882},"davies2009\/mirex_qm_tempotracker":{"0.0":0.0,"0.0005":0.0,"0.001":0.0,"0.0015":0.0196078431,"0.002":0.0490196078,"0.0025":0.0490196078,"0.003":0.0490196078,"0.0035":0.068627451,"0.004":0.068627451,"0.0045":0.068627451,"0.005":0.0784313725,"0.0055":0.0784313725,"0.006":0.0784313725,"0.0065":0.0882352941,"0.007":0.1078431373,"0.0075":0.1078431373,"0.008":0.1274509804,"0.0085":0.137254902,"0.009":0.1470588235,"0.0095":0.1568627451,"0.01":0.1666666667,"0.0105":0.1666666667,"0.011":0.1764705882,"0.0115":0.1862745098,"0.012":0.1960784314,"0.0125":0.1960784314,"0.013":0.1960784314,"0.0135":0.2549019608,"0.014":0.2647058824,"0.0145":0.2843137255,"0.015":0.2843137255,"0.0155":0.2941176471,"0.016":0.3137254902,"0.0165":0.3137254902,"0.017":0.3333333333,"0.0175":0.3431372549,"0.018":0.362745098,"0.0185":0.362745098,"0.019":0.3725490196,"0.0195":0.3725490196,"0.02":0.3725490196,"0.0205":0.4019607843,"0.021":0.4019607843,"0.0215":0.4509803922,"0.022":0.4509803922,"0.0225":0.4509803922,"0.023":0.4705882353,"0.0235":0.4705882353,"0.024":0.4803921569,"0.0245":0.5,"0.025":0.5098039216,"0.0255":0.568627451,"0.026":0.568627451,"0.0265":0.5784313725,"0.027":0.5784313725,"0.0275":0.5784313725,"0.028":0.5784313725,"0.0285":0.5784313725,"0.029":0.5784313725,"0.0295":0.5784313725,"0.03":0.5882352941,"0.0305":0.5882352941,"0.031":0.5882352941,"0.0315":0.5882352941,"0.032":0.5882352941,"0.0325":0.5882352941,"0.033":0.5882352941,"0.0335":0.5882352941,"0.034":0.5882352941,"0.0345":0.5882352941,"0.035":0.5882352941,"0.0355":0.5882352941,"0.036":0.5882352941,"0.0365":0.5882352941,"0.037":0.5882352941,"0.0375":0.5882352941,"0.038":0.5882352941,"0.0385":0.5882352941,"0.039":0.5882352941,"0.0395":0.5882352941,"0.04":0.5882352941,"0.0405":0.5882352941,"0.041":0.5980392157,"0.0415":0.5980392157,"0.042":0.5980392157,"0.0425":0.5980392157,"0.043":0.5980392157,"0.0435":0.5980392157,"0.044":0.5980392157,"0.0445":0.5980392157,"0.045":0.5980392157,"0.0455":0.5980392157,"0.046":0.5980392157,"0.0465":0.5980392157,"0.047":0.5980392157,"0.0475":0.5980392157,"0.048":0.5980392157,"0.0485":0.5980392157,"0.049":0.5980392157,"0.0495":0.5980392157,"0.05":0.5980392157},"percival2014\/stem":{"0.0":0.0,"0.0005":0.1078431373,"0.001":0.1666666667,"0.0015":0.2941176471,"0.002":0.4019607843,"0.0025":0.4901960784,"0.003":0.5,"0.0035":0.5294117647,"0.004":0.5490196078,"0.0045":0.568627451,"0.005":0.5784313725,"0.0055":0.5784313725,"0.006":0.5784313725,"0.0065":0.5784313725,"0.007":0.5784313725,"0.0075":0.5784313725,"0.008":0.6078431373,"0.0085":0.6078431373,"0.009":0.6078431373,"0.0095":0.6176470588,"0.01":0.6176470588,"0.0105":0.6176470588,"0.011":0.6274509804,"0.0115":0.6274509804,"0.012":0.6274509804,"0.0125":0.637254902,"0.013":0.637254902,"0.0135":0.637254902,"0.014":0.637254902,"0.0145":0.637254902,"0.015":0.637254902,"0.0155":0.637254902,"0.016":0.637254902,"0.0165":0.637254902,"0.017":0.637254902,"0.0175":0.637254902,"0.018":0.637254902,"0.0185":0.637254902,"0.019":0.637254902,"0.0195":0.637254902,"0.02":0.637254902,"0.0205":0.637254902,"0.021":0.637254902,"0.0215":0.637254902,"0.022":0.6470588235,"0.0225":0.6470588235,"0.023":0.6470588235,"0.0235":0.6470588235,"0.024":0.6470588235,"0.0245":0.6470588235,"0.025":0.6470588235,"0.0255":0.6470588235,"0.026":0.6470588235,"0.0265":0.6470588235,"0.027":0.6470588235,"0.0275":0.6470588235,"0.028":0.6470588235,"0.0285":0.6470588235,"0.029":0.6470588235,"0.0295":0.6470588235,"0.03":0.6470588235,"0.0305":0.6470588235,"0.031":0.6470588235,"0.0315":0.6470588235,"0.032":0.6568627451,"0.0325":0.6568627451,"0.033":0.6568627451,"0.0335":0.6568627451,"0.034":0.6568627451,"0.0345":0.6568627451,"0.035":0.6568627451,"0.0355":0.6568627451,"0.036":0.6568627451,"0.0365":0.6568627451,"0.037":0.6568627451,"0.0375":0.6568627451,"0.038":0.6568627451,"0.0385":0.6568627451,"0.039":0.6568627451,"0.0395":0.6568627451,"0.04":0.6568627451,"0.0405":0.6568627451,"0.041":0.6568627451,"0.0415":0.6568627451,"0.042":0.6568627451,"0.0425":0.6568627451,"0.043":0.6568627451,"0.0435":0.6568627451,"0.044":0.6568627451,"0.0445":0.6568627451,"0.045":0.6568627451,"0.0455":0.6568627451,"0.046":0.6568627451,"0.0465":0.6568627451,"0.047":0.6568627451,"0.0475":0.6568627451,"0.048":0.6568627451,"0.0485":0.6568627451,"0.049":0.6568627451,"0.0495":0.6568627451,"0.05":0.6568627451},"schreiber2014\/default":{"0.0":0.0,"0.0005":0.2058823529,"0.001":0.2450980392,"0.0015":0.2647058824,"0.002":0.3333333333,"0.0025":0.4215686275,"0.003":0.4411764706,"0.0035":0.4705882353,"0.004":0.4705882353,"0.0045":0.4705882353,"0.005":0.4803921569,"0.0055":0.4803921569,"0.006":0.5,"0.0065":0.5196078431,"0.007":0.5196078431,"0.0075":0.5196078431,"0.008":0.5196078431,"0.0085":0.5196078431,"0.009":0.5196078431,"0.0095":0.5392156863,"0.01":0.5392156863,"0.0105":0.5490196078,"0.011":0.5588235294,"0.0115":0.5588235294,"0.012":0.5588235294,"0.0125":0.568627451,"0.013":0.568627451,"0.0135":0.568627451,"0.014":0.568627451,"0.0145":0.568627451,"0.015":0.568627451,"0.0155":0.5784313725,"0.016":0.5784313725,"0.0165":0.5784313725,"0.017":0.5784313725,"0.0175":0.5784313725,"0.018":0.5784313725,"0.0185":0.5882352941,"0.019":0.5882352941,"0.0195":0.5882352941,"0.02":0.5882352941,"0.0205":0.5882352941,"0.021":0.5882352941,"0.0215":0.5882352941,"0.022":0.5882352941,"0.0225":0.5882352941,"0.023":0.5882352941,"0.0235":0.5882352941,"0.024":0.5882352941,"0.0245":0.5882352941,"0.025":0.5882352941,"0.0255":0.5882352941,"0.026":0.5882352941,"0.0265":0.5882352941,"0.027":0.5882352941,"0.0275":0.5882352941,"0.028":0.5882352941,"0.0285":0.5980392157,"0.029":0.5980392157,"0.0295":0.5980392157,"0.03":0.5980392157,"0.0305":0.5980392157,"0.031":0.5980392157,"0.0315":0.6078431373,"0.032":0.6078431373,"0.0325":0.6078431373,"0.033":0.6274509804,"0.0335":0.6274509804,"0.034":0.637254902,