Estimator,Size,Min,Max,Avg,Stdev,Sweet Oct. Start,Sweet Oct. Coverage
boeck2015/tempodetector2016_default,102,41.1,214.29,98.97833333333334,31.83087541787041,70.0,0.7352941176470589
davies2009/mirex_qm_tempotracker,102,65.4173,198.768,126.4872343137255,24.864579903483826,90.0,0.9215686274509803
percival2014/stem,102,64.5996,147.656,102.56030588235294,22.31823301212552,70.0,0.9411764705882353
schreiber2014/default,102,58.176712,145.05736,100.44442016666666,23.32153913768861,65.0,0.8823529411764706
schreiber2017/ismir2017,102,40.53247,169.38472,105.33741671568627,31.781639998567602,77.0,0.7549019607843137
schreiber2017/mirex2017,102,40.53247,160.00073,99.09148281372549,31.832741717247256,76.0,0.7254901960784313
