{"boeck2015\/tempodetector2016_default":{"0.0":null,"0.005":1.0,"0.01":1.0,"0.015":1.0,"0.02":1.0,"0.025":1.0,"0.03":1.0,"0.035":1.0,"0.04":1.0,"0.045":1.0,"0.05":1.0,"0.055":0.9857142857,"0.06":0.9718309859,"0.065":0.972972973,"0.07":0.972972973,"0.075":0.9733333333,"0.08":0.9605263158,"0.085":0.9480519481,"0.09":0.9487179487,"0.095":0.9493670886,"0.1":0.9382716049,"0.105":0.9382716049,"0.11":0.9397590361,"0.115":0.9397590361,"0.12":0.9397590361,"0.125":0.9397590361,"0.13":0.9397590361,"0.135":0.9397590361,"0.14":0.9397590361,"0.145":0.9397590361,"0.15":0.9397590361,"0.155":0.9404761905,"0.16":0.9411764706,"0.165":0.9418604651,"0.17":0.9310344828,"0.175":0.9318181818,"0.18":0.9318181818,"0.185":0.9318181818,"0.19":0.9318181818,"0.195":0.9213483146,"0.2":0.9213483146,"0.205":0.9222222222,"0.21":0.9222222222,"0.215":0.9222222222,"0.22":0.9230769231,"0.225":0.9239130435,"0.23":0.9239130435,"0.235":0.9239130435,"0.24":0.9247311828,"0.245":0.9247311828,"0.25":0.9247311828,"0.255":0.9247311828,"0.26":0.9255319149,"0.265":0.90625,"0.27":0.90625,"0.275":0.8979591837,"0.28":0.8979591837,"0.285":0.898989899,"0.29":0.898989899,"0.295":0.898989899,"0.3":0.89,"0.305":0.89,"0.31":0.8910891089,"0.315":0.8910891089,"0.32":0.8910891089,"0.325":0.8910891089,"0.33":0.8910891089,"0.335":0.8910891089,"0.34":0.8910891089,"0.345":0.8910891089,"0.35":0.8910891089,"0.355":0.8910891089,"0.36":0.8910891089,"0.365":0.8910891089,"0.37":0.8910891089,"0.375":0.8910891089,"0.38":0.8910891089,"0.385":0.8910891089,"0.39":0.8910891089,"0.395":0.8910891089,"0.4":0.8910891089,"0.405":0.8910891089,"0.41":0.8910891089,"0.415":0.8910891089,"0.42":0.8910891089,"0.425":0.8910891089,"0.43":0.8910891089,"0.435":0.8823529412,"0.44":0.8823529412,"0.445":0.8823529412,"0.45":0.8823529412,"0.455":0.8823529412,"0.46":0.8823529412,"0.465":0.8823529412,"0.47":0.8823529412,"0.475":0.8823529412,"0.48":0.8823529412,"0.485":0.8823529412,"0.49":0.8823529412,"0.495":0.8823529412,"0.5":0.8823529412},"davies2009\/mirex_qm_tempotracker":{"0.0":null,"0.005":1.0,"0.01":1.0,"0.015":1.0,"0.02":1.0,"0.025":1.0,"0.03":0.9807692308,"0.035":0.9830508475,"0.04":0.9838709677,"0.045":0.984375,"0.05":0.9705882353,"0.055":0.9714285714,"0.06":0.9577464789,"0.065":0.9324324324,"0.07":0.9324324324,"0.075":0.92,"0.08":0.9078947368,"0.085":0.8961038961,"0.09":0.8974358974,"0.095":0.8987341772,"0.1":0.8888888889,"0.105":0.8888888889,"0.11":0.8674698795,"0.115":0.8674698795,"0.12":0.8674698795,"0.125":0.8674698795,"0.13":0.8674698795,"0.135":0.8674698795,"0.14":0.8674698795,"0.145":0.8674698795,"0.15":0.8674698795,"0.155":0.869047619,"0.16":0.8588235294,"0.165":0.8488372093,"0.17":0.8390804598,"0.175":0.8295454545,"0.18":0.8295454545,"0.185":0.8295454545,"0.19":0.8295454545,"0.195":0.8202247191,"0.2":0.8202247191,"0.205":0.8222222222,"0.21":0.8222222222,"0.215":0.8222222222,"0.22":0.8241758242,"0.225":0.8152173913,"0.23":0.8152173913,"0.235":0.8152173913,"0.24":0.8064516129,"0.245":0.8064516129,"0.25":0.8064516129,"0.255":0.8064516129,"0.26":0.8085106383,"0.265":0.8020833333,"0.27":0.8020833333,"0.275":0.7857142857,"0.28":0.7857142857,"0.285":0.7878787879,"0.29":0.7878787879,"0.295":0.7878787879,"0.3":0.78,"0.305":0.78,"0.31":0.7722772277,"0.315":0.7722772277,"0.32":0.7722772277,"0.325":0.7722772277,"0.33":0.7722772277,"0.335":0.7722772277,"0.34":0.7722772277,"0.345":0.7722772277,"0.35":0.7722772277,"0.355":0.7722772277,"0.36":0.7722772277,"0.365":0.7722772277,"0.37":0.7722772277,"0.375":0.7722772277,"0.38":0.7722772277,"0.385":0.7722772277,"0.39":0.7722772277,"0.395":0.7722772277,"0.4":0.7722772277,"0.405":0.7722772277,"0.41":0.7722772277,"0.415":0.7722772277,"0.42":0.7722772277,"0.425":0.7722772277,"0.43":0.7722772277,"0.435":0.7647058824,"0.44":0.7647058824,"0.445":0.7647058824,"0.45":0.7647058824,"0.455":0.7647058824,"0.46":0.7647058824,"0.465":0.7647058824,"0.47":0.7647058824,"0.475":0.7647058824,"0.48":0.7647058824,"0.485":0.7647058824,"0.49":0.7647058824,"0.495":0.7647058824,"0.5":0.7647058824},"percival2014\/stem":{"0.0":null,"0.005":1.0,"0.01":1.0,"0.015":1.0,"0.02":1.0,"0.025":1.0,"0.03":1.0,"0.035":1.0,"0.04":1.0,"0.045":1.0,"0.05":1.0,"0.055":1.0,"0.06":0.985915493,"0.065":0.9864864865,"0.07":0.9864864865,"0.075":0.9866666667,"0.08":0.9736842105,"0.085":0.961038961,"0.09":0.9615384615,"0.095":0.9620253165,"0.1":0.962962963,"0.105":0.962962963,"0.11":0.9638554217,"0.115":0.9638554217,"0.12":0.9638554217,"0.125":0.9638554217,"0.13":0.9638554217,"0.135":0.9638554217,"0.14":0.9638554217,"0.145":0.9638554217,"0.15":0.9638554217,"0.155":0.9523809524,"0.16":0.9529411765,"0.165":0.9534883721,"0.17":0.9425287356,"0.175":0.9318181818,"0.18":0.9318181818,"0.185":0.9318181818,"0.19":0.9318181818,"0.195":0.9213483146,"0.2":0.9213483146,"0.205":0.9111111111,"0.21":0.9111111111,"0.215":0.9111111111,"0.22":0.9120879121,"0.225":0.902173913,"0.23":0.902173913,"0.235":0.902173913,"0.24":0.8924731183,"0.245":0.8924731183,"0.25":0.8924731183,"0.255":0.8924731183,"0.26":0.8936170213,"0.265":0.875,"0.27":0.875,"0.275":0.8673469388,"0.28":0.8673469388,"0.285":0.8686868687,"0.29":0.8686868687,"0.295":0.8686868687,"0.3":0.86,"0.305":0.86,"0.31":0.8514851485,"0.315":0.8514851485,"0.32":0.8514851485,"0.325":0.8514851485,"0.33":0.8514851485,"0.335":0.8514851485,"0.34":0.8514851485,"0.345":0.8514851485,"0.35":0.8514851485,"0.355":0.8514851485,"0.36":0.8514851485,"0.365":0.8514851485,"0.37":0.8514851485,"0.375":0.8514851485,"0.38":0.8514851485,"0.385":0.8514851485,"0.39":0.8514851485,"0.395":0.8514851485,"0.4":0.8514851485,"0.405":0.8514851485,"0.41":0.8514851485,"0.415":0.8514851485,"0.42":0.8514851485,"0.425":0.8514851485,"0.43":0.8514851485,"0.435":0.8431372549,"0.44":0.8431372549,"0.445":0.8431372549,"0.45":0.8431372549,"0.455":0.8431372549,"0.46":0.8431372549,"0.465":0.8431372549,"0.47":0.8431372549,"0.475":0.8431372549,"0.48":0.8431372549,"0.485":0.8431372549,"0.49":0.8431372549,"0.495":0.8431372549,"0.5":0.8431372549},"schreiber2014\/default":{"0.0":null,"0.005":1.0,"0.01":0.9615384615,"0.015":0.9705882353,"0.02":0.9743589744,"0.025":0.9574468085,"0.03":0.9423076923,"0.035":0.9491525424,"0.04":0.9516129032,"0.045":0.953125,"0.05":0.9411764706,"0.055":0.9285714286,"0.06":0.9154929577,"0.065":0.8918918919,"0.07":0.8918918919,"0.075":0.8933333333,"0.08":0.8947368421,"0.085":0.8831168831,"0.09":0.8846153846,"0.095":0.8860759494,"0.1":0.8888888889,"0.105":0.8888888889,"0.11":0.8795180723,"0.115":0.8795180723,"0.12":0.8795180723,"0.125":0.8795180723,"0.13":0.8795180723,"0.135":0.8795180723,"0.14":0.8795180723,"0.145":0.8795180723,"0.15":0.8795180723,"0.155":0.880952381,"0.16":0.8705882353,"0.165":0.8720930233,"0.17":0.8620689655,"0.175":0.8636363636,"0.18":0.8636363636,"0.185":0.8636363636,"0.19":0.8636363636,"0.195":0.8539325843,"0.2":0.8539325843,"0.205":0.8555555556,"0.21":0.8555555556,"0.215":0.8555555556,"0.22":0.8461538462,"0.225":0.847826087,"0.23":0.847826087,"0.235":0.847826087,"0.24":0.8387096774,"0.245":0.8387096774,"0.25":0.8387096774,"0.255":0.8387096774,"0.26":0.829787234,"0.265":0.8229166667,"0.27":0.8229166667,"0.275":0.8163265306,"0.28":0.8163265306,"0.285":0.8080808081,"0.29":0.8080808081,"0.295":0.8080808081,"0.3":0.8,"0.305":0.8,"0.31":0.801980198,"0.315":0.801980198,"0.32":0.801980198,"0.325":0.801980198,"0.33":0.801980198,"0.335":0.801980198,"0.34":0.801980198,"0.345":0.801980198,"0.35":0.801980198,"0.355":0.801980198,"0.36":0.801980198,"0.365":0.801980198,"0.37":0.801980198,"0.375":0.801980198,"0.38":0.801980198,"0.385":0.801980198,"0.39":0.801980198,"0.395":0.801980198,"0.4":0.801980198,"0.405":0.801980198,"0.41":0.801980198,"0.415":0.801980198,"0.42":0.801980198,"0.425":0.801980198,"0.43":0.801980198,"0.435":0.7941176471,"0.44":0.7941176471,"0.445":0.7941176471,"0.45":0.7941176471,"0.455":0.7941176471,"0.46":0.7941176471,"0.465":0.7941176471,"0.47":0.7941176471,"0.475":0.7941176471,"0.48":0.7941176471,"0.485":0.7941176471,"0.49":0.7941176471,"0.495":0.7941176471,"0.5":0.7941176471},