{"boeck2015\/tempodetector2016_default":{"boeck2015\/tempodetector2016_default":1.0,"davies2009\/mirex_qm_tempotracker":0.1200242078,"percival2014\/stem":0.3852057483,"schreiber2014\/default":0.171299619,"schreiber2017\/ismir2017":0.089909931,"schreiber2017\/mirex2017":0.0899099202},"davies2009\/mirex_qm_tempotracker":{"boeck2015\/tempodetector2016_default":0.1200242078,"davies2009\/mirex_qm_tempotracker":1.0,"percival2014\/stem":0.2208674891,"schreiber2014\/default":0.9690187548,"schreiber2017\/ismir2017":0.865192406,"schreiber2017\/mirex2017":0.8651923639},"percival2014\/stem":{"boeck2015\/tempodetector2016_default":0.3852057483,"davies2009\/mirex_qm_tempotracker":0.2208674891,"percival2014\/stem":1.0,"schreiber2014\/default":0.3629215337,"schreiber2017\/ismir2017":0.0454612579,"schreiber2017\/mirex2017":0.0454612476},"schreiber2014\/default":{"boeck2015\/tempodetector2016_default":0.171299619,"davies2009\/mirex_qm_tempotracker":0.9690187548,"percival2014\/stem":0.3629215337,"schreiber2014\/default":1.0,"schreiber2017\/ismir2017":0.8288146772,"schreiber2017\/mirex2017":0.8288146328},"schreiber2017\/ismir2017":{"boeck2015\/tempodetector2016_default":0.089909931,"davies2009\/mirex_qm_tempotracker":0.865192406,"percival2014\/stem":0.0454612579,"schreiber2014\/default":0.8288146772,"schreiber2017\/ismir2017":1.0,"schreiber2017\/mirex2017":0.322223406},"schreiber2017\/mirex2017":{"boeck2015\/tempodetector2016_default":0.0899099202,"davies2009\/mirex_qm_tempotracker":0.8651923639,"percival2014\/stem":0.0454612476,"schreiber2014\/default":0.8288146328,"schreiber2017\/ismir2017":0.322223406,"schreiber2017\/mirex2017":1.0}}