{"AOE1_MEAN":{"schreiber2017\/mirex2017":0.0401241727,"schreiber2018\/ismir2018":0.0676856324,"schreiber2018\/cnn":0.06894301,"schreiber2018\/fcn":0.0698374458,"schreiber2017\/ismir2017":0.0954061379,"percival2014\/stem":0.1354309074,"boeck2015\/tempodetector2016_default":0.1370768677,"schreiber2014\/default":0.2291699545,"davies2009\/mirex_qm_tempotracker":0.2823657797},"AOE1_STDEV":{"schreiber2017\/mirex2017":0.1456962984,"schreiber2018\/ismir2018":0.2501388187,"schreiber2018\/cnn":0.2498466848,"schreiber2018\/fcn":0.2496170184,"schreiber2017\/ismir2017":0.2627108575,"percival2014\/stem":0.3405913141,"boeck2015\/tempodetector2016_default":0.3406127424,"schreiber2014\/default":0.3992194813,"davies2009\/mirex_qm_tempotracker":0.4374609819},"AOE2_MEAN":{"schreiber2017\/mirex2017":0.0287575346,"schreiber2018\/ismir2018":0.0010189658,"schreiber2018\/cnn":0.0022763433,"schreiber2018\/fcn":0.0031707792,"schreiber2017\/ismir2017":0.0287575346,"percival2014\/stem":0.0020975741,"boeck2015\/tempodetector2016_default":0.0037435343,"schreiber2014\/default":0.0291699545,"davies2009\/mirex_qm_tempotracker":0.0191832531},"AOE2_STDEV":{"schreiber2017\/mirex2017":0.1031684387,"schreiber2018\/ismir2018":0.0012521995,"schreiber2018\/cnn":0.0048120327,"schreiber2018\/fcn":0.0052634338,"schreiber2017\/ismir2017":0.1031684387,"percival2014\/stem":0.0012543665,"boeck2015\/tempodetector2016_default":0.0037484478,"schreiber2014\/default":0.1030580149,"davies2009\/mirex_qm_tempotracker":0.0100867655}}