{"boeck2015\/tempodetector2016_default":{"0":0.0,"1":0.0,"2":-0.0076498832,"3":-0.0072315692,"4":0.0,"5":-0.0047480884,"6":0.0047641165,"7":-0.0047480884,"8":0.0,"9":0.0047641165,"10":0.0,"11":0.0,"12":-0.0077316368,"13":0.0047593073,"14":0.0},"davies2009\/mirex_qm_tempotracker":{"0":0.0134533267,"1":0.0190993315,"2":0.0202354884,"3":0.0106382273,"4":0.0191040772,"5":0.0162742087,"6":0.0276113897,"7":0.0361767531,"8":0.0191040772,"9":0.0276113897,"10":0.0191040772,"11":0.0022224422,"12":0.0179710411,"13":0.0304619853,"14":0.0022224422},"percival2014\/stem":{"0":0.0022254431,"1":-0.0019614745,"2":-0.0016794974,"3":-0.0019617955,"4":-0.001961956,"5":0.0015284468,"6":0.0001331657,"7":0.0015284468,"8":-0.001961956,"9":0.0001331657,"10":-0.001961956,"11":-0.0019609929,"12":0.0016655997,"13":-0.0019583758,"14":-0.0019609929},"schreiber2014\/default":{"0":0.0000066724,"1":-0.0031727987,"2":0.0018104169,"3":0.0008755143,"4":0.0010018346,"5":0.4155519344,"6":-0.0000480536,"7":-0.0002980504,"8":-0.0001354754,"9":0.0003894751,"10":-0.0024129043,"11":-0.0002303687,"12":0.0009625534,"13":-0.0008282192,"14":0.0002436747},"schreiber2017\/ismir2017":{"0":0.0000066724,"1":-0.0001354273,"2":0.0001708105,"3":-0.0003882975,"4":-0.0001354754,"5":0.4155519344,"6":-0.0000480536,"7":0.0005143321,"8":-0.0001354754,"9":-0.0000480536,"10":-0.0001354754,"11":-0.0002303687,"12":-0.0000178348,"13":0.0001611965,"14":-0.0002303687},"schreiber2017\/mirex2017":{"0":0.0000066724,"1":-0.0001354273,"2":0.0001708105,"3":-0.0003882975,"4":-0.0001354754,"5":0.4155519344,"6":-0.0000480536,"7":0.0005143321,"8":-0.0001354754,"9":-0.0000480536,"10":-0.0001354754,"11":-0.0002303687,"12":-0.0000178348,"13":0.0001611965,"14":-0.0002303687}}