Item,Reference,Estimate
RM-G058_A.jams,121.2121212121214,130.43
RM-G058_C.jams,65.2173913043477,122.45
RM-G060.jams,30.1507537688443,122.45
RM-G061.jams,63.15789473684222,133.33
RM-G063.jams,121.89616252821652,71.43
RM-G079.jams,85.30805687203794,65.22
RM-G085.jams,76.43622200584224,41.1
RM-G089.jams,67.41573033707861,70.59
RM-G093.jams,74.99999999999993,113.21
RM-G095.jams,55.29953917050687,45.11
RM-G097.jams,32.67530445420675,74.07
RM-G098.jams,38.834951456310634,86.96
