Item,Reference,Estimate
RM-J003.jams,96.0,100
RM-J020.jams,70.8661417322837,74
RM-J030.jams,93.26424870466289,97
RM-J031.jams,45.454545454545446,181
RM-J035.jams,135.33834586466327,90
RM-J036.jams,136.36363636363558,90
RM-J044.jams,37.26708074534163,97
