{"davies2009\/mirex_qm_tempotracker":{"RM-C001.jams":1.5302345138,"RM-C002.jams":0.9497721823,"RM-C003.jams":0.5830993816,"RM-C004.jams":1.5919846544,"RM-C005.jams":0.0551613453,"RM-C006.jams":1.3213402933,"RM-C007.jams":1.0409727145,"RM-C008.jams":0.9929695925,"RM-C009.jams":1.2674167421,"RM-C010.jams":0.0461268772,"RM-C011.jams":1.072210668,"RM-C012.jams":1.0227943734,"RM-C013.jams":0.0306138778,"RM-C014.jams":0.0433666713,"RM-C015.jams":1.1609017278,"RM-C016.jams":1.0269954738,"RM-C017.jams":0.0920522485,"RM-C018.jams":1.3197056527,"RM-C019.jams":0.0143707078,"RM-C020.jams":1.0116031372,"RM-C021.jams":1.1717881206,"RM-C022.jams":0.0172931597,"RM-C023_A.jams":1.0285585441,"RM-C023_B.jams":1.0342518762,"RM-C023_C.jams":0.0216755085,"RM-C023_D.jams":0.0129013906,"RM-C023_E.jams":1.0170458133,"RM-C024_A.jams":0.0129013906,"RM-C024_B.jams":0.0245831956,"RM-C024_C.jams":0.9689232811,"RM-C025_A.jams":1.0100541919,"RM-C025_B.jams":1.0262206228,"RM-C025_C.jams":0.0344129453,"RM-C025_D.jams":1.0346700879,"RM-C026.jams":0.4017286011,"RM-C027.jams":0.0376131441,"RM-C028.jams":0.106564406,"RM-C029.jams":1.3313064189,"RM-C030.jams":1.7869447969,"RM-C031.jams":1.628985999,"RM-C032.jams":0.6370807977,"RM-C033.jams":0.9545596376,"RM-C034.jams":0.0741395784,"RM-C035_A.jams":1.0654851131,"RM-C035_B.jams":0.0596964889,"RM-C035_C.jams":0.0487669288,"RM-C036.jams":1.0750291118,"RM-C037.jams":0.9831902467,"RM-C038.jams":0.5107278508,"RM-C039.jams":1.0711565575,"RM-C040.jams":1.1244824058,"RM-C041.jams":1.1982625652,"RM-C042.jams":1.0402872784,"RM-C043.jams":0.0111272401,"RM-C044.jams":0.9971815647,"RM-C045.jams":1.035498597,"RM-C046.jams":0.0325654996,"RM-C047.jams":1.0291397133,"RM-C048.jams":1.4114167543,"RM-C049.jams":0.0160532057,"RM-C050.jams":0.1113670673},"schreiber2018\/fcn":{"RM-C001.jams":0.9740262603,"RM-C002.jams":0.9756803208,"RM-C003.jams":0.9818406309,"RM-C004.jams":1.5953418487,"RM-C005.jams":0.0157752428,"RM-C006.jams":1.0918690553,"RM-C007.jams":0.0150693217,"RM-C008.jams":2.0086822431,"RM-C009.jams":0.6603810352,"RM-C010.jams":0.0906652733,"RM-C011.jams":0.0464243371,"RM-C012.jams":0.0048170163,"RM-C013.jams":0.0193653249,"RM-C014.jams":1.0417140991,"RM-C015.jams":0.2274672677,"RM-C016.jams":0.9916805621,"RM-C017.jams":0.0004448838,"RM-C018.jams":1.4873517041,"RM-C019.jams":0.0707139708,"RM-C020.jams":1.0260524572,"RM-C021.jams":0.601280523,"RM-C022.jams":0.0591245018,"RM-C023_A.jams":0.0071955014,"RM-C023_B.jams":0.0185392256,"RM-C023_C.jams":0.0328061451,"RM-C023_D.jams":0.9837414151,"RM-C023_E.jams":0.0164963199,"RM-C024_A.jams":0.9837414151,"RM-C024_B.jams":0.9720596101,"RM-C024_C.jams":0.9880273583,"RM-C025_A.jams":0.0100636833,"RM-C025_B.jams":1.0306892041,"RM-C025_C.jams":0.0107798388,"RM-C025_D.jams":0.0015066652,"RM-C026.jams":0.1242885668,"RM-C027.jams":0.0465298637,"RM-C028.jams":0.0214797274,"RM-C029.jams":0.3346636132,"RM-C030.jams":1.5949465893,"RM-C031.jams":1.6110149579,"RM-C032.jams":0.6009040446,"RM-C033.jams":0.2630344058,"RM-C034.jams":0.9213901653,"RM-C035_A.jams":0.1073158969,"RM-C035_B.jams":0.0638863829,"RM-C035_C.jams":0.0529568227,"RM-C036.jams":1.1089704385,"RM-C037.jams":1.0314381572,"RM-C038.jams":0.3552577525,"RM-C039.jams":0.0103765416,"RM-C040.jams":0.9690123075,"RM-C041.jams":0.1108086571,"RM-C042.jams":0.0436444727,"RM-C043.jams":0.8151249679,"RM-C044.jams":0.9763897848,"RM-C045.jams":0.0407244266,"RM-C046.jams":0.0269770663,"RM-C047.jams":0.0324927201,"RM-C048.jams":0.6064422281,"RM-C049.jams":0.9720596101,"RM-C050.jams":0.8741836128},"schreiber2018\/ismir2018":{"RM-C001.jams":1.0033702219,"RM-C002.jams":0.9756803208,"RM-C003.jams":1.0115879743,"RM-C004.jams":0.707816578,"RM-C005.jams":0.0417102519,"RM-C006.jams":0.676831556,"RM-C007.jams":0.0159575739,"RM-C008.jams":0.9985580258,"RM-C009.jams":0.5393656343,"RM-C010.jams":0.0906652733,"RM-C011.jams":0.0910791867,"RM-C012.jams":1.0280976062,"RM-C013.jams":0.0193653249,"RM-C014.jams":0.9610956389,"RM-C015.jams":0.209765266,"RM-C016.jams":1.0491660568,"RM-C017.jams":0.0145054577,"RM-C018.jams":1.8365012677,"RM-C019.jams":0.0098317287,"RM-C020.jams":1.0260524572,"RM-C021.jams":0.5506544499,"RM-C022.jams":0.0038420663,"RM-C023_A.jams":0.0071955014,"RM-C023_B.jams":1.0083434585,"RM-C023_C.jams":0.002526928,"RM-C023_D.jams":0.9264082401,"RM-C023_E.jams":0.0392163964,"RM-C024_A.jams":0.0232697793,"RM-C024_B.jams":0.0083115832,"RM-C024_C.jams":0.0119726417,"RM-C025_A.jams":1.0100636833,"RM-C025_B.jams":1.0306892041,"RM-C025_C.jams":0.0107798388,"RM-C025_D.jams":1.0290816546,"RM-C026.jams":0.4356699278,"RM-C027.jams":0.0241620507,"RM-C028.jams":0.0823619696,"RM-C029.jams":0.3346636132,"RM-C030.jams":0.8030547846,"RM-C031.jams":1.6718972001,"RM-C032.jams":0.6314923644,"RM-C033.jams":0.0114956388,"RM-C034.jams":0.9213901653,"RM-C035_A.jams":0.0441220704,"RM-C035_B.jams":0.0197715462,"RM-C035_C.jams":0.0307011064,"RM-C036.jams":1.1190241031,"RM-C037.jams":1.0073926832,"RM-C038.jams":0.7356814967,"RM-C039.jams":0.0469566334,"RM-C040.jams":0.1771205028,"RM-C041.jams":0.2551985664,"RM-C042.jams":0.0240156659,"RM-C043.jams":0.9584891431,"RM-C044.jams":0.9899363167,"RM-C045.jams":1.0452487965,"RM-C046.jams":0.0269770663,"RM-C047.jams":0.0307011064,"RM-C048.jams":0.6064422281,"RM-C049.jams":0.0568917636,"RM-C050.jams":0.8741836128},"schreiber2018\/cnn":{"RM-C001.jams":1.5932819386,"RM-C002.jams":0.9756803208,"RM-C003.jams":1.0115879743,"RM-C004.jams":0.8288319789,"RM-C005.jams":0.0157752428,"RM-C006.jams":0.676831556,"RM-C007.jams":0.0150693217,"RM-C008.jams":2.0086822431,"RM-C009.jams":0.6097549622,"RM-C010.jams":0.0906652733,"RM-C011.jams":0.0259602345,"RM-C012.jams":0.01720929,"RM-C013.jams":0.0030024882,"RM-C014.jams":0.9768629547,"RM-C015.jams":0.209765266,"RM-C016.jams":0.9680292941,"RM-C017.jams":0.0004448838,"RM-C018.jams":1.8365012677,"RM-C019.jams":1.0218043703,"RM-C020.jams":1.0260524572,"RM-C021.jams":0.5506544499,"RM-C022.jams":0.0262098793,"RM-C023_A.jams":0.0285691522,"RM-C023_B.jams":0.0185392256,"RM-C023_C.jams":0.0144995697,"RM-C023_D.jams":0.9264082401,"RM-C023_E.jams":0.0065872932,"RM-C024_A.jams":0.0162585849,"RM-C024_B.jams":0.9916884168,"RM-C024_C.jams":0.0119726417,"RM-C025_A.jams":1.0005409092,"RM-C025_B.jams":1.0306892041,"RM-C025_C.jams":0.0107798388,"RM-C025_D.jams":0.9881513906,"RM-C026.jams":0.3947396638,"RM-C027.jams":0.0465298637,"RM-C028.jams":0.0214797274,"RM-C029.jams":0.3919967883,"RM-C030.jams":0.8030547846,"RM-C031.jams":1.6110149579,"RM-C032.jams":0.5905621004,"RM-C033.jams":0.0114956388,"RM-C034.jams":0.9064398238,"RM-C035_A.jams":0.1277799994,"RM-C035_B.jams":0.0638863829,"RM-C035_C.jams":0.0529568227,"RM-C036.jams":1.0259146988,"RM-C037.jams":1.0073926832,"RM-C038.jams":0.3552577525,"RM-C039.jams":0.0469566334,"RM-C040.jams":1.1333991254,"RM-C041.jams":0.2551985664,"RM-C042.jams":0.0240156659,"RM-C043.jams":0.874831214,"RM-C044.jams":1.0174170531,"RM-C045.jams":1.5939911093,"RM-C046.jams":0.0139531978,"RM-C047.jams":0.9800253002,"RM-C048.jams":0.6553518286,"RM-C049.jams":0.0279403899,"RM-C050.jams":0.7625382569},"percival2014\/stem":{"RM-C001.jams":0.997364921,"RM-C002.jams":0.9876453928,"RM-C003.jams":1.0026365284,"RM-C004.jams":0.8632889653,"RM-C005.jams":0.0107686217,"RM-C006.jams":0.5692694817,"RM-C007.jams":0.0014469465,"RM-C008.jams":2.00295738,"RM-C009.jams":0.6459283654,"RM-C010.jams":0.9949008796,"RM-C011.jams":1.0201225058,"RM-C012.jams":1.0044198919,"RM-C013.jams":0.0122393964,"RM-C014.jams":0.9947662941,"RM-C015.jams":0.1500141654,"RM-C016.jams":1.0095039992,"RM-C017.jams":0.0148149026,"RM-C018.jams":1.9378303833,"RM-C019.jams":0.0229860714,"RM-C020.jams":1.0277180569,"RM-C021.jams":1.1361664441,"RM-C022.jams":0.026343045,"RM-C023_A.jams":1.0050298342,"RM-C023_B.jams":0.0045013922,"RM-C023_C.jams":0.0045973889,"RM-C023_D.jams":0.9922393025,"RM-C023_E.jams":0.9995543388,"RM-C024_A.jams":1.0075601158,"RM-C024_B.jams":0.0143168841,"RM-C024_C.jams":0.9899893143,"RM-C025_A.jams":0.9994895563,"RM-C025_B.jams":1.0187241321,