{"boeck2015\/tempodetector2016_default":{"boeck2015\/tempodetector2016_default":1.0,"davies2009\/mirex_qm_tempotracker":0.0249965912,"percival2014\/stem":0.1182668222,"schreiber2014\/default":0.0021241935,"schreiber2017\/ismir2017":0.0546453191,"schreiber2017\/mirex2017":0.0546453059},"davies2009\/mirex_qm_tempotracker":{"boeck2015\/tempodetector2016_default":0.0249965912,"davies2009\/mirex_qm_tempotracker":1.0,"percival2014\/stem":0.0067651395,"schreiber2014\/default":0.3016307862,"schreiber2017\/ismir2017":0.3957467141,"schreiber2017\/mirex2017":0.3957467349},"percival2014\/stem":{"boeck2015\/tempodetector2016_default":0.1182668222,"davies2009\/mirex_qm_tempotracker":0.0067651395,"percival2014\/stem":1.0,"schreiber2014\/default":0.000448583,"schreiber2017\/ismir2017":0.0253781092,"schreiber2017\/mirex2017":0.0253781029},"schreiber2014\/default":{"boeck2015\/tempodetector2016_default":0.0021241935,"davies2009\/mirex_qm_tempotracker":0.3016307862,"percival2014\/stem":0.000448583,"schreiber2014\/default":1.0,"schreiber2017\/ismir2017":0.0253700189,"schreiber2017\/mirex2017":0.025370023},"schreiber2017\/ismir2017":{"boeck2015\/tempodetector2016_default":0.0546453191,"davies2009\/mirex_qm_tempotracker":0.3957467141,"percival2014\/stem":0.0253781092,"schreiber2014\/default":0.0253700189,"schreiber2017\/ismir2017":1.0,"schreiber2017\/mirex2017":0.322223406},"schreiber2017\/mirex2017":{"boeck2015\/tempodetector2016_default":0.0546453059,"davies2009\/mirex_qm_tempotracker":0.3957467349,"percival2014\/stem":0.0253781029,"schreiber2014\/default":0.025370023,"schreiber2017\/ismir2017":0.322223406,"schreiber2017\/mirex2017":1.0}}