{"OE1_MEAN":{"schreiber2014\/default":-0.133496612,"percival2014\/stem":-0.1097645542,"davies2009\/mirex_qm_tempotracker":0.1540776421,"schreiber2017\/mirex2017":-0.0299035438,"schreiber2017\/ismir2017":-0.0299035438,"boeck2015\/tempodetector2016_default":-0.3359065077},"OE1_STDEV":{"schreiber2014\/default":0.3676717799,"percival2014\/stem":0.3719983212,"davies2009\/mirex_qm_tempotracker":0.4339043053,"schreiber2017\/mirex2017":0.4352611611,"schreiber2017\/ismir2017":0.4352611611,"boeck2015\/tempodetector2016_default":0.5021071006},"OE2_MEAN":{"schreiber2014\/default":-0.013496612,"percival2014\/stem":0.0002354458,"davies2009\/mirex_qm_tempotracker":0.0240776421,"schreiber2017\/mirex2017":0.0000964562,"schreiber2017\/ismir2017":0.0000964562,"boeck2015\/tempodetector2016_default":-0.0000568827},"OE2_STDEV":{"schreiber2014\/default":0.0687243748,"percival2014\/stem":0.0027106097,"davies2009\/mirex_qm_tempotracker":0.0415445918,"schreiber2017\/mirex2017":0.0018749289,"schreiber2017\/ismir2017":0.0018749289,"boeck2015\/tempodetector2016_default":0.0053595321}}