{"boeck2015\/tempodetector2016_default":{"0.0":null,"0.005":-0.0015354273,"0.01":-0.0020532584,"0.015":-0.0018821535,"0.02":-0.0018821535,"0.025":-0.0018821535,"0.03":-0.0018821535,"0.035":-0.0018821535,"0.04":-0.0017373725,"0.045":-0.0016132744,"0.05":-0.0016132744,"0.055":-0.001188115,"0.06":-0.001188115,"0.065":-0.001188115,"0.07":-0.001188115,"0.075":-0.001188115,"0.08":-0.001188115,"0.085":-0.001188115,"0.09":-0.001188115,"0.095":-0.001188115,"0.1":-0.001188115,"0.105":-0.001188115,"0.11":-0.001188115,"0.115":-0.001188115,"0.12":-0.001188115,"0.125":-0.001188115,"0.13":-0.001188115,"0.135":-0.001188115,"0.14":-0.001188115,"0.145":-0.001188115,"0.15":-0.001188115,"0.155":-0.001188115,"0.16":-0.001188115,"0.165":-0.001188115,"0.17":-0.001188115,"0.175":-0.001188115,"0.18":-0.001188115,"0.185":-0.001188115,"0.19":-0.001188115,"0.195":-0.001188115,"0.2":-0.001188115,"0.205":-0.001188115,"0.21":-0.001188115,"0.215":-0.001188115,"0.22":-0.001188115,"0.225":-0.001188115,"0.23":-0.001188115,"0.235":-0.001188115,"0.24":-0.001188115,"0.245":-0.001188115,"0.25":-0.001188115,"0.255":-0.001188115,"0.26":-0.001188115,"0.265":-0.001188115,"0.27":-0.001188115,"0.275":-0.001188115,"0.28":-0.001188115,"0.285":-0.001188115,"0.29":-0.001188115,"0.295":-0.001188115,"0.3":-0.001188115,"0.305":-0.001188115,"0.31":-0.001188115,"0.315":-0.001188115,"0.32":-0.001188115,"0.325":-0.001188115,"0.33":-0.001188115,"0.335":-0.001188115,"0.34":-0.001188115,"0.345":-0.001188115,"0.35":-0.001188115,"0.355":-0.001188115,"0.36":-0.001188115,"0.365":-0.001188115,"0.37":-0.001188115,"0.375":-0.001188115,"0.38":-0.001188115,"0.385":-0.001188115,"0.39":-0.001188115,"0.395":-0.001188115,"0.4":-0.001188115,"0.405":-0.001188115,"0.41":-0.001188115,"0.415":-0.001188115,"0.42":-0.001188115,"0.425":-0.001188115,"0.43":-0.001188115,"0.435":-0.001188115,"0.44":-0.001188115,"0.445":-0.001188115,"0.45":-0.001188115,"0.455":-0.001188115,"0.46":-0.001188115,"0.465":-0.001188115,"0.47":-0.001188115,"0.475":-0.001188115,"0.48":-0.001188115,"0.485":-0.001188115,"0.49":-0.001188115,"0.495":-0.001188115,"0.5":-0.001188115},"davies2009\/mirex_qm_tempotracker":{"0.0":null,"0.005":0.0191383905,"0.01":0.0183656484,"0.015":0.0184271841,"0.02":0.0184271841,"0.025":0.0184271841,"0.03":0.0184271841,"0.035":0.0184271841,"0.04":0.0184788878,"0.045":0.0181199191,"0.05":0.0181199191,"0.055":0.0187526838,"0.06":0.0187526838,"0.065":0.0187526838,"0.07":0.0187526838,"0.075":0.0187526838,"0.08":0.0187526838,"0.085":0.0187526838,"0.09":0.0187526838,"0.095":0.0187526838,"0.1":0.0187526838,"0.105":0.0187526838,"0.11":0.0187526838,"0.115":0.0187526838,"0.12":0.0187526838,"0.125":0.0187526838,"0.13":0.0187526838,"0.135":0.0187526838,"0.14":0.0187526838,"0.145":0.0187526838,"0.15":0.0187526838,"0.155":0.0187526838,"0.16":0.0187526838,"0.165":0.0187526838,"0.17":0.0187526838,"0.175":0.0187526838,"0.18":0.0187526838,"0.185":0.0187526838,"0.19":0.0187526838,"0.195":0.0187526838,"0.2":0.0187526838,"0.205":0.0187526838,"0.21":0.0187526838,"0.215":0.0187526838,"0.22":0.0187526838,"0.225":0.0187526838,"0.23":0.0187526838,"0.235":0.0187526838,"0.24":0.0187526838,"0.245":0.0187526838,"0.25":0.0187526838,"0.255":0.0187526838,"0.26":0.0187526838,"0.265":0.0187526838,"0.27":0.0187526838,"0.275":0.0187526838,"0.28":0.0187526838,"0.285":0.0187526838,"0.29":0.0187526838,"0.295":0.0187526838,"0.3":0.0187526838,"0.305":0.0187526838,"0.31":0.0187526838,"0.315":0.0187526838,"0.32":0.0187526838,"0.325":0.0187526838,"0.33":0.0187526838,"0.335":0.0187526838,"0.34":0.0187526838,"0.345":0.0187526838,"0.35":0.0187526838,"0.355":0.0187526838,"0.36":0.0187526838,"0.365":0.0187526838,"0.37":0.0187526838,"0.375":0.0187526838,"0.38":0.0187526838,"0.385":0.0187526838,"0.39":0.0187526838,"0.395":0.0187526838,"0.4":0.0187526838,"0.405":0.0187526838,"0.41":0.0187526838,"0.415":0.0187526838,"0.42":0.0187526838,"0.425":0.0187526838,"0.43":0.0187526838,"0.435":0.0187526838,"0.44":0.0187526838,"0.445":0.0187526838,"0.45":0.0187526838,"0.455":0.0187526838,"0.46":0.0187526838,"0.465":0.0187526838,"0.47":0.0187526838,"0.475":0.0187526838,"0.48":0.0187526838,"0.485":0.0187526838,"0.49":0.0187526838,"0.495":0.0187526838,"0.5":0.0187526838},"percival2014\/stem":{"0.0":null,"0.005":-0.0006628112,"0.01":-0.0007809007,"0.015":-0.000879322,"0.02":-0.000879322,"0.025":-0.000879322,"0.03":-0.000879322,"0.035":-0.000879322,"0.04":-0.0009625645,"0.045":-0.0007348496,"0.05":-0.0007348496,"0.055":-0.0006769819,"0.06":-0.0006769819,"0.065":-0.0006769819,"0.07":-0.0006769819,"0.075":-0.0006769819,"0.08":-0.0006769819,"0.085":-0.0006769819,"0.09":-0.0006769819,"0.095":-0.0006769819,"0.1":-0.0006769819,"0.105":-0.0006769819,"0.11":-0.0006769819,"0.115":-0.0006769819,"0.12":-0.0006769819,"0.125":-0.0006769819,"0.13":-0.0006769819,"0.135":-0.0006769819,"0.14":-0.0006769819,"0.145":-0.0006769819,"0.15":-0.0006769819,"0.155":-0.0006769819,"0.16":-0.0006769819,"0.165":-0.0006769819,"0.17":-0.0006769819,"0.175":-0.0006769819,"0.18":-0.0006769819,"0.185":-0.0006769819,"0.19":-0.0006769819,"0.195":-0.0006769819,"0.2":-0.0006769819,"0.205":-0.0006769819,"0.21":-0.0006769819,"0.215":-0.0006769819,"0.22":-0.0006769819,"0.225":-0.0006769819,"0.23":-0.0006769819,"0.235":-0.0006769819,"0.24":-0.0006769819,"0.245":-0.0006769819,"0.25":-0.0006769819,"0.255":-0.0006769819,"0.26":-0.0006769819,"0.265":-0.0006769819,"0.27":-0.0006769819,"0.275":-0.0006769819,"0.28":-0.0006769819,"0.285":-0.0006769819,"0.29":-0.0006769819,"0.295":-0.0006769819,"0.3":-0.0006769819,"0.305":-0.0006769819,"0.31":-0.0006769819,"0.315":-0.0006769819,"0.32":-0.0006769819,"0.325":-0.0006769819,"0.33":-0.0006769819,"0.335":-0.0006769819,"0.34":-0.0006769819,"0.345":-0.0006769819,"0.35":-0.0006769819,"0.355":-0.0006769819,"0.36":-0.0006769819,"0.365":-0.0006769819,"0.37":-0.0006769819,"0.375":-0.0006769819,"0.38":-0.0006769819,"0.385":-0.0006769819,"0.39":-0.0006769819,"0.395":-0.0006769819,"0.4":-0.0006769819,"0.405":-0.0006769819,"0.41":-0.0006769819,"0.415":-0.0006769819,"0.42":-0.0006769819,"0.425":-0.0006769819,"0.43":-0.0006769819,"0.435":-0.0006769819,"0.44":-0.0006769819,"0.445":-0.0006769819,"0.45":-0.0006769819,"0.455":-0.0006769819,"0.46":-0.0006769819,"0.465":-0.0006769819,"0.47":-0.0006769819,"0.475":-0.0006769819,"0.48":-0.0006769819,"0.485":-0.0006769819,"0.49":-0.0006769819,"0.495":-0.0006769819,"0.5":-0.0006769819},"schreiber2014\/default":{"0.0":null,"0.005":0.0416190346,"0.01":0.0379150783,"0.015":0.0347441988,"0.02":0.0347441988,"0.025":0.0347441988,"0.03":0.0347441988,"0.035":0.0347441988,"0.04":0.0318275067,"0.045":0.0295545899,"0.05":0.0295545899,"0.055":0.0275810804,"0.06":0.0275810804,"0.065":0.0275810804,"0.07":0.0275810804,"0.075":0.0275810804,"0.08":0.0275810804,"0.085":0.0275810804,"0.09":0.0275810804,"0.095":0.0275810804,"0.1":0.0275810804,"0.105":0.0275810804,"0.11":0.0275810804,"0.115":0.0275810804,"0.12":0.0275810804,"0.125":0.0275810804,"0.13":0.0275810804,"0.135":0.0275810804,"0.14":0.0275810804,"0.145":0.0275810804,"0.15":0.0275810804,"0.155":0.0275810804,"0.16":0.0275810804,"0.165":0.0275810804,"0.17":0.0275810804,"0.175":0.0275810804,"0.18":0.0275810804,"0.185":0.0275810804,"0.19":0.0275810804,"0.195":0.0275810804,"0.2":0.0275810804,"0.205":0.0275810804,"0.21":0.0275810804,"0.215":0.0275810804,"0.22":0.0275810804,"0.225":0.0275810804,"0.23":0.0275810804,"0.235":0.0275810804,"0.24":0.0275810804,"0.245":0.0275810804,"0.25":0.0275810804,"0.255":0.0275810804,"0.26":0.0275810804,"0.265":0.0275810804,"0.27":0.0275810804,"0.275":0.0275810804,"0.28":0.0275810804,"0.285":0.0275810804,"0.29":0.0275810804,"0.295":0.0275810804,"0.3":0.0275810804,"0.305":0.0275810804,"0.31":0.0275810804,"0.315":0.0275810804,"0.32":0.0275810804,"0.325":0.0275810804,"0.33":0.0275810804,"0.335":0.0275810804,"0.34":0.0275810804,"0.345":0.0275810804,"0.35":0.0275810804,"0.355":0.0275810804,"0.36":0.0275810804,"0.365":0.0275810804,"0.37":0.0275810804,"0.375":0.0275810804,"0.38":0.0275810804,"0.385":0.0275810804,