{"boeck2015\/tempodetector2016_default":{"0.0":null,"0.005":0.0034401121,"0.01":0.00378479,"0.015":0.0034693908,"0.02":0.0034693908,"0.025":0.0034693908,"0.03":0.0034693908,"0.035":0.0034693908,"0.04":0.0032025146,"0.045":0.0029737636,"0.05":0.0029737636,"0.055":0.0030931204,"0.06":0.0030931204,"0.065":0.0030931204,"0.07":0.0030931204,"0.075":0.0030931204,"0.08":0.0030931204,"0.085":0.0030931204,"0.09":0.0030931204,"0.095":0.0030931204,"0.1":0.0030931204,"0.105":0.0030931204,"0.11":0.0030931204,"0.115":0.0030931204,"0.12":0.0030931204,"0.125":0.0030931204,"0.13":0.0030931204,"0.135":0.0030931204,"0.14":0.0030931204,"0.145":0.0030931204,"0.15":0.0030931204,"0.155":0.0030931204,"0.16":0.0030931204,"0.165":0.0030931204,"0.17":0.0030931204,"0.175":0.0030931204,"0.18":0.0030931204,"0.185":0.0030931204,"0.19":0.0030931204,"0.195":0.0030931204,"0.2":0.0030931204,"0.205":0.0030931204,"0.21":0.0030931204,"0.215":0.0030931204,"0.22":0.0030931204,"0.225":0.0030931204,"0.23":0.0030931204,"0.235":0.0030931204,"0.24":0.0030931204,"0.245":0.0030931204,"0.25":0.0030931204,"0.255":0.0030931204,"0.26":0.0030931204,"0.265":0.0030931204,"0.27":0.0030931204,"0.275":0.0030931204,"0.28":0.0030931204,"0.285":0.0030931204,"0.29":0.0030931204,"0.295":0.0030931204,"0.3":0.0030931204,"0.305":0.0030931204,"0.31":0.0030931204,"0.315":0.0030931204,"0.32":0.0030931204,"0.325":0.0030931204,"0.33":0.0030931204,"0.335":0.0030931204,"0.34":0.0030931204,"0.345":0.0030931204,"0.35":0.0030931204,"0.355":0.0030931204,"0.36":0.0030931204,"0.365":0.0030931204,"0.37":0.0030931204,"0.375":0.0030931204,"0.38":0.0030931204,"0.385":0.0030931204,"0.39":0.0030931204,"0.395":0.0030931204,"0.4":0.0030931204,"0.405":0.0030931204,"0.41":0.0030931204,"0.415":0.0030931204,"0.42":0.0030931204,"0.425":0.0030931204,"0.43":0.0030931204,"0.435":0.0030931204,"0.44":0.0030931204,"0.445":0.0030931204,"0.45":0.0030931204,"0.455":0.0030931204,"0.46":0.0030931204,"0.465":0.0030931204,"0.47":0.0030931204,"0.475":0.0030931204,"0.48":0.0030931204,"0.485":0.0030931204,"0.49":0.0030931204,"0.495":0.0030931204,"0.5":0.0030931204},"davies2009\/mirex_qm_tempotracker":{"0.0":null,"0.005":0.0191383905,"0.01":0.0183656484,"0.015":0.0184271841,"0.02":0.0184271841,"0.025":0.0184271841,"0.03":0.0184271841,"0.035":0.0184271841,"0.04":0.0184788878,"0.045":0.0181199191,"0.05":0.0181199191,"0.055":0.0187526838,"0.06":0.0187526838,"0.065":0.0187526838,"0.07":0.0187526838,"0.075":0.0187526838,"0.08":0.0187526838,"0.085":0.0187526838,"0.09":0.0187526838,"0.095":0.0187526838,"0.1":0.0187526838,"0.105":0.0187526838,"0.11":0.0187526838,"0.115":0.0187526838,"0.12":0.0187526838,"0.125":0.0187526838,"0.13":0.0187526838,"0.135":0.0187526838,"0.14":0.0187526838,"0.145":0.0187526838,"0.15":0.0187526838,"0.155":0.0187526838,"0.16":0.0187526838,"0.165":0.0187526838,"0.17":0.0187526838,"0.175":0.0187526838,"0.18":0.0187526838,"0.185":0.0187526838,"0.19":0.0187526838,"0.195":0.0187526838,"0.2":0.0187526838,"0.205":0.0187526838,"0.21":0.0187526838,"0.215":0.0187526838,"0.22":0.0187526838,"0.225":0.0187526838,"0.23":0.0187526838,"0.235":0.0187526838,"0.24":0.0187526838,"0.245":0.0187526838,"0.25":0.0187526838,"0.255":0.0187526838,"0.26":0.0187526838,"0.265":0.0187526838,"0.27":0.0187526838,"0.275":0.0187526838,"0.28":0.0187526838,"0.285":0.0187526838,"0.29":0.0187526838,"0.295":0.0187526838,"0.3":0.0187526838,"0.305":0.0187526838,"0.31":0.0187526838,"0.315":0.0187526838,"0.32":0.0187526838,"0.325":0.0187526838,"0.33":0.0187526838,"0.335":0.0187526838,"0.34":0.0187526838,"0.345":0.0187526838,"0.35":0.0187526838,"0.355":0.0187526838,"0.36":0.0187526838,"0.365":0.0187526838,"0.37":0.0187526838,"0.375":0.0187526838,"0.38":0.0187526838,"0.385":0.0187526838,"0.39":0.0187526838,"0.395":0.0187526838,"0.4":0.0187526838,"0.405":0.0187526838,"0.41":0.0187526838,"0.415":0.0187526838,"0.42":0.0187526838,"0.425":0.0187526838,"0.43":0.0187526838,"0.435":0.0187526838,"0.44":0.0187526838,"0.445":0.0187526838,"0.45":0.0187526838,"0.455":0.0187526838,"0.46":0.0187526838,"0.465":0.0187526838,"0.47":0.0187526838,"0.475":0.0187526838,"0.48":0.0187526838,"0.485":0.0187526838,"0.49":0.0187526838,"0.495":0.0187526838,"0.5":0.0187526838},"percival2014\/stem":{"0.0":null,"0.005":0.001633943,"0.01":0.0016637478,"0.015":0.0016885985,"0.02":0.0016885985,"0.025":0.0016885985,"0.03":0.0016885985,"0.035":0.0016885985,"0.04":0.0017095889,"0.045":0.0017464357,"0.05":0.0017464357,"0.055":0.0016388843,"0.06":0.0016388843,"0.065":0.0016388843,"0.07":0.0016388843,"0.075":0.0016388843,"0.08":0.0016388843,"0.085":0.0016388843,"0.09":0.0016388843,"0.095":0.0016388843,"0.1":0.0016388843,"0.105":0.0016388843,"0.11":0.0016388843,"0.115":0.0016388843,"0.12":0.0016388843,"0.125":0.0016388843,"0.13":0.0016388843,"0.135":0.0016388843,"0.14":0.0016388843,"0.145":0.0016388843,"0.15":0.0016388843,"0.155":0.0016388843,"0.16":0.0016388843,"0.165":0.0016388843,"0.17":0.0016388843,"0.175":0.0016388843,"0.18":0.0016388843,"0.185":0.0016388843,"0.19":0.0016388843,"0.195":0.0016388843,"0.2":0.0016388843,"0.205":0.0016388843,"0.21":0.0016388843,"0.215":0.0016388843,"0.22":0.0016388843,"0.225":0.0016388843,"0.23":0.0016388843,"0.235":0.0016388843,"0.24":0.0016388843,"0.245":0.0016388843,"0.25":0.0016388843,"0.255":0.0016388843,"0.26":0.0016388843,"0.265":0.0016388843,"0.27":0.0016388843,"0.275":0.0016388843,"0.28":0.0016388843,"0.285":0.0016388843,"0.29":0.0016388843,"0.295":0.0016388843,"0.3":0.0016388843,"0.305":0.0016388843,"0.31":0.0016388843,"0.315":0.0016388843,"0.32":0.0016388843,"0.325":0.0016388843,"0.33":0.0016388843,"0.335":0.0016388843,"0.34":0.0016388843,"0.345":0.0016388843,"0.35":0.0016388843,"0.355":0.0016388843,"0.36":0.0016388843,"0.365":0.0016388843,"0.37":0.0016388843,"0.375":0.0016388843,"0.38":0.0016388843,"0.385":0.0016388843,"0.39":0.0016388843,"0.395":0.0016388843,"0.4":0.0016388843,"0.405":0.0016388843,"0.41":0.0016388843,"0.415":0.0016388843,"0.42":0.0016388843,"0.425":0.0016388843,"0.43":0.0016388843,"0.435":0.0016388843,"0.44":0.0016388843,"0.445":0.0016388843,"0.45":0.0016388843,"0.455":0.0016388843,"0.46":0.0016388843,"0.465":0.0016388843,"0.47":0.0016388843,"0.475":0.0016388843,"0.48":0.0016388843,"0.485":0.0016388843,"0.49":0.0016388843,"0.495":0.0016388843,"0.5":0.0016388843},"schreiber2014\/default":{"0.0":null,"0.005":0.0423729432,"0.01":0.0386004496,"0.015":0.0353950351,"0.02":0.0353950351,"0.025":0.0353950351,"0.03":0.0353950351,"0.035":0.0353950351,"0.04":0.0329164016,"0.045":0.0305657066,"0.05":0.0305657066,"0.055":0.0285311964,"0.06":0.0285311964,"0.065":0.0285311964,"0.07":0.0285311964,"0.075":0.0285311964,"0.08":0.0285311964,"0.085":0.0285311964,"0.09":0.0285311964,"0.095":0.0285311964,"0.1":0.0285311964,"0.105":0.0285311964,"0.11":0.0285311964,"0.115":0.0285311964,"0.12":0.0285311964,"0.125":0.0285311964,"0.13":0.0285311964,"0.135":0.0285311964,"0.14":0.0285311964,"0.145":0.0285311964,"0.15":0.0285311964,"0.155":0.0285311964,"0.16":0.0285311964,"0.165":0.0285311964,"0.17":0.0285311964,"0.175":0.0285311964,"0.18":0.0285311964,"0.185":0.0285311964,"0.19":0.0285311964,"0.195":0.0285311964,"0.2":0.0285311964,"0.205":0.0285311964,"0.21":0.0285311964,"0.215":0.0285311964,"0.22":0.0285311964,"0.225":0.0285311964,"0.23":0.0285311964,"0.235":0.0285311964,"0.24":0.0285311964,"0.245":0.0285311964,"0.25":0.0285311964,"0.255":0.0285311964,"0.26":0.0285311964,"0.265":0.0285311964,"0.27":0.0285311964,"0.275":0.0285311964,"0.28":0.0285311964,"0.285":0.0285311964,"0.29":0.0285311964,"0.295":0.0285311964,"0.3":0.0285311964,"0.305":0.0285311964,"0.31":0.0285311964,"0.315":0.0285311964,"0.32":0.0285311964,"0.325":0.0285311964,"0.33":0.0285311964,"0.335":0.0285311964,"0.34":0.0285311964,"0.345":0.0285311964,"0.35":0.0285311964,"0.355":0.0285311964,"0.36":0.0285311964,"0.365":0.0285311964,"0.37":0.0285311964,"0.375":0.0285311964,"0.38":0.0285311964,"0.385":0.0285311964,"0.39":0.0285311964,"0.395":0.0285311964,"0.4":0.0285311964,"0.405":0.0285311964,"0.41":0.0285311964,