{"boeck2015\/tempodetector2016_default":{"boeck2015\/tempodetector2016_default":1.0,"davies2009\/mirex_qm_tempotracker":0.0002746582,"percival2014\/stem":0.0000610352,"schreiber2014\/default":0.0000305176,"schreiber2017\/ismir2017":0.0000400543,"schreiber2017\/mirex2017":0.0014896393,"schreiber2018\/cnn":0.03515625,"schreiber2018\/fcn":0.0129394531,"schreiber2018\/ismir2018":0.0224609375},"davies2009\/mirex_qm_tempotracker":{"boeck2015\/tempodetector2016_default":0.0002746582,"davies2009\/mirex_qm_tempotracker":1.0,"percival2014\/stem":1.0,"schreiber2014\/default":1.0,"schreiber2017\/ismir2017":0.548828125,"schreiber2017\/mirex2017":1.0,"schreiber2018\/cnn":0.2378845215,"schreiber2018\/fcn":0.4048728943,"schreiber2018\/ismir2018":0.2101135254},"percival2014\/stem":{"boeck2015\/tempodetector2016_default":0.0000610352,"davies2009\/mirex_qm_tempotracker":1.0,"percival2014\/stem":1.0,"schreiber2014\/default":1.0,"schreiber2017\/ismir2017":0.5810546875,"schreiber2017\/mirex2017":1.0,"schreiber2018\/cnn":0.2101135254,"schreiber2018\/fcn":0.3323059082,"schreiber2018\/ismir2018":0.1459960938},"schreiber2014\/default":{"boeck2015\/tempodetector2016_default":0.0000305176,"davies2009\/mirex_qm_tempotracker":1.0,"percival2014\/stem":1.0,"schreiber2014\/default":1.0,"schreiber2017\/ismir2017":0.8036193848,"schreiber2017\/mirex2017":1.0,"schreiber2018\/cnn":0.1184692383,"schreiber2018\/fcn":0.109375,"schreiber2018\/ismir2018":0.1184692383},"schreiber2017\/ismir2017":{"boeck2015\/tempodetector2016_default":0.0000400543,"davies2009\/mirex_qm_tempotracker":0.548828125,"percival2014\/stem":0.5810546875,"schreiber2014\/default":0.8036193848,"schreiber2017\/ismir2017":1.0,"schreiber2017\/mirex2017":0.5078125,"schreiber2018\/cnn":0.049041748,"schreiber2018\/fcn":0.0962524414,"schreiber2018\/ismir2018":0.0224609375},"schreiber2017\/mirex2017":{"boeck2015\/tempodetector2016_default":0.0014896393,"davies2009\/mirex_qm_tempotracker":1.0,"percival2014\/stem":1.0,"schreiber2014\/default":1.0,"schreiber2017\/ismir2017":0.5078125,"schreiber2017\/mirex2017":1.0,"schreiber2018\/cnn":0.2378845215,"schreiber2018\/fcn":0.3323059082,"schreiber2018\/ismir2018":0.2101135254},"schreiber2018\/cnn":{"boeck2015\/tempodetector2016_default":0.03515625,"davies2009\/mirex_qm_tempotracker":0.2378845215,"percival2014\/stem":0.2101135254,"schreiber2014\/default":0.1184692383,"schreiber2017\/ismir2017":0.049041748,"schreiber2017\/mirex2017":0.2378845215,"schreiber2018\/cnn":1.0,"schreiber2018\/fcn":1.0,"schreiber2018\/ismir2018":1.0},"schreiber2018\/fcn":{"boeck2015\/tempodetector2016_default":0.0129394531,"davies2009\/mirex_qm_tempotracker":0.4048728943,"percival2014\/stem":0.3323059082,"schreiber2014\/default":0.109375,"schreiber2017\/ismir2017":0.0962524414,"schreiber2017\/mirex2017":0.3323059082,"schreiber2018\/cnn":1.0,"schreiber2018\/fcn":1.0,"schreiber2018\/ismir2018":1.0},"schreiber2018\/ismir2018":{"boeck2015\/tempodetector2016_default":0.0224609375,"davies2009\/mirex_qm_tempotracker":0.2101135254,"percival2014\/stem":0.1459960938,"schreiber2014\/default":0.1184692383,"schreiber2017\/ismir2017":0.0224609375,"schreiber2017\/mirex2017":0.2101135254,"schreiber2018\/cnn":1.0,"schreiber2018\/fcn":1.0,"schreiber2018\/ismir2018":1.0}}