{"OE1_MEAN":{"schreiber2014\/default":-0.1210718205,"percival2014\/stem":-0.0973397627,"schreiber2017\/mirex2017":-0.0174787523,"schreiber2017\/ismir2017":-0.0174787523,"davies2009\/mirex_qm_tempotracker":0.1665024336,"boeck2015\/tempodetector2016_default":-0.3234817162},"OE1_STDEV":{"schreiber2014\/default":0.3562548714,"percival2014\/stem":0.361049606,"schreiber2017\/mirex2017":0.4195902432,"schreiber2017\/ismir2017":0.4195902432,"davies2009\/mirex_qm_tempotracker":0.4421088598,"boeck2015\/tempodetector2016_default":0.5013328376},"OE2_MEAN":{"schreiber2014\/default":-0.0110718205,"percival2014\/stem":0.0026602373,"schreiber2017\/mirex2017":0.0025212477,"schreiber2017\/ismir2017":0.0025212477,"davies2009\/mirex_qm_tempotracker":0.0265024336,"boeck2015\/tempodetector2016_default":0.0023679088},"OE2_STDEV":{"schreiber2014\/default":0.0714974319,"percival2014\/stem":0.0163740957,"schreiber2017\/mirex2017":0.0152998414,"schreiber2017\/ismir2017":0.0152998414,"davies2009\/mirex_qm_tempotracker":0.0441872231,"boeck2015\/tempodetector2016_default":0.0171154194}}