{"boeck2015\/tempodetector2016_default":{"boeck2015\/tempodetector2016_default":1.0,"davies2009\/mirex_qm_tempotracker":0.1934126529,"percival2014\/stem":0.001193243,"schreiber2014\/default":0.0033268929,"schreiber2017\/ismir2017":0.0001951256,"schreiber2017\/mirex2017":0.0000385582,"schreiber2018\/cnn":0.0000223615,"schreiber2018\/fcn":0.0005082604,"schreiber2018\/ismir2018":0.0004719867},"davies2009\/mirex_qm_tempotracker":{"boeck2015\/tempodetector2016_default":0.1934126529,"davies2009\/mirex_qm_tempotracker":1.0,"percival2014\/stem":0.0755186975,"schreiber2014\/default":0.2649308965,"schreiber2017\/ismir2017":0.0169005394,"schreiber2017\/mirex2017":0.002576828,"schreiber2018\/cnn":0.0025994778,"schreiber2018\/fcn":0.0432852507,"schreiber2018\/ismir2018":0.0075378418},"percival2014\/stem":{"boeck2015\/tempodetector2016_default":0.001193243,"davies2009\/mirex_qm_tempotracker":0.0755186975,"percival2014\/stem":1.0,"schreiber2014\/default":0.548828125,"schreiber2017\/ismir2017":0.7744140625,"schreiber2017\/mirex2017":0.34375,"schreiber2018\/cnn":0.3017578125,"schreiber2018\/fcn":1.0,"schreiber2018\/ismir2018":0.75390625},"schreiber2014\/default":{"boeck2015\/tempodetector2016_default":0.0033268929,"davies2009\/mirex_qm_tempotracker":0.2649308965,"percival2014\/stem":0.548828125,"schreiber2014\/default":1.0,"schreiber2017\/ismir2017":0.2265625,"schreiber2017\/mirex2017":0.0654296875,"schreiber2018\/cnn":0.1153182983,"schreiber2018\/fcn":0.5234670639,"schreiber2018\/ismir2018":0.3323059082},"schreiber2017\/ismir2017":{"boeck2015\/tempodetector2016_default":0.0001951256,"davies2009\/mirex_qm_tempotracker":0.0169005394,"percival2014\/stem":0.7744140625,"schreiber2014\/default":0.2265625,"schreiber2017\/ismir2017":1.0,"schreiber2017\/mirex2017":0.625,"schreiber2018\/cnn":0.5810546875,"schreiber2018\/fcn":1.0,"schreiber2018\/ismir2018":1.0},"schreiber2017\/mirex2017":{"boeck2015\/tempodetector2016_default":0.0000385582,"davies2009\/mirex_qm_tempotracker":0.002576828,"percival2014\/stem":0.34375,"schreiber2014\/default":0.0654296875,"schreiber2017\/ismir2017":0.625,"schreiber2017\/mirex2017":1.0,"schreiber2018\/cnn":1.0,"schreiber2018\/fcn":0.6072387695,"schreiber2018\/ismir2018":0.7265625},"schreiber2018\/cnn":{"boeck2015\/tempodetector2016_default":0.0000223615,"davies2009\/mirex_qm_tempotracker":0.0025994778,"percival2014\/stem":0.3017578125,"schreiber2014\/default":0.1153182983,"schreiber2017\/ismir2017":0.5810546875,"schreiber2017\/mirex2017":1.0,"schreiber2018\/cnn":1.0,"schreiber2018\/fcn":0.2890625,"schreiber2018\/ismir2018":0.5810546875},"schreiber2018\/fcn":{"boeck2015\/tempodetector2016_default":0.0005082604,"davies2009\/mirex_qm_tempotracker":0.0432852507,"percival2014\/stem":1.0,"schreiber2014\/default":0.5234670639,"schreiber2017\/ismir2017":1.0,"schreiber2017\/mirex2017":0.6072387695,"schreiber2018\/cnn":0.2890625,"schreiber2018\/fcn":1.0,"schreiber2018\/ismir2018":1.0},"schreiber2018\/ismir2018":{"boeck2015\/tempodetector2016_default":0.0004719867,"davies2009\/mirex_qm_tempotracker":0.0075378418,"percival2014\/stem":0.75390625,"schreiber2014\/default":0.3323059082,"schreiber2017\/ismir2017":1.0,"schreiber2017\/mirex2017":0.7265625,"schreiber2018\/cnn":0.5810546875,"schreiber2018\/fcn":1.0,"schreiber2018\/ismir2018":1.0}}