{"boeck2015\/tempodetector2016_default":{"boeck2015\/tempodetector2016_default":1.0,"davies2009\/mirex_qm_tempotracker":0.0249965912,"percival2014\/stem":0.1182668222,"schreiber2014\/default":0.0021241935,"schreiber2017\/ismir2017":0.0546379893,"schreiber2017\/mirex2017":0.0944184707,"schreiber2018\/cnn":0.0213194599,"schreiber2018\/fcn":0.0926853197,"schreiber2018\/ismir2018":0.2361075468},"davies2009\/mirex_qm_tempotracker":{"boeck2015\/tempodetector2016_default":0.0249965912,"davies2009\/mirex_qm_tempotracker":1.0,"percival2014\/stem":0.0067651395,"schreiber2014\/default":0.3016307862,"schreiber2017\/ismir2017":0.9654947291,"schreiber2017\/mirex2017":0.6795512779,"schreiber2018\/cnn":0.9899470367,"schreiber2018\/fcn":0.4637297241,"schreiber2018\/ismir2018":0.2463862275},"percival2014\/stem":{"boeck2015\/tempodetector2016_default":0.1182668222,"davies2009\/mirex_qm_tempotracker":0.0067651395,"percival2014\/stem":1.0,"schreiber2014\/default":0.000448583,"schreiber2017\/ismir2017":0.0197863717,"schreiber2017\/mirex2017":0.0301544487,"schreiber2018\/cnn":0.0109701063,"schreiber2018\/fcn":0.0271349039,"schreiber2018\/ismir2018":0.0666647026},"schreiber2014\/default":{"boeck2015\/tempodetector2016_default":0.0021241935,"davies2009\/mirex_qm_tempotracker":0.3016307862,"percival2014\/stem":0.000448583,"schreiber2014\/default":1.0,"schreiber2017\/ismir2017":0.0395960977,"schreiber2017\/mirex2017":0.0078503313,"schreiber2018\/cnn":0.207464443,"schreiber2018\/fcn":0.0286712817,"schreiber2018\/ismir2018":0.0023546754},"schreiber2017\/ismir2017":{"boeck2015\/tempodetector2016_default":0.0546379893,"davies2009\/mirex_qm_tempotracker":0.9654947291,"percival2014\/stem":0.0197863717,"schreiber2014\/default":0.0395960977,"schreiber2017\/ismir2017":1.0,"schreiber2017\/mirex2017":0.3222232943,"schreiber2018\/cnn":0.9478930024,"schreiber2018\/fcn":0.4465284357,"schreiber2018\/ismir2018":0.1194336116},"schreiber2017\/mirex2017":{"boeck2015\/tempodetector2016_default":0.0944184707,"davies2009\/mirex_qm_tempotracker":0.6795512779,"percival2014\/stem":0.0301544487,"schreiber2014\/default":0.0078503313,"schreiber2017\/ismir2017":0.3222232943,"schreiber2017\/mirex2017":1.0,"schreiber2018\/cnn":0.5950760983,"schreiber2018\/fcn":0.7728223611,"schreiber2018\/ismir2018":0.2011954566},"schreiber2018\/cnn":{"boeck2015\/tempodetector2016_default":0.0213194599,"davies2009\/mirex_qm_tempotracker":0.9899470367,"percival2014\/stem":0.0109701063,"schreiber2014\/default":0.207464443,"schreiber2017\/ismir2017":0.9478930024,"schreiber2017\/mirex2017":0.5950760983,"schreiber2018\/cnn":1.0,"schreiber2018\/fcn":0.2044064031,"schreiber2018\/ismir2018":0.0955492328},"schreiber2018\/fcn":{"boeck2015\/tempodetector2016_default":0.0926853197,"davies2009\/mirex_qm_tempotracker":0.4637297241,"percival2014\/stem":0.0271349039,"schreiber2014\/default":0.0286712817,"schreiber2017\/ismir2017":0.4465284357,"schreiber2017\/mirex2017":0.7728223611,"schreiber2018\/cnn":0.2044064031,"schreiber2018\/fcn":1.0,"schreiber2018\/ismir2018":0.2437068567},"schreiber2018\/ismir2018":{"boeck2015\/tempodetector2016_default":0.2361075468,"davies2009\/mirex_qm_tempotracker":0.2463862275,"percival2014\/stem":0.0666647026,"schreiber2014\/default":0.0023546754,"schreiber2017\/ismir2017":0.1194336116,"schreiber2017\/mirex2017":0.2011954566,"schreiber2018\/cnn":0.0955492328,"schreiber2018\/fcn":0.2437068567,"schreiber2018\/ismir2018":1.0}}