{"Accuracy1":{"boeck2015\/tempodetector2016_default":0.5081967213,"schreiber2017\/mirex2017":0.3114754098,"schreiber2017\/ismir2017":0.3114754098,"davies2009\/mirex_qm_tempotracker":0.262295082,"percival2014\/stem":0.262295082,"schreiber2014\/default":0.2459016393},"Accuracy2":{"boeck2015\/tempodetector2016_default":0.7540983607,"schreiber2017\/mirex2017":0.5737704918,"schreiber2017\/ismir2017":0.5737704918,"davies2009\/mirex_qm_tempotracker":0.6229508197,"percival2014\/stem":0.6721311475,"schreiber2014\/default":0.4590163934}}