Item,Reference,Estimate
RM-P009.jams,69.97084548104957,140
RM-P026.jams,157.89473684210532,79
RM-P035.jams,170.21276595744723,85
RM-P037.jams,184.615384615383,92
RM-P041.jams,199.99999999999952,100
RM-P046.jams,167.83216783216787,84
RM-P056.jams,74.3034055727563,149
RM-P062.jams,81.08108108108087,162
RM-P069.jams,62.01550387596892,124
RM-P095.jams,164.38356164383472,82
RM-P097.jams,94.11764705882311,188
