{"boeck2015\/tempodetector2016_default":{"0.0":null,"0.005":null,"0.01":null,"0.015":null,"0.02":null,"0.025":null,"0.03":null,"0.035":1.9999711464,"0.04":0.9930857277,"0.045":0.8275834619,"0.05":0.624459836,"0.055":0.5562069678,"0.06":0.4338799427,"0.065":0.4440438467,"0.07":0.4523858344,"0.075":0.4313727696,"0.08":0.4313727696,"0.085":0.4195497875,"0.09":0.4195497875,"0.095":0.4104860326,"0.1":0.3841451596,"0.105":0.3679992098,"0.11":0.3679992098,"0.115":0.3679992098,"0.12":0.3904117627,"0.125":0.3786774979,"0.13":0.3980957798,"0.135":0.3866901349,"0.14":0.3866901349,"0.145":0.3975821707,"0.15":0.4449268695,"0.155":0.4610797276,"0.16":0.4407818514,"0.165":0.4444809139,"0.17":0.4444809139,"0.175":0.4444809139,"0.18":0.4360148368,"0.185":0.4182524265,"0.19":0.4182524265,"0.195":0.4106226652,"0.2":0.4342172903,"0.205":0.4483657467,"0.21":0.4483657467,"0.215":0.4483657467,"0.22":0.4483657467,"0.225":0.4483657467,"0.23":0.4483657467,"0.235":0.4580840922,"0.24":0.4561571449,"0.245":0.4561571449,"0.25":0.4561571449,"0.255":0.4561571449,"0.26":0.4557589569,"0.265":0.4557589569,"0.27":0.4482565454,"0.275":0.4482565454,"0.28":0.4456687376,"0.285":0.4456687376,"0.29":0.4456687376,"0.295":0.4456687376,"0.3":0.4456687376,"0.305":0.4456687376,"0.31":0.4456687376,"0.315":0.4456687376,"0.32":0.4405921832,"0.325":0.4405921832,"0.33":0.4405921832,"0.335":0.4405921832,"0.34":0.4405921832,"0.345":0.4405921832,"0.35":0.4405921832,"0.355":0.4405921832,"0.36":0.4405921832,"0.365":0.4405921832,"0.37":0.4348629105,"0.375":0.4348629105,"0.38":0.4348629105,"0.385":0.4348629105,"0.39":0.4348629105,"0.395":0.4348629105,"0.4":0.4348629105,"0.405":0.4348629105,"0.41":0.4348629105,"0.415":0.4348629105,"0.42":0.4348629105,"0.425":0.4348629105,"0.43":0.4348629105,"0.435":0.4348629105,"0.44":0.4348629105,"0.445":0.4348629105,"0.45":0.4348629105,"0.455":0.4348629105,"0.46":0.4348629105,"0.465":0.4348629105,"0.47":0.4348629105,"0.475":0.4348629105,"0.48":0.4348629105,"0.485":0.4348629105,"0.49":0.4348629105,"0.495":0.4348629105,"0.5":0.4348629105},"davies2009\/mirex_qm_tempotracker":{"0.0":null,"0.005":null,"0.01":null,"0.015":null,"0.02":null,"0.025":null,"0.03":null,"0.035":0.9929695925,"0.04":0.9911412686,"0.045":0.9973774812,"0.05":0.8785918461,"0.055":0.895887405,"0.06":0.7268768936,"0.065":0.7652168655,"0.07":0.7403837147,"0.075":0.7574943146,"0.08":0.7574943146,"0.085":0.7041917122,"0.09":0.7041917122,"0.095":0.7419749438,"0.1":0.7259551153,"0.105":0.752893121,"0.11":0.752893121,"0.115":0.752893121,"0.12":0.7636309874,"0.125":0.773551167,"0.13":0.7675995487,"0.135":0.7456530979,"0.14":0.7456530979,"0.145":0.7734923297,"0.15":0.7769087576,"0.155":0.7853861637,"0.16":0.7526176387,"0.165":0.7411451344,"0.17":0.7411451344,"0.175":0.7411451344,"0.18":0.7260360418,"0.185":0.696756771,"0.19":0.696756771,"0.195":0.6840502977,"0.2":0.7078758718,"0.205":0.7196732645,"0.21":0.7196732645,"0.215":0.7196732645,"0.22":0.7196732645,"0.225":0.7196732645,"0.23":0.7196732645,"0.235":0.7309946303,"0.24":0.7421115153,"0.245":0.7421115153,"0.25":0.7421115153,"0.255":0.7421115153,"0.26":0.735922735,"0.265":0.735922735,"0.27":0.7230116396,"0.275":0.7230116396,"0.28":0.7075343588,"0.285":0.7075343588,"0.29":0.7075343588,"0.295":0.7075343588,"0.3":0.7075343588,"0.305":0.7075343588,"0.31":0.7075343588,"0.315":0.7075343588,"0.32":0.6974298284,"0.325":0.6974298284,"0.33":0.6974298284,"0.335":0.6974298284,"0.34":0.6974298284,"0.345":0.6974298284,"0.35":0.6974298284,"0.355":0.6974298284,"0.36":0.6974298284,"0.365":0.6974298284,"0.37":0.7123390755,"0.375":0.7123390755,"0.38":0.7123390755,"0.385":0.7123390755,"0.39":0.7123390755,"0.395":0.7123390755,"0.4":0.7123390755,"0.405":0.7123390755,"0.41":0.7123390755,"0.415":0.7123390755,"0.42":0.7123390755,"0.425":0.7123390755,"0.43":0.7123390755,"0.435":0.7123390755,"0.44":0.7123390755,"0.445":0.7123390755,"0.45":0.7123390755,"0.455":0.7123390755,"0.46":0.7123390755,"0.465":0.7123390755,"0.47":0.7123390755,"0.475":0.7123390755,"0.48":0.7123390755,"0.485":0.7123390755,"0.49":0.7123390755,"0.495":0.7123390755,"0.5":0.7123390755},"percival2014\/stem":{"0.0":null,"0.005":null,"0.01":null,"0.015":null,"0.02":null,"0.025":null,"0.03":null,"0.035":2.00295738,"0.04":1.197930085,"0.045":1.1657800432,"0.05":1.0004621925,"0.055":0.8897998814,"0.06":0.7967222848,"0.065":0.7608926916,"0.07":0.7340697962,"0.075":0.6978886731,"0.08":0.6978886731,"0.085":0.6502799754,"0.09":0.6502799754,"0.095":0.6539220088,"0.1":0.676201624,"0.105":0.6699165697,"0.11":0.6699165697,"0.115":0.6699165697,"0.12":0.6827745776,"0.125":0.693913724,"0.13":0.7035613116,"0.135":0.712385705,"0.14":0.712385705,"0.145":0.6948427616,"0.15":0.6935230599,"0.155":0.7042549924,"0.16":0.6803885679,"0.165":0.6742501319,"0.17":0.6742501319,"0.175":0.6742501319,"0.18":0.6812208004,"0.185":0.6538193417,"0.19":0.6538193417,"0.195":0.6593711697,"0.2":0.6678743378,"0.205":0.6659780906,"0.21":0.6659780906,"0.215":0.6659780906,"0.22":0.6659780906,"0.225":0.6659780906,"0.23":0.6659780906,"0.235":0.6899753036,"0.24":0.7016616889,"0.245":0.7016616889,"0.25":0.7016616889,"0.255":0.7016616889,"0.26":0.6971098984,"0.265":0.6971098984,"0.27":0.7023800663,"0.275":0.7023800663,"0.28":0.6851360157,"0.285":0.6851360157,"0.29":0.6851360157,"0.295":0.6851360157,"0.3":0.6851360157,"0.305":0.6851360157,"0.31":0.6851360157,"0.315":0.6851360157,"0.32":0.6866788058,"0.325":0.6866788058,"0.33":0.6866788058,"0.335":0.6866788058,"0.34":0.6866788058,"0.345":0.6866788058,"0.35":0.6866788058,"0.355":0.6866788058,"0.36":0.6866788058,"0.365":0.6866788058,"0.37":0.6896223085,"0.375":0.6896223085,"0.38":0.6896223085,"0.385":0.6896223085,"0.39":0.6896223085,"0.395":0.6896223085,"0.4":0.6896223085,"0.405":0.6896223085,"0.41":0.6896223085,"0.415":0.6896223085,"0.42":0.6896223085,"0.425":0.6896223085,"0.43":0.6896223085,"0.435":0.6896223085,"0.44":0.6896223085,"0.445":0.6896223085,"0.45":0.6896223085,"0.455":0.6896223085,"0.46":0.6896223085,"0.465":0.6896223085,"0.47":0.6896223085,"0.475":0.6896223085,"0.48":0.6896223085,"0.485":0.6896223085,"0.49":0.6896223085,"0.495":0.6896223085,"0.5":0.6896223085},"schreiber2014\/default":{"0.0":null,"0.005":null,"0.01":null,"0.015":null,"0.02":null,"0.025":null,"0.03":null,"0.035":1.9542250519,"0.04":0.8198534234,"0.045":0.6882153714,"0.05":0.5243776082,"0.055":0.4720597518,"0.06":0.5204396258,"0.065":0.5210154799,"0.07":0.4709568175,"0.075":0.4471720859,"0.08":0.4471720859,"0.085":0.4785030062,"0.09":0.4785030062,"0.095":0.4280918155,"0.1":0.429786633,"0.105":0.4097520343,"0.11":0.4097520343,"0.115":0.4097520343,"0.12":0.4006996393,"0.125":0.3886276277,"0.13":0.410898564,"0.135":0.4272601508,"0.14":0.4272601508,"0.145":0.4163825998,"0.15":0.4696072583,"0.155":0.4607378851,"0.16":0.4781862994,"0.165":0.4598432547,"0.17":0.4598432547,"0.175":0.4598432547,"0.18":0.4758345215,"0.185":0.4861399529,"0.19":0.4861399529,"0.195":0.4976754934,"0.2":0.5130425908,"0.205":0.5164112086,"0.21":0.5164112086,"0.215":0.5164112086,"0.22":0.5164112086,"0.225":0.5164112086,"0.23":0.5164112086,"0.235":0.5428012644,"0.24":0.5394849567,"0.245":0.5394849567,"0.25":0.5394849567,"0.255":0.5394849567,"0.26":0.5324544215,"0.265":0.5324544215,"0.27":0.5411920703,"0.275":0.5411920703,"0.28":0.5504215595,"0.285":0.5504215595,"0.29":0.5504215595,"0.295":0.5504215595,"0.3":0.5504215595,"0.305":0.5504215595,"0.31":0.5504215595,"0.315":0.5504215595,"0.32":0.5560482742,"0.325":0.5560482742,"0.33":0.5560482742,"0.335":0.5560482742,"0.34":0.5560482742,"0.345":0.5560482742,"0.35":0.5560482742,"0.355":0.5560482742,"0.36":0.5560482742,"0.365":0.5560482742,"0.37":0.5663907584,"0.375":0.5663907584,"0.38":0.5663907584,"0.385":0.5663907584,"0.39":0.5663907584,"0.395":0.5663907584,"0.4":0.5663907584,"0.405":0.5663907584,"0.41":0.5663907584,"0.415":0.5663907584,"0.42":0.5663907584,"0.425":0.5663907584,"0.43":0.5663907584,"0.435":0.5663907584,"0.44":0.5663907584,"0.445":0.5663907584,"0.45":0.5663907584,"0.455":0.5663907584,"0.46":0.5663907584,"0.465":0.5663907584,