{"boeck2015\/tempodetector2016_default":{"0.0":null,"0.005":0.0018068785,"0.01":0.0014696616,"0.015":0.0009986639,"0.02":0.0009466892,"0.025":0.0011876667,"0.03":0.0011876667,"0.035":0.001175032,"0.04":0.0024130679,"0.045":0.0024130679,"0.05":0.0024130679,"0.055":0.0024130679,"0.06":0.0024130679,"0.065":0.0024130679,"0.07":0.0024130679,"0.075":0.0024130679,"0.08":0.0024130679,"0.085":0.0024130679,"0.09":0.0024130679,"0.095":0.0023886935,"0.1":0.0023886935,"0.105":0.0023886935,"0.11":0.0023886935,"0.115":0.0023886935,"0.12":0.0023886935,"0.125":0.0023886935,"0.13":0.0023886935,"0.135":0.0023886935,"0.14":0.0023886935,"0.145":0.0023886935,"0.15":0.0023886935,"0.155":0.0023886935,"0.16":0.0023886935,"0.165":0.0023886935,"0.17":0.0023886935,"0.175":0.0023886935,"0.18":0.0023886935,"0.185":0.0023886935,"0.19":0.0023886935,"0.195":0.0023886935,"0.2":0.0023886935,"0.205":0.0023886935,"0.21":0.0023886935,"0.215":0.0023886935,"0.22":0.0023886935,"0.225":0.0023886935,"0.23":0.0023886935,"0.235":0.0023886935,"0.24":0.0023886935,"0.245":0.0023886935,"0.25":0.0023886935,"0.255":0.0023886935,"0.26":0.0023886935,"0.265":0.0023886935,"0.27":0.0023886935,"0.275":0.0023886935,"0.28":0.0023886935,"0.285":0.0023886935,"0.29":0.0023886935,"0.295":0.0023886935,"0.3":0.0023886935,"0.305":0.0023886935,"0.31":0.0023886935,"0.315":0.0023886935,"0.32":0.0023886935,"0.325":0.0023886935,"0.33":0.0023886935,"0.335":0.0023886935,"0.34":0.0023679088,"0.345":0.0023679088,"0.35":0.0023679088,"0.355":0.0023679088,"0.36":0.0023679088,"0.365":0.0023679088,"0.37":0.0023679088,"0.375":0.0023679088,"0.38":0.0023679088,"0.385":0.0023679088,"0.39":0.0023679088,"0.395":0.0023679088,"0.4":0.0023679088,"0.405":0.0023679088,"0.41":0.0023679088,"0.415":0.0023679088,"0.42":0.0023679088,"0.425":0.0023679088,"0.43":0.0023679088,"0.435":0.0023679088,"0.44":0.0023679088,"0.445":0.0023679088,"0.45":0.0023679088,"0.455":0.0023679088,"0.46":0.0023679088,"0.465":0.0023679088,"0.47":0.0023679088,"0.475":0.0023679088,"0.48":0.0023679088,"0.485":0.0023679088,"0.49":0.0023679088,"0.495":0.0023679088,"0.5":0.0023679088},"davies2009\/mirex_qm_tempotracker":{"0.0":null,"0.005":0.0228604774,"0.01":0.0270106785,"0.015":0.0260965216,"0.02":0.0256200411,"0.025":0.0256858523,"0.03":0.0256858523,"0.035":0.0256158334,"0.04":0.0267687208,"0.045":0.0267687208,"0.05":0.0267687208,"0.055":0.0267687208,"0.06":0.0267687208,"0.065":0.0267687208,"0.07":0.0267687208,"0.075":0.0267687208,"0.08":0.0267687208,"0.085":0.0267687208,"0.09":0.0267687208,"0.095":0.0266199977,"0.1":0.0266199977,"0.105":0.0266199977,"0.11":0.0266199977,"0.115":0.0266199977,"0.12":0.0266199977,"0.125":0.0266199977,"0.13":0.0266199977,"0.135":0.0266199977,"0.14":0.0266199977,"0.145":0.0266199977,"0.15":0.0266199977,"0.155":0.0266199977,"0.16":0.0266199977,"0.165":0.0266199977,"0.17":0.0266199977,"0.175":0.0266199977,"0.18":0.0266199977,"0.185":0.0266199977,"0.19":0.0266199977,"0.195":0.0266199977,"0.2":0.0266199977,"0.205":0.0266199977,"0.21":0.0266199977,"0.215":0.0266199977,"0.22":0.0266199977,"0.225":0.0266199977,"0.23":0.0266199977,"0.235":0.0266199977,"0.24":0.0266199977,"0.245":0.0266199977,"0.25":0.0266199977,"0.255":0.0266199977,"0.26":0.0266199977,"0.265":0.0266199977,"0.27":0.0266199977,"0.275":0.0266199977,"0.28":0.0266199977,"0.285":0.0266199977,"0.29":0.0266199977,"0.295":0.0266199977,"0.3":0.0266199977,"0.305":0.0266199977,"0.31":0.0266199977,"0.315":0.0266199977,"0.32":0.0266199977,"0.325":0.0266199977,"0.33":0.0266199977,"0.335":0.0266199977,"0.34":0.0265024336,"0.345":0.0265024336,"0.35":0.0265024336,"0.355":0.0265024336,"0.36":0.0265024336,"0.365":0.0265024336,"0.37":0.0265024336,"0.375":0.0265024336,"0.38":0.0265024336,"0.385":0.0265024336,"0.39":0.0265024336,"0.395":0.0265024336,"0.4":0.0265024336,"0.405":0.0265024336,"0.41":0.0265024336,"0.415":0.0265024336,"0.42":0.0265024336,"0.425":0.0265024336,"0.43":0.0265024336,"0.435":0.0265024336,"0.44":0.0265024336,"0.445":0.0265024336,"0.45":0.0265024336,"0.455":0.0265024336,"0.46":0.0265024336,"0.465":0.0265024336,"0.47":0.0265024336,"0.475":0.0265024336,"0.48":0.0265024336,"0.485":0.0265024336,"0.49":0.0265024336,"0.495":0.0265024336,"0.5":0.0265024336},"percival2014\/stem":{"0.0":null,"0.005":0.00220667,"0.01":0.0018050288,"0.015":0.001496643,"0.02":0.0013711339,"0.025":0.001350025,"0.03":0.001350025,"0.035":0.0013147911,"0.04":0.0026626732,"0.045":0.0026626732,"0.05":0.0026626732,"0.055":0.0026626732,"0.06":0.0026626732,"0.065":0.0026626732,"0.07":0.0026626732,"0.075":0.0026626732,"0.08":0.0026626732,"0.085":0.0026626732,"0.09":0.0026626732,"0.095":0.0026688491,"0.1":0.0026688491,"0.105":0.0026688491,"0.11":0.0026688491,"0.115":0.0026688491,"0.12":0.0026688491,"0.125":0.0026688491,"0.13":0.0026688491,"0.135":0.0026688491,"0.14":0.0026688491,"0.145":0.0026688491,"0.15":0.0026688491,"0.155":0.0026688491,"0.16":0.0026688491,"0.165":0.0026688491,"0.17":0.0026688491,"0.175":0.0026688491,"0.18":0.0026688491,"0.185":0.0026688491,"0.19":0.0026688491,"0.195":0.0026688491,"0.2":0.0026688491,"0.205":0.0026688491,"0.21":0.0026688491,"0.215":0.0026688491,"0.22":0.0026688491,"0.225":0.0026688491,"0.23":0.0026688491,"0.235":0.0026688491,"0.24":0.0026688491,"0.245":0.0026688491,"0.25":0.0026688491,"0.255":0.0026688491,"0.26":0.0026688491,"0.265":0.0026688491,"0.27":0.0026688491,"0.275":0.0026688491,"0.28":0.0026688491,"0.285":0.0026688491,"0.29":0.0026688491,"0.295":0.0026688491,"0.3":0.0026688491,"0.305":0.0026688491,"0.31":0.0026688491,"0.315":0.0026688491,"0.32":0.0026688491,"0.325":0.0026688491,"0.33":0.0026688491,"0.335":0.0026688491,"0.34":0.0026602373,"0.345":0.0026602373,"0.35":0.0026602373,"0.355":0.0026602373,"0.36":0.0026602373,"0.365":0.0026602373,"0.37":0.0026602373,"0.375":0.0026602373,"0.38":0.0026602373,"0.385":0.0026602373,"0.39":0.0026602373,"0.395":0.0026602373,"0.4":0.0026602373,"0.405":0.0026602373,"0.41":0.0026602373,"0.415":0.0026602373,"0.42":0.0026602373,"0.425":0.0026602373,"0.43":0.0026602373,"0.435":0.0026602373,"0.44":0.0026602373,"0.445":0.0026602373,"0.45":0.0026602373,"0.455":0.0026602373,"0.46":0.0026602373,"0.465":0.0026602373,"0.47":0.0026602373,"0.475":0.0026602373,"0.48":0.0026602373,"0.485":0.0026602373,"0.49":0.0026602373,"0.495":0.0026602373,"0.5":0.0026602373},"schreiber2014\/default":{"0.0":null,"0.005":-0.0038131167,"0.01":-0.0090044776,"0.015":-0.0088401989,"0.02":-0.00852317,"0.025":-0.0078615122,"0.03":-0.0078615122,"0.035":-0.0077793203,"0.04":-0.0080306805,"0.045":-0.0080306805,"0.05":-0.0080306805,"0.055":-0.0080306805,"0.06":-0.0080306805,"0.065":-0.0080306805,"0.07":-0.0080306805,"0.075":-0.0080306805,"0.08":-0.0080306805,"0.085":-0.0080306805,"0.09":-0.0080306805,"0.095":-0.0111855013,"0.1":-0.0111855013,"0.105":-0.0111855013,"0.11":-0.0111855013,"0.115":-0.0111855013,"0.12":-0.0111855013,"0.125":-0.0111855013,"0.13":-0.0111855013,"0.135":-0.0111855013,"0.14":-0.0111855013,"0.145":-0.0111855013,"0.15":-0.0111855013,"0.155":-0.0111855013,"0.16":-0.0111855013,"0.165":-0.0111855013,"0.17":-0.0111855013,"0.175":-0.0111855013,"0.18":-0.0111855013,"0.185":-0.0111855013,"0.19":-0.0111855013,"0.195":-0.0111855013,"0.2":-0.0111855013,"0.205":-0.0111855013,"0.21":-0.0111855013,"0.215":-0.0111855013,"0.22":-0.0111855013,"0.225":-0.0111855013,"0.23":-0.0111855013,"0.235":-0.0111855013,"0.24":-0.0111855013,"0.245":-0.0111855013,"0.25":-0.0111855013,"0.255":-0.0111855013,"0.26":-0.0111855013,"0.265":-0.0111855013,"0.27":-0.0111855013,"0.275":-0.0111855013,"0.28":-0.0111855013,"0.285":-0.0111855013,"0.29":-0.0111855013,"0.295":-0.0111855013,"0.3":-0.0111855013,"0.305":-0.0111855013,"0.31":-0.0111855013,"0.315":-0.0111855013,"0.32":-0.0111855013,"0.325":-0.0111855013,"0.33":-0.0111855013,"0.335":-0.0111855013,"0.34":-0.0110718205,"0.345":-0.0110718205,"0.35":-0.0110718205,"0.355":-0.0110718205,"0.36":-0.0110718205,"0.365":-0.0110718205,"0.37":-0.0110718205,"0.375":-0.0110718205,"0.38":-0.0110718205,"0.385":-0.0110718205,"0.39":-0.0110718205,"0.395":-0.0110718205,