{"boeck2015\/tempodetector2016_default":{"0":0.1071940551,"1":0.0029800015,"2":0.0117675498,"3":0.0091142295,"4":0.0652276228,"5":0.0193653249,"6":0.0403757961,"7":0.0183208204,"8":0.0147849795,"9":0.0531376022,"10":0.1282617771,"11":0.0203247934,"12":0.0090709491,"13":0.008462735,"14":0.1082144183,"15":0.0000721329,"16":0.0112272554,"17":0.1461520265,"18":0.0119726417,"19":0.011667378,"20":0.1699370239,"21":0.0550413636,"22":0.0055136024,"23":0.0880520571,"24":0.4342568073,"25":0.0406540069,"26":0.0263397478,"27":0.0406564115,"28":0.000014427,"29":0.3540289381,"30":0.0074945365,"31":0.0144995697,"32":0.0077666047,"33":0.0000432815,"34":0.0046204384,"35":0.0156783469,"36":0.0101840223,"37":0.0968358237,"38":0.0418562426,"39":0.0063581467,"40":0.011667378,"41":0.4150086457,"42":0.4039474369,"43":0.007367508,"44":0.0266495535,"45":0.0000625181,"46":0.0050006811,"47":0.191843358,"48":0.0555311795,"49":0.0099152924,"50":0.0073539977,"51":0.036561943,"52":0.0309739958,"53":0.0443941194,"54":0.099853202,"55":0.0446016194,"56":0.021709498,"57":0.0356239097,"58":0.012785568,"59":0.0191550929,"60":0.2739045521},"davies2009\/mirex_qm_tempotracker":{"0":0.1244824058,"1":0.0920522485,"2":0.054727987,"3":0.0100541919,"4":0.1717881206,"5":0.0168097533,"6":0.0750291118,"7":0.0116031372,"8":0.0269954738,"9":0.0654851131,"10":0.1982625652,"11":0.0376131441,"12":0.0440234983,"13":0.0325654996,"14":0.072210668,"15":0.0285585441,"16":0.0409727145,"17":0.1113670673,"18":0.0310767189,"19":0.0245831956,"20":0.2636222074,"21":0.0461268772,"22":0.0291397133,"23":0.2019822962,"24":0.4017286011,"25":0.0454403624,"26":0.2674167421,"27":0.1735457464,"28":0.0129013906,"29":0.2536560818,"30":0.0551613453,"31":0.0216755085,"32":0.0306138778,"33":0.0028184353,"34":0.035498597,"35":0.0227943734,"36":0.0342518762,"37":0.0070221537,"38":0.106564406,"39":0.0346700879,"40":0.0160532057,"41":0.0070304075,"42":0.3629192023,"43":0.0344129453,"44":0.0711565575,"45":0.4169006184,"46":0.0170458133,"47":0.1609017278,"48":0.0596964889,"49":0.0402872784,"50":0.0143707078,"51":0.265256848,"52":0.0172931597,"53":0.0741395784,"54":0.0111272401,"55":0.0487669288,"56":0.0433666713,"57":0.0129013906,"58":0.0502278177,"59":0.0262206228,"60":0.4892721492},"percival2014\/stem":{"0":0.1335322911,"1":0.0148149026,"2":0.002635079,"3":0.0005104437,"4":0.1361664441,"5":0.0171428827,"6":0.0556568079,"7":0.0277180569,"8":0.0095039992,"9":0.0466284587,"10":0.1648400243,"11":0.0557667719,"12":0.0358444024,"13":0.0126609172,"14":0.0201225058,"15":0.0050298342,"16":0.0014469465,"17":0.2238393678,"18":0.0100106857,"19":0.0143168841,"20":0.4307305183,"21":0.0050991204,"22":0.0487648909,"23":0.1927640453,"24":0.4513132122,"25":0.0841943737,"26":0.3540716346,"27":0.3837625326,"28":0.0075601158,"29":0.2639223934,"30":0.0107686217,"31":0.0045973889,"32":0.0122393964,"33":0.0118374134,"34":0.0146831475,"35":0.0044198919,"36":0.0045013922,"37":0.1367110347,"38":0.3714851101,"39":0.0098356178,"40":0.0349321886,"41":0.4179948793,"42":0.3926696863,"43":0.0003531428,"44":0.0280881147,"45":0.0026365284,"46":0.0004456612,"47":0.1500141654,"48":0.0547645633,"49":0.0402872784,"50":0.0229860714,"51":0.3528678826,"52":0.026343045,"53":0.0741410859,"54":0.1308936491,"55":0.0291376475,"56":0.0052337059,"57":0.0077606975,"58":0.0123546072,"59":0.0187241321,"60":0.3488384236},"schreiber2014\/default":{"0":0.1059629561,"1":0.0280720705,"2":0.5828528239,"3":0.0249254095,"4":0.2116604906,"5":0.0087323883,"6":0.1381801847,"7":0.1455048069,"8":0.1036996554,"9":0.0190469178,"10":0.0976196494,"11":0.2511374445,"12":0.0692341069,"13":0.0154667898,"14":0.1764824752,"15":0.0300251115,"16":0.003239361,"17":0.1176022709,"18":0.0320593526,"19":0.0060079547,"20":0.3117892836,"21":0.195441531,"22":0.0374682298,"23":0.3788309112,"24":0.1528055211,"25":0.1088021419,"26":0.3761863659,"27":0.0092665513,"28":0.0076263175,"29":0.3637206533,"30":0.064905047,"31":0.0123613257,"32":0.4953948617,"33":0.0028481181,"34":0.004799035,"35":0.0533673118,"36":0.0535169,"37":0.1765973235,"38":0.26333737,"39":0.0623927344,"40":0.0490651142,"41":0.3692625511,"42":0.4177985726,"43":0.0221334448,"44":0.0264672811,"45":0.1012975892,"46":0.004265818,"47":0.1020874278,"48":0.0665046306,"49":0.0349194714,"50":0.0711340646,"51":0.3301216606,"52":0.0195831449,"53":0.0513814366,"54":0.1329757691,"55":0.0785823023,"56":0.0491690709,"57":0.02176275,"58":0.0050172391,"59":0.0468535558,"60":0.2838694603},"schreiber2017\/ismir2017":{"0":0.2436692257,"1":0.01087422,"2":0.038897707,"3":0.0077858448,"4":0.1393771368,"5":0.0115584226,"6":0.059094396,"7":0.0187886229,"8":0.0065995608,"9":0.0964127493,"10":0.1444378988,"11":0.0165748199,"12":0.0312965137,"13":0.0138619498,"14":0.3345999837,"15":0.0154245265,"16":0.0044656688,"17":0.2826970869,"18":0.0332944457,"19":0.0157308506,"20":0.1324659169,"21":0.0492056694,"22":0.0334881982,"23":0.1181069285,"24":0.0109922254,"25":0.0656954972,"26":0.4137579049,"27":0.2771179972,"28":0.0209739149,"29":0.2663357341,"30":0.0249998623,"31":0.0092490184,"32":0.0259617634,"33":0.0050037545,"34":0.0019856358,"35":0.0233007607,"36":0.0155483264,"37":0.3936955199,"38":0.0800809476,"39":0.0128192781,"40":0.0265436141,"41":0.4227018839,"42":0.4112278476,"43":0.0181304603,"44":0.1496627499,"45":0.0288500732,"46":0.0024351709,"47":0.0270707697,"48":0.0760693394,"49":0.0166300567,"50":0.0296534668,"51":0.4000819225,"52":0.0182638681,"53":0.0769564759,"54":0.1031869946,"55":0.0515708651,"56":0.000799424,"57":0.0197910704,"58":0.3808169393,"59":0.0337737392,"60":0.3419853385},"schreiber2017\/mirex2017":{"0":0.2436692257,"1":0.01087422,"2":0.038897707,"3":0.0077858448,"4":0.1393771368,"5":0.0115584226,"6":0.0590944187,"7":0.0187886357,"8":0.0065995608,"9":0.0964127493,"10":0.1444378988,"11":0.0165748199,"12":0.0312965137,"13":0.0138619498,"14":0.3345999837,"15":0.0154245265,"16":0.0044656688,"17":0.2826970869,"18":0.0332944457,"19":0.0157308506,"20":0.1324659169,"21":0.0492056694,"22":0.0334881982,"23":0.1181069285,"24":0.0109922254,"25":0.0656954972,"26":0.4137579049,"27":0.2771179972,"28":0.0209739149,"29":0.2663357341,"30":0.0249998623,"31":0.0092490184,"32":0.0259617416,"33":0.0050037545,"34":0.0019856358,"35":0.0233007607,"36":0.0155483264,"37":0.3936955199,"38":0.0800809476,"39":0.0128192781,"40":0.0265436141,"41":0.4227018839,"42":0.4112278476,"43":0.0181304603,"44":0.1496627499,"45":0.0288500732,"46":0.0024351709,"47":0.0270707697,"48":0.0760693394,"49":0.0166300567,"50":0.0296534668,"51":0.4000819225,"52":0.0182638681,"53":0.0769564759,"54":0.1031869946,"55":0.0515707635,"56":0.000799424,"57":0.0197910704,"58":0.0342205865,"59":0.0337737392,"60":0.3419853385},"schreiber2018\/cnn":{"0":0.1333991254,"1":0.0004448838,"2":0.0083194379,"3":0.0005409092,"4":0.4493455501,"5":0.0073926832,"6":0.0259146988,"7":0.0260524572,"8":0.0319707059,"9":0.1277799994,"10":0.2551985664,"11":0.0465298637,"12":0.0260524572,"13":0.0139531978,"14":0.0259602345,"15":0.0285691522,"16":0.0150693217,"17":0.2374617431,"18":0.0119726417,"19":0.0083115832,"20":0.323168444,"21":0.0906652733,"22":0.0199746998,"23":0.1969452154,"24":0.3947396638,"25":0.0114956388,"26":0.3902450378,"27":0.3446481714,"28":0.0162585849,"29":0.3919967883,"30":0.0157752428,"31":0.0144995697,"32":0.0030024882,"33":0.0174170531,"34":0.0090286086,"35":0.01720929,"36":0.0185392256,"37":0.1711680211,"38":0.0214797274,"39":0.0118486094,"40":0.0279403899,"41":0.4237197424,"42":0.4094378996,"43":0.0107798388,"44":0.0469566334,"45":0.0115879743,"46":0.0065872932,"47":0.209765266,"48":0.0638863829,"49":0.0240156659,"50":0.0218043703,"51":0.251538767,"52":0.0262098793,"53":0.0935601762,"54":0.125168786,"55":0.0529568227,"56":0.0231370453,"57":0.0735917599,"58":0.0243196792,"59":0.0306892041,"60":0.3552577525},"schreiber2018\/fcn":{"0":0.0309876925,"1":0.0004448838,"2":0.0259737397,"3":0.0100636833,"4":0.398719477,"5":0.0314381572,"6":0.1089704385,"7":0.0260524572,"8":0.0083194379,"9":0.1073158969,"10":0.1108086571,