{"boeck2015\/tempodetector2016_default":{"0.0":null,"0.005":0.0038682708,"0.01":0.0034805494,"0.015":0.0033909087,"0.02":0.0034110209,"0.025":0.0036054223,"0.03":0.0036054223,"0.035":0.0035670668,"0.04":0.0036260071,"0.045":0.0036260071,"0.05":0.0036260071,"0.055":0.0036260071,"0.06":0.0036260071,"0.065":0.0036260071,"0.07":0.0036260071,"0.075":0.0036260071,"0.08":0.0036260071,"0.085":0.0036260071,"0.09":0.0036260071,"0.095":0.0035893807,"0.1":0.0035893807,"0.105":0.0035893807,"0.11":0.0035893807,"0.115":0.0035893807,"0.12":0.0035893807,"0.125":0.0035893807,"0.13":0.0035893807,"0.135":0.0035893807,"0.14":0.0035893807,"0.145":0.0035893807,"0.15":0.0035893807,"0.155":0.0035893807,"0.16":0.0035893807,"0.165":0.0035893807,"0.17":0.0035893807,"0.175":0.0035893807,"0.18":0.0035893807,"0.185":0.0035893807,"0.19":0.0035893807,"0.195":0.0035893807,"0.2":0.0035893807,"0.205":0.0035893807,"0.21":0.0035893807,"0.215":0.0035893807,"0.22":0.0035893807,"0.225":0.0035893807,"0.23":0.0035893807,"0.235":0.0035893807,"0.24":0.0035893807,"0.245":0.0035893807,"0.25":0.0035893807,"0.255":0.0035893807,"0.26":0.0035893807,"0.265":0.0035893807,"0.27":0.0035893807,"0.275":0.0035893807,"0.28":0.0035893807,"0.285":0.0035893807,"0.29":0.0035893807,"0.295":0.0035893807,"0.3":0.0035893807,"0.305":0.0035893807,"0.31":0.0035893807,"0.315":0.0035893807,"0.32":0.0035893807,"0.325":0.0035893807,"0.33":0.0035893807,"0.335":0.0035893807,"0.34":0.0035763766,"0.345":0.0035763766,"0.35":0.0035763766,"0.355":0.0035763766,"0.36":0.0035763766,"0.365":0.0035763766,"0.37":0.0035763766,"0.375":0.0035763766,"0.38":0.0035763766,"0.385":0.0035763766,"0.39":0.0035763766,"0.395":0.0035763766,"0.4":0.0035763766,"0.405":0.0035763766,"0.41":0.0035763766,"0.415":0.0035763766,"0.42":0.0035763766,"0.425":0.0035763766,"0.43":0.0035763766,"0.435":0.0035763766,"0.44":0.0035763766,"0.445":0.0035763766,"0.45":0.0035763766,"0.455":0.0035763766,"0.46":0.0035763766,"0.465":0.0035763766,"0.47":0.0035763766,"0.475":0.0035763766,"0.48":0.0035763766,"0.485":0.0035763766,"0.49":0.0035763766,"0.495":0.0035763766,"0.5":0.0035763766},"davies2009\/mirex_qm_tempotracker":{"0.0":null,"0.005":0.0206663355,"0.01":0.025299472,"0.015":0.0247943182,"0.02":0.0243744308,"0.025":0.0244712557,"0.03":0.0244712557,"0.035":0.024414158,"0.04":0.0243281412,"0.045":0.0243281412,"0.05":0.0243281412,"0.055":0.0243281412,"0.06":0.0243281412,"0.065":0.0243281412,"0.07":0.0243281412,"0.075":0.0243281412,"0.08":0.0243281412,"0.085":0.0243281412,"0.09":0.0243281412,"0.095":0.0242040704,"0.1":0.0242040704,"0.105":0.0242040704,"0.11":0.0242040704,"0.115":0.0242040704,"0.12":0.0242040704,"0.125":0.0242040704,"0.13":0.0242040704,"0.135":0.0242040704,"0.14":0.0242040704,"0.145":0.0242040704,"0.15":0.0242040704,"0.155":0.0242040704,"0.16":0.0242040704,"0.165":0.0242040704,"0.17":0.0242040704,"0.175":0.0242040704,"0.18":0.0242040704,"0.185":0.0242040704,"0.19":0.0242040704,"0.195":0.0242040704,"0.2":0.0242040704,"0.205":0.0242040704,"0.21":0.0242040704,"0.215":0.0242040704,"0.22":0.0242040704,"0.225":0.0242040704,"0.23":0.0242040704,"0.235":0.0242040704,"0.24":0.0242040704,"0.245":0.0242040704,"0.25":0.0242040704,"0.255":0.0242040704,"0.26":0.0242040704,"0.265":0.0242040704,"0.27":0.0242040704,"0.275":0.0242040704,"0.28":0.0242040704,"0.285":0.0242040704,"0.29":0.0242040704,"0.295":0.0242040704,"0.3":0.0242040704,"0.305":0.0242040704,"0.31":0.0242040704,"0.315":0.0242040704,"0.32":0.0242040704,"0.325":0.0242040704,"0.33":0.0242040704,"0.335":0.0242040704,"0.34":0.0240846737,"0.345":0.0240846737,"0.35":0.0240846737,"0.355":0.0240846737,"0.36":0.0240846737,"0.365":0.0240846737,"0.37":0.0240846737,"0.375":0.0240846737,"0.38":0.0240846737,"0.385":0.0240846737,"0.39":0.0240846737,"0.395":0.0240846737,"0.4":0.0240846737,"0.405":0.0240846737,"0.41":0.0240846737,"0.415":0.0240846737,"0.42":0.0240846737,"0.425":0.0240846737,"0.43":0.0240846737,"0.435":0.0240846737,"0.44":0.0240846737,"0.445":0.0240846737,"0.45":0.0240846737,"0.455":0.0240846737,"0.46":0.0240846737,"0.465":0.0240846737,"0.47":0.0240846737,"0.475":0.0240846737,"0.48":0.0240846737,"0.485":0.0240846737,"0.49":0.0240846737,"0.495":0.0240846737,"0.5":0.0240846737},"percival2014\/stem":{"0.0":null,"0.005":0.0021783818,"0.01":0.0021293164,"0.015":0.002137561,"0.02":0.0021251281,"0.025":0.0021374406,"0.03":0.0021374406,"0.035":0.0021355738,"0.04":0.0021968369,"0.045":0.0021968369,"0.05":0.0021968369,"0.055":0.0021968369,"0.06":0.0021968369,"0.065":0.0021968369,"0.07":0.0021968369,"0.075":0.0021968369,"0.08":0.0021968369,"0.085":0.0021968369,"0.09":0.0021968369,"0.095":0.0022077182,"0.1":0.0022077182,"0.105":0.0022077182,"0.11":0.0022077182,"0.115":0.0022077182,"0.12":0.0022077182,"0.125":0.0022077182,"0.13":0.0022077182,"0.135":0.0022077182,"0.14":0.0022077182,"0.145":0.0022077182,"0.15":0.0022077182,"0.155":0.0022077182,"0.16":0.0022077182,"0.165":0.0022077182,"0.17":0.0022077182,"0.175":0.0022077182,"0.18":0.0022077182,"0.185":0.0022077182,"0.19":0.0022077182,"0.195":0.0022077182,"0.2":0.0022077182,"0.205":0.0022077182,"0.21":0.0022077182,"0.215":0.0022077182,"0.22":0.0022077182,"0.225":0.0022077182,"0.23":0.0022077182,"0.235":0.0022077182,"0.24":0.0022077182,"0.245":0.0022077182,"0.25":0.0022077182,"0.255":0.0022077182,"0.26":0.0022077182,"0.265":0.0022077182,"0.27":0.0022077182,"0.275":0.0022077182,"0.28":0.0022077182,"0.285":0.0022077182,"0.29":0.0022077182,"0.295":0.0022077182,"0.3":0.0022077182,"0.305":0.0022077182,"0.31":0.0022077182,"0.315":0.0022077182,"0.32":0.0022077182,"0.325":0.0022077182,"0.33":0.0022077182,"0.335":0.0022077182,"0.34":0.0021935563,"0.345":0.0021935563,"0.35":0.0021935563,"0.355":0.0021935563,"0.36":0.0021935563,"0.365":0.0021935563,"0.37":0.0021935563,"0.375":0.0021935563,"0.38":0.0021935563,"0.385":0.0021935563,"0.39":0.0021935563,"0.395":0.0021935563,"0.4":0.0021935563,"0.405":0.0021935563,"0.41":0.0021935563,"0.415":0.0021935563,"0.42":0.0021935563,"0.425":0.0021935563,"0.43":0.0021935563,"0.435":0.0021935563,"0.44":0.0021935563,"0.445":0.0021935563,"0.45":0.0021935563,"0.455":0.0021935563,"0.46":0.0021935563,"0.465":0.0021935563,"0.47":0.0021935563,"0.475":0.0021935563,"0.48":0.0021935563,"0.485":0.0021935563,"0.49":0.0021935563,"0.495":0.0021935563,"0.5":0.0021935563},"schreiber2014\/default":{"0.0":null,"0.005":0.0078273989,"0.01":0.0124084197,"0.015":0.0118672869,"0.02":0.0114828949,"0.025":0.0107118125,"0.03":0.0107118125,"0.035":0.0105992983,"0.04":0.0126211979,"0.045":0.0126211979,"0.05":0.0126211979,"0.055":0.0126211979,"0.06":0.0126211979,"0.065":0.0126211979,"0.07":0.0126211979,"0.075":0.0126211979,"0.08":0.0126211979,"0.085":0.0126211979,"0.09":0.0126211979,"0.095":0.0157296498,"0.1":0.0157296498,"0.105":0.0157296498,"0.11":0.0157296498,"0.115":0.0157296498,"0.12":0.0157296498,"0.125":0.0157296498,"0.13":0.0157296498,"0.135":0.0157296498,"0.14":0.0157296498,"0.145":0.0157296498,"0.15":0.0157296498,"0.155":0.0157296498,"0.16":0.0157296498,"0.165":0.0157296498,"0.17":0.0157296498,"0.175":0.0157296498,"0.18":0.0157296498,"0.185":0.0157296498,"0.19":0.0157296498,"0.195":0.0157296498,"0.2":0.0157296498,"0.205":0.0157296498,"0.21":0.0157296498,"0.215":0.0157296498,"0.22":0.0157296498,"0.225":0.0157296498,"0.23":0.0157296498,"0.235":0.0157296498,"0.24":0.0157296498,"0.245":0.0157296498,"0.25":0.0157296498,"0.255":0.0157296498,"0.26":0.0157296498,"0.265":0.0157296498,"0.27":0.0157296498,"0.275":0.0157296498,"0.28":0.0157296498,"0.285":0.0157296498,"0.29":0.0157296498,"0.295":0.0157296498,"0.3":0.0157296498,"0.305":0.0157296498,"0.31":0.0157296498,"0.315":0.0157296498,"0.32":0.0157296498,"0.325":0.0157296498,"0.33":0.0157296498,"0.335":0.0157296498,"0.34":0.0155965195,"0.345":0.0155965195,"0.35":0.0155965195,"0.355":0.0155965195,"0.36":0.0155965195,"0.365":0.0155965195,"0.37":0.0155965195,"0.375":0.0155965195,"0.38":0.0155965195,"0.385":0.0155965195,"0.39":0.0155965195,"0.395":0.0155965195,"0.4":0.0155965195,"0.405":0.0155965195,"0.41":0.0155965195,