{"Size":{"boeck2015\/tempodetector2016_default":102,"davies2009\/mirex_qm_tempotracker":102,"percival2014\/stem":102,"schreiber2014\/default":102,"schreiber2017\/ismir2017":102,"schreiber2017\/mirex2017":102,"schreiber2018\/cnn":102,"schreiber2018\/fcn":102,"schreiber2018\/ismir2018":102},"Min":{"boeck2015\/tempodetector2016_default":41.1,"davies2009\/mirex_qm_tempotracker":65.4173,"percival2014\/stem":64.5996,"schreiber2014\/default":58.176712,"schreiber2017\/ismir2017":40.53247,"schreiber2017\/mirex2017":40.53247,"schreiber2018\/cnn":50.0,"schreiber2018\/fcn":41.0,"schreiber2018\/ismir2018":55.0},"Max":{"boeck2015\/tempodetector2016_default":214.29,"davies2009\/mirex_qm_tempotracker":198.768,"percival2014\/stem":147.656,"schreiber2014\/default":145.05736,"schreiber2017\/ismir2017":203.76634,"schreiber2017\/mirex2017":203.76634,"schreiber2018\/cnn":216.0,"schreiber2018\/fcn":208.0,"schreiber2018\/ismir2018":204.0},"Avg":{"boeck2015\/tempodetector2016_default":98.9783333333,"davies2009\/mirex_qm_tempotracker":126.4872343137,"percival2014\/stem":102.5603058824,"schreiber2014\/default":100.4444201667,"schreiber2017\/ismir2017":104.5125112549,"schreiber2017\/mirex2017":102.9029018627,"schreiber2018\/cnn":108.2941176471,"schreiber2018\/fcn":106.7647058824,"schreiber2018\/ismir2018":106.6078431373},"Stdev":{"boeck2015\/tempodetector2016_default":31.8308754179,"davies2009\/mirex_qm_tempotracker":24.8645799035,"percival2014\/stem":22.3182330121,"schreiber2014\/default":23.3215391377,"schreiber2017\/ismir2017":26.9012178311,"schreiber2017\/mirex2017":28.7783205523,"schreiber2018\/cnn":25.9174577943,"schreiber2018\/fcn":28.5203337123,"schreiber2018\/ismir2018":25.8851832165},"Sweet Oct. Start":{"boeck2015\/tempodetector2016_default":70.0,"davies2009\/mirex_qm_tempotracker":90.0,"percival2014\/stem":70.0,"schreiber2014\/default":65.0,"schreiber2017\/ismir2017":73.0,"schreiber2017\/mirex2017":73.0,"schreiber2018\/cnn":73.0,"schreiber2018\/fcn":74.0,"schreiber2018\/ismir2018":73.0},"Sweet Oct. Coverage":{"boeck2015\/tempodetector2016_default":0.7352941176,"davies2009\/mirex_qm_tempotracker":0.9215686275,"percival2014\/stem":0.9411764706,"schreiber2014\/default":0.8823529412,"schreiber2017\/ismir2017":0.8725490196,"schreiber2017\/mirex2017":0.8431372549,"schreiber2018\/cnn":0.931372549,"schreiber2018\/fcn":0.8431372549,"schreiber2018\/ismir2018":0.8823529412}}