Estimator,OE1_MEAN,OE1_STDEV,OE2_MEAN,OE2_STDEV
percival2014/stem,0.10449035920222963,0.46704125154014,0.004490359202229628,0.03412161689576286
boeck2015/tempodetector2016_default,0.1330950231224363,0.4828580817650715,-0.006904976877563698,0.05895299853867236
schreiber2014/default,0.03597969579497667,0.5048587451802649,0.024280445780553547,0.1471121841680925
davies2009/mirex_qm_tempotracker,0.5486919892670099,0.5477774323029503,0.02529348923816371,0.11851383446224169
schreiber2017/ismir2017,0.025487574824375196,0.6241912229376648,0.028886074853221432,0.10217100210960592
schreiber2017/mirex2017,-0.03451242393527957,0.6388057069936488,0.028886076093566672,0.10217100216683321
