{"boeck2015\/tempodetector2016_default":{"0.0":null,"0.005":-0.2820331578,"0.01":-0.3097323953,"0.015":-0.3313502819,"0.02":-0.3314365957,"0.025":-0.338435586,"0.03":-0.338435586,"0.035":-0.3348352074,"0.04":-0.3198824678,"0.045":-0.3198824678,"0.05":-0.3198824678,"0.055":-0.3198824678,"0.06":-0.3198824678,"0.065":-0.3198824678,"0.07":-0.3198824678,"0.075":-0.3198824678,"0.08":-0.3198824678,"0.085":-0.3198824678,"0.09":-0.3198824678,"0.095":-0.3166513317,"0.1":-0.3166513317,"0.105":-0.3166513317,"0.11":-0.3166513317,"0.115":-0.3166513317,"0.12":-0.3166513317,"0.125":-0.3166513317,"0.13":-0.3166513317,"0.135":-0.3166513317,"0.14":-0.3166513317,"0.145":-0.3166513317,"0.15":-0.3166513317,"0.155":-0.3166513317,"0.16":-0.3166513317,"0.165":-0.3166513317,"0.17":-0.3166513317,"0.175":-0.3166513317,"0.18":-0.3166513317,"0.185":-0.3166513317,"0.19":-0.3166513317,"0.195":-0.3166513317,"0.2":-0.3166513317,"0.205":-0.3166513317,"0.21":-0.3166513317,"0.215":-0.3166513317,"0.22":-0.3166513317,"0.225":-0.3166513317,"0.23":-0.3166513317,"0.235":-0.3166513317,"0.24":-0.3166513317,"0.245":-0.3166513317,"0.25":-0.3166513317,"0.255":-0.3166513317,"0.26":-0.3166513317,"0.265":-0.3166513317,"0.27":-0.3166513317,"0.275":-0.3166513317,"0.28":-0.3166513317,"0.285":-0.3166513317,"0.29":-0.3166513317,"0.295":-0.3166513317,"0.3":-0.3166513317,"0.305":-0.3166513317,"0.31":-0.3166513317,"0.315":-0.3166513317,"0.32":-0.3166513317,"0.325":-0.3166513317,"0.33":-0.3166513317,"0.335":-0.3166513317,"0.34":-0.3234817162,"0.345":-0.3234817162,"0.35":-0.3234817162,"0.355":-0.3234817162,"0.36":-0.3234817162,"0.365":-0.3234817162,"0.37":-0.3234817162,"0.375":-0.3234817162,"0.38":-0.3234817162,"0.385":-0.3234817162,"0.39":-0.3234817162,"0.395":-0.3234817162,"0.4":-0.3234817162,"0.405":-0.3234817162,"0.41":-0.3234817162,"0.415":-0.3234817162,"0.42":-0.3234817162,"0.425":-0.3234817162,"0.43":-0.3234817162,"0.435":-0.3234817162,"0.44":-0.3234817162,"0.445":-0.3234817162,"0.45":-0.3234817162,"0.455":-0.3234817162,"0.46":-0.3234817162,"0.465":-0.3234817162,"0.47":-0.3234817162,"0.475":-0.3234817162,"0.48":-0.3234817162,"0.485":-0.3234817162,"0.49":-0.3234817162,"0.495":-0.3234817162,"0.5":-0.3234817162},"davies2009\/mirex_qm_tempotracker":{"0.0":null,"0.005":0.1677880137,"0.01":0.153592957,"0.015":0.1465784493,"0.02":0.1418991108,"0.025":0.1547181104,"0.03":0.1547181104,"0.035":0.1532754079,"0.04":0.1696258636,"0.045":0.1696258636,"0.05":0.1696258636,"0.055":0.1696258636,"0.06":0.1696258636,"0.065":0.1696258636,"0.07":0.1696258636,"0.075":0.1696258636,"0.08":0.1696258636,"0.085":0.1696258636,"0.09":0.1696258636,"0.095":0.1680341391,"0.1":0.1680341391,"0.105":0.1680341391,"0.11":0.1680341391,"0.115":0.1680341391,"0.12":0.1680341391,"0.125":0.1680341391,"0.13":0.1680341391,"0.135":0.1680341391,"0.14":0.1680341391,"0.145":0.1680341391,"0.15":0.1680341391,"0.155":0.1680341391,"0.16":0.1680341391,"0.165":0.1680341391,"0.17":0.1680341391,"0.175":0.1680341391,"0.18":0.1680341391,"0.185":0.1680341391,"0.19":0.1680341391,"0.195":0.1680341391,"0.2":0.1680341391,"0.205":0.1680341391,"0.21":0.1680341391,"0.215":0.1680341391,"0.22":0.1680341391,"0.225":0.1680341391,"0.23":0.1680341391,"0.235":0.1680341391,"0.24":0.1680341391,"0.245":0.1680341391,"0.25":0.1680341391,"0.255":0.1680341391,"0.26":0.1680341391,"0.265":0.1680341391,"0.27":0.1680341391,"0.275":0.1680341391,"0.28":0.1680341391,"0.285":0.1680341391,"0.29":0.1680341391,"0.295":0.1680341391,"0.3":0.1680341391,"0.305":0.1680341391,"0.31":0.1680341391,"0.315":0.1680341391,"0.32":0.1680341391,"0.325":0.1680341391,"0.33":0.1680341391,"0.335":0.1680341391,"0.34":0.1665024336,"0.345":0.1665024336,"0.35":0.1665024336,"0.355":0.1665024336,"0.36":0.1665024336,"0.365":0.1665024336,"0.37":0.1665024336,"0.375":0.1665024336,"0.38":0.1665024336,"0.385":0.1665024336,"0.39":0.1665024336,"0.395":0.1665024336,"0.4":0.1665024336,"0.405":0.1665024336,"0.41":0.1665024336,"0.415":0.1665024336,"0.42":0.1665024336,"0.425":0.1665024336,"0.43":0.1665024336,"0.435":0.1665024336,"0.44":0.1665024336,"0.445":0.1665024336,"0.45":0.1665024336,"0.455":0.1665024336,"0.46":0.1665024336,"0.465":0.1665024336,"0.47":0.1665024336,"0.475":0.1665024336,"0.48":0.1665024336,"0.485":0.1665024336,"0.49":0.1665024336,"0.495":0.1665024336,"0.5":0.1665024336},"percival2014\/stem":{"0.0":null,"0.005":-0.0992426053,"0.01":-0.1247772497,"0.015":-0.1189852848,"0.02":-0.1149079359,"0.025":-0.1061768567,"0.03":-0.1061768567,"0.035":-0.1050681876,"0.04":-0.0993781431,"0.045":-0.0993781431,"0.05":-0.0993781431,"0.055":-0.0993781431,"0.06":-0.0993781431,"0.065":-0.0993781431,"0.07":-0.0993781431,"0.075":-0.0993781431,"0.08":-0.0993781431,"0.085":-0.0993781431,"0.09":-0.0993781431,"0.095":-0.0983412519,"0.1":-0.0983412519,"0.105":-0.0983412519,"0.11":-0.0983412519,"0.115":-0.0983412519,"0.12":-0.0983412519,"0.125":-0.0983412519,"0.13":-0.0983412519,"0.135":-0.0983412519,"0.14":-0.0983412519,"0.145":-0.0983412519,"0.15":-0.0983412519,"0.155":-0.0983412519,"0.16":-0.0983412519,"0.165":-0.0983412519,"0.17":-0.0983412519,"0.175":-0.0983412519,"0.18":-0.0983412519,"0.185":-0.0983412519,"0.19":-0.0983412519,"0.195":-0.0983412519,"0.2":-0.0983412519,"0.205":-0.0983412519,"0.21":-0.0983412519,"0.215":-0.0983412519,"0.22":-0.0983412519,"0.225":-0.0983412519,"0.23":-0.0983412519,"0.235":-0.0983412519,"0.24":-0.0983412519,"0.245":-0.0983412519,"0.25":-0.0983412519,"0.255":-0.0983412519,"0.26":-0.0983412519,"0.265":-0.0983412519,"0.27":-0.0983412519,"0.275":-0.0983412519,"0.28":-0.0983412519,"0.285":-0.0983412519,"0.29":-0.0983412519,"0.295":-0.0983412519,"0.3":-0.0983412519,"0.305":-0.0983412519,"0.31":-0.0983412519,"0.315":-0.0983412519,"0.32":-0.0983412519,"0.325":-0.0983412519,"0.33":-0.0983412519,"0.335":-0.0983412519,"0.34":-0.0973397627,"0.345":-0.0973397627,"0.35":-0.0973397627,"0.355":-0.0973397627,"0.36":-0.0973397627,"0.365":-0.0973397627,"0.37":-0.0973397627,"0.375":-0.0973397627,"0.38":-0.0973397627,"0.385":-0.0973397627,"0.39":-0.0973397627,"0.395":-0.0973397627,"0.4":-0.0973397627,"0.405":-0.0973397627,"0.41":-0.0973397627,"0.415":-0.0973397627,"0.42":-0.0973397627,"0.425":-0.0973397627,"0.43":-0.0973397627,"0.435":-0.0973397627,"0.44":-0.0973397627,"0.445":-0.0973397627,"0.45":-0.0973397627,"0.455":-0.0973397627,"0.46":-0.0973397627,"0.465":-0.0973397627,"0.47":-0.0973397627,"0.475":-0.0973397627,"0.48":-0.0973397627,"0.485":-0.0973397627,"0.49":-0.0973397627,"0.495":-0.0973397627,"0.5":-0.0973397627},"schreiber2014\/default":{"0.0":null,"0.005":-0.105262392,"0.01":-0.1229285283,"0.015":-0.1293221266,"0.02":-0.1248022398,"0.025":-0.1368937702,"0.03":-0.1368937702,"0.035":-0.1354388947,"0.04":-0.1202755784,"0.045":-0.1202755784,"0.05":-0.1202755784,"0.055":-0.1202755784,"0.06":-0.1202755784,"0.065":-0.1202755784,"0.07":-0.1202755784,"0.075":-0.1202755784,"0.08":-0.1202755784,"0.085":-0.1202755784,"0.09":-0.1202755784,"0.095":-0.1222966124,"0.1":-0.1222966124,"0.105":-0.1222966124,"0.11":-0.1222966124,"0.115":-0.1222966124,"0.12":-0.1222966124,"0.125":-0.1222966124,"0.13":-0.1222966124,"0.135":-0.1222966124,"0.14":-0.1222966124,"0.145":-0.1222966124,"0.15":-0.1222966124,"0.155":-0.1222966124,"0.16":-0.1222966124,"0.165":-0.1222966124,"0.17":-0.1222966124,"0.175":-0.1222966124,"0.18":-0.1222966124,"0.185":-0.1222966124,"0.19":-0.1222966124,"0.195":-0.1222966124,"0.2":-0.1222966124,"0.205":-0.1222966124,"0.21":-0.1222966124,"0.215":-0.1222966124,"0.22":-0.1222966124,"0.225":-0.1222966124,"0.23":-0.1222966124,"0.235":-0.1222966124,"0.24":-0.1222966124,"0.245":-0.1222966124,"0.25":-0.1222966124,"0.255":-0.1222966124,"0.26":-0.1222966124,"0.265":-0.1222966124,"0.27":-0.1222966124,"0.275":-0.1222966124,"0.28":-0.1222966124,"0.285":-0.1222966124,"0.29":-0.1222966124,"0.295":-0.1222966124,"0.3":-0.1222966124,"0.305":-0.1222966124,"0.31":-0.1222966124,"0.315":-0.1222966124,"0.32":-0.1222966124,"0.325":-0.1222966124,"0.33":-0.1222966124,"0.335":-0.1222966124,"0.34":-0.1210718205,"0.345":-0.1210718205,