{"boeck2015\/tempodetector2016_default":{"0.0":null,"0.005":0.3306963897,"0.01":0.3522244116,"0.015":0.3714679549,"0.02":0.3702732813,"0.025":0.3747270415,"0.03":0.3747270415,"0.035":0.3707405836,"0.04":0.3558128498,"0.045":0.3558128498,"0.05":0.3558128498,"0.055":0.3558128498,"0.06":0.3558128498,"0.065":0.3558128498,"0.07":0.3558128498,"0.075":0.3558128498,"0.08":0.3558128498,"0.085":0.3558128498,"0.09":0.3558128498,"0.095":0.3522187806,"0.1":0.3522187806,"0.105":0.3522187806,"0.11":0.3522187806,"0.115":0.3522187806,"0.12":0.3522187806,"0.125":0.3522187806,"0.13":0.3522187806,"0.135":0.3522187806,"0.14":0.3522187806,"0.145":0.3522187806,"0.15":0.3522187806,"0.155":0.3522187806,"0.16":0.3522187806,"0.165":0.3522187806,"0.17":0.3522187806,"0.175":0.3522187806,"0.18":0.3522187806,"0.185":0.3522187806,"0.19":0.3522187806,"0.195":0.3522187806,"0.2":0.3522187806,"0.205":0.3522187806,"0.21":0.3522187806,"0.215":0.3522187806,"0.22":0.3522187806,"0.225":0.3522187806,"0.23":0.3522187806,"0.235":0.3522187806,"0.24":0.3522187806,"0.245":0.3522187806,"0.25":0.3522187806,"0.255":0.3522187806,"0.26":0.3522187806,"0.265":0.3522187806,"0.27":0.3522187806,"0.275":0.3522187806,"0.28":0.3522187806,"0.285":0.3522187806,"0.29":0.3522187806,"0.295":0.3522187806,"0.3":0.3522187806,"0.305":0.3522187806,"0.31":0.3522187806,"0.315":0.3522187806,"0.32":0.3522187806,"0.325":0.3522187806,"0.33":0.3522187806,"0.335":0.3522187806,"0.34":0.3587194824,"0.345":0.3587194824,"0.35":0.3587194824,"0.355":0.3587194824,"0.36":0.3587194824,"0.365":0.3587194824,"0.37":0.3587194824,"0.375":0.3587194824,"0.38":0.3587194824,"0.385":0.3587194824,"0.39":0.3587194824,"0.395":0.3587194824,"0.4":0.3587194824,"0.405":0.3587194824,"0.41":0.3587194824,"0.415":0.3587194824,"0.42":0.3587194824,"0.425":0.3587194824,"0.43":0.3587194824,"0.435":0.3587194824,"0.44":0.3587194824,"0.445":0.3587194824,"0.45":0.3587194824,"0.455":0.3587194824,"0.46":0.3587194824,"0.465":0.3587194824,"0.47":0.3587194824,"0.475":0.3587194824,"0.48":0.3587194824,"0.485":0.3587194824,"0.49":0.3587194824,"0.495":0.3587194824,"0.5":0.3587194824},"davies2009\/mirex_qm_tempotracker":{"0.0":null,"0.005":0.2086730353,"0.01":0.2289218048,"0.015":0.2186035265,"0.02":0.2114228527,"0.025":0.2189461405,"0.03":0.2189461405,"0.035":0.2168201611,"0.04":0.2292890013,"0.045":0.2292890013,"0.05":0.2292890013,"0.055":0.2292890013,"0.06":0.2292890013,"0.065":0.2292890013,"0.07":0.2292890013,"0.075":0.2292890013,"0.08":0.2292890013,"0.085":0.2292890013,"0.09":0.2292890013,"0.095":0.2270946187,"0.1":0.2270946187,"0.105":0.2270946187,"0.11":0.2270946187,"0.115":0.2270946187,"0.12":0.2270946187,"0.125":0.2270946187,"0.13":0.2270946187,"0.135":0.2270946187,"0.14":0.2270946187,"0.145":0.2270946187,"0.15":0.2270946187,"0.155":0.2270946187,"0.16":0.2270946187,"0.165":0.2270946187,"0.17":0.2270946187,"0.175":0.2270946187,"0.18":0.2270946187,"0.185":0.2270946187,"0.19":0.2270946187,"0.195":0.2270946187,"0.2":0.2270946187,"0.205":0.2270946187,"0.21":0.2270946187,"0.215":0.2270946187,"0.22":0.2270946187,"0.225":0.2270946187,"0.23":0.2270946187,"0.235":0.2270946187,"0.24":0.2270946187,"0.245":0.2270946187,"0.25":0.2270946187,"0.255":0.2270946187,"0.26":0.2270946187,"0.265":0.2270946187,"0.27":0.2270946187,"0.275":0.2270946187,"0.28":0.2270946187,"0.285":0.2270946187,"0.29":0.2270946187,"0.295":0.2270946187,"0.3":0.2270946187,"0.305":0.2270946187,"0.31":0.2270946187,"0.315":0.2270946187,"0.32":0.2270946187,"0.325":0.2270946187,"0.33":0.2270946187,"0.335":0.2270946187,"0.34":0.2249463166,"0.345":0.2249463166,"0.35":0.2249463166,"0.355":0.2249463166,"0.36":0.2249463166,"0.365":0.2249463166,"0.37":0.2249463166,"0.375":0.2249463166,"0.38":0.2249463166,"0.385":0.2249463166,"0.39":0.2249463166,"0.395":0.2249463166,"0.4":0.2249463166,"0.405":0.2249463166,"0.41":0.2249463166,"0.415":0.2249463166,"0.42":0.2249463166,"0.425":0.2249463166,"0.43":0.2249463166,"0.435":0.2249463166,"0.44":0.2249463166,"0.445":0.2249463166,"0.45":0.2249463166,"0.455":0.2249463166,"0.46":0.2249463166,"0.465":0.2249463166,"0.47":0.2249463166,"0.475":0.2249463166,"0.48":0.2249463166,"0.485":0.2249463166,"0.49":0.2249463166,"0.495":0.2249463166,"0.5":0.2249463166},"percival2014\/stem":{"0.0":null,"0.005":0.1469836365,"0.01":0.1665092801,"0.015":0.1585955987,"0.02":0.1531253273,"0.025":0.1632774098,"0.03":0.1632774098,"0.035":0.1615612879,"0.04":0.1551153791,"0.045":0.1551153791,"0.05":0.1551153791,"0.055":0.1551153791,"0.06":0.1551153791,"0.065":0.1551153791,"0.07":0.1551153791,"0.075":0.1551153791,"0.08":0.1551153791,"0.085":0.1551153791,"0.09":0.1551153791,"0.095":0.1535816286,"0.1":0.1535816286,"0.105":0.1535816286,"0.11":0.1535816286,"0.115":0.1535816286,"0.12":0.1535816286,"0.125":0.1535816286,"0.13":0.1535816286,"0.135":0.1535816286,"0.14":0.1535816286,"0.145":0.1535816286,"0.15":0.1535816286,"0.155":0.1535816286,"0.16":0.1535816286,"0.165":0.1535816286,"0.17":0.1535816286,"0.175":0.1535816286,"0.18":0.1535816286,"0.185":0.1535816286,"0.19":0.1535816286,"0.195":0.1535816286,"0.2":0.1535816286,"0.205":0.1535816286,"0.21":0.1535816286,"0.215":0.1535816286,"0.22":0.1535816286,"0.225":0.1535816286,"0.23":0.1535816286,"0.235":0.1535816286,"0.24":0.1535816286,"0.245":0.1535816286,"0.25":0.1535816286,"0.255":0.1535816286,"0.26":0.1535816286,"0.265":0.1535816286,"0.27":0.1535816286,"0.275":0.1535816286,"0.28":0.1535816286,"0.285":0.1535816286,"0.29":0.1535816286,"0.295":0.1535816286,"0.3":0.1535816286,"0.305":0.1535816286,"0.31":0.1535816286,"0.315":0.1535816286,"0.32":0.1535816286,"0.325":0.1535816286,"0.33":0.1535816286,"0.335":0.1535816286,"0.34":0.1520537276,"0.345":0.1520537276,"0.35":0.1520537276,"0.355":0.1520537276,"0.36":0.1520537276,"0.365":0.1520537276,"0.37":0.1520537276,"0.375":0.1520537276,"0.38":0.1520537276,"0.385":0.1520537276,"0.39":0.1520537276,"0.395":0.1520537276,"0.4":0.1520537276,"0.405":0.1520537276,"0.41":0.1520537276,"0.415":0.1520537276,"0.42":0.1520537276,"0.425":0.1520537276,"0.43":0.1520537276,"0.435":0.1520537276,"0.44":0.1520537276,"0.445":0.1520537276,"0.45":0.1520537276,"0.455":0.1520537276,"0.46":0.1520537276,"0.465":0.1520537276,"0.47":0.1520537276,"0.475":0.1520537276,"0.48":0.1520537276,"0.485":0.1520537276,"0.49":0.1520537276,"0.495":0.1520537276,"0.5":0.1520537276},"schreiber2014\/default":{"0.0":null,"0.005":0.1406590794,"0.01":0.1537424191,"0.015":0.1584308419,"0.02":0.1529337677,"0.025":0.1630212218,"0.03":0.1630212218,"0.035":0.1612883947,"0.04":0.1631311681,"0.045":0.1631311681,"0.05":0.1631311681,"0.055":0.1631311681,"0.06":0.1631311681,"0.065":0.1631311681,"0.07":0.1631311681,"0.075":0.1631311681,"0.08":0.1631311681,"0.085":0.1631311681,"0.09":0.1631311681,"0.095":0.1647193174,"0.1":0.1647193174,"0.105":0.1647193174,"0.11":0.1647193174,"0.115":0.1647193174,"0.12":0.1647193174,"0.125":0.1647193174,"0.13":0.1647193174,"0.135":0.1647193174,"0.14":0.1647193174,"0.145":0.1647193174,"0.15":0.1647193174,"0.155":0.1647193174,"0.16":0.1647193174,"0.165":0.1647193174,"0.17":0.1647193174,"0.175":0.1647193174,"0.18":0.1647193174,"0.185":0.1647193174,"0.19":0.1647193174,"0.195":0.1647193174,"0.2":0.1647193174,"0.205":0.1647193174,"0.21":0.1647193174,"0.215":0.1647193174,"0.22":0.1647193174,"0.225":0.1647193174,"0.23":0.1647193174,"0.235":0.1647193174,"0.24":0.1647193174,"0.245":0.1647193174,"0.25":0.1647193174,"0.255":0.1647193174,"0.26":0.1647193174,"0.265":0.1647193174,"0.27":0.1647193174,"0.275":0.1647193174,"0.28":0.1647193174,"0.285":0.1647193174,"0.29":0.1647193174,"0.295":0.1647193174,"0.3":0.1647193174,"0.305":0.1647193174,"0.31":0.1647193174,"0.315":0.1647193174,"0.32":0.1647193174,"0.325":0.1647193174,"0.33":0.1647193174,"0.335":0.1647193174,"0.34":0.1630962904,"0.345":0.1630962904,"0.35":0.1630962904,"0.355":0.1630962904,"0.36":0.1630962904,"0.365":0.1630962904,"0.37":0.1630962904,"0.375":0.1630962904,"0.38":0.1630962904,"0.385":0.1630962904,"0.39":0.1630962904,"0.395":0.1630962904,"0.4":0.1630962904,"0.405":0.1630962904,"0.41":0.1630962904,