{"boeck2015\/tempodetector2016_default":{"boeck2015\/tempodetector2016_default":1.0,"davies2009\/mirex_qm_tempotracker":0.229481013,"percival2014\/stem":1.0,"schreiber2014\/default":0.823802948,"schreiber2017\/ismir2017":0.5846647117,"schreiber2017\/mirex2017":1.0},"davies2009\/mirex_qm_tempotracker":{"boeck2015\/tempodetector2016_default":0.229481013,"davies2009\/mirex_qm_tempotracker":1.0,"percival2014\/stem":0.2649308965,"schreiber2014\/default":0.3615946081,"schreiber2017\/ismir2017":0.0289592743,"schreiber2017\/mirex2017":0.151589632},"percival2014\/stem":{"boeck2015\/tempodetector2016_default":1.0,"davies2009\/mirex_qm_tempotracker":0.2649308965,"percival2014\/stem":1.0,"schreiber2014\/default":1.0,"schreiber2017\/ismir2017":0.4420683384,"schreiber2017\/mirex2017":1.0},"schreiber2014\/default":{"boeck2015\/tempodetector2016_default":0.823802948,"davies2009\/mirex_qm_tempotracker":0.3615946081,"percival2014\/stem":1.0,"schreiber2014\/default":1.0,"schreiber2017\/ismir2017":0.307456255,"schreiber2017\/mirex2017":0.8388197422},"schreiber2017\/ismir2017":{"boeck2015\/tempodetector2016_default":0.5846647117,"davies2009\/mirex_qm_tempotracker":0.0289592743,"percival2014\/stem":0.4420683384,"schreiber2014\/default":0.307456255,"schreiber2017\/ismir2017":1.0,"schreiber2017\/mirex2017":0.125},"schreiber2017\/mirex2017":{"boeck2015\/tempodetector2016_default":1.0,"davies2009\/mirex_qm_tempotracker":0.151589632,"percival2014\/stem":1.0,"schreiber2014\/default":0.8388197422,"schreiber2017\/ismir2017":0.125,"schreiber2017\/mirex2017":1.0}}