Item,Reference,Estimate
RM-J013.jams,90.90909090909138,129.199
RM-J014.jams,88.8888888888874,120.185
RM-J018.jams,74.07407407407386,126.048
RM-J031.jams,45.454545454545446,184.57
RM-J044.jams,37.26708074534163,126.048
