{"boeck2015\/tempodetector2016_default":{"boeck2015\/tempodetector2016_default":1.0,"davies2009\/mirex_qm_tempotracker":0.1176749289,"percival2014\/stem":0.6950890949,"schreiber2014\/default":0.1983973886,"schreiber2017\/ismir2017":0.3453005631,"schreiber2017\/mirex2017":0.3453005631},"davies2009\/mirex_qm_tempotracker":{"boeck2015\/tempodetector2016_default":0.1176749289,"davies2009\/mirex_qm_tempotracker":1.0,"percival2014\/stem":0.1181629951,"schreiber2014\/default":0.4494326259,"schreiber2017\/ismir2017":0.0660361054,"schreiber2017\/mirex2017":0.0660361054},"percival2014\/stem":{"boeck2015\/tempodetector2016_default":0.6950890949,"davies2009\/mirex_qm_tempotracker":0.1181629951,"percival2014\/stem":1.0,"schreiber2014\/default":0.1972944168,"schreiber2017\/ismir2017":0.343808638,"schreiber2017\/mirex2017":0.343808638},"schreiber2014\/default":{"boeck2015\/tempodetector2016_default":0.1983973886,"davies2009\/mirex_qm_tempotracker":0.4494326259,"percival2014\/stem":0.1972944168,"schreiber2014\/default":1.0,"schreiber2017\/ismir2017":0.1644048166,"schreiber2017\/mirex2017":0.1644048166},"schreiber2017\/ismir2017":{"boeck2015\/tempodetector2016_default":0.3453005631,"davies2009\/mirex_qm_tempotracker":0.0660361054,"percival2014\/stem":0.343808638,"schreiber2014\/default":0.1644048166,"schreiber2017\/ismir2017":1.0,"schreiber2017\/mirex2017":1.0},"schreiber2017\/mirex2017":{"boeck2015\/tempodetector2016_default":0.3453005631,"davies2009\/mirex_qm_tempotracker":0.0660361054,"percival2014\/stem":0.343808638,"schreiber2014\/default":0.1644048166,"schreiber2017\/ismir2017":1.0,"schreiber2017\/mirex2017":1.0}}