{"boeck2015\/tempodetector2016_default":{"boeck2015\/tempodetector2016_default":1.0,"davies2009\/mirex_qm_tempotracker":0.0000000002,"percival2014\/stem":0.059534226,"schreiber2014\/default":0.1988124213,"schreiber2017\/ismir2017":0.0480716787,"schreiber2017\/mirex2017":0.1903498036,"schreiber2018\/cnn":0.0004384576,"schreiber2018\/fcn":0.0121361257,"schreiber2018\/ismir2018":0.0033010214},"davies2009\/mirex_qm_tempotracker":{"boeck2015\/tempodetector2016_default":0.0000000002,"davies2009\/mirex_qm_tempotracker":1.0,"percival2014\/stem":0.0000000001,"schreiber2014\/default":0.0,"schreiber2017\/ismir2017":0.000000011,"schreiber2017\/mirex2017":0.0000000036,"schreiber2018\/cnn":0.0000007749,"schreiber2018\/fcn":0.0000000045,"schreiber2018\/ismir2018":0.0000000539},"percival2014\/stem":{"boeck2015\/tempodetector2016_default":0.059534226,"davies2009\/mirex_qm_tempotracker":0.0000000001,"percival2014\/stem":1.0,"schreiber2014\/default":0.334799828,"schreiber2017\/ismir2017":0.8249225036,"schreiber2017\/mirex2017":0.5785210896,"schreiber2018\/cnn":0.0446458079,"schreiber2018\/fcn":0.3917671994,"schreiber2018\/ismir2018":0.2488484882},"schreiber2014\/default":{"boeck2015\/tempodetector2016_default":0.1988124213,"davies2009\/mirex_qm_tempotracker":0.0,"percival2014\/stem":0.334799828,"schreiber2014\/default":1.0,"schreiber2017\/ismir2017":0.2919143982,"schreiber2017\/mirex2017":0.8112209861,"schreiber2018\/cnn":0.003429765,"schreiber2018\/fcn":0.0530617385,"schreiber2018\/ismir2018":0.0172819846},"schreiber2017\/ismir2017":{"boeck2015\/tempodetector2016_default":0.0480716787,"davies2009\/mirex_qm_tempotracker":0.000000011,"percival2014\/stem":0.8249225036,"schreiber2014\/default":0.2919143982,"schreiber2017\/ismir2017":1.0,"schreiber2017\/mirex2017":0.1214263118,"schreiber2018\/cnn":0.0899362604,"schreiber2018\/fcn":0.4587068538,"schreiber2018\/ismir2018":0.2787316975},"schreiber2017\/mirex2017":{"boeck2015\/tempodetector2016_default":0.1903498036,"davies2009\/mirex_qm_tempotracker":0.0000000036,"percival2014\/stem":0.5785210896,"schreiber2014\/default":0.8112209861,"schreiber2017\/ismir2017":0.1214263118,"schreiber2017\/mirex2017":1.0,"schreiber2018\/cnn":0.0132027861,"schreiber2018\/fcn":0.1096337363,"schreiber2018\/ismir2018":0.0494809653},"schreiber2018\/cnn":{"boeck2015\/tempodetector2016_default":0.0004384576,"davies2009\/mirex_qm_tempotracker":0.0000007749,"percival2014\/stem":0.0446458079,"schreiber2014\/default":0.003429765,"schreiber2017\/ismir2017":0.0899362604,"schreiber2017\/mirex2017":0.0132027861,"schreiber2018\/cnn":1.0,"schreiber2018\/fcn":0.3222255866,"schreiber2018\/ismir2018":0.2773049104},"schreiber2018\/fcn":{"boeck2015\/tempodetector2016_default":0.0121361257,"davies2009\/mirex_qm_tempotracker":0.0000000045,"percival2014\/stem":0.3917671994,"schreiber2014\/default":0.0530617385,"schreiber2017\/ismir2017":0.4587068538,"schreiber2017\/mirex2017":0.1096337363,"schreiber2018\/cnn":0.3222255866,"schreiber2018\/fcn":1.0,"schreiber2018\/ismir2018":0.7271575953},"schreiber2018\/ismir2018":{"boeck2015\/tempodetector2016_default":0.0033010214,"davies2009\/mirex_qm_tempotracker":0.0000000539,"percival2014\/stem":0.2488484882,"schreiber2014\/default":0.0172819846,"schreiber2017\/ismir2017":0.2787316975,"schreiber2017\/mirex2017":0.0494809653,"schreiber2018\/cnn":0.2773049104,"schreiber2018\/fcn":0.7271575953,"schreiber2018\/ismir2018":1.0}}