{"boeck2015\/tempodetector2016_default":{"boeck2015\/tempodetector2016_default":1.0,"davies2009\/mirex_qm_tempotracker":0.125,"percival2014\/stem":1.0,"schreiber2014\/default":0.0018310547,"schreiber2017\/ismir2017":0.0625,"schreiber2017\/mirex2017":0.0625,"schreiber2018\/cnn":0.03125,"schreiber2018\/fcn":0.03125,"schreiber2018\/ismir2018":0.125},"davies2009\/mirex_qm_tempotracker":{"boeck2015\/tempodetector2016_default":0.125,"davies2009\/mirex_qm_tempotracker":1.0,"percival2014\/stem":0.125,"schreiber2014\/default":0.0768127441,"schreiber2017\/ismir2017":1.0,"schreiber2017\/mirex2017":1.0,"schreiber2018\/cnn":0.7265625,"schreiber2018\/fcn":0.7265625,"schreiber2018\/ismir2018":1.0},"percival2014\/stem":{"boeck2015\/tempodetector2016_default":1.0,"davies2009\/mirex_qm_tempotracker":0.125,"percival2014\/stem":1.0,"schreiber2014\/default":0.0018310547,"schreiber2017\/ismir2017":0.0625,"schreiber2017\/mirex2017":0.0625,"schreiber2018\/cnn":0.03125,"schreiber2018\/fcn":0.03125,"schreiber2018\/ismir2018":0.125},"schreiber2014\/default":{"boeck2015\/tempodetector2016_default":0.0018310547,"davies2009\/mirex_qm_tempotracker":0.0768127441,"percival2014\/stem":0.0018310547,"schreiber2014\/default":1.0,"schreiber2017\/ismir2017":0.0390625,"schreiber2017\/mirex2017":0.0390625,"schreiber2018\/cnn":0.1459960938,"schreiber2018\/fcn":0.1459960938,"schreiber2018\/ismir2018":0.0385742188},"schreiber2017\/ismir2017":{"boeck2015\/tempodetector2016_default":0.0625,"davies2009\/mirex_qm_tempotracker":1.0,"percival2014\/stem":0.0625,"schreiber2014\/default":0.0390625,"schreiber2017\/ismir2017":1.0,"schreiber2017\/mirex2017":1.0,"schreiber2018\/cnn":1.0,"schreiber2018\/fcn":1.0,"schreiber2018\/ismir2018":1.0},"schreiber2017\/mirex2017":{"boeck2015\/tempodetector2016_default":0.0625,"davies2009\/mirex_qm_tempotracker":1.0,"percival2014\/stem":0.0625,"schreiber2014\/default":0.0390625,"schreiber2017\/ismir2017":1.0,"schreiber2017\/mirex2017":1.0,"schreiber2018\/cnn":1.0,"schreiber2018\/fcn":1.0,"schreiber2018\/ismir2018":1.0},"schreiber2018\/cnn":{"boeck2015\/tempodetector2016_default":0.03125,"davies2009\/mirex_qm_tempotracker":0.7265625,"percival2014\/stem":0.03125,"schreiber2014\/default":0.1459960938,"schreiber2017\/ismir2017":1.0,"schreiber2017\/mirex2017":1.0,"schreiber2018\/cnn":1.0,"schreiber2018\/fcn":1.0,"schreiber2018\/ismir2018":0.625},"schreiber2018\/fcn":{"boeck2015\/tempodetector2016_default":0.03125,"davies2009\/mirex_qm_tempotracker":0.7265625,"percival2014\/stem":0.03125,"schreiber2014\/default":0.1459960938,"schreiber2017\/ismir2017":1.0,"schreiber2017\/mirex2017":1.0,"schreiber2018\/cnn":1.0,"schreiber2018\/fcn":1.0,"schreiber2018\/ismir2018":0.625},"schreiber2018\/ismir2018":{"boeck2015\/tempodetector2016_default":0.125,"davies2009\/mirex_qm_tempotracker":1.0,"percival2014\/stem":0.125,"schreiber2014\/default":0.0385742188,"schreiber2017\/ismir2017":1.0,"schreiber2017\/mirex2017":1.0,"schreiber2018\/cnn":0.625,"schreiber2018\/fcn":0.625,"schreiber2018\/ismir2018":1.0}}