{"boeck2015\/tempodetector2016_default":{"0.0":null,"0.005":null,"0.01":null,"0.015":null,"0.02":null,"0.025":null,"0.03":null,"0.035":-1.9999711464,"0.04":-0.596999447,"0.045":-0.497487517,"0.05":-0.3729682906,"0.055":-0.3303958114,"0.06":-0.2797320312,"0.065":-0.1803666305,"0.07":-0.1026457009,"0.075":-0.0944465796,"0.08":-0.0944465796,"0.085":-0.1275074074,"0.09":-0.1275074074,"0.095":-0.0709242989,"0.1":-0.0616051474,"0.105":-0.0470096966,"0.11":-0.0470096966,"0.115":-0.0470096966,"0.12":-0.0107635136,"0.125":-0.0112759665,"0.13":-0.0421755462,"0.135":-0.0402396358,"0.14":-0.0402396358,"0.145":-0.0064567415,"0.15":0.012309937,"0.155":0.0390144277,"0.16":0.0383474957,"0.165":0.0596050847,"0.17":0.0596050847,"0.175":0.0596050847,"0.18":0.0595058734,"0.185":0.0574313366,"0.19":0.0574313366,"0.195":0.057165271,"0.2":0.0946209704,"0.205":0.1153001253,"0.21":0.1153001253,"0.215":0.1153001253,"0.22":0.1153001253,"0.225":0.1153001253,"0.23":0.1153001253,"0.235":0.0949465747,"0.24":0.0997443962,"0.245":0.0997443962,"0.25":0.0997443962,"0.255":0.0997443962,"0.26":0.10582644,"0.265":0.10582644,"0.27":0.1045728234,"0.275":0.1045728234,"0.28":0.1138361785,"0.285":0.1138361785,"0.29":0.1138361785,"0.295":0.1138361785,"0.3":0.1138361785,"0.305":0.1138361785,"0.31":0.1138361785,"0.315":0.1138361785,"0.32":0.1143839047,"0.325":0.1143839047,"0.33":0.1143839047,"0.335":0.1143839047,"0.34":0.1143839047,"0.345":0.1143839047,"0.35":0.1143839047,"0.355":0.1143839047,"0.36":0.1143839047,"0.365":0.1143839047,"0.37":0.1108635759,"0.375":0.1108635759,"0.38":0.1108635759,"0.385":0.1108635759,"0.39":0.1108635759,"0.395":0.1108635759,"0.4":0.1108635759,"0.405":0.1108635759,"0.41":0.1108635759,"0.415":0.1108635759,"0.42":0.1108635759,"0.425":0.1108635759,"0.43":0.1108635759,"0.435":0.1108635759,"0.44":0.1108635759,"0.445":0.1108635759,"0.45":0.1108635759,"0.455":0.1108635759,"0.46":0.1108635759,"0.465":0.1108635759,"0.47":0.1108635759,"0.475":0.1108635759,"0.48":0.1108635759,"0.485":0.1108635759,"0.49":0.1108635759,"0.495":0.1108635759,"0.5":0.1108635759},"davies2009\/mirex_qm_tempotracker":{"0.0":null,"0.005":null,"0.01":null,"0.015":null,"0.02":null,"0.025":null,"0.03":null,"0.035":-0.9929695925,"0.04":-0.1735247538,"0.045":0.0268224625,"0.05":0.1506755821,"0.055":0.2488507259,"0.06":0.1684702335,"0.065":0.2766110379,"0.07":0.3060674235,"0.075":0.3460367756,"0.08":0.3460367756,"0.085":0.2594610879,"0.09":0.2594610879,"0.095":0.3506119944,"0.1":0.362757774,"0.105":0.4147438722,"0.11":0.4147438722,"0.115":0.4147438722,"0.12":0.4367533802,"0.125":0.4572179988,"0.13":0.4247080807,"0.135":0.4131522804,"0.14":0.4131522804,"0.145":0.4599915589,"0.15":0.4260838575,"0.155":0.4431179684,"0.16":0.4262688944,"0.165":0.4293007787,"0.17":0.4293007787,"0.175":0.4293007787,"0.18":0.4209709112,"0.185":0.4037338039,"0.19":0.4037338039,"0.195":0.3970073912,"0.2":0.4320895499,"0.205":0.4491905257,"0.21":0.4491905257,"0.215":0.4491905257,"0.22":0.4491905257,"0.225":0.4491905257,"0.23":0.4491905257,"0.235":0.4158151261,"0.24":0.4327686686,"0.245":0.4327686686,"0.25":0.4327686686,"0.255":0.4327686686,"0.26":0.4322043037,"0.265":0.4322043037,"0.27":0.4247167517,"0.275":0.4247167517,"0.28":0.4195255015,"0.285":0.4195255015,"0.29":0.4195255015,"0.295":0.4195255015,"0.3":0.4195255015,"0.305":0.4195255015,"0.31":0.4195255015,"0.315":0.4195255015,"0.32":0.4143024772,"0.325":0.4143024772,"0.33":0.4143024772,"0.335":0.4143024772,"0.34":0.4143024772,"0.345":0.4143024772,"0.35":0.4143024772,"0.355":0.4143024772,"0.36":0.4143024772,"0.365":0.4143024772,"0.37":0.4339305135,"0.375":0.4339305135,"0.38":0.4339305135,"0.385":0.4339305135,"0.39":0.4339305135,"0.395":0.4339305135,"0.4":0.4339305135,"0.405":0.4339305135,"0.41":0.4339305135,"0.415":0.4339305135,"0.42":0.4339305135,"0.425":0.4339305135,"0.43":0.4339305135,"0.435":0.4339305135,"0.44":0.4339305135,"0.445":0.4339305135,"0.45":0.4339305135,"0.455":0.4339305135,"0.46":0.4339305135,"0.465":0.4339305135,"0.47":0.4339305135,"0.475":0.4339305135,"0.48":0.4339305135,"0.485":0.4339305135,"0.49":0.4339305135,"0.495":0.4339305135,"0.5":0.4339305135},"percival2014\/stem":{"0.0":null,"0.005":null,"0.01":null,"0.015":null,"0.02":null,"0.025":null,"0.03":null,"0.035":-2.00295738,"0.04":-0.3943067498,"0.045":-0.1610839858,"0.05":0.0053141707,"0.055":0.005223862,"0.06":-0.060419089,"0.065":0.0108939896,"0.07":0.0674042832,"0.075":0.0663108188,"0.08":0.0663108188,"0.085":0.0123588391,"0.09":0.0123588391,"0.095":0.0925514089,"0.1":0.0920357833,"0.105":0.1260380283,"0.11":0.1260380283,"0.115":0.1260380283,"0.12":0.1570253209,"0.125":0.1851241207,"0.13":0.1480066005,"0.135":0.1133771188,"0.14":0.1133771188,"0.145":0.1300632374,"0.15":0.1494727303,"0.155":0.173474183,"0.16":0.1570168608,"0.165":0.1296792499,"0.17":0.1296792499,"0.175":0.1296792499,"0.18":0.1052318558,"0.185":0.1018299365,"0.19":0.1018299365,"0.195":0.0808566946,"0.2":0.1120467049,"0.205":0.1208394506,"0.21":0.1208394506,"0.215":0.1208394506,"0.22":0.1208394506,"0.225":0.1208394506,"0.23":0.1208394506,"0.235":0.0819966235,"0.24":0.1049418732,"0.245":0.1049418732,"0.25":0.1049418732,"0.255":0.1049418732,"0.26":0.1112395339,"0.265":0.1112395339,"0.27":0.0915345547,"0.275":0.0915345547,"0.28":0.0953541424,"0.285":0.0953541424,"0.29":0.0953541424,"0.295":0.0953541424,"0.3":0.0953541424,"0.305":0.0953541424,"0.31":0.0953541424,"0.315":0.0953541424,"0.32":0.0805827055,"0.325":0.0805827055,"0.33":0.0805827055,"0.335":0.0805827055,"0.34":0.0805827055,"0.345":0.0805827055,"0.35":0.0805827055,"0.355":0.0805827055,"0.36":0.0805827055,"0.365":0.0805827055,"0.37":0.0936278099,"0.375":0.0936278099,"0.38":0.0936278099,"0.385":0.0936278099,"0.39":0.0936278099,"0.395":0.0936278099,"0.4":0.0936278099,"0.405":0.0936278099,"0.41":0.0936278099,"0.415":0.0936278099,"0.42":0.0936278099,"0.425":0.0936278099,"0.43":0.0936278099,"0.435":0.0936278099,"0.44":0.0936278099,"0.445":0.0936278099,"0.45":0.0936278099,"0.455":0.0936278099,"0.46":0.0936278099,"0.465":0.0936278099,"0.47":0.0936278099,"0.475":0.0936278099,"0.48":0.0936278099,"0.485":0.0936278099,"0.49":0.0936278099,"0.495":0.0936278099,"0.5":0.0936278099},"schreiber2014\/default":{"0.0":null,"0.005":null,"0.01":null,"0.015":null,"0.02":null,"0.025":null,"0.03":null,"0.035":-1.9542250519,"0.04":-0.8198534234,"0.045":-0.6882153714,"0.05":-0.5243776082,"0.055":-0.4720597518,"0.06":-0.50558636,"0.065":-0.3771621778,"0.07":-0.3343558488,"0.075":-0.3157557032,"0.08":-0.3157557032,"0.085":-0.3650070393,"0.09":-0.3650070393,"0.095":-0.3141970245,"0.1":-0.3217418656,"0.105":-0.296987425,"0.11":-0.296987425,"0.115":-0.296987425,"0.12":-0.282481838,"0.125":-0.2742233039,"0.13":-0.3000693753,"0.135":-0.3197894224,"0.14":-0.3197894224,"0.145":-0.2879784264,"0.15":-0.325215995,"0.155":-0.3146994352,"0.16":-0.3389403355,"0.165":-0.3267860003,"0.17":-0.3267860003,"0.175":-0.3267860003,"0.18":-0.3456698161,"0.185":-0.3613987769,"0.19":-0.3613987769,"0.195":-0.3754800557,"0.2":-0.3258715641,"0.205":-0.3063699818,"0.21":-0.3063699818,"0.215":-0.3063699818,"0.22":-0.3063699818,"0.225":-0.3063699818,"0.23":-0.3063699818,"0.235":-0.3367230795,"0.24":-0.3237518993,"0.245":-0.3237518993,"0.25":-0.3237518993,"0.255":-0.3237518993,"0.26":-0.3206437833,"0.265":-0.3206437833,"0.27":-0.3331637648,"0.275":-0.3331637648,"0.28":-0.3397780419,"0.285":-0.3397780419,"0.29":-0.3397780419,"0.295":-0.3397780419,"0.3":-0.3397780419,"0.305":-0.3397780419,"0.31":-0.3397780419,"0.315":-0.3397780419,"0.32":-0.3489749857,"0.325":-0.3489749857,"0.33":-0.3489749857,"0.335":-0.3489749857,"0.34":-0.3489749857,"0.345":-0.3489749857,"0.35":-0.3489749857,"0.355":-0.3489749857,"0.36":-0.3489749857,"0.365":-0.3489749857,"0.37":-0.3235487806,"0.375":-0.3235487806,"0.38":-0.3235487806,"0.385":-0.3235487806,"0.39":-0.3235487806,"0.395":-0.3235487806,"0.4":-0.3235487806,"0.405":-0.3235487806,"0.41":-0.3235487806,"0.415":-0.3235487806,"0.42":-0.3235487806,"0.425":-0.3235487806,"0.43":-0.3235487806,"0.435":-0.3235487806,