{"boeck2015\/tempodetector2016_default":{"0":0.0,"1":0.0141777923,"2":0.0,"3":0.0056465631,"4":0.0203247934,"5":0.0,"6":0.0052338417,"7":0.1806886587,"8":0.0077666047,"9":0.0000625181,"10":0.007367508,"11":0.0,"12":0.0132823956,"13":0.0045133772,"14":0.0,"15":0.0065846764,"16":0.2289493179,"17":0.0077666047,"18":0.0000504952,"19":0.3873675614,"20":0.0056245492,"21":0.000057709,"22":0.0000240447,"23":0.0,"24":0.0,"25":0.012104982,"26":0.0049010368,"27":0.0000312581,"28":0.0046863433,"29":0.0000913678,"30":0.000057709,"31":0.0070908245,"32":0.0071955014,"33":0.0047301677,"34":0.0254225969,"35":0.0,"36":0.0,"37":0.0087003858,"38":0.0524962735,"39":0.0123480617,"40":0.017102367,"41":0.0040542823,"42":0.0472990426,"43":0.000057709,"44":0.0911358656,"45":0.0000625181,"46":0.0394490138,"47":0.0049902976,"48":0.0020747849,"49":0.0039727567,"50":0.0000528998,"51":0.0,"52":0.0000889689,"53":0.0000528998,"54":0.005468857,"55":0.0,"56":0.0000120225,"57":0.0,"58":0.0000312581,"59":0.0056465631,"60":0.0000384724,"61":0.0663785618,"62":0.0001081981,"63":0.4059611016,"64":0.1048819216,"65":0.008359342,"66":0.0188974996,"67":0.0078387405,"68":0.0,"69":0.0000120224,"70":0.0400946083,"71":0.006861705,"72":0.0174729997,"73":0.0556950057,"74":0.1057417642,"75":0.0000120224,"76":0.024686099,"77":0.0001081981,"78":0.0129775281,"79":0.0,"80":0.0085908671,"81":0.293820172,"82":0.000115411,"83":0.0077666047,"84":0.0077666047,"85":0.025983186,"86":0.000057709,"87":0.0126873209,"88":0.023279604,"89":0.0068825247,"90":0.0067900078,"91":0.4369642981,"92":0.0779664442,"93":0.0000793504,"94":0.008462735,"95":0.1629962778,"96":0.0330035914,"97":0.0272248395,"98":0.0001226343,"99":0.0,"100":0.0072903737,"101":0.0000865591},"davies2009\/mirex_qm_tempotracker":{"0":0.0361750781,"1":0.0165777351,"2":0.0361750781,"3":0.0241004034,"4":0.0019914676,"5":0.0120451323,"6":0.0507766279,"7":0.2940217637,"8":0.0306138778,"9":0.0383912284,"10":0.0344129453,"11":0.0361750781,"12":0.0292553299,"13":0.0336605091,"14":0.0022224422,"15":0.0048359149,"16":0.2765872731,"17":0.0306138778,"18":0.0014479794,"19":0.4289215778,"20":0.0089001698,"21":0.0476723919,"22":0.0576531306,"23":0.0191040772,"24":0.0190993315,"25":0.0355911848,"26":0.025198251,"27":0.0207053443,"28":0.0260691841,"29":0.0124388787,"30":0.0476723919,"31":0.0046853503,"32":0.0094179436,"33":0.0467294816,"34":0.061597675,"35":0.0134533267,"36":0.0191040772,"37":0.0216716002,"38":0.0070270575,"39":0.0111381411,"40":0.4391414201,"41":0.038707598,"42":0.1486990423,"43":0.025644969,"44":0.0841191556,"45":0.0109100454,"46":0.4506932118,"47":0.0269954738,"48":0.2945190403,"49":0.0267094234,"50":0.0227943734,"51":0.0190993315,"52":0.0070270575,"53":0.0227943734,"54":0.0271291569,"55":0.0190993315,"56":0.0424307187,"57":0.0361750781,"58":0.0207053443,"59":0.0241004034,"60":0.0346148433,"61":0.1729046676,"62":0.0292553299,"63":0.0190993315,"64":0.0082665452,"65":0.0325654996,"66":0.1018250354,"67":0.0137315026,"68":0.0361750781,"69":0.0440204275,"70":0.3195586877,"71":0.0325643829,"72":0.0303888173,"73":0.0846599972,"74":0.1285890374,"75":0.0440204275,"76":0.3097256809,"77":0.0292553299,"78":0.0244647216,"79":0.0361750781,"80":0.015592421,"81":0.1262400317,"82":0.2541199195,"83":0.0306138778,"84":0.0306138778,"85":0.0374037773,"86":0.025644969,"87":0.2209837304,"88":0.0095987679,"89":0.0138840785,"90":0.0138840785,"91":0.5143664278,"92":0.1065610561,"93":0.0159604335,"94":0.0325654996,"95":0.2837525063,"96":0.3807340654,"97":0.0379734125,"98":0.0025379916,"99":0.0022224422,"100":0.4294082071,"101":0.0200123362},"percival2014\/stem":{"0":0.0019609929,"1":0.0000957019,"2":0.0022224422,"3":0.0023709426,"4":0.0108118983,"5":0.0032740852,"6":0.0018653524,"7":0.1104965266,"8":0.0031356539,"9":0.0109100454,"10":0.0003507979,"11":0.0022224422,"12":0.0059275021,"13":0.0026383592,"14":0.0019609929,"15":0.0028205191,"16":0.2765872731,"17":0.0031356539,"18":0.0014479794,"19":0.3080523912,"20":0.0023568982,"21":0.0003629364,"22":0.0155958514,"23":0.001961956,"24":0.0019614745,"25":0.0000334228,"26":0.0021108971,"27":0.000808404,"28":0.009395747,"29":0.0029794289,"30":0.0003629364,"31":0.0005892807,"32":0.0010630548,"33":0.0031184049,"34":0.010971602,"35":0.0022254431,"36":0.001961956,"37":0.0038609446,"38":0.0762899433,"39":0.003212127,"40":0.0056431434,"41":0.000229821,"42":0.1182378639,"43":0.0067753921,"44":0.0926801222,"45":0.0041221848,"46":0.108730484,"47":0.0051646098,"48":0.0004241878,"49":0.0007710199,"50":0.0046838506,"51":0.0032760044,"52":0.0024143726,"53":0.0046838506,"54":0.0015930877,"55":0.0019614745,"56":0.0114085688,"57":0.0022224422,"58":0.0047640796,"59":0.0023709426,"60":0.0056634696,"61":0.1996732242,"62":0.0017668199,"63":0.0032760044,"64":0.2847819092,"65":0.0020828067,"66":0.0213342661,"67":0.0204844221,"68":0.0022224422,"69":0.0009519848,"70":0.0307960958,"71":0.0001440219,"72":0.0048562725,"73":0.0468590113,"74":0.1102145559,"75":0.0009519848,"76":0.2634594287,"77":0.0017668199,"78":0.0059119982,"79":0.0019609929,"80":0.0006395252,"81":0.3726766707,"82":0.0003629364,"83":0.0031356539,"84":0.0031356539,"85":0.379553221,"86":0.001254599,"87":0.0133880179,"88":0.0006153585,"89":0.0010688173,"90":0.0020571862,"91":0.4875651821,"92":0.0416098017,"93":0.0003627201,"94":0.0020869244,"95":0.1019009629,"96":0.485072121,"97":0.0001595529,"98":0.0025379916,"99":0.0019609929,"100":0.017479568,"101":0.0018653524},"schreiber2014\/default":{"0":0.0002436747,"1":0.0221621952,"2":0.0002436747,"3":0.0024484816,"4":0.0011155792,"5":0.0003195504,"6":0.0015133321,"7":0.1677589172,"8":0.0029544345,"9":0.0091265251,"10":0.0002422308,"11":0.0007174421,"12":0.0004189795,"13":0.4214105378,"14":0.0002436747,"15":0.0085582423,"16":0.0434032446,"17":0.0025167731,"18":0.0134159261,"19":0.3486081132,"20":0.0002872848,"21":0.0133943641,"22":0.1994057847,"23":0.0001354754,"24":0.0005148454,"25":0.0065307021,"26":0.0038388546,"27":0.0024032483,"28":0.0017324149,"29":0.0018351571,"30":0.0030468109,"31":0.000609696,"32":0.0083869159,"33":0.0049031089,"34":0.0473046356,"35":0.0000066724,"36":0.0001354754,"37":0.4191131415,"38":0.056334722,"39":0.002925748,"40":0.0179238142,"41":0.0001216141,"42":0.05439872,"43":0.0595982269,"44":0.0928201301,"45":0.0032737205,"46":0.4214011192,"47":0.0029332179,"48":0.0013346991,"49":0.0003621684,"50":0.4533985137,"51":0.0006229174,"52":0.0015133421,"53":0.0035529925,"54":0.0253259419,"55":0.0002436025,"56":0.0047864154,"57":0.0007045198,"58":0.0147538465,"59":0.0012382734,"60":0.0477119047,"61":0.2189209862,"62":0.0000975415,"63":0.4151731062,"64":0.3642968722,"65":0.0030968184,"66":0.0041058616,"67":0.2150873965,"68":0.0002436747,"69":0.0016790385,"70":0.0804844102,"71":0.000211407,"72":0.0047723334,"73":0.1498648815,"74":0.1061710025,"75":0.0005565157,"76":0.0415513639,"77":0.3110423977,"78":0.015275982,"79":0.0002303687,"80":0.001105256,"81":0.2689936404,"82":0.1106434665,"83":0.0029544345,"84":0.0029544345,"85":0.0478306858,"86":0.0021849322,"87":0.0265384566,"88":0.0132068245,"89":0.0028135984,"90":0.0075712153,"91":0.0164980721,"92":0.0444882791,"93":0.0028401927,"94":0.0039093039,"95":0.1275602441,"96":0.0180716346,"97":0.2311931442,"98":0.0022229788,"99":0.0002303687,"100":0.008977175,"101":0.0466012191},"schreiber2017\/ismir2017":{"0":0.0002303687,"1":0.0204206815,"2":0.0002436747,"3":0.0018431739,"4":0.0128366272,"5":0.0001356197,"6":0.0001915934,"7":0.2136204541,"8":0.0029544345,"9":0.0300018971,"10":0.0007045769,"11":0.0002303687,"12":0.001131401,"13":0.0032737781,"14":0.0002436747,"15":0.002826059,"16":0.3673224417,"17":0.0029544345,"18":0.0118449651,"19":0.3997482539,"20":0.0021477384,"21":0.0159310093,"22":0.0300947355,"23":0.0001354754,"24":0.0001354273,"25":0.0131669985,"26":0.0031460571,"27":0.0013996463,"28":0.0017324149,"29":0.0018351571,"30":0.0010018058,"31":0.0010958183,"32":0.0012647435,"33":0.001985605,"34":0.3436562929,"35":0.0000065823,"36":0.0001354754,"37":0.4196361616,"38":0.073116456,"39":0.0096101225,