Item,Reference,Estimate
RM-P009.jams,70.0,104.958595
RM-P038.jams,125.0,100.108894
RM-P053.jams,132.0,99.0049
RM-P057.jams,70.0,121.20312
RM-P072.jams,76.0,84.45579
