{"AOE1_MEAN":{"schreiber2014\/default":0.2523606362,"schreiber2017\/ismir2017":0.2534326428,"schreiber2017\/mirex2017":0.263340948,"percival2014\/stem":0.2843813968,"boeck2015\/tempodetector2016_default":0.3251247128,"davies2009\/mirex_qm_tempotracker":0.3748473719},"AOE1_STDEV":{"schreiber2014\/default":0.4012177689,"schreiber2017\/ismir2017":0.4474220023,"schreiber2017\/mirex2017":0.4293818371,"percival2014\/stem":0.4519778633,"boeck2015\/tempodetector2016_default":0.4950021864,"davies2009\/mirex_qm_tempotracker":0.5023030861},"AOE2_MEAN":{"schreiber2014\/default":0.0583386059,"schreiber2017\/ismir2017":0.0427716637,"schreiber2017\/mirex2017":0.0476724054,"percival2014\/stem":0.0412285795,"boeck2015\/tempodetector2016_default":0.0321662797,"davies2009\/mirex_qm_tempotracker":0.0770388156},"AOE2_STDEV":{"schreiber2014\/default":0.1131764578,"schreiber2017\/ismir2017":0.0938626017,"schreiber2017\/mirex2017":0.1059891283,"percival2014\/stem":0.1003396461,"boeck2015\/tempodetector2016_default":0.0803437407,"davies2009\/mirex_qm_tempotracker":0.1169744559}}