{"Vocal":{"boeck2015\/tempodetector2016_default":0.8333333333,"davies2009\/mirex_qm_tempotracker":0.6666666667,"percival2014\/stem":0.6666666667,"schreiber2014\/default":0.8333333333,"schreiber2017\/ismir2017":0.6666666667,"schreiber2017\/mirex2017":0.6666666667},"Symphony":{"boeck2015\/tempodetector2016_default":0.75,"davies2009\/mirex_qm_tempotracker":0.75,"percival2014\/stem":0.75,"schreiber2014\/default":0.25,"schreiber2017\/ismir2017":0.25,"schreiber2017\/mirex2017":0.25},"Solo":{"boeck2015\/tempodetector2016_default":0.7428571429,"davies2009\/mirex_qm_tempotracker":0.6,"percival2014\/stem":0.6857142857,"schreiber2014\/default":0.5142857143,"schreiber2017\/ismir2017":0.5142857143,"schreiber2017\/mirex2017":0.5142857143},"Orchestral":{"boeck2015\/tempodetector2016_default":0.75,"davies2009\/mirex_qm_tempotracker":0.75,"percival2014\/stem":0.5,"schreiber2014\/default":0.25,"schreiber2017\/ismir2017":0.5,"schreiber2017\/mirex2017":0.5},"Concerto":{"boeck2015\/tempodetector2016_default":0.5,"davies2009\/mirex_qm_tempotracker":0.5,"percival2014\/stem":0.5,"schreiber2014\/default":0.0,"schreiber2017\/ismir2017":0.5,"schreiber2017\/mirex2017":0.5},"Chamber":{"boeck2015\/tempodetector2016_default":0.8,"davies2009\/mirex_qm_tempotracker":0.6,"percival2014\/stem":0.7,"schreiber2014\/default":0.3,"schreiber2017\/ismir2017":0.9,"schreiber2017\/mirex2017":0.9},"8\/4":{"boeck2015\/tempodetector2016_default":0.0,"davies2009\/mirex_qm_tempotracker":0.0,"percival2014\/stem":0.0,"schreiber2014\/default":0.0,"schreiber2017\/ismir2017":0.0,"schreiber2017\/mirex2017":0.0},"7\/8":{"boeck2015\/tempodetector2016_default":1.0,"davies2009\/mirex_qm_tempotracker":0.0,"percival2014\/stem":0.0,"schreiber2014\/default":0.0,"schreiber2017\/ismir2017":0.0,"schreiber2017\/mirex2017":0.0},"7\/4":{"boeck2015\/tempodetector2016_default":1.0,"davies2009\/mirex_qm_tempotracker":0.5,"percival2014\/stem":0.5,"schreiber2014\/default":1.0,"schreiber2017\/ismir2017":0.5,"schreiber2017\/mirex2017":0.5},"6\/4":{"boeck2015\/tempodetector2016_default":0.5,"davies2009\/mirex_qm_tempotracker":0.75,"percival2014\/stem":0.5,"schreiber2014\/default":0.0,"schreiber2017\/ismir2017":0.5,"schreiber2017\/mirex2017":0.5},"5\/4":{"boeck2015\/tempodetector2016_default":1.0,"davies2009\/mirex_qm_tempotracker":1.0,"percival2014\/stem":1.0,"schreiber2014\/default":1.0,"schreiber2017\/ismir2017":1.0,"schreiber2017\/mirex2017":1.0},"4\/4":{"boeck2015\/tempodetector2016_default":0.7142857143,"davies2009\/mirex_qm_tempotracker":0.619047619,"percival2014\/stem":0.619047619,"schreiber2014\/default":0.4285714286,"schreiber2017\/ismir2017":0.6666666667,"schreiber2017\/mirex2017":0.6666666667},"3\/4":{"boeck2015\/tempodetector2016_default":0.7894736842,"davies2009\/mirex_qm_tempotracker":0.6842105263,"percival2014\/stem":0.7368421053,"schreiber2014\/default":0.5263157895,"schreiber2017\/ismir2017":0.5789473684,"schreiber2017\/mirex2017":0.5789473684},"2\/4":{"boeck2015\/tempodetector2016_default":0.9090909091,"davies2009\/mirex_qm_tempotracker":0.6363636364,"percival2014\/stem":0.9090909091,"schreiber2014\/default":0.5454545455,"schreiber2017\/ismir2017":0.5454545455,"schreiber2017\/mirex2017":0.5454545455}}