{"boeck2015\/tempodetector2016_default":{"0.0":null,"0.005":0.3165593057,"0.01":0.3400774627,"0.015":0.3602329364,"0.02":0.3594245781,"0.025":0.364649003,"0.03":0.364649003,"0.035":0.3607697583,"0.04":0.3474972539,"0.045":0.3474972539,"0.05":0.3474972539,"0.055":0.3474972539,"0.06":0.3474972539,"0.065":0.3474972539,"0.07":0.3474972539,"0.075":0.3474972539,"0.08":0.3474972539,"0.085":0.3474972539,"0.09":0.3474972539,"0.095":0.3439871806,"0.1":0.3439871806,"0.105":0.3439871806,"0.11":0.3439871806,"0.115":0.3439871806,"0.12":0.3439871806,"0.125":0.3439871806,"0.13":0.3439871806,"0.135":0.3439871806,"0.14":0.3439871806,"0.145":0.3439871806,"0.15":0.3439871806,"0.155":0.3439871806,"0.16":0.3439871806,"0.165":0.3439871806,"0.17":0.3439871806,"0.175":0.3439871806,"0.18":0.3439871806,"0.185":0.3439871806,"0.19":0.3439871806,"0.195":0.3439871806,"0.2":0.3439871806,"0.205":0.3439871806,"0.21":0.3439871806,"0.215":0.3439871806,"0.22":0.3439871806,"0.225":0.3439871806,"0.23":0.3439871806,"0.235":0.3439871806,"0.24":0.3439871806,"0.245":0.3439871806,"0.25":0.3439871806,"0.255":0.3439871806,"0.26":0.3439871806,"0.265":0.3439871806,"0.27":0.3439871806,"0.275":0.3439871806,"0.28":0.3439871806,"0.285":0.3439871806,"0.29":0.3439871806,"0.295":0.3439871806,"0.3":0.3439871806,"0.305":0.3439871806,"0.31":0.3439871806,"0.315":0.3439871806,"0.32":0.3439871806,"0.325":0.3439871806,"0.33":0.3439871806,"0.335":0.3439871806,"0.34":0.3505442066,"0.345":0.3505442066,"0.35":0.3505442066,"0.355":0.3505442066,"0.36":0.3505442066,"0.365":0.3505442066,"0.37":0.3505442066,"0.375":0.3505442066,"0.38":0.3505442066,"0.385":0.3505442066,"0.39":0.3505442066,"0.395":0.3505442066,"0.4":0.3505442066,"0.405":0.3505442066,"0.41":0.3505442066,"0.415":0.3505442066,"0.42":0.3505442066,"0.425":0.3505442066,"0.43":0.3505442066,"0.435":0.3505442066,"0.44":0.3505442066,"0.445":0.3505442066,"0.45":0.3505442066,"0.455":0.3505442066,"0.46":0.3505442066,"0.465":0.3505442066,"0.47":0.3505442066,"0.475":0.3505442066,"0.48":0.3505442066,"0.485":0.3505442066,"0.49":0.3505442066,"0.495":0.3505442066,"0.5":0.3505442066},"davies2009\/mirex_qm_tempotracker":{"0.0":null,"0.005":0.2252722942,"0.01":0.2431781535,"0.015":0.2322344794,"0.02":0.2245671399,"0.025":0.2314567228,"0.03":0.2314567228,"0.035":0.2291976521,"0.04":0.2424492407,"0.045":0.2424492407,"0.05":0.2424492407,"0.055":0.2424492407,"0.06":0.2424492407,"0.065":0.2424492407,"0.07":0.2424492407,"0.075":0.2424492407,"0.08":0.2424492407,"0.085":0.2424492407,"0.09":0.2424492407,"0.095":0.2401219265,"0.1":0.2401219265,"0.105":0.2401219265,"0.11":0.2401219265,"0.115":0.2401219265,"0.12":0.2401219265,"0.125":0.2401219265,"0.13":0.2401219265,"0.135":0.2401219265,"0.14":0.2401219265,"0.145":0.2401219265,"0.15":0.2401219265,"0.155":0.2401219265,"0.16":0.2401219265,"0.165":0.2401219265,"0.17":0.2401219265,"0.175":0.2401219265,"0.18":0.2401219265,"0.185":0.2401219265,"0.19":0.2401219265,"0.195":0.2401219265,"0.2":0.2401219265,"0.205":0.2401219265,"0.21":0.2401219265,"0.215":0.2401219265,"0.22":0.2401219265,"0.225":0.2401219265,"0.23":0.2401219265,"0.235":0.2401219265,"0.24":0.2401219265,"0.245":0.2401219265,"0.25":0.2401219265,"0.255":0.2401219265,"0.26":0.2401219265,"0.265":0.2401219265,"0.27":0.2401219265,"0.275":0.2401219265,"0.28":0.2401219265,"0.285":0.2401219265,"0.29":0.2401219265,"0.295":0.2401219265,"0.3":0.2401219265,"0.305":0.2401219265,"0.31":0.2401219265,"0.315":0.2401219265,"0.32":0.2401219265,"0.325":0.2401219265,"0.33":0.2401219265,"0.335":0.2401219265,"0.34":0.2378693432,"0.345":0.2378693432,"0.35":0.2378693432,"0.355":0.2378693432,"0.36":0.2378693432,"0.365":0.2378693432,"0.37":0.2378693432,"0.375":0.2378693432,"0.38":0.2378693432,"0.385":0.2378693432,"0.39":0.2378693432,"0.395":0.2378693432,"0.4":0.2378693432,"0.405":0.2378693432,"0.41":0.2378693432,"0.415":0.2378693432,"0.42":0.2378693432,"0.425":0.2378693432,"0.43":0.2378693432,"0.435":0.2378693432,"0.44":0.2378693432,"0.445":0.2378693432,"0.45":0.2378693432,"0.455":0.2378693432,"0.46":0.2378693432,"0.465":0.2378693432,"0.47":0.2378693432,"0.475":0.2378693432,"0.48":0.2378693432,"0.485":0.2378693432,"0.49":0.2378693432,"0.495":0.2378693432,"0.5":0.2378693432},"percival2014\/stem":{"0.0":null,"0.005":0.1330872515,"0.01":0.1545146108,"0.015":0.1473865384,"0.02":0.1423184481,"0.025":0.1540881119,"0.03":0.1540881119,"0.035":0.1524697485,"0.04":0.1476480405,"0.045":0.1476480405,"0.05":0.1476480405,"0.055":0.1476480405,"0.06":0.1476480405,"0.065":0.1476480405,"0.07":0.1476480405,"0.075":0.1476480405,"0.08":0.1476480405,"0.085":0.1476480405,"0.09":0.1476480405,"0.095":0.1461897177,"0.1":0.1461897177,"0.105":0.1461897177,"0.11":0.1461897177,"0.115":0.1461897177,"0.12":0.1461897177,"0.125":0.1461897177,"0.13":0.1461897177,"0.135":0.1461897177,"0.14":0.1461897177,"0.145":0.1461897177,"0.15":0.1461897177,"0.155":0.1461897177,"0.16":0.1461897177,"0.165":0.1461897177,"0.17":0.1461897177,"0.175":0.1461897177,"0.18":0.1461897177,"0.185":0.1461897177,"0.19":0.1461897177,"0.195":0.1461897177,"0.2":0.1461897177,"0.205":0.1461897177,"0.21":0.1461897177,"0.215":0.1461897177,"0.22":0.1461897177,"0.225":0.1461897177,"0.23":0.1461897177,"0.235":0.1461897177,"0.24":0.1461897177,"0.245":0.1461897177,"0.25":0.1461897177,"0.255":0.1461897177,"0.26":0.1461897177,"0.265":0.1461897177,"0.27":0.1461897177,"0.275":0.1461897177,"0.28":0.1461897177,"0.285":0.1461897177,"0.29":0.1461897177,"0.295":0.1461897177,"0.3":0.1461897177,"0.305":0.1461897177,"0.31":0.1461897177,"0.315":0.1461897177,"0.32":0.1461897177,"0.325":0.1461897177,"0.33":0.1461897177,"0.335":0.1461897177,"0.34":0.1447458972,"0.345":0.1447458972,"0.35":0.1447458972,"0.355":0.1447458972,"0.36":0.1447458972,"0.365":0.1447458972,"0.37":0.1447458972,"0.375":0.1447458972,"0.38":0.1447458972,"0.385":0.1447458972,"0.39":0.1447458972,"0.395":0.1447458972,"0.4":0.1447458972,"0.405":0.1447458972,"0.41":0.1447458972,"0.415":0.1447458972,"0.42":0.1447458972,"0.425":0.1447458972,"0.43":0.1447458972,"0.435":0.1447458972,"0.44":0.1447458972,"0.445":0.1447458972,"0.45":0.1447458972,"0.455":0.1447458972,"0.46":0.1447458972,"0.465":0.1447458972,"0.47":0.1447458972,"0.475":0.1447458972,"0.48":0.1447458972,"0.485":0.1447458972,"0.49":0.1447458972,"0.495":0.1447458972,"0.5":0.1447458972},"schreiber2014\/default":{"0.0":null,"0.005":0.1263507821,"0.01":0.1414175622,"0.015":0.1469209158,"0.02":0.1418092951,"0.025":0.1526571218,"0.03":0.1526571218,"0.035":0.1510345511,"0.04":0.1545068828,"0.045":0.1545068828,"0.05":0.1545068828,"0.055":0.1545068828,"0.06":0.1545068828,"0.065":0.1545068828,"0.07":0.1545068828,"0.075":0.1545068828,"0.08":0.1545068828,"0.085":0.1545068828,"0.09":0.1545068828,"0.095":0.156182146,"0.1":0.156182146,"0.105":0.156182146,"0.11":0.156182146,"0.115":0.156182146,"0.12":0.156182146,"0.125":0.156182146,"0.13":0.156182146,"0.135":0.156182146,"0.14":0.156182146,"0.145":0.156182146,"0.15":0.156182146,"0.155":0.156182146,"0.16":0.156182146,"0.165":0.156182146,"0.17":0.156182146,"0.175":0.156182146,"0.18":0.156182146,"0.185":0.156182146,"0.19":0.156182146,"0.195":0.156182146,"0.2":0.156182146,"0.205":0.156182146,"0.21":0.156182146,"0.215":0.156182146,"0.22":0.156182146,"0.225":0.156182146,"0.23":0.156182146,"0.235":0.156182146,"0.24":0.156182146,"0.245":0.156182146,"0.25":0.156182146,"0.255":0.156182146,"0.26":0.156182146,"0.265":0.156182146,"0.27":0.156182146,"0.275":0.156182146,"0.28":0.156182146,"0.285":0.156182146,"0.29":0.156182146,"0.295":0.156182146,"0.3":0.156182146,"0.305":0.156182146,"0.31":0.156182146,"0.315":0.156182146,"0.32":0.156182146,"0.325":0.156182146,"0.33":0.156182146,"0.335":0.156182146,"0.34":0.1546221503,"0.345":0.1546221503,"0.35":0.1546221503,"0.355":0.1546221503,"0.36":0.1546221503,"0.365":0.1546221503,"0.37":0.1546221503,"0.375":0.1546221503,"0.38":0.1546221503,"0.385":0.1546221503,"0.39":0.1546221503,"0.395":0.1546221503,"0.4":0.1546221503,"0.405":0.1546221503,"0.41":0.1546221503,"0.415":0.1546221503,"0.42":0.1546221503,"0.425":0.1546221503,