{"male":{"boeck2015\/tempodetector2016_default":0.8571428571,"davies2009\/mirex_qm_tempotracker":0.5714285714,"percival2014\/stem":0.75,"schreiber2014\/default":0.9285714286,"schreiber2017\/ismir2017":0.8571428571,"schreiber2017\/mirex2017":0.8571428571,"schreiber2018\/cnn":0.8928571429,"schreiber2018\/fcn":0.8928571429,"schreiber2018\/ismir2018":0.8928571429},"female":{"boeck2015\/tempodetector2016_default":0.64,"davies2009\/mirex_qm_tempotracker":0.76,"percival2014\/stem":0.76,"schreiber2014\/default":0.72,"schreiber2017\/ismir2017":0.76,"schreiber2017\/mirex2017":0.8,"schreiber2018\/cnn":0.8,"schreiber2018\/fcn":0.84,"schreiber2018\/ismir2018":0.76},"World":{"boeck2015\/tempodetector2016_default":0.5714285714,"davies2009\/mirex_qm_tempotracker":0.619047619,"percival2014\/stem":0.6666666667,"schreiber2014\/default":0.5238095238,"schreiber2017\/ismir2017":0.8571428571,"schreiber2017\/mirex2017":0.8571428571,"schreiber2018\/cnn":0.8571428571,"schreiber2018\/fcn":0.8571428571,"schreiber2018\/ismir2018":0.7619047619},"Vocal":{"boeck2015\/tempodetector2016_default":0.6666666667,"davies2009\/mirex_qm_tempotracker":0.1666666667,"percival2014\/stem":0.0,"schreiber2014\/default":0.3333333333,"schreiber2017\/ismir2017":0.1666666667,"schreiber2017\/mirex2017":0.0,"schreiber2018\/cnn":0.1666666667,"schreiber2018\/fcn":0.1666666667,"schreiber2018\/ismir2018":0.1666666667},"Traditional Japanese":{"boeck2015\/tempodetector2016_default":0.4444444444,"davies2009\/mirex_qm_tempotracker":0.3333333333,"percival2014\/stem":0.5555555556,"schreiber2014\/default":0.5555555556,"schreiber2017\/ismir2017":0.4444444444,"schreiber2017\/mirex2017":0.4444444444,"schreiber2018\/cnn":0.4444444444,"schreiber2018\/fcn":0.5555555556,"schreiber2018\/ismir2018":0.4444444444},"Techno":{"boeck2015\/tempodetector2016_default":1.0,"davies2009\/mirex_qm_tempotracker":1.0,"percival2014\/stem":0.6666666667,"schreiber2014\/default":1.0,"schreiber2017\/ismir2017":1.0,"schreiber2017\/mirex2017":1.0,"schreiber2018\/cnn":1.0,"schreiber2018\/fcn":1.0,"schreiber2018\/ismir2018":1.0},"Tango":{"boeck2015\/tempodetector2016_default":0.0,"davies2009\/mirex_qm_tempotracker":0.0,"percival2014\/stem":0.0,"schreiber2014\/default":0.0,"schreiber2017\/ismir2017":0.3333333333,"schreiber2017\/mirex2017":0.0,"schreiber2018\/cnn":0.0,"schreiber2018\/fcn":0.3333333333,"schreiber2018\/ismir2018":0.0},"Soul \/ R&B":{"boeck2015\/tempodetector2016_default":1.0,"davies2009\/mirex_qm_tempotracker":1.0,"percival2014\/stem":1.0,"schreiber2014\/default":1.0,"schreiber2017\/ismir2017":1.0,"schreiber2017\/mirex2017":1.0,"schreiber2018\/cnn":1.0,"schreiber2018\/fcn":1.0,"schreiber2018\/ismir2018":1.0},"Samba":{"boeck2015\/tempodetector2016_default":0.6666666667,"davies2009\/mirex_qm_tempotracker":1.0,"percival2014\/stem":1.0,"schreiber2014\/default":1.0,"schreiber2017\/ismir2017":1.0,"schreiber2017\/mirex2017":1.0,"schreiber2018\/cnn":1.0,"schreiber2018\/fcn":1.0,"schreiber2018\/ismir2018":1.0},"Romantic (Solo)":{"boeck2015\/tempodetector2016_default":1.0,"davies2009\/mirex_qm_tempotracker":0.0,"percival2014\/stem":1.0,"schreiber2014\/default":1.0,"schreiber2017\/ismir2017":1.0,"schreiber2017\/mirex2017":1.0,"schreiber2018\/cnn":1.0,"schreiber2018\/fcn":1.0,"schreiber2018\/ismir2018":1.0},"Romantic (Orchestral)":{"boeck2015\/tempodetector2016_default":1.0,"davies2009\/mirex_qm_tempotracker":0.0,"percival2014\/stem":1.0,"schreiber2014\/default":0.0,"schreiber2017\/ismir2017":1.0,"schreiber2017\/mirex2017":1.0,"schreiber2018\/cnn":1.0,"schreiber2018\/fcn":1.0,"schreiber2018\/ismir2018":1.0},"Romantic (Chamber)":{"boeck2015\/tempodetector2016_default":0.0,"davies2009\/mirex_qm_tempotracker":0.0,"percival2014\/stem":0.0,"schreiber2014\/default":1.0,"schreiber2017\/ismir2017":0.0,"schreiber2017\/mirex2017":0.0,"schreiber2018\/cnn":0.0,"schreiber2018\/fcn":0.0,"schreiber2018\/ismir2018":0.0},"Rock":{"boeck2015\/tempodetector2016_default":0.6666666667,"davies2009\/mirex_qm_tempotracker":1.0,"percival2014\/stem":0.6666666667,"schreiber2014\/default":1.0,"schreiber2017\/ismir2017":1.0,"schreiber2017\/mirex2017":1.0,"schreiber2018\/cnn":1.0,"schreiber2018\/fcn":1.0,"schreiber2018\/ismir2018":1.0},"Reggae":{"boeck2015\/tempodetector2016_default":0.6666666667,"davies2009\/mirex_qm_tempotracker":0.3333333333,"percival2014\/stem":0.6666666667,"schreiber2014\/default":0.6666666667,"schreiber2017\/ismir2017":0.3333333333,"schreiber2017\/mirex2017":0.3333333333,"schreiber2018\/cnn":0.6666666667,"schreiber2018\/fcn":0.6666666667,"schreiber2018\/ismir2018":0.6666666667},"Rap \/ Hip-Hop":{"boeck2015\/tempodetector2016_default":1.0,"davies2009\/mirex_qm_tempotracker":1.0,"percival2014\/stem":1.0,"schreiber2014\/default":1.0,"schreiber2017\/ismir2017":1.0,"schreiber2017\/mirex2017":1.0,"schreiber2018\/cnn":1.0,"schreiber2018\/fcn":1.0,"schreiber2018\/ismir2018":1.0},"Popular (Enka)":{"boeck2015\/tempodetector2016_default":0.6666666667,"davies2009\/mirex_qm_tempotracker":0.3333333333,"percival2014\/stem":0.6666666667,"schreiber2014\/default":0.6666666667,"schreiber2017\/ismir2017":0.6666666667,"schreiber2017\/mirex2017":0.6666666667,"schreiber2018\/cnn":1.0,"schreiber2018\/fcn":1.0,"schreiber2018\/ismir2018":0.6666666667},"Popular":{"boeck2015\/tempodetector2016_default":0.8333333333,"davies2009\/mirex_qm_tempotracker":0.5,"percival2014\/stem":1.0,"schreiber2014\/default":1.0,"schreiber2017\/ismir2017":1.0,"schreiber2017\/mirex2017":1.0,"schreiber2018\/cnn":1.0,"schreiber2018\/fcn":1.0,"schreiber2018\/ismir2018":1.0},"Modern Jazz":{"boeck2015\/tempodetector2016_default":0.6666666667,"davies2009\/mirex_qm_tempotracker":0.3333333333,"percival2014\/stem":0.6666666667,"schreiber2014\/default":0.6666666667,"schreiber2017\/ismir2017":0.6666666667,"schreiber2017\/mirex2017":0.6666666667,"schreiber2018\/cnn":0.6666666667,"schreiber2018\/fcn":0.3333333333,"schreiber2018\/ismir2018":0.3333333333},"Modern (Solo)":{"boeck2015\/tempodetector2016_default":0.0,"davies2009\/mirex_qm_tempotracker":0.0,"percival2014\/stem":0.0,"schreiber2014\/default":0.0,"schreiber2017\/ismir2017":0.0,"schreiber2017\/mirex2017":0.0,"schreiber2018\/cnn":0.0,"schreiber2018\/fcn":0.0,"schreiber2018\/ismir2018":0.0},"Modern (Orchestral)":{"boeck2015\/tempodetector2016_default":0.5,"davies2009\/mirex_qm_tempotracker":0.5,"percival2014\/stem":0.5,"schreiber2014\/default":0.0,"schreiber2017\/ismir2017":0.0,"schreiber2017\/mirex2017":0.0,"schreiber2018\/cnn":0.5,"schreiber2018\/fcn":0.5,"schreiber2018\/ismir2018":0.5},"March":{"boeck2015\/tempodetector2016_default":1.0,"davies2009\/mirex_qm_tempotracker":1.0,"percival2014\/stem":0.6666666667,"schreiber2014\/default":1.0,"schreiber2017\/ismir2017":1.0,"schreiber2017\/mirex2017":1.0,"schreiber2018\/cnn":0.6666666667,"schreiber2018\/fcn":0.6666666667,"schreiber2018\/ismir2018":0.6666666667},"Latin":{"boeck2015\/tempodetector2016_default":0.4166666667,"davies2009\/mirex_qm_tempotracker":0.4166666667,"percival2014\/stem":0.5833333333,"schreiber2014\/default":0.5833333333,"schreiber2017\/ismir2017":0.5833333333,"schreiber2017\/mirex2017":0.5,"schreiber2018\/cnn":0.5833333333,"schreiber2018\/fcn":0.6666666667,"schreiber2018\/ismir2018":0.5833333333},"Jazz":{"boeck2015\/tempodetector2016_default":0.8888888889,"davies2009\/mirex_qm_tempotracker":0.7777777778,"percival2014\/stem":0.8888888889,"schreiber2014\/default":0.7777777778,"schreiber2017\/ismir2017":0.7777777778,"schreiber2017\/mirex2017":0.7777777778,"schreiber2018\/cnn":0.6666666667,"schreiber2018\/fcn":0.6666666667,"schreiber2018\/ismir2018":0.6666666667},"Indian":{"boeck2015\/tempodetector2016_default":0.6666666667,"davies2009\/mirex_qm_tempotracker":0.3333333333,"percival2014\/stem":0.6666666667,"schreiber2014\/default":0.3333333333,"schreiber2017\/ismir2017":0.6666666667,"schreiber2017\/mirex2017":0.6666666667,"schreiber2018\/cnn":0.6666666667,"schreiber2018\/fcn":0.6666666667,"schreiber2018\/ismir2018":0.3333333333},"House":{"boeck2015\/tempodetector2016_default":1.0,