{"boeck2015\/tempodetector2016_default":{"0.0":null,"0.005":0.005331297,"0.01":0.005000122,"0.015":0.0051593229,"0.02":0.0051401132,"0.025":0.0060395772,"0.03":0.0060395772,"0.035":0.0059753264,"0.04":0.0071842273,"0.045":0.0071842273,"0.05":0.0071842273,"0.055":0.0071842273,"0.06":0.0071842273,"0.065":0.0071842273,"0.07":0.0071842273,"0.075":0.0071842273,"0.08":0.0071842273,"0.085":0.0071842273,"0.09":0.0071842273,"0.095":0.0071116594,"0.1":0.0071116594,"0.105":0.0071116594,"0.11":0.0071116594,"0.115":0.0071116594,"0.12":0.0071116594,"0.125":0.0071116594,"0.13":0.0071116594,"0.135":0.0071116594,"0.14":0.0071116594,"0.145":0.0071116594,"0.15":0.0071116594,"0.155":0.0071116594,"0.16":0.0071116594,"0.165":0.0071116594,"0.17":0.0071116594,"0.175":0.0071116594,"0.18":0.0071116594,"0.185":0.0071116594,"0.19":0.0071116594,"0.195":0.0071116594,"0.2":0.0071116594,"0.205":0.0071116594,"0.21":0.0071116594,"0.215":0.0071116594,"0.22":0.0071116594,"0.225":0.0071116594,"0.23":0.0071116594,"0.235":0.0071116594,"0.24":0.0071116594,"0.245":0.0071116594,"0.25":0.0071116594,"0.255":0.0071116594,"0.26":0.0071116594,"0.265":0.0071116594,"0.27":0.0071116594,"0.275":0.0071116594,"0.28":0.0071116594,"0.285":0.0071116594,"0.29":0.0071116594,"0.295":0.0071116594,"0.3":0.0071116594,"0.305":0.0071116594,"0.31":0.0071116594,"0.315":0.0071116594,"0.32":0.0071116594,"0.325":0.0071116594,"0.33":0.0071116594,"0.335":0.0071116594,"0.34":0.007043645,"0.345":0.007043645,"0.35":0.007043645,"0.355":0.007043645,"0.36":0.007043645,"0.365":0.007043645,"0.37":0.007043645,"0.375":0.007043645,"0.38":0.007043645,"0.385":0.007043645,"0.39":0.007043645,"0.395":0.007043645,"0.4":0.007043645,"0.405":0.007043645,"0.41":0.007043645,"0.415":0.007043645,"0.42":0.007043645,"0.425":0.007043645,"0.43":0.007043645,"0.435":0.007043645,"0.44":0.007043645,"0.445":0.007043645,"0.45":0.007043645,"0.455":0.007043645,"0.46":0.007043645,"0.465":0.007043645,"0.47":0.007043645,"0.475":0.007043645,"0.48":0.007043645,"0.485":0.007043645,"0.49":0.007043645,"0.495":0.007043645,"0.5":0.007043645},"davies2009\/mirex_qm_tempotracker":{"0.0":null,"0.005":0.0228604774,"0.01":0.0270106785,"0.015":0.0264847141,"0.02":0.0259946919,"0.025":0.0263252117,"0.03":0.0263252117,"0.035":0.0262483912,"0.04":0.0273754598,"0.045":0.0273754598,"0.05":0.0273754598,"0.055":0.0273754598,"0.06":0.0273754598,"0.065":0.0273754598,"0.07":0.0273754598,"0.075":0.0273754598,"0.08":0.0273754598,"0.085":0.0273754598,"0.09":0.0273754598,"0.095":0.027220608,"0.1":0.027220608,"0.105":0.027220608,"0.11":0.027220608,"0.115":0.027220608,"0.12":0.027220608,"0.125":0.027220608,"0.13":0.027220608,"0.135":0.027220608,"0.14":0.027220608,"0.145":0.027220608,"0.15":0.027220608,"0.155":0.027220608,"0.16":0.027220608,"0.165":0.027220608,"0.17":0.027220608,"0.175":0.027220608,"0.18":0.027220608,"0.185":0.027220608,"0.19":0.027220608,"0.195":0.027220608,"0.2":0.027220608,"0.205":0.027220608,"0.21":0.027220608,"0.215":0.027220608,"0.22":0.027220608,"0.225":0.027220608,"0.23":0.027220608,"0.235":0.027220608,"0.24":0.027220608,"0.245":0.027220608,"0.25":0.027220608,"0.255":0.027220608,"0.26":0.027220608,"0.265":0.027220608,"0.27":0.027220608,"0.275":0.027220608,"0.28":0.027220608,"0.285":0.027220608,"0.29":0.027220608,"0.295":0.027220608,"0.3":0.027220608,"0.305":0.027220608,"0.31":0.027220608,"0.315":0.027220608,"0.32":0.027220608,"0.325":0.027220608,"0.33":0.027220608,"0.335":0.027220608,"0.34":0.0270970379,"0.345":0.0270970379,"0.35":0.0270970379,"0.355":0.0270970379,"0.36":0.0270970379,"0.365":0.0270970379,"0.37":0.0270970379,"0.375":0.0270970379,"0.38":0.0270970379,"0.385":0.0270970379,"0.39":0.0270970379,"0.395":0.0270970379,"0.4":0.0270970379,"0.405":0.0270970379,"0.41":0.0270970379,"0.415":0.0270970379,"0.42":0.0270970379,"0.425":0.0270970379,"0.43":0.0270970379,"0.435":0.0270970379,"0.44":0.0270970379,"0.445":0.0270970379,"0.45":0.0270970379,"0.455":0.0270970379,"0.46":0.0270970379,"0.465":0.0270970379,"0.47":0.0270970379,"0.475":0.0270970379,"0.48":0.0270970379,"0.485":0.0270970379,"0.49":0.0270970379,"0.495":0.0270970379,"0.5":0.0270970379},"percival2014\/stem":{"0.0":null,"0.005":0.0035651974,"0.01":0.003483302,"0.015":0.0036338468,"0.02":0.0035803853,"0.025":0.0043126439,"0.03":0.0043126439,"0.035":0.0042876366,"0.04":0.005514178,"0.045":0.005514178,"0.05":0.005514178,"0.055":0.005514178,"0.06":0.005514178,"0.065":0.005514178,"0.07":0.005514178,"0.075":0.005514178,"0.08":0.005514178,"0.085":0.005514178,"0.09":0.005514178,"0.095":0.0054915508,"0.1":0.0054915508,"0.105":0.0054915508,"0.11":0.0054915508,"0.115":0.0054915508,"0.12":0.0054915508,"0.125":0.0054915508,"0.13":0.0054915508,"0.135":0.0054915508,"0.14":0.0054915508,"0.145":0.0054915508,"0.15":0.0054915508,"0.155":0.0054915508,"0.16":0.0054915508,"0.165":0.0054915508,"0.17":0.0054915508,"0.175":0.0054915508,"0.18":0.0054915508,"0.185":0.0054915508,"0.19":0.0054915508,"0.195":0.0054915508,"0.2":0.0054915508,"0.205":0.0054915508,"0.21":0.0054915508,"0.215":0.0054915508,"0.22":0.0054915508,"0.225":0.0054915508,"0.23":0.0054915508,"0.235":0.0054915508,"0.24":0.0054915508,"0.245":0.0054915508,"0.25":0.0054915508,"0.255":0.0054915508,"0.26":0.0054915508,"0.265":0.0054915508,"0.27":0.0054915508,"0.275":0.0054915508,"0.28":0.0054915508,"0.285":0.0054915508,"0.29":0.0054915508,"0.295":0.0054915508,"0.3":0.0054915508,"0.305":0.0054915508,"0.31":0.0054915508,"0.315":0.0054915508,"0.32":0.0054915508,"0.325":0.0054915508,"0.33":0.0054915508,"0.335":0.0054915508,"0.34":0.0054547119,"0.345":0.0054547119,"0.35":0.0054547119,"0.355":0.0054547119,"0.36":0.0054547119,"0.365":0.0054547119,"0.37":0.0054547119,"0.375":0.0054547119,"0.38":0.0054547119,"0.385":0.0054547119,"0.39":0.0054547119,"0.395":0.0054547119,"0.4":0.0054547119,"0.405":0.0054547119,"0.41":0.0054547119,"0.415":0.0054547119,"0.42":0.0054547119,"0.425":0.0054547119,"0.43":0.0054547119,"0.435":0.0054547119,"0.44":0.0054547119,"0.445":0.0054547119,"0.45":0.0054547119,"0.455":0.0054547119,"0.46":0.0054547119,"0.465":0.0054547119,"0.47":0.0054547119,"0.475":0.0054547119,"0.48":0.0054547119,"0.485":0.0054547119,"0.49":0.0054547119,"0.495":0.0054547119,"0.5":0.0054547119},"schreiber2014\/default":{"0.0":null,"0.005":0.0086562946,"0.01":0.0133046553,"0.015":0.0129339322,"0.02":0.012496276,"0.025":0.0124236104,"0.03":0.0124236104,"0.035":0.0122928855,"0.04":0.0154689585,"0.045":0.0154689585,"0.05":0.0154689585,"0.055":0.0154689585,"0.06":0.0154689585,"0.065":0.0154689585,"0.07":0.0154689585,"0.075":0.0154689585,"0.08":0.0154689585,"0.085":0.0154689585,"0.09":0.0154689585,"0.095":0.0185486452,"0.1":0.0185486452,"0.105":0.0185486452,"0.11":0.0185486452,"0.115":0.0185486452,"0.12":0.0185486452,"0.125":0.0185486452,"0.13":0.0185486452,"0.135":0.0185486452,"0.14":0.0185486452,"0.145":0.0185486452,"0.15":0.0185486452,"0.155":0.0185486452,"0.16":0.0185486452,"0.165":0.0185486452,"0.17":0.0185486452,"0.175":0.0185486452,"0.18":0.0185486452,"0.185":0.0185486452,"0.19":0.0185486452,"0.195":0.0185486452,"0.2":0.0185486452,"0.205":0.0185486452,"0.21":0.0185486452,"0.215":0.0185486452,"0.22":0.0185486452,"0.225":0.0185486452,"0.23":0.0185486452,"0.235":0.0185486452,"0.24":0.0185486452,"0.245":0.0185486452,"0.25":0.0185486452,"0.255":0.0185486452,"0.26":0.0185486452,"0.265":0.0185486452,"0.27":0.0185486452,"0.275":0.0185486452,"0.28":0.0185486452,"0.285":0.0185486452,"0.29":0.0185486452,"0.295":0.0185486452,"0.3":0.0185486452,"0.305":0.0185486452,"0.31":0.0185486452,"0.315":0.0185486452,"0.32":0.0185486452,"0.325":0.0185486452,"0.33":0.0185486452,"0.335":0.0185486452,"0.34":0.0183649845,"0.345":0.0183649845,"0.35":0.0183649845,"0.355":0.0183649845,"0.36":0.0183649845,"0.365":0.0183649845,"0.37":0.0183649845,"0.375":0.0183649845,"0.38":0.0183649845,"0.385":0.0183649845,"0.39":0.0183649845,"0.395":0.0183649845,"0.4":0.0183649845,"0.405":0.0183649845,"0.41":0.0183649845,"0.415":0.0183649845,"0.42":0.0183649845,"0.425":0.0183649845,"0.43":0.0183649845,"0.435":0.0183649845,