Estimator,boeck2015/tempodetector2016_default,davies2009/mirex_qm_tempotracker,percival2014/stem,schreiber2014/default,schreiber2017/ismir2017,schreiber2017/mirex2017,schreiber2018/cnn,schreiber2018/fcn,schreiber2018/ismir2018
boeck2015/tempodetector2016_default,1.0,2.342263307952077e-14,0.0001443409424975522,0.0001318742686396962,2.9263832033847683e-06,3.864475765846571e-07,1.168629988242383e-09,1.9877997411122937e-07,2.757510411816774e-08
davies2009/mirex_qm_tempotracker,2.342263307952077e-14,1.0,2.0218202138864875e-08,5.20453302611596e-09,6.087218959930021e-07,2.0822557921594257e-06,0.004936757513315281,9.819641354868486e-05,6.954323601258074e-05
percival2014/stem,0.0001443409424975522,2.0218202138864875e-08,1.0,0.4618495534215056,0.2522475585972729,0.058032505684978274,0.0005960761538098293,0.07097816279343241,0.0012809821633466287
schreiber2014/default,0.0001318742686396962,5.20453302611596e-09,0.4618495534215056,1.0,0.029995933165551603,0.003992903638380343,0.0001363805030170324,0.03192204360387235,0.001173043775677527
schreiber2017/ismir2017,2.9263832033847683e-06,6.087218959930021e-07,0.2522475585972729,0.029995933165551603,1.0,0.319748479598908,0.01155119897099616,0.4061465279111921,0.05694024639756076
schreiber2017/mirex2017,3.864475765846571e-07,2.0822557921594257e-06,0.058032505684978274,0.003992903638380343,0.319748479598908,1.0,0.05065290121561459,0.795661987288479,0.15735096757172903
schreiber2018/cnn,1.168629988242383e-09,0.004936757513315281,0.0005960761538098293,0.0001363805030170324,0.01155119897099616,0.05065290121561459,1.0,0.032972841367522564,0.4057750871244603
schreiber2018/fcn,1.9877997411122937e-07,9.819641354868486e-05,0.07097816279343241,0.03192204360387235,0.4061465279111921,0.795661987288479,0.032972841367522564,1.0,0.46964154500430977
schreiber2018/ismir2018,2.757510411816774e-08,6.954323601258074e-05,0.0012809821633466287,0.001173043775677527,0.05694024639756076,0.15735096757172903,0.4057750871244603,0.46964154500430977,1.0
