{"AOE1_MEAN":{"percival2014\/stem":0.2283989084,"boeck2015\/tempodetector2016_default":0.2604164317,"schreiber2014\/default":0.2929958835,"schreiber2017\/ismir2017":0.3471821028,"schreiber2017\/mirex2017":0.3672027687,"schreiber2018\/ismir2018":0.369788534,"schreiber2018\/cnn":0.3870896746,"schreiber2018\/fcn":0.3931289606,"davies2009\/mirex_qm_tempotracker":0.5488465066},"AOE1_STDEV":{"percival2014\/stem":0.420570689,"boeck2015\/tempodetector2016_default":0.4278428384,"schreiber2014\/default":0.4127109198,"schreiber2017\/ismir2017":0.444181061,"schreiber2017\/mirex2017":0.4737599449,"schreiber2018\/ismir2018":0.4594455321,"schreiber2018\/cnn":0.5521368648,"schreiber2018\/fcn":0.536604054,"davies2009\/mirex_qm_tempotracker":0.5476226133},"AOE2_MEAN":{"percival2014\/stem":0.0109112985,"boeck2015\/tempodetector2016_default":0.0168457459,"schreiber2014\/default":0.0807008471,"schreiber2017\/ismir2017":0.053804083,"schreiber2017\/mirex2017":0.0455033304,"schreiber2018\/ismir2018":0.0319051767,"schreiber2018\/cnn":0.0551244596,"schreiber2018\/fcn":0.0415887787,"davies2009\/mirex_qm_tempotracker":0.0548575988},"AOE2_STDEV":{"percival2014\/stem":0.0326403375,"boeck2015\/tempodetector2016_default":0.056915337,"schreiber2014\/default":0.1253750695,"schreiber2017\/ismir2017":0.1222834452,"schreiber2017\/mirex2017":0.1064272874,"schreiber2018\/ismir2018":0.0800887051,"schreiber2018\/cnn":0.1316168673,"schreiber2018\/fcn":0.0972142908,"davies2009\/mirex_qm_tempotracker":0.1080552331}}