{"OE1_MEAN":{"percival2014\/stem":0.1044903592,"boeck2015\/tempodetector2016_default":0.1330950231,"schreiber2014\/default":0.0359796958,"davies2009\/mirex_qm_tempotracker":0.5486919893,"schreiber2017\/ismir2017":0.0254875748,"schreiber2017\/mirex2017":-0.0345124239},"OE1_STDEV":{"percival2014\/stem":0.4670412515,"boeck2015\/tempodetector2016_default":0.4828580818,"schreiber2014\/default":0.5048587452,"davies2009\/mirex_qm_tempotracker":0.5477774323,"schreiber2017\/ismir2017":0.6241912229,"schreiber2017\/mirex2017":0.638805707},"OE2_MEAN":{"percival2014\/stem":0.0044903592,"boeck2015\/tempodetector2016_default":-0.0069049769,"schreiber2014\/default":0.0242804458,"davies2009\/mirex_qm_tempotracker":0.0252934892,"schreiber2017\/ismir2017":0.0288860749,"schreiber2017\/mirex2017":0.0288860761},"OE2_STDEV":{"percival2014\/stem":0.0341216169,"boeck2015\/tempodetector2016_default":0.0589529985,"schreiber2014\/default":0.1471121842,"davies2009\/mirex_qm_tempotracker":0.1185138345,"schreiber2017\/ismir2017":0.1021710021,"schreiber2017\/mirex2017":0.1021710022}}