{"boeck2015\/tempodetector2016_default":{"boeck2015\/tempodetector2016_default":1.0,"davies2009\/mirex_qm_tempotracker":0.0035051664,"percival2014\/stem":0.4700221763,"schreiber2014\/default":0.9905788649,"schreiber2017\/ismir2017":0.8261109106,"schreiber2017\/mirex2017":0.5410863823,"schreiber2018\/cnn":0.8412208501,"schreiber2018\/fcn":0.7103900383,"schreiber2018\/ismir2018":0.5678087767},"davies2009\/mirex_qm_tempotracker":{"boeck2015\/tempodetector2016_default":0.0035051664,"davies2009\/mirex_qm_tempotracker":1.0,"percival2014\/stem":0.0159833137,"schreiber2014\/default":0.0228517912,"schreiber2017\/ismir2017":0.0258242811,"schreiber2017\/mirex2017":0.0396413706,"schreiber2018\/cnn":0.0128789029,"schreiber2018\/fcn":0.0015943589,"schreiber2018\/ismir2018":0.026274747},"percival2014\/stem":{"boeck2015\/tempodetector2016_default":0.4700221763,"davies2009\/mirex_qm_tempotracker":0.0159833137,"percival2014\/stem":1.0,"schreiber2014\/default":0.7158542497,"schreiber2017\/ismir2017":0.7688636079,"schreiber2017\/mirex2017":0.9975401871,"schreiber2018\/cnn":0.7056798637,"schreiber2018\/fcn":0.2997361866,"schreiber2018\/ismir2018":0.955791505},"schreiber2014\/default":{"boeck2015\/tempodetector2016_default":0.9905788649,"davies2009\/mirex_qm_tempotracker":0.0228517912,"percival2014\/stem":0.7158542497,"schreiber2014\/default":1.0,"schreiber2017\/ismir2017":0.8763856936,"schreiber2017\/mirex2017":0.6800071403,"schreiber2018\/cnn":0.8712248611,"schreiber2018\/fcn":0.8531276715,"schreiber2018\/ismir2018":0.6969760518},"schreiber2017\/ismir2017":{"boeck2015\/tempodetector2016_default":0.8261109106,"davies2009\/mirex_qm_tempotracker":0.0258242811,"percival2014\/stem":0.7688636079,"schreiber2014\/default":0.8763856936,"schreiber2017\/ismir2017":1.0,"schreiber2017\/mirex2017":0.3197003969,"schreiber2018\/cnn":0.9966553715,"schreiber2018\/fcn":0.677558547,"schreiber2018\/ismir2018":0.6919435591},"schreiber2017\/mirex2017":{"boeck2015\/tempodetector2016_default":0.5410863823,"davies2009\/mirex_qm_tempotracker":0.0396413706,"percival2014\/stem":0.9975401871,"schreiber2014\/default":0.6800071403,"schreiber2017\/ismir2017":0.3197003969,"schreiber2017\/mirex2017":1.0,"schreiber2018\/cnn":0.7658737587,"schreiber2018\/fcn":0.4653055314,"schreiber2018\/ismir2018":0.9353337501},"schreiber2018\/cnn":{"boeck2015\/tempodetector2016_default":0.8412208501,"davies2009\/mirex_qm_tempotracker":0.0128789029,"percival2014\/stem":0.7056798637,"schreiber2014\/default":0.8712248611,"schreiber2017\/ismir2017":0.9966553715,"schreiber2017\/mirex2017":0.7658737587,"schreiber2018\/cnn":1.0,"schreiber2018\/fcn":0.6563607756,"schreiber2018\/ismir2018":0.7871635536},"schreiber2018\/fcn":{"boeck2015\/tempodetector2016_default":0.7103900383,"davies2009\/mirex_qm_tempotracker":0.0015943589,"percival2014\/stem":0.2997361866,"schreiber2014\/default":0.8531276715,"schreiber2017\/ismir2017":0.677558547,"schreiber2017\/mirex2017":0.4653055314,"schreiber2018\/cnn":0.6563607756,"schreiber2018\/fcn":1.0,"schreiber2018\/ismir2018":0.4166971653},"schreiber2018\/ismir2018":{"boeck2015\/tempodetector2016_default":0.5678087767,"davies2009\/mirex_qm_tempotracker":0.026274747,"percival2014\/stem":0.955791505,"schreiber2014\/default":0.6969760518,"schreiber2017\/ismir2017":0.6919435591,"schreiber2017\/mirex2017":0.9353337501,"schreiber2018\/cnn":0.7871635536,"schreiber2018\/fcn":0.4166971653,"schreiber2018\/ismir2018":1.0}}