{"male":{"boeck2015\/tempodetector2016_default":0.8571428571,"davies2009\/mirex_qm_tempotracker":0.5714285714,"percival2014\/stem":0.75,"schreiber2014\/default":0.9285714286,"schreiber2017\/ismir2017":0.7857142857,"schreiber2017\/mirex2017":0.75},"female":{"boeck2015\/tempodetector2016_default":0.64,"davies2009\/mirex_qm_tempotracker":0.76,"percival2014\/stem":0.76,"schreiber2014\/default":0.72,"schreiber2017\/ismir2017":0.72,"schreiber2017\/mirex2017":0.72},"World":{"boeck2015\/tempodetector2016_default":0.5714285714,"davies2009\/mirex_qm_tempotracker":0.619047619,"percival2014\/stem":0.6666666667,"schreiber2014\/default":0.5238095238,"schreiber2017\/ismir2017":0.7619047619,"schreiber2017\/mirex2017":0.7619047619},"Vocal":{"boeck2015\/tempodetector2016_default":0.6666666667,"davies2009\/mirex_qm_tempotracker":0.1666666667,"percival2014\/stem":0.0,"schreiber2014\/default":0.3333333333,"schreiber2017\/ismir2017":0.1666666667,"schreiber2017\/mirex2017":0.0},"Traditional Japanese":{"boeck2015\/tempodetector2016_default":0.4444444444,"davies2009\/mirex_qm_tempotracker":0.3333333333,"percival2014\/stem":0.5555555556,"schreiber2014\/default":0.5555555556,"schreiber2017\/ismir2017":0.2222222222,"schreiber2017\/mirex2017":0.2222222222},"Techno":{"boeck2015\/tempodetector2016_default":1.0,"davies2009\/mirex_qm_tempotracker":1.0,"percival2014\/stem":0.6666666667,"schreiber2014\/default":1.0,"schreiber2017\/ismir2017":1.0,"schreiber2017\/mirex2017":1.0},"Tango":{"boeck2015\/tempodetector2016_default":0.0,"davies2009\/mirex_qm_tempotracker":0.0,"percival2014\/stem":0.0,"schreiber2014\/default":0.0,"schreiber2017\/ismir2017":0.6666666667,"schreiber2017\/mirex2017":0.6666666667},"Soul \/ R&B":{"boeck2015\/tempodetector2016_default":1.0,"davies2009\/mirex_qm_tempotracker":1.0,"percival2014\/stem":1.0,"schreiber2014\/default":1.0,"schreiber2017\/ismir2017":1.0,"schreiber2017\/mirex2017":1.0},"Samba":{"boeck2015\/tempodetector2016_default":0.6666666667,"davies2009\/mirex_qm_tempotracker":1.0,"percival2014\/stem":1.0,"schreiber2014\/default":1.0,"schreiber2017\/ismir2017":1.0,"schreiber2017\/mirex2017":1.0},"Romantic (Solo)":{"boeck2015\/tempodetector2016_default":1.0,"davies2009\/mirex_qm_tempotracker":0.0,"percival2014\/stem":1.0,"schreiber2014\/default":1.0,"schreiber2017\/ismir2017":1.0,"schreiber2017\/mirex2017":1.0},"Romantic (Orchestral)":{"boeck2015\/tempodetector2016_default":1.0,"davies2009\/mirex_qm_tempotracker":0.0,"percival2014\/stem":1.0,"schreiber2014\/default":0.0,"schreiber2017\/ismir2017":1.0,"schreiber2017\/mirex2017":0.0},"Romantic (Chamber)":{"boeck2015\/tempodetector2016_default":0.0,"davies2009\/mirex_qm_tempotracker":0.0,"percival2014\/stem":0.0,"schreiber2014\/default":1.0,"schreiber2017\/ismir2017":0.0,"schreiber2017\/mirex2017":0.0},"Rock":{"boeck2015\/tempodetector2016_default":0.6666666667,"davies2009\/mirex_qm_tempotracker":1.0,"percival2014\/stem":0.6666666667,"schreiber2014\/default":1.0,"schreiber2017\/ismir2017":1.0,"schreiber2017\/mirex2017":1.0},"Reggae":{"boeck2015\/tempodetector2016_default":0.6666666667,"davies2009\/mirex_qm_tempotracker":0.3333333333,"percival2014\/stem":0.6666666667,"schreiber2014\/default":0.6666666667,"schreiber2017\/ismir2017":0.3333333333,"schreiber2017\/mirex2017":0.3333333333},"Rap \/ Hip-Hop":{"boeck2015\/tempodetector2016_default":1.0,"davies2009\/mirex_qm_tempotracker":1.0,"percival2014\/stem":1.0,"schreiber2014\/default":1.0,"schreiber2017\/ismir2017":1.0,"schreiber2017\/mirex2017":1.0},"Popular (Enka)":{"boeck2015\/tempodetector2016_default":0.6666666667,"davies2009\/mirex_qm_tempotracker":0.3333333333,"percival2014\/stem":0.6666666667,"schreiber2014\/default":0.6666666667,"schreiber2017\/ismir2017":0.3333333333,"schreiber2017\/mirex2017":0.3333333333},"Popular":{"boeck2015\/tempodetector2016_default":0.8333333333,"davies2009\/mirex_qm_tempotracker":0.5,"percival2014\/stem":1.0,"schreiber2014\/default":1.0,"schreiber2017\/ismir2017":0.8333333333,"schreiber2017\/mirex2017":0.8333333333},"Modern Jazz":{"boeck2015\/tempodetector2016_default":0.6666666667,"davies2009\/mirex_qm_tempotracker":0.3333333333,"percival2014\/stem":0.6666666667,"schreiber2014\/default":0.6666666667,"schreiber2017\/ismir2017":1.0,"schreiber2017\/mirex2017":1.0},"Modern (Solo)":{"boeck2015\/tempodetector2016_default":0.0,"davies2009\/mirex_qm_tempotracker":0.0,"percival2014\/stem":0.0,"schreiber2014\/default":0.0,"schreiber2017\/ismir2017":0.0,"schreiber2017\/mirex2017":0.0},"Modern (Orchestral)":{"boeck2015\/tempodetector2016_default":0.5,"davies2009\/mirex_qm_tempotracker":0.5,"percival2014\/stem":0.5,"schreiber2014\/default":0.0,"schreiber2017\/ismir2017":0.0,"schreiber2017\/mirex2017":0.0},"March":{"boeck2015\/tempodetector2016_default":1.0,"davies2009\/mirex_qm_tempotracker":1.0,"percival2014\/stem":0.6666666667,"schreiber2014\/default":1.0,"schreiber2017\/ismir2017":1.0,"schreiber2017\/mirex2017":0.6666666667},"Latin":{"boeck2015\/tempodetector2016_default":0.4166666667,"davies2009\/mirex_qm_tempotracker":0.4166666667,"percival2014\/stem":0.5833333333,"schreiber2014\/default":0.5833333333,"schreiber2017\/ismir2017":0.75,"schreiber2017\/mirex2017":0.75},"Jazz":{"boeck2015\/tempodetector2016_default":0.8888888889,"davies2009\/mirex_qm_tempotracker":0.7777777778,"percival2014\/stem":0.8888888889,"schreiber2014\/default":0.7777777778,"schreiber2017\/ismir2017":1.0,"schreiber2017\/mirex2017":1.0},"Indian":{"boeck2015\/tempodetector2016_default":0.6666666667,"davies2009\/mirex_qm_tempotracker":0.3333333333,"percival2014\/stem":0.6666666667,"schreiber2014\/default":0.3333333333,"schreiber2017\/ismir2017":0.6666666667,"schreiber2017\/mirex2017":0.6666666667},"House":{"boeck2015\/tempodetector2016_default":1.0,"davies2009\/mirex_qm_tempotracker":1.0,"percival2014\/stem":1.0,"schreiber2014\/default":1.0,"schreiber2017\/ismir2017":1.0,"schreiber2017\/mirex2017":1.0},"Heavy Metal":{"boeck2015\/tempodetector2016_default":0.3333333333,"davies2009\/mirex_qm_tempotracker":1.0,"percival2014\/stem":0.3333333333,"schreiber2014\/default":1.0,"schreiber2017\/ismir2017":1.0,"schreiber2017\/mirex2017":1.0},"Gospel":{"boeck2015\/tempodetector2016_default":0.6666666667,"davies2009\/mirex_qm_tempotracker":0.6666666667,"percival2014\/stem":0.6666666667,"schreiber2014\/default":0.3333333333,"schreiber2017\/ismir2017":1.0,"schreiber2017\/mirex2017":1.0},"Fusion":{"boeck2015\/tempodetector2016_default":1.0,"davies2009\/mirex_qm_tempotracker":1.0,"percival2014\/stem":1.0,"schreiber2014\/default":1.0,"schreiber2017\/ismir2017":1.0,"schreiber2017\/mirex2017":1.0},"Funk":{"boeck2015\/tempodetector2016_default":1.0,"davies2009\/mirex_qm_tempotracker":1.0,"percival2014\/stem":1.0,"schreiber2014\/default":1.0,"schreiber2017\/ismir2017":1.0,"schreiber2017\/mirex2017":1.0},"Folk (Min'you)":{"boeck2015\/tempodetector2016_default":0.6666666667,"davies2009\/mirex_qm_tempotracker":0.6666666667,"percival2014\/stem":0.6666666667,"schreiber2014\/default":0.6666666667,"schreiber2017\/ismir2017":0.3333333333,"schreiber2017\/mirex2017":0.3333333333},"Folk":{"boeck2015\/tempodetector2016_default":0.3333333333,"davies2009\/mirex_qm_tempotracker":1.0,"percival2014\/stem":0.6666666667,"schreiber2014\/default":0.3333333333,"schreiber2017\/ismir2017":0.6666666667,"schreiber2017\/mirex2017":0.6666666667},"Flamenco":{"boeck2015\/tempodetector2016_default":0.6666666667,"davies2009\/mirex_qm_tempotracker":0.0,"percival2014\/stem":1.0,"schreiber2014\/default":0.3333333333,"schreiber2017\/ismir2017":0.3333333333,"schreiber2017\/mirex2017":0.3333333333},"Dance":{"boeck2015\/tempodetector2016_default":1.0,"davies2009\/mirex_qm_tempotracker":1.0,"percival2014\/stem":0.9333333333,"schreiber2014\/default":1.0,"schreiber2017\/ismir2017":1.0,"schreiber2017\/mirex2017":1.0},"Court (Gagaku)":{"boeck2015\/tempodetector2016_default":0.0,"davies2009\/mirex_qm_tempotracker":0.0,"percival2014\/stem":0.3333333333,"schreiber2014\/default":0.3333333333,"schreiber2017\/ismir2017":0.0,