{"boeck2015\/tempodetector2016_default":{"0.0":null,"0.005":null,"0.01":null,"0.015":null,"0.02":null,"0.025":null,"0.03":null,"0.035":-0.4150086457,"0.04":-0.0800069469,"0.045":-0.0666604336,"0.05":-0.049847978,"0.055":-0.0431777558,"0.06":-0.0236632811,"0.065":-0.0188064742,"0.07":-0.0145922286,"0.075":-0.0110275007,"0.08":-0.0110275007,"0.085":-0.0100091119,"0.09":-0.0100091119,"0.095":-0.0075257989,"0.1":-0.0029028325,"0.105":0.0076441827,"0.11":0.0076441827,"0.115":0.0076441827,"0.12":0.0087352365,"0.125":0.0075937916,"0.13":0.0073545319,"0.135":0.0077895309,"0.14":0.0077895309,"0.145":0.0102564728,"0.15":0.0019339995,"0.155":0.0045013179,"0.16":0.0054396469,"0.165":0.0059375847,"0.17":0.0059375847,"0.175":0.0059375847,"0.18":0.0070050582,"0.185":0.0071180554,"0.19":0.0071180554,"0.195":0.0078787914,"0.2":0.0080516077,"0.205":0.0111647887,"0.21":0.0111647887,"0.215":0.0111647887,"0.22":0.0111647887,"0.225":0.0111647887,"0.23":0.0111647887,"0.235":0.0116439803,"0.24":0.0179844425,"0.245":0.0179844425,"0.25":0.0179844425,"0.255":0.0179844425,"0.26":0.025553031,"0.265":0.025553031,"0.27":0.0257328681,"0.275":0.0257328681,"0.28":0.020473463,"0.285":0.020473463,"0.29":0.020473463,"0.295":0.020473463,"0.3":0.020473463,"0.305":0.020473463,"0.31":0.020473463,"0.315":0.020473463,"0.32":0.0226036081,"0.325":0.0226036081,"0.33":0.0226036081,"0.335":0.0226036081,"0.34":0.0226036081,"0.345":0.0226036081,"0.35":0.0226036081,"0.355":0.0226036081,"0.36":0.0226036081,"0.365":0.0226036081,"0.37":0.0206129509,"0.375":0.0206129509,"0.38":0.0206129509,"0.385":0.0206129509,"0.39":0.0206129509,"0.395":0.0206129509,"0.4":0.0206129509,"0.405":0.0206129509,"0.41":0.0206129509,"0.415":0.0206129509,"0.42":0.0206129509,"0.425":0.0206129509,"0.43":0.0206129509,"0.435":0.0206129509,"0.44":0.0206129509,"0.445":0.0206129509,"0.45":0.0206129509,"0.455":0.0206129509,"0.46":0.0206129509,"0.465":0.0206129509,"0.47":0.0206129509,"0.475":0.0206129509,"0.48":0.0206129509,"0.485":0.0206129509,"0.49":0.0206129509,"0.495":0.0206129509,"0.5":0.0206129509},"davies2009\/mirex_qm_tempotracker":{"0.0":null,"0.005":null,"0.01":null,"0.015":null,"0.02":null,"0.025":null,"0.03":null,"0.035":0.0070304075,"0.04":0.0264752462,"0.045":0.0268224625,"0.05":0.0256755821,"0.055":0.0266285037,"0.06":0.0256130907,"0.065":0.0266110379,"0.07":0.0282896457,"0.075":0.0302473019,"0.08":0.0302473019,"0.085":0.0321883606,"0.09":0.0321883606,"0.095":0.0306119944,"0.1":0.0294244407,"0.105":0.0354335274,"0.11":0.0354335274,"0.115":0.0354335274,"0.12":0.0367533802,"0.125":0.0378631601,"0.13":0.0497080807,"0.135":0.0495159167,"0.14":0.0495159167,"0.145":0.0599915589,"0.15":0.0510838575,"0.155":0.052874066,"0.16":0.0541758711,"0.165":0.0515230009,"0.17":0.0515230009,"0.175":0.0515230009,"0.18":0.0514056939,"0.185":0.0495671373,"0.19":0.0495671373,"0.195":0.0500686157,"0.2":0.0480706773,"0.205":0.0420765834,"0.21":0.0420765834,"0.215":0.0420765834,"0.22":0.0420765834,"0.225":0.0420765834,"0.23":0.0420765834,"0.235":0.0462875317,"0.24":0.0407330204,"0.245":0.0407330204,"0.25":0.0407330204,"0.255":0.0407330204,"0.26":0.0472965764,"0.265":0.0472965764,"0.27":0.0466823767,"0.275":0.0466823767,"0.28":0.0372854153,"0.285":0.0372854153,"0.29":0.0372854153,"0.295":0.0372854153,"0.3":0.0372854153,"0.305":0.0372854153,"0.31":0.0372854153,"0.315":0.0372854153,"0.32":0.0385410365,"0.325":0.0385410365,"0.33":0.0385410365,"0.335":0.0385410365,"0.34":0.0385410365,"0.345":0.0385410365,"0.35":0.0385410365,"0.355":0.0385410365,"0.36":0.0385410365,"0.365":0.0385410365,"0.37":0.0380157218,"0.375":0.0380157218,"0.38":0.0380157218,"0.385":0.0380157218,"0.39":0.0380157218,"0.395":0.0380157218,"0.4":0.0380157218,"0.405":0.0380157218,"0.41":0.0380157218,"0.415":0.0380157218,"0.42":0.0380157218,"0.425":0.0380157218,"0.43":0.0380157218,"0.435":0.0380157218,"0.44":0.0380157218,"0.445":0.0380157218,"0.45":0.0380157218,"0.455":0.0380157218,"0.46":0.0380157218,"0.465":0.0380157218,"0.47":0.0380157218,"0.475":0.0380157218,"0.48":0.0380157218,"0.485":0.0380157218,"0.49":0.0380157218,"0.495":0.0380157218,"0.5":0.0380157218},"percival2014\/stem":{"0.0":null,"0.005":null,"0.01":null,"0.015":null,"0.02":null,"0.025":null,"0.03":null,"0.035":-0.4179948793,"0.04":-0.0773142497,"0.045":-0.0635902357,"0.05":-0.0465655167,"0.055":-0.0408914157,"0.06":-0.0186360532,"0.065":-0.0150458541,"0.07":-0.0112089112,"0.075":-0.0081648391,"0.08":-0.0081648391,"0.085":-0.0065065017,"0.09":-0.0065065017,"0.095":-0.0040500911,"0.1":0.00258995,"0.105":0.0082781145,"0.11":0.0082781145,"0.115":0.0082781145,"0.12":0.0098574043,"0.125":0.0104454917,"0.13":0.0100366786,"0.135":0.009891134,"0.14":0.009891134,"0.145":0.0039193089,"0.15":-0.0005272697,"0.155":0.0027424757,"0.16":-0.0057738369,"0.165":-0.0036540834,"0.17":-0.0036540834,"0.175":-0.0036540834,"0.18":-0.0034637964,"0.185":-0.0023367302,"0.19":-0.0023367302,"0.195":-0.0007759584,"0.2":-0.005600354,"0.205":-0.0137759341,"0.21":-0.0137759341,"0.215":-0.0137759341,"0.22":-0.0137759341,"0.225":-0.0137759341,"0.23":-0.0137759341,"0.235":-0.0201738953,"0.24":-0.0246877564,"0.245":-0.0246877564,"0.25":-0.0246877564,"0.255":-0.0246877564,"0.26":-0.0160331934,"0.265":-0.0160331934,"0.27":-0.0156083024,"0.275":-0.0156083024,"0.28":-0.0080941335,"0.285":-0.0080941335,"0.29":-0.0080941335,"0.295":-0.0080941335,"0.3":-0.0080941335,"0.305":-0.0080941335,"0.31":-0.0080941335,"0.315":-0.0080941335,"0.32":-0.0041630572,"0.325":-0.0041630572,"0.33":-0.0041630572,"0.335":-0.0041630572,"0.34":-0.0041630572,"0.345":-0.0041630572,"0.35":-0.0041630572,"0.355":-0.0041630572,"0.36":-0.0041630572,"0.365":-0.0041630572,"0.37":-0.0063721901,"0.375":-0.0063721901,"0.38":-0.0063721901,"0.385":-0.0063721901,"0.39":-0.0063721901,"0.395":-0.0063721901,"0.4":-0.0063721901,"0.405":-0.0063721901,"0.41":-0.0063721901,"0.415":-0.0063721901,"0.42":-0.0063721901,"0.425":-0.0063721901,"0.43":-0.0063721901,"0.435":-0.0063721901,"0.44":-0.0063721901,"0.445":-0.0063721901,"0.45":-0.0063721901,"0.455":-0.0063721901,"0.46":-0.0063721901,"0.465":-0.0063721901,"0.47":-0.0063721901,"0.475":-0.0063721901,"0.48":-0.0063721901,"0.485":-0.0063721901,"0.49":-0.0063721901,"0.495":-0.0063721901,"0.5":-0.0063721901},"schreiber2014\/default":{"0.0":null,"0.005":null,"0.01":null,"0.015":null,"0.02":null,"0.025":null,"0.03":null,"0.035":-0.3692625511,"0.04":-0.1028609232,"0.045":-0.0907216213,"0.05":-0.0762572957,"0.055":-0.073730585,"0.06":-0.0352318957,"0.065":-0.0281020216,"0.07":-0.0240801543,"0.075":-0.0218103084,"0.08":-0.0218103084,"0.085":-0.0202360165,"0.09":-0.0202360165,"0.095":-0.0107985245,"0.1":-0.0037802915,"0.105":-0.0009542353,"0.11":-0.0009542353,"0.115":-0.0009542353,"0.12":0.0036835787,"0.125":0.0027109703,"0.13":-0.0005392972,"0.135":0.000967017,"0.14":0.000967017,"0.145":0.0144490736,"0.15":-0.0209678699,"0.155":-0.0178719961,"0.16":-0.0094071959,"0.165":-0.011898778,"0.17":-0.011898778,"0.175":-0.011898778,"0.18":-0.0158888379,"0.185":-0.0245253394,"0.19":-0.0245253394,"0.195":-0.025073423,"0.2":-0.0284220543,"0.205":-0.0338714241,"0.21":-0.0338714241,"0.215":-0.0338714241,"0.22":-0.0338714241,"0.225":-0.0338714241,"0.23":-0.0338714241,"0.235":-0.0394610512,"0.24":-0.0319947233,"0.245":-0.0319947233,"0.25":-0.0319947233,"0.255":-0.0319947233,"0.26":-0.0341912833,"0.265":-0.0341912833,"0.27":-0.0339693452,"0.275":-0.0339693452,"0.28":-0.0235737315,"0.285":-0.0235737315,"0.29":-0.0235737315,"0.295":-0.0235737315,"0.3":-0.0235737315,"0.305":-0.0235737315,"0.31":-0.0235737315,"0.315":-0.0235737315,"0.32":-0.0211809179,"0.325":-0.0211809179,"0.33":-0.0211809179,"0.335":-0.0211809179,"0.34":-0.0211809179,"0.345":-0.0211809179,"0.35":-0.0211809179,"0.355":-0.0211809179,"0.36":-0.0211809179,"0.365":-0.0211809179,"0.37":-0.0178846138,"0.375":-0.0178846138,"0.38":-0.0178846138,"0.385":-0.0178846138,"0.39":-0.0178846138,"0.395":-0.0178846138,"0.4":-0.0178846138,"0.405":-0.0178846138,"0.41":-0.0178846138,"0.415":-0.0178846138,"0.42":-0.0178846138,