Estimator,boeck2015/tempodetector2016_default,davies2009/mirex_qm_tempotracker,percival2014/stem,schreiber2014/default,schreiber2017/ismir2017,schreiber2017/mirex2017
boeck2015/tempodetector2016_default,1.0,0.04290158942181194,0.007666672653929474,0.0006367641620244216,0.01717092879318987,0.013307857009644552
davies2009/mirex_qm_tempotracker,0.04290158942181194,1.0,0.6215228889346602,0.05686571475152791,0.15059979319700267,0.12597894963014258
percival2014/stem,0.007666672653929474,0.6215228889346602,1.0,0.11296340652719512,0.2520199818272026,0.21073823076709028
schreiber2014/default,0.0006367641620244216,0.05686571475152791,0.11296340652719512,1.0,0.8303689817902412,0.7289869584533184
schreiber2017/ismir2017,0.01717092879318987,0.15059979319700267,0.2520199818272026,0.8303689817902412,1.0,0.321326551860062
schreiber2017/mirex2017,0.013307857009644552,0.12597894963014258,0.21073823076709028,0.7289869584533184,0.321326551860062,1.0
