{"boeck2015\/tempodetector2016_default":{"0":-0.0131874113,"1":0.0125567553,"2":1.0096959188,"3":1.0076583815,"4":-0.000057709,"5":0.0124077692,"6":-0.0000384724,"7":0.0114336169,"8":-0.0000384724,"9":-0.0048170163,"10":-0.999951911,"11":-0.9999879776,"12":-0.0118837183,"13":1.0000144269,"14":-0.0058605731,"15":-0.0,"16":0.0302434667,"17":-0.000057709,"18":0.0073539977,"19":1.0193460888,"20":-0.0094746851,"21":0.0000144269,"22":0.5893272574,"23":-0.0285330853,"24":0.0072824273,"25":-0.000014427,"26":-0.0136436788,"27":1.0309739958,"28":1.0,"29":-0.0080064621,"30":0.0053977503,"31":-0.0172491378,"32":-0.0351725971,"33":-1.0001082062,"34":0.003274565,"35":1.0085908671,"36":0.0106461834,"37":0.0108498438,"38":0.0000360669,"39":-8.00856626e-16,"40":0.0102005761,"41":-0.0041278856,"42":0.0115254561,"43":0.0063758274,"44":0.0146587984,"45":-0.0105703025,"46":1.0,"47":1.017921908,"48":-0.00965017,"49":-0.0106036078},"davies2009\/mirex_qm_tempotracker":{"0":0.0292553299,"1":0.0154184721,"2":1.049609917,"3":1.0249467322,"4":1.025644969,"5":0.0111381411,"6":0.0374037773,"7":1.0184351707,"8":-0.0038629336,"9":1.0086363104,"10":0.0325621496,"11":0.0440204275,"12":0.0030581553,"13":2.0216716002,"14":1.0210339155,"15":0.0191040772,"16":0.0372415031,"17":0.025644969,"18":0.0143707078,"19":1.0134533267,"20":1.0230393755,"21":0.5070984274,"22":1.7579995097,"23":0.0361750781,"24":0.0289427273,"25":1.0129013906,"26":0.0070304075,"27":1.0172931597,"28":1.0361750781,"29":0.0176962159,"30":1.0076201925,"31":1.0303888173,"32":0.9951993888,"33":0.0244647216,"34":1.0317609761,"35":1.015592421,"36":0.0246857799,"37":0.0070253826,"38":0.0256434336,"39":0.0191040772,"40":0.0274889268,"41":0.0320471925,"42":0.9955297437,"43":1.0309487552,"44":0.0216755085,"45":0.4351818494,"46":1.0120451323,"47":0.7669326345,"48":1.0038031566,"49":1.0343232853},"percival2014\/stem":{"0":-0.0094232539,"1":0.0080679126,"2":-0.0018213856,"3":0.9981454865,"4":-0.0147720073,"5":0.0039457803,"6":0.014564778,"7":0.0134317678,"8":-0.0133245191,"9":-0.0025915732,"10":-1.0008603913,"11":-0.9990480152,"12":-0.0107474348,"13":0.9961386576,"14":-0.0007923004,"15":0.00502624,"16":0.023944834,"17":-0.9906579879,"18":0.0015456206,"19":0.0022254431,"20":0.0006715625,"21":0.002480024,"22":1.2329088278,"23":0.0022224422,"24":-0.0029067669,"25":-0.002471288,"26":-0.0009687342,"27":0.99937181,"28":-0.0019609929,"29":0.0013907744,"30":0.9992653038,"31":-0.0052334314,"32":0.9545629876,"33":-0.0021515799,"34":1.0222993907,"35":0.0056046335,"36":0.0061495632,"37":0.0070253826,"38":-0.0003515795,"39":-0.001961956,"40":-0.0081327496,"41":-0.0019054435,"42":-0.0111320534,"43":0.0081070899,"44":0.0045973889,"45":-0.0027355974,"46":1.0032740852,"47":-0.0099413043,"48":-0.0018213856,"49":0.0052639045},"schreiber2014\/default":{"0":-0.0457679937,"1":-0.0123231252,"2":-0.0485595705,"3":0.9625068279,"4":-0.0432502471,"5":-0.0446478411,"6":-0.0384129177,"7":0.5187137949,"8":-0.6266504934,"9":-0.0062329948,"10":-0.9991307496,"11":-0.9990692763,"12":-0.0676832274,"13":1.0213218467,"14":0.040364239,"15":0.00213822,"16":0.3428761485,"17":-0.9947979332,"18":0.0019442177,"19":0.0056837557,"20":-0.0462230468,"21":-0.0703087902,"22":1.620370697,"23":-0.7026862849,"24":0.3321520096,"25":-0.0257142115,"26":-0.0027690415,"27":0.2879559013,"28":1.0002436747,"29":-0.00029266,"30":0.0244758682,"31":0.9722527653,"32":-0.0233758521,"33":-0.002042607,"34":0.0016439849,"35":-0.0265831466,"36":-0.0949653084,"37":-0.5952980931,"38":-0.0962821003,"39":0.0004331763,"40":-0.6576422353,"41":0.0130778404,"42":-0.0255792302,"43":0.0541587481,"44":0.0083160337,"45":0.0276135277,"46":0.9861462051,"47":-0.0442078461,"48":-0.0110661485,"49":-0.0738417204},"schreiber2017\/ismir2017":{"0":0.0260175878,"1":-0.0019142951,"2":0.0136319775,"3":1.0210695582,"4":-0.0452836457,"5":0.0114515222,"6":0.005617723,"7":0.0525432199,"8":-1.5985865561,"9":-0.0048103438,"10":0.0008692504,"11":0.0009308186,"12":-0.0122561741,"13":1.0064485447,"14":0.0097631987,"15":0.0010018346,"16":-0.6648387731,"17":0.0076560931,"18":0.0019442177,"19":1.0003622513,"20":0.0017500885,"21":0.0336000294,"22":2.0759157969,"23":-1.52438505,"24":-0.5619322296,"25":-0.009972692,"26":-0.003766668,"27":1.0331461913,"28":1.0002436747,"29":-0.00029266,"30":0.0008941364,"31":0.0035953981,"32":-0.0339507454,"33":-0.001515687,"34":-0.0043476527,"35":-0.0168242146,"36":-0.0245758967,"37":-1.5751202291,"38":0.0103506274,"39":0.0004331763,"40":0.0160872582,"41":0.0003749448,"42":-0.9584101432,"43":1.0159873216,"44":-0.0024556297,"45":0.0092912694,"46":0.0016838539,"47":-0.0036099822,"48":-0.0117780907,"49":-0.0276554647},"schreiber2017\/mirex2017":{"0":0.0260175878,"1":-0.0019142951,"2":0.0136319775,"3":1.0210695582,"4":-0.0452836457,"5":0.0114515222,"6":0.005617723,"7":0.0525432199,"8":-1.5985865561,"9":-0.0048103438,"10":0.0008692504,"11":0.0009308186,"12":-0.0122561741,"13":1.0064485447,"14":0.0097631987,"15":0.0010018346,"16":-0.6648387731,"17":0.0076560931,"18":0.0019442177,"19":1.0003622513,"20":0.0017500885,"21":-0.9663999086,"22":2.0759157969,"23":-1.52438505,"24":-0.5619322296,"25":-0.009972692,"26":-0.003766668,"27":1.0331461913,"28":1.0002436747,"29":-0.00029266,"30":0.0008941364,"31":0.0035953981,"32":-0.0339507454,"33":-0.001515687,"34":-0.0043476527,"35":-0.0168242146,"36":-1.0245758967,"37":-1.5751202291,"38":0.0103506274,"39":0.0004331763,"40":0.0160872582,"41":0.0003749448,"42":-0.9584101432,"43":0.0159873216,"44":-0.0024556297,"45":0.0092912694,"46":0.0016838539,"47":-0.0036099822,"48":-0.0117780907,"49":-0.0276554647}}