Item,Reference,Estimate
RM-R013.jams,70.03891050583637,93.36662
