Estimator,OE1_MEAN,OE1_STDEV,OE2_MEAN,OE2_STDEV
schreiber2018/cnn,0.020329476023849376,0.31545719834627794,0.00032947602384936886,0.0031226715423362723
schreiber2017/mirex2017,-0.049899480562582005,0.3280991281352913,0.00010051943741799015,0.0018666651673140476
schreiber2018/ismir2018,-0.009820028403327826,0.3317829290408664,0.00017997159667216804,0.002908226239013239
schreiber2017/ismir2017,-0.06989947972596688,0.354137568468674,0.00010052027403311705,0.0018666629115962486
schreiber2014/default,-0.13349661200710627,0.3676717798655157,-0.013496612007106263,0.06872437478533029
percival2014/stem,-0.10976455422056607,0.3719983212067525,0.00023544577943395085,0.002710609730410711
schreiber2018/fcn,-0.039803080760270435,0.3725402606532221,0.00019691923972955372,0.0035292855974475125
davies2009/mirex_qm_tempotracker,0.15407764214102027,0.43390430528023793,0.024077642141020216,0.0415445917958017
boeck2015/tempodetector2016_default,-0.3359065076743544,0.5021071005753782,-5.68826671427549e-05,0.0053595320766158545
