{"OE1_MEAN":{"schreiber2017\/mirex2017":-0.0390066643,"schreiber2018\/ismir2018":-0.0666666667,"schreiber2018\/cnn":-0.0653023932,"schreiber2018\/fcn":-0.0645148533,"schreiber2017\/ismir2017":0.094326669,"percival2014\/stem":-0.1340103153,"boeck2015\/tempodetector2016_default":-0.1345214484,"schreiber2014\/default":-0.0390855863,"davies2009\/mirex_qm_tempotracker":0.0187526838},"OE1_STDEV":{"schreiber2017\/mirex2017":0.1457754891,"schreiber2018\/ismir2018":0.2494438258,"schreiber2018\/cnn":0.2498603265,"schreiber2018\/fcn":0.2500792907,"schreiber2017\/ismir2017":0.2631793187,"percival2014\/stem":0.3404420714,"boeck2015\/tempodetector2016_default":0.3409111874,"schreiber2014\/default":0.4580913234,"davies2009\/mirex_qm_tempotracker":0.519763734},"OE2_MEAN":{"schreiber2017\/mirex2017":0.0276600023,"schreiber2018\/ismir2018":0.0,"schreiber2018\/cnn":0.0013642735,"schreiber2018\/fcn":0.0021518134,"schreiber2017\/ismir2017":0.0276600023,"percival2014\/stem":-0.0006769819,"boeck2015\/tempodetector2016_default":-0.001188115,"schreiber2014\/default":0.0275810804,"davies2009\/mirex_qm_tempotracker":0.0187526838},"OE2_STDEV":{"schreiber2017\/mirex2017":0.1036686804,"schreiber2018\/ismir2018":0.0,"schreiber2018\/cnn":0.005104644,"schreiber2018\/fcn":0.0055245797,"schreiber2017\/ismir2017":0.1036686804,"percival2014\/stem":0.0016155657,"boeck2015\/tempodetector2016_default":0.0041837269,"schreiber2014\/default":0.1036968637,"davies2009\/mirex_qm_tempotracker":0.0091196774}}