{"boeck2015\/tempodetector2016_default":{"0.0":null,"0.005":null,"0.01":0.0034259476,"0.015":0.0062461498,"0.02":0.0048597195,"0.025":0.0058238186,"0.03":0.0082695501,"0.035":0.0090685764,"0.04":0.0081113633,"0.045":0.008711091,"0.05":0.007961532,"0.055":0.0075808372,"0.06":0.0074478779,"0.065":0.0075134184,"0.07":0.0075134184,"0.075":0.0080420241,"0.08":0.0080420241,"0.085":0.0080420241,"0.09":0.0079530664,"0.095":0.0082274009,"0.1":0.0082274009,"0.105":0.0082274009,"0.11":0.0086594367,"0.115":0.0087537695,"0.12":0.0088084603,"0.125":0.0088084603,"0.13":0.0088084603,"0.135":0.0088084603,"0.14":0.0088084603,"0.145":0.0088084603,"0.15":0.0168457459,"0.155":0.0168457459,"0.16":0.0168457459,"0.165":0.0168457459,"0.17":0.0168457459,"0.175":0.0168457459,"0.18":0.0168457459,"0.185":0.0168457459,"0.19":0.0168457459,"0.195":0.0168457459,"0.2":0.0168457459,"0.205":0.0168457459,"0.21":0.0168457459,"0.215":0.0168457459,"0.22":0.0168457459,"0.225":0.0168457459,"0.23":0.0168457459,"0.235":0.0168457459,"0.24":0.0168457459,"0.245":0.0168457459,"0.25":0.0168457459,"0.255":0.0168457459,"0.26":0.0168457459,"0.265":0.0168457459,"0.27":0.0168457459,"0.275":0.0168457459,"0.28":0.0168457459,"0.285":0.0168457459,"0.29":0.0168457459,"0.295":0.0168457459,"0.3":0.0168457459,"0.305":0.0168457459,"0.31":0.0168457459,"0.315":0.0168457459,"0.32":0.0168457459,"0.325":0.0168457459,"0.33":0.0168457459,"0.335":0.0168457459,"0.34":0.0168457459,"0.345":0.0168457459,"0.35":0.0168457459,"0.355":0.0168457459,"0.36":0.0168457459,"0.365":0.0168457459,"0.37":0.0168457459,"0.375":0.0168457459,"0.38":0.0168457459,"0.385":0.0168457459,"0.39":0.0168457459,"0.395":0.0168457459,"0.4":0.0168457459,"0.405":0.0168457459,"0.41":0.0168457459,"0.415":0.0168457459,"0.42":0.0168457459,"0.425":0.0168457459,"0.43":0.0168457459,"0.435":0.0168457459,"0.44":0.0168457459,"0.445":0.0168457459,"0.45":0.0168457459,"0.455":0.0168457459,"0.46":0.0168457459,"0.465":0.0168457459,"0.47":0.0168457459,"0.475":0.0168457459,"0.48":0.0168457459,"0.485":0.0168457459,"0.49":0.0168457459,"0.495":0.0168457459,"0.5":0.0168457459},"davies2009\/mirex_qm_tempotracker":{"0.0":null,"0.005":null,"0.01":0.0256792655,"0.015":0.0223513563,"0.02":0.0699270746,"0.025":0.0599462209,"0.03":0.0553507534,"0.035":0.0448628319,"0.04":0.0390140907,"0.045":0.0332226675,"0.05":0.0313257903,"0.055":0.04049481,"0.06":0.051751441,"0.065":0.051173762,"0.07":0.051173762,"0.075":0.050849756,"0.08":0.050849756,"0.085":0.050849756,"0.09":0.050422425,"0.095":0.0540429859,"0.1":0.0540429859,"0.105":0.0540429859,"0.11":0.0536628177,"0.115":0.0531543283,"0.12":0.0524457741,"0.125":0.0524457741,"0.13":0.0524457741,"0.135":0.0524457741,"0.14":0.0524457741,"0.145":0.0524457741,"0.15":0.0548575988,"0.155":0.0548575988,"0.16":0.0548575988,"0.165":0.0548575988,"0.17":0.0548575988,"0.175":0.0548575988,"0.18":0.0548575988,"0.185":0.0548575988,"0.19":0.0548575988,"0.195":0.0548575988,"0.2":0.0548575988,"0.205":0.0548575988,"0.21":0.0548575988,"0.215":0.0548575988,"0.22":0.0548575988,"0.225":0.0548575988,"0.23":0.0548575988,"0.235":0.0548575988,"0.24":0.0548575988,"0.245":0.0548575988,"0.25":0.0548575988,"0.255":0.0548575988,"0.26":0.0548575988,"0.265":0.0548575988,"0.27":0.0548575988,"0.275":0.0548575988,"0.28":0.0548575988,"0.285":0.0548575988,"0.29":0.0548575988,"0.295":0.0548575988,"0.3":0.0548575988,"0.305":0.0548575988,"0.31":0.0548575988,"0.315":0.0548575988,"0.32":0.0548575988,"0.325":0.0548575988,"0.33":0.0548575988,"0.335":0.0548575988,"0.34":0.0548575988,"0.345":0.0548575988,"0.35":0.0548575988,"0.355":0.0548575988,"0.36":0.0548575988,"0.365":0.0548575988,"0.37":0.0548575988,"0.375":0.0548575988,"0.38":0.0548575988,"0.385":0.0548575988,"0.39":0.0548575988,"0.395":0.0548575988,"0.4":0.0548575988,"0.405":0.0548575988,"0.41":0.0548575988,"0.415":0.0548575988,"0.42":0.0548575988,"0.425":0.0548575988,"0.43":0.0548575988,"0.435":0.0548575988,"0.44":0.0548575988,"0.445":0.0548575988,"0.45":0.0548575988,"0.455":0.0548575988,"0.46":0.0548575988,"0.465":0.0548575988,"0.47":0.0548575988,"0.475":0.0548575988,"0.48":0.0548575988,"0.485":0.0548575988,"0.49":0.0548575988,"0.495":0.0548575988,"0.5":0.0548575988},"percival2014\/stem":{"0.0":null,"0.005":null,"0.01":0.0011857666,"0.015":0.0017538358,"0.02":0.0020110206,"0.025":0.0023451028,"0.03":0.0059360953,"0.035":0.0049370826,"0.04":0.005226161,"0.045":0.0053004509,"0.05":0.005927157,"0.055":0.0060022817,"0.06":0.0058143999,"0.065":0.0058695987,"0.07":0.0058695987,"0.075":0.0062899531,"0.08":0.0062899531,"0.085":0.0062899531,"0.09":0.0061903051,"0.095":0.0062517094,"0.1":0.0062517094,"0.105":0.0062517094,"0.11":0.0061659803,"0.115":0.0062338402,"0.12":0.0063807367,"0.125":0.0063807367,"0.13":0.0063807367,"0.135":0.0063807367,"0.14":0.0063807367,"0.145":0.0063807367,"0.15":0.0109112985,"0.155":0.0109112985,"0.16":0.0109112985,"0.165":0.0109112985,"0.17":0.0109112985,"0.175":0.0109112985,"0.18":0.0109112985,"0.185":0.0109112985,"0.19":0.0109112985,"0.195":0.0109112985,"0.2":0.0109112985,"0.205":0.0109112985,"0.21":0.0109112985,"0.215":0.0109112985,"0.22":0.0109112985,"0.225":0.0109112985,"0.23":0.0109112985,"0.235":0.0109112985,"0.24":0.0109112985,"0.245":0.0109112985,"0.25":0.0109112985,"0.255":0.0109112985,"0.26":0.0109112985,"0.265":0.0109112985,"0.27":0.0109112985,"0.275":0.0109112985,"0.28":0.0109112985,"0.285":0.0109112985,"0.29":0.0109112985,"0.295":0.0109112985,"0.3":0.0109112985,"0.305":0.0109112985,"0.31":0.0109112985,"0.315":0.0109112985,"0.32":0.0109112985,"0.325":0.0109112985,"0.33":0.0109112985,"0.335":0.0109112985,"0.34":0.0109112985,"0.345":0.0109112985,"0.35":0.0109112985,"0.355":0.0109112985,"0.36":0.0109112985,"0.365":0.0109112985,"0.37":0.0109112985,"0.375":0.0109112985,"0.38":0.0109112985,"0.385":0.0109112985,"0.39":0.0109112985,"0.395":0.0109112985,"0.4":0.0109112985,"0.405":0.0109112985,"0.41":0.0109112985,"0.415":0.0109112985,"0.42":0.0109112985,"0.425":0.0109112985,"0.43":0.0109112985,"0.435":0.0109112985,"0.44":0.0109112985,"0.445":0.0109112985,"0.45":0.0109112985,"0.455":0.0109112985,"0.46":0.0109112985,"0.465":0.0109112985,"0.47":0.0109112985,"0.475":0.0109112985,"0.48":0.0109112985,"0.485":0.0109112985,"0.49":0.0109112985,"0.495":0.0109112985,"0.5":0.0109112985},"schreiber2014\/default":{"0.0":null,"0.005":null,"0.01":0.001250548,"0.015":0.0022221576,"0.02":0.0041245139,"0.025":0.0443677798,"0.03":0.0426184525,"0.035":0.0369966369,"0.04":0.0350169071,"0.045":0.0553703035,"0.05":0.0502628735,"0.055":0.057436835,"0.06":0.0575342665,"0.065":0.0643157784,"0.07":0.0643157784,"0.075":0.0707939265,"0.08":0.0707939265,"0.085":0.0707939265,"0.09":0.0694821973,"0.095":0.0690275271,"0.1":0.0690275271,"0.105":0.0690275271,"0.11":0.07388468,"0.115":0.0732989157,"0.12":0.081625187,"0.125":0.081625187,"0.13":0.081625187,"0.135":0.081625187,"0.14":0.081625187,"0.145":0.081625187,"0.15":0.0807008471,"0.155":0.0807008471,"0.16":0.0807008471,"0.165":0.0807008471,"0.17":0.0807008471,"0.175":0.0807008471,"0.18":0.0807008471,"0.185":0.0807008471,"0.19":0.0807008471,"0.195":0.0807008471,"0.2":0.0807008471,"0.205":0.0807008471,"0.21":0.0807008471,"0.215":0.0807008471,"0.22":0.0807008471,"0.225":0.0807008471,"0.23":0.0807008471,"0.235":0.0807008471,"0.24":0.0807008471,"0.245":0.0807008471,"0.25":0.0807008471,"0.255":0.0807008471,"0.26":0.0807008471,"0.265":0.0807008471,"0.27":0.0807008471,"0.275":0.0807008471,"0.28":0.0807008471,"0.285":0.0807008471,"0.29":0.0807008471,"0.295":0.0807008471,"0.3":0.0807008471,"0.305":0.0807008471,"0.31":0.0807008471,"0.315":0.0807008471,"0.32":0.0807008471,"0.325":0.0807008471,"0.33":0.0807008471,"0.335":0.0807008471,"0.34":0.0807008471,"0.345":0.0807008471,"0.35":0.0807008471,"0.355":0.0807008471,"0.36":0.0807008471,"0.365":0.0807008471,"0.37":0.0807008471,"0.375":0.0807008471,"0.38":0.0807008471,"0.385":0.0807008471,"0.39":0.0807008471,"0.395":0.0807008471,"0.4":0.0807008471,"0.405":0.0807008471,"0.41":0.0807008471,"0.415":0.0807008471,"0.42":0.0807008471,"0.425":0.0807008471,