{"OE1_MEAN":{"schreiber2018\/cnn":0.020329476,"schreiber2017\/mirex2017":-0.0498994806,"schreiber2018\/ismir2018":-0.0098200284,"schreiber2017\/ismir2017":-0.0698994797,"schreiber2014\/default":-0.133496612,"percival2014\/stem":-0.1097645542,"schreiber2018\/fcn":-0.0398030808,"davies2009\/mirex_qm_tempotracker":0.1540776421,"boeck2015\/tempodetector2016_default":-0.3359065077},"OE1_STDEV":{"schreiber2018\/cnn":0.3154571983,"schreiber2017\/mirex2017":0.3280991281,"schreiber2018\/ismir2018":0.331782929,"schreiber2017\/ismir2017":0.3541375685,"schreiber2014\/default":0.3676717799,"percival2014\/stem":0.3719983212,"schreiber2018\/fcn":0.3725402607,"davies2009\/mirex_qm_tempotracker":0.4339043053,"boeck2015\/tempodetector2016_default":0.5021071006},"OE2_MEAN":{"schreiber2018\/cnn":0.000329476,"schreiber2017\/mirex2017":0.0001005194,"schreiber2018\/ismir2018":0.0001799716,"schreiber2017\/ismir2017":0.0001005203,"schreiber2014\/default":-0.013496612,"percival2014\/stem":0.0002354458,"schreiber2018\/fcn":0.0001969192,"davies2009\/mirex_qm_tempotracker":0.0240776421,"boeck2015\/tempodetector2016_default":-0.0000568827},"OE2_STDEV":{"schreiber2018\/cnn":0.0031226715,"schreiber2017\/mirex2017":0.0018666652,"schreiber2018\/ismir2018":0.0029082262,"schreiber2017\/ismir2017":0.0018666629,"schreiber2014\/default":0.0687243748,"percival2014\/stem":0.0027106097,"schreiber2018\/fcn":0.0035292856,"davies2009\/mirex_qm_tempotracker":0.0415445918,"boeck2015\/tempodetector2016_default":0.0053595321}}