{"Size":{"1.0":50},"Min":{"1.0":37.2670807453},"Max":{"1.0":157.8947368421},"Avg":{"1.0":90.7119768289},"Stdev":{"1.0":27.5260489081},"Sweet Oct. Start":{"1.0":61.0},"Sweet Oct. Coverage":{"1.0":0.76}}