{"Size":{"boeck2015\/tempodetector2016_default":100,"davies2009\/mirex_qm_tempotracker":100,"percival2014\/stem":100,"schreiber2014\/default":100,"schreiber2017\/ismir2017":100,"schreiber2017\/mirex2017":100,"schreiber2018\/cnn":100,"schreiber2018\/fcn":100,"schreiber2018\/ismir2018":100},"Min":{"boeck2015\/tempodetector2016_default":41.96,"davies2009\/mirex_qm_tempotracker":80.7495,"percival2014\/stem":60.0927,"schreiber2014\/default":59.93128,"schreiber2017\/ismir2017":53.997295,"schreiber2017\/mirex2017":60.010136,"schreiber2018\/cnn":60.0,"schreiber2018\/fcn":54.0,"schreiber2018\/ismir2018":70.0},"Max":{"boeck2015\/tempodetector2016_default":187.5,"davies2009\/mirex_qm_tempotracker":178.206,"percival2014\/stem":148.719,"schreiber2014\/default":157.9899,"schreiber2017\/ismir2017":162.99731,"schreiber2017\/mirex2017":162.99731,"schreiber2018\/cnn":188.0,"schreiber2018\/fcn":197.0,"schreiber2018\/ismir2018":188.0},"Avg":{"boeck2015\/tempodetector2016_default":90.9881,"davies2009\/mirex_qm_tempotracker":123.002108,"percival2014\/stem":102.90737,"schreiber2014\/default":101.33373743,"schreiber2017\/ismir2017":106.22562725,"schreiber2017\/mirex2017":107.34125586,"schreiber2018\/cnn":113.65,"schreiber2018\/fcn":109.32,"schreiber2018\/ismir2018":110.28},"Stdev":{"boeck2015\/tempodetector2016_default":31.6232367798,"davies2009\/mirex_qm_tempotracker":24.2846571978,"percival2014\/stem":22.3270721299,"schreiber2014\/default":22.5472050031,"schreiber2017\/ismir2017":24.7920051257,"schreiber2017\/mirex2017":23.6517262139,"schreiber2018\/cnn":29.3740677909,"schreiber2018\/fcn":29.5148926627,"schreiber2018\/ismir2018":24.1703048463},"Sweet Oct. Start":{"boeck2015\/tempodetector2016_default":54.0,"davies2009\/mirex_qm_tempotracker":87.0,"percival2014\/stem":70.0,"schreiber2014\/default":68.0,"schreiber2017\/ismir2017":69.0,"schreiber2017\/mirex2017":69.0,"schreiber2018\/cnn":70.0,"schreiber2018\/fcn":70.0,"schreiber2018\/ismir2018":71.0},"Sweet Oct. Coverage":{"boeck2015\/tempodetector2016_default":0.67,"davies2009\/mirex_qm_tempotracker":0.95,"percival2014\/stem":0.94,"schreiber2014\/default":0.92,"schreiber2017\/ismir2017":0.9,"schreiber2017\/mirex2017":0.92,"schreiber2018\/cnn":0.85,"schreiber2018\/fcn":0.87,"schreiber2018\/ismir2018":0.92}}