{"boeck2015\/tempodetector2016_default":{"boeck2015\/tempodetector2016_default":1.0,"davies2009\/mirex_qm_tempotracker":0.0000757516,"percival2014\/stem":0.0003926026,"schreiber2014\/default":0.1083784624,"schreiber2017\/ismir2017":0.0024323421,"schreiber2017\/mirex2017":0.012412432},"davies2009\/mirex_qm_tempotracker":{"boeck2015\/tempodetector2016_default":0.0000757516,"davies2009\/mirex_qm_tempotracker":1.0,"percival2014\/stem":0.7478332161,"schreiber2014\/default":0.1556208187,"schreiber2017\/ismir2017":0.6288899344,"schreiber2017\/mirex2017":0.3540717866},"percival2014\/stem":{"boeck2015\/tempodetector2016_default":0.0003926026,"davies2009\/mirex_qm_tempotracker":0.7478332161,"percival2014\/stem":1.0,"schreiber2014\/default":0.1237999736,"schreiber2017\/ismir2017":0.7865273652,"schreiber2017\/mirex2017":0.4285662543},"schreiber2014\/default":{"boeck2015\/tempodetector2016_default":0.1083784624,"davies2009\/mirex_qm_tempotracker":0.1556208187,"percival2014\/stem":0.1237999736,"schreiber2014\/default":1.0,"schreiber2017\/ismir2017":0.1802452472,"schreiber2017\/mirex2017":0.4450709685},"schreiber2017\/ismir2017":{"boeck2015\/tempodetector2016_default":0.0024323421,"davies2009\/mirex_qm_tempotracker":0.6288899344,"percival2014\/stem":0.7865273652,"schreiber2014\/default":0.1802452472,"schreiber2017\/ismir2017":1.0,"schreiber2017\/mirex2017":0.1312080497},"schreiber2017\/mirex2017":{"boeck2015\/tempodetector2016_default":0.012412432,"davies2009\/mirex_qm_tempotracker":0.3540717866,"percival2014\/stem":0.4285662543,"schreiber2014\/default":0.4450709685,"schreiber2017\/ismir2017":0.1312080497,"schreiber2017\/mirex2017":1.0}}