Estimator,OE1_MEAN,OE1_STDEV,OE2_MEAN,OE2_STDEV
schreiber2014/default,-9.154682653555217e-05,0.47398478926310017,0.003977448264433514,0.12726540551002233
schreiber2017/mirex2017,-0.0665488121654059,0.49928796555024435,0.007813565292644655,0.11595387771331457
schreiber2017/ismir2017,0.031490402645458375,0.5132474131313023,-0.0036562885380823852,0.10308362999385627
davies2009/mirex_qm_tempotracker,0.34518085415500177,0.5231339412945667,0.04773134432279963,0.13168037518472955
percival2014/stem,0.03579215137411963,0.5327998589200525,0.010449381759206343,0.10797523216164207
boeck2015/tempodetector2016_default,-0.06039878692618792,0.5891393976886059,0.004159668963235191,0.08644352713198233
