{"AOE1_MEAN":{"schreiber2017\/mirex2017":0.0391203992,"schreiber2018\/ismir2018":0.0666666667,"schreiber2018\/cnn":0.0680309402,"schreiber2018\/fcn":0.0688184801,"schreiber2017\/ismir2017":0.0945092604,"percival2014\/stem":0.1349722177,"boeck2015\/tempodetector2016_default":0.1364264538,"schreiber2014\/default":0.2283747211,"davies2009\/mirex_qm_tempotracker":0.2814537099},"AOE1_STDEV":{"schreiber2017\/mirex2017":0.1457450084,"schreiber2018\/ismir2018":0.2494438258,"schreiber2018\/cnn":0.2491312435,"schreiber2018\/fcn":0.248929377,"schreiber2017\/ismir2017":0.2631138043,"percival2014\/stem":0.3400618606,"boeck2015\/tempodetector2016_default":0.3401533191,"schreiber2014\/default":0.3990242228,"davies2009\/mirex_qm_tempotracker":0.4373669072},"AOE2_MEAN":{"schreiber2017\/mirex2017":0.0278606571,"schreiber2018\/ismir2018":0.0,"schreiber2018\/cnn":0.0013642735,"schreiber2018\/fcn":0.0021518134,"schreiber2017\/ismir2017":0.0278606571,"percival2014\/stem":0.0016388843,"boeck2015\/tempodetector2016_default":0.0030931204,"schreiber2014\/default":0.0285311964,"davies2009\/mirex_qm_tempotracker":0.0187526838},"AOE2_STDEV":{"schreiber2017\/mirex2017":0.1036149352,"schreiber2018\/ismir2018":0.0,"schreiber2018\/cnn":0.005104644,"schreiber2018\/fcn":0.0055245797,"schreiber2017\/ismir2017":0.1036149352,"percival2014\/stem":0.0006183973,"boeck2015\/tempodetector2016_default":0.0030574162,"schreiber2014\/default":0.1034394816,"davies2009\/mirex_qm_tempotracker":0.0091196774}}