Item,Reference,Estimate
RM-R003.jams,74.99999999999993,151.999
RM-R004.jams,69.97084548104957,143.555
RM-R012.jams,199.99999999999952,101.333
RM-R014.jams,180.45112781954887,90.6661
