{"davies2009\/mirex_qm_tempotracker":{"RM-J001.jams":1.049609917,"RM-J002.jams":1.0309487552,"RM-J003.jams":0.9955297437,"RM-J004.jams":0.9951993888,"RM-J005.jams":0.0361750781,"RM-J006.jams":1.0134533267,"RM-J007.jams":1.0086363104,"RM-J008.jams":1.0361750781,"RM-J009.jams":1.0172931597,"RM-J010.jams":0.025644969,"RM-J011.jams":0.0030581553,"RM-J012.jams":1.0317609761,"RM-J013.jams":0.5070984274,"RM-J014.jams":0.4351818494,"RM-J015.jams":0.0274889268,"RM-J016.jams":0.0111381411,"RM-J017.jams":1.025644969,"RM-J018.jams":0.7669326345,"RM-J019.jams":0.0256434336,"RM-J020.jams":1.0184351707,"RM-J021.jams":0.0154184721,"RM-J022.jams":1.0343232853,"RM-J023.jams":0.0246857799,"RM-J024.jams":1.0303888173,"RM-J025.jams":0.0289427273,"RM-J026.jams":0.0191040772,"RM-J027.jams":1.0210339155,"RM-J028.jams":1.015592421,"RM-J029.jams":1.0230393755,"RM-J030.jams":0.0372415031,"RM-J031.jams":2.0216716002,"RM-J032.jams":1.0076201925,"RM-J033.jams":1.0129013906,"RM-J034.jams":1.0038031566,"RM-J035.jams":0.0070253826,"RM-J036.jams":0.0038629336,"RM-J037.jams":0.0292553299,"RM-J038.jams":1.0120451323,"RM-J039.jams":0.0191040772,"RM-J040.jams":1.0249467322,"RM-J041.jams":0.0374037773,"RM-J042.jams":0.0320471925,"RM-J043.jams":0.0216755085,"RM-J044.jams":1.7579995097,"RM-J045.jams":0.0244647216,"RM-J046.jams":0.0440204275,"RM-J047.jams":0.0143707078,"RM-J048.jams":0.0070304075,"RM-J049.jams":0.0176962159,"RM-J050.jams":0.0325621496},"schreiber2018\/fcn":{"RM-J001.jams":1.0259737397,"RM-J002.jams":0.0050406167,"RM-J003.jams":0.0588936891,"RM-J004.jams":0.0210722236,"RM-J005.jams":0.0489096005,"RM-J006.jams":1.0,"RM-J007.jams":0.0131048917,"RM-J008.jams":1.0119726417,"RM-J009.jams":1.0150693217,"RM-J010.jams":0.0076739279,"RM-J011.jams":0.0119726417,"RM-J012.jams":0.0103979334,"RM-J013.jams":0.0144995697,"RM-J014.jams":0.0144995697,"RM-J015.jams":1.5596974119,"RM-J016.jams":1.0200576523,"RM-J017.jams":1.0076739279,"RM-J018.jams":0.0014434169,"RM-J019.jams":0.0262098793,"RM-J020.jams":0.0624287663,"RM-J021.jams":0.9951829837,"RM-J022.jams":0.0168087573,"RM-J023.jams":0.0097712066,"RM-J024.jams":0.9942176474,"RM-J025.jams":0.0072315692,"RM-J026.jams":0.0,"RM-J027.jams":0.0204844221,"RM-J028.jams":1.0100039877,"RM-J029.jams":0.0085612979,"RM-J030.jams":0.0566605934,"RM-J031.jams":1.9934932211,"RM-J032.jams":0.0053977503,"RM-J033.jams":0.0033702219,"RM-J034.jams":0.00965017,"RM-J035.jams":0.5885737543,"RM-J036.jams":0.5994620704,"RM-J037.jams":0.0247924615,"RM-J038.jams":1.0,"RM-J039.jams":8.00856626e-16,"RM-J040.jams":0.9656919492,"RM-J041.jams":0.0114956388,"RM-J042.jams":0.0041278856,"RM-J043.jams":0.0093471723,"RM-J044.jams":1.3800829349,"RM-J045.jams":0.0014434169,"RM-J046.jams":0.9990385238,"RM-J047.jams":0.0020423716,"RM-J048.jams":0.0036112536,"RM-J049.jams":0.0002748252,"RM-J050.jams":0.9990385238},"schreiber2018\/ismir2018":{"RM-J001.jams":1.008271738,"RM-J002.jams":0.0575080366,"RM-J003.jams":0.0,"RM-J004.jams":0.9590282189,"RM-J005.jams":0.0119726417,"RM-J006.jams":1.0,"RM-J007.jams":0.0131048917,"RM-J008.jams":1.0119726417,"RM-J009.jams":1.0038420663,"RM-J010.jams":0.0076739279,"RM-J011.jams":0.002526928,"RM-J012.jams":0.0103979334,"RM-J013.jams":0.0144995697,"RM-J014.jams":0.017921908,"RM-J015.jams":0.0364056464,"RM-J016.jams":0.0200576523,"RM-J017.jams":0.0429521452,"RM-J018.jams":0.0210722236,"RM-J019.jams":0.0048170163,"RM-J020.jams":0.0427999595,"RM-J021.jams":0.9951829837,"RM-J022.jams":0.9831912427,"RM-J023.jams":0.0097712066,"RM-J024.jams":0.9942176474,"RM-J025.jams":0.0072315692,"RM-J026.jams":1.0,"RM-J027.jams":0.0260581639,"RM-J028.jams":1.0100039877,"RM-J029.jams":0.0095860488,"RM-J030.jams":0.0566605934,"RM-J031.jams":0.9855004303,"RM-J032.jams":1.017370392,"RM-J033.jams":0.9966297781,"RM-J034.jams":0.008271738,"RM-J035.jams":0.5885737543,"RM-J036.jams":0.5994620704,"RM-J037.jams":0.0247924615,"RM-J038.jams":1.0,"RM-J039.jams":8.00856626e-16,"RM-J040.jams":1.0114956388,"RM-J041.jams":0.0114956388,"RM-J042.jams":0.0041278856,"RM-J043.jams":0.0093471723,"RM-J044.jams":0.8462592832,"RM-J045.jams":0.0014434169,"RM-J046.jams":0.0009614762,"RM-J047.jams":0.0020423716,"RM-J048.jams":0.0036112536,"RM-J049.jams":0.0002748252,"RM-J050.jams":0.9990385238},"schreiber2018\/cnn":{"RM-J001.jams":0.0647917242,"RM-J002.jams":0.0050406167,"RM-J003.jams":1.0,"RM-J004.jams":0.9590282189,"RM-J005.jams":0.0356239097,"RM-J006.jams":1.0,"RM-J007.jams":0.0048170163,"RM-J008.jams":0.0,"RM-J009.jams":1.0038420663,"RM-J010.jams":0.0076739279,"RM-J011.jams":0.002526928,"RM-J012.jams":0.0112971377,"RM-J013.jams":0.0144995697,"RM-J014.jams":0.0144995697,"RM-J015.jams":0.5936447438,"RM-J016.jams":1.0200576523,"RM-J017.jams":1.0076739279,"RM-J018.jams":0.0210722236,"RM-J019.jams":0.0262098793,"RM-J020.jams":0.0027225202,"RM-J021.jams":0.9951829837,"RM-J022.jams":0.0168087573,"RM-J023.jams":0.0067169162,"RM-J024.jams":0.9942176474,"RM-J025.jams":0.0555041861,"RM-J026.jams":1.0,"RM-J027.jams":0.002599191,"RM-J028.jams":0.0001202296,"RM-J029.jams":0.0095860488,"RM-J030.jams":0.0566605934,"RM-J031.jams":2.01720929,"RM-J032.jams":0.0053977503,"RM-J033.jams":1.0162585849,"RM-J034.jams":0.00965017,"RM-J035.jams":0.5726322104,"RM-J036.jams":0.5994620704,"RM-J037.jams":0.0247924615,"RM-J038.jams":1.0,"RM-J039.jams":8.00856626e-16,"RM-J040.jams":1.0114956388,"RM-J041.jams":1.0114956388,"RM-J042.jams":0.0041278856,"RM-J043.jams":0.002526928,"RM-J044.jams":2.1377220973,"RM-J045.jams":0.0014434169,"RM-J046.jams":0.0009614762,"RM-J047.jams":0.0020423716,"RM-J048.jams":0.0036112536,"RM-J049.jams":0.0002748252,"RM-J050.jams":0.0009614762},"percival2014\/stem":{"RM-J001.jams":0.0018213856,"RM-J002.jams":0.0081070899,"RM-J003.jams":0.0111320534,"RM-J004.jams":0.9545629876,"RM-J005.jams":0.0022224422,"RM-J006.jams":0.0022254431,"RM-J007.jams":0.0025915732,"RM-J008.jams":0.0019609929,"RM-J009.jams":0.99937181,"RM-J010.jams":0.9906579879,"RM-J011.jams":0.0107474348,"RM-J012.jams":1.0222993907,"RM-J013.jams":0.002480024,"RM-J014.jams":0.0027355974,"RM-J015.jams":0.0081327496,"RM-J016.jams":0.0039457803,"RM-J017.jams":0.0147720073,"RM-J018.jams":0.0099413043,"RM-J019.jams":0.0003515795,"RM-J020.jams":0.0134317678,"RM-J021.jams":0.0080679126,"RM-J022.jams":0.0052639045,"RM-J023.jams":0.0061495632,"RM-J024.jams":0.0052334314,"RM-J025.jams":0.0029067669,"RM-J026.jams":0.00502624,"RM-J027.jams":0.0007923004,"RM-J028.jams":0.0056046335,"RM-J029.jams":0.0006715625,"RM-J030.jams":0.023944834,"RM-J031.jams":0.9961386576,"RM-J032.jams":0.9992653038,"RM-J033.jams":0.002471288,"RM-J034.jams":0.0018213856,"RM-J035.jams":0.0070253826,"RM-J036.jams":0.0133245191,"RM-J037.jams":0.0094232539,"RM-J038.jams":1.0032740852,"RM-J039.jams":0.001961956,"RM-J040.jams":0.9981454865,"RM-J041.jams":0.014564778,"RM-J042.jams":0.0019054435,"RM-J043.jams":0.0045973889,"RM-J044.jams":1.2329088278,"RM-J045.jams":0.0021515799,"RM-J046.jams":0.9990480152,"RM-J047.jams":0.0015456206,"RM-J048.jams":0.0009687342,"RM-J049.jams":0.0013907744,"RM-J050.jams":1.0008603913},"schreiber2017\/mirex2017":{"RM-J001.jams":0.0136319775,"RM-J002.jams":1.0159873216,"RM-J003.jams":0.0415898714,"RM-J004.jams":0.0339507454,"RM-J005.jams":1.52438505,"RM-J006.jams":0.0003622513,"RM-J007.jams":0.0048103438,"RM-J008.jams":1.0002436747,"RM-J009.jams":1.0331461913,"RM-J010.jams":0.0076560931,"RM-J011.jams":0.0122561741,"RM-J012.jams":0.0043476527,"RM-J013.jams":0.0336000294,"RM-J014.jams":0.0092912694,"RM-J015.jams":0.9839127418,"RM-J016.jams":1.0114515361,"RM-J017.jams":0.9547163414,"RM-J018.jams":0.0036099822,"RM-J019.jams":0.0103506274,"RM-J020.jams":0.0525432199,"RM-J021.jams":0.0019142951,"RM-J022.jams":0.9723445353,"RM-J023.jams":0.0245758967,"RM-J024.jams":0.0035953981,"RM-J025.jams":0.5619322296,"RM-J026.jams":0.0010018346,"RM-J027.jams":1.0097631987,"RM-J028.jams":0.0168242146,"RM-J029.jams":0.0017500885,"RM-J030.jams":0.6648387731,"RM-J031.jams":1.0064485447,"RM-J032.jams":1.0008941364,"RM-J033.jams":0.009972692,"RM-J034.jams":0.0117780907,