{"AOE1_MEAN":{"schreiber2018\/cnn":0.101613488,"schreiber2017\/mirex2017":0.1113971702,"schreiber2018\/ismir2018":0.1115956005,"schreiber2017\/ismir2017":0.1314037924,"schreiber2018\/fcn":0.1419353058,"percival2014\/stem":0.1520537276,"schreiber2014\/default":0.1630962904,"davies2009\/mirex_qm_tempotracker":0.2249463166,"boeck2015\/tempodetector2016_default":0.3587194824},"AOE1_STDEV":{"schreiber2018\/cnn":0.2993346466,"schreiber2017\/mirex2017":0.3126174443,"schreiber2018\/ismir2018":0.312606409,"schreiber2017\/ismir2017":0.336202912,"schreiber2018\/fcn":0.3467346248,"percival2014\/stem":0.3568062111,"schreiber2014\/default":0.3555326753,"davies2009\/mirex_qm_tempotracker":0.4017611487,"boeck2015\/tempodetector2016_default":0.4860710393},"AOE2_MEAN":{"schreiber2018\/cnn":0.0018412662,"schreiber2017\/mirex2017":0.0015160836,"schreiber2018\/ismir2018":0.0017158421,"schreiber2017\/ismir2017":0.0015160824,"schreiber2018\/fcn":0.0020434258,"percival2014\/stem":0.0021935563,"schreiber2014\/default":0.0155965195,"davies2009\/mirex_qm_tempotracker":0.0240846737,"boeck2015\/tempodetector2016_default":0.0035763766},"AOE2_STDEV":{"schreiber2018\/cnn":0.0025434958,"schreiber2017\/mirex2017":0.0010936332,"schreiber2018\/ismir2018":0.0023550065,"schreiber2017\/ismir2017":0.0010936311,"schreiber2018\/fcn":0.0028842755,"percival2014\/stem":0.0016097051,"schreiber2014\/default":0.0682784505,"davies2009\/mirex_qm_tempotracker":0.0415405158,"boeck2015\/tempodetector2016_default":0.0039921611}}