{"boeck2015\/tempodetector2016_default":{"0.0":null,"0.005":0.6956521739,"0.01":0.6708860759,"0.015":0.6506024096,"0.02":0.6511627907,"0.025":0.6451612903,"0.03":0.6451612903,"0.035":0.6489361702,"0.04":0.6530612245,"0.045":0.6530612245,"0.05":0.6530612245,"0.055":0.6530612245,"0.06":0.6530612245,"0.065":0.6530612245,"0.07":0.6530612245,"0.075":0.6530612245,"0.08":0.6530612245,"0.085":0.6530612245,"0.09":0.6530612245,"0.095":0.6565656566,"0.1":0.6565656566,"0.105":0.6565656566,"0.11":0.6565656566,"0.115":0.6565656566,"0.12":0.6565656566,"0.125":0.6565656566,"0.13":0.6565656566,"0.135":0.6565656566,"0.14":0.6565656566,"0.145":0.6565656566,"0.15":0.6565656566,"0.155":0.6565656566,"0.16":0.6565656566,"0.165":0.6565656566,"0.17":0.6565656566,"0.175":0.6565656566,"0.18":0.6565656566,"0.185":0.6565656566,"0.19":0.6565656566,"0.195":0.6565656566,"0.2":0.6565656566,"0.205":0.6565656566,"0.21":0.6565656566,"0.215":0.6565656566,"0.22":0.6565656566,"0.225":0.6565656566,"0.23":0.6565656566,"0.235":0.6565656566,"0.24":0.6565656566,"0.245":0.6565656566,"0.25":0.6565656566,"0.255":0.6565656566,"0.26":0.6565656566,"0.265":0.6565656566,"0.27":0.6565656566,"0.275":0.6565656566,"0.28":0.6565656566,"0.285":0.6565656566,"0.29":0.6565656566,"0.295":0.6565656566,"0.3":0.6565656566,"0.305":0.6565656566,"0.31":0.6565656566,"0.315":0.6565656566,"0.32":0.6565656566,"0.325":0.6565656566,"0.33":0.6565656566,"0.335":0.6565656566,"0.34":0.65,"0.345":0.65,"0.35":0.65,"0.355":0.65,"0.36":0.65,"0.365":0.65,"0.37":0.65,"0.375":0.65,"0.38":0.65,"0.385":0.65,"0.39":0.65,"0.395":0.65,"0.4":0.65,"0.405":0.65,"0.41":0.65,"0.415":0.65,"0.42":0.65,"0.425":0.65,"0.43":0.65,"0.435":0.65,"0.44":0.65,"0.445":0.65,"0.45":0.65,"0.455":0.65,"0.46":0.65,"0.465":0.65,"0.47":0.65,"0.475":0.65,"0.48":0.65,"0.485":0.65,"0.49":0.65,"0.495":0.65,"0.5":0.65},"davies2009\/mirex_qm_tempotracker":{"0.0":null,"0.005":0.7826086957,"0.01":0.7594936709,"0.015":0.7710843373,"0.02":0.7790697674,"0.025":0.7634408602,"0.03":0.7634408602,"0.035":0.7659574468,"0.04":0.7448979592,"0.045":0.7448979592,"0.05":0.7448979592,"0.055":0.7448979592,"0.06":0.7448979592,"0.065":0.7448979592,"0.07":0.7448979592,"0.075":0.7448979592,"0.08":0.7448979592,"0.085":0.7448979592,"0.09":0.7448979592,"0.095":0.7474747475,"0.1":0.7474747475,"0.105":0.7474747475,"0.11":0.7474747475,"0.115":0.7474747475,"0.12":0.7474747475,"0.125":0.7474747475,"0.13":0.7474747475,"0.135":0.7474747475,"0.14":0.7474747475,"0.145":0.7474747475,"0.15":0.7474747475,"0.155":0.7474747475,"0.16":0.7474747475,"0.165":0.7474747475,"0.17":0.7474747475,"0.175":0.7474747475,"0.18":0.7474747475,"0.185":0.7474747475,"0.19":0.7474747475,"0.195":0.7474747475,"0.2":0.7474747475,"0.205":0.7474747475,"0.21":0.7474747475,"0.215":0.7474747475,"0.22":0.7474747475,"0.225":0.7474747475,"0.23":0.7474747475,"0.235":0.7474747475,"0.24":0.7474747475,"0.245":0.7474747475,"0.25":0.7474747475,"0.255":0.7474747475,"0.26":0.7474747475,"0.265":0.7474747475,"0.27":0.7474747475,"0.275":0.7474747475,"0.28":0.7474747475,"0.285":0.7474747475,"0.29":0.7474747475,"0.295":0.7474747475,"0.3":0.7474747475,"0.305":0.7474747475,"0.31":0.7474747475,"0.315":0.7474747475,"0.32":0.7474747475,"0.325":0.7474747475,"0.33":0.7474747475,"0.335":0.7474747475,"0.34":0.75,"0.345":0.75,"0.35":0.75,"0.355":0.75,"0.36":0.75,"0.365":0.75,"0.37":0.75,"0.375":0.75,"0.38":0.75,"0.385":0.75,"0.39":0.75,"0.395":0.75,"0.4":0.75,"0.405":0.75,"0.41":0.75,"0.415":0.75,"0.42":0.75,"0.425":0.75,"0.43":0.75,"0.435":0.75,"0.44":0.75,"0.445":0.75,"0.45":0.75,"0.455":0.75,"0.46":0.75,"0.465":0.75,"0.47":0.75,"0.475":0.75,"0.48":0.75,"0.485":0.75,"0.49":0.75,"0.495":0.75,"0.5":0.75},"percival2014\/stem":{"0.0":null,"0.005":0.8695652174,"0.01":0.8481012658,"0.015":0.8554216867,"0.02":0.8604651163,"0.025":0.8494623656,"0.03":0.8494623656,"0.035":0.8510638298,"0.04":0.8469387755,"0.045":0.8469387755,"0.05":0.8469387755,"0.055":0.8469387755,"0.06":0.8469387755,"0.065":0.8469387755,"0.07":0.8469387755,"0.075":0.8469387755,"0.08":0.8469387755,"0.085":0.8469387755,"0.09":0.8469387755,"0.095":0.8484848485,"0.1":0.8484848485,"0.105":0.8484848485,"0.11":0.8484848485,"0.115":0.8484848485,"0.12":0.8484848485,"0.125":0.8484848485,"0.13":0.8484848485,"0.135":0.8484848485,"0.14":0.8484848485,"0.145":0.8484848485,"0.15":0.8484848485,"0.155":0.8484848485,"0.16":0.8484848485,"0.165":0.8484848485,"0.17":0.8484848485,"0.175":0.8484848485,"0.18":0.8484848485,"0.185":0.8484848485,"0.19":0.8484848485,"0.195":0.8484848485,"0.2":0.8484848485,"0.205":0.8484848485,"0.21":0.8484848485,"0.215":0.8484848485,"0.22":0.8484848485,"0.225":0.8484848485,"0.23":0.8484848485,"0.235":0.8484848485,"0.24":0.8484848485,"0.245":0.8484848485,"0.25":0.8484848485,"0.255":0.8484848485,"0.26":0.8484848485,"0.265":0.8484848485,"0.27":0.8484848485,"0.275":0.8484848485,"0.28":0.8484848485,"0.285":0.8484848485,"0.29":0.8484848485,"0.295":0.8484848485,"0.3":0.8484848485,"0.305":0.8484848485,"0.31":0.8484848485,"0.315":0.8484848485,"0.32":0.8484848485,"0.325":0.8484848485,"0.33":0.8484848485,"0.335":0.8484848485,"0.34":0.85,"0.345":0.85,"0.35":0.85,"0.355":0.85,"0.36":0.85,"0.365":0.85,"0.37":0.85,"0.375":0.85,"0.38":0.85,"0.385":0.85,"0.39":0.85,"0.395":0.85,"0.4":0.85,"0.405":0.85,"0.41":0.85,"0.415":0.85,"0.42":0.85,"0.425":0.85,"0.43":0.85,"0.435":0.85,"0.44":0.85,"0.445":0.85,"0.45":0.85,"0.455":0.85,"0.46":0.85,"0.465":0.85,"0.47":0.85,"0.475":0.85,"0.48":0.85,"0.485":0.85,"0.49":0.85,"0.495":0.85,"0.5":0.85},"schreiber2014\/default":{"0.0":null,"0.005":0.8695652174,"0.01":0.8481012658,"0.015":0.843373494,"0.02":0.8488372093,"0.025":0.8387096774,"0.03":0.8387096774,"0.035":0.8404255319,"0.04":0.8265306122,"0.045":0.8265306122,"0.05":0.8265306122,"0.055":0.8265306122,"0.06":0.8265306122,"0.065":0.8265306122,"0.07":0.8265306122,"0.075":0.8265306122,"0.08":0.8265306122,"0.085":0.8265306122,"0.09":0.8265306122,"0.095":0.8181818182,"0.1":0.8181818182,"0.105":0.8181818182,"0.11":0.8181818182,"0.115":0.8181818182,"0.12":0.8181818182,"0.125":0.8181818182,"0.13":0.8181818182,"0.135":0.8181818182,"0.14":0.8181818182,"0.145":0.8181818182,"0.15":0.8181818182,"0.155":0.8181818182,"0.16":0.8181818182,"0.165":0.8181818182,"0.17":0.8181818182,"0.175":0.8181818182,"0.18":0.8181818182,"0.185":0.8181818182,"0.19":0.8181818182,"0.195":0.8181818182,"0.2":0.8181818182,"0.205":0.8181818182,"0.21":0.8181818182,"0.215":0.8181818182,"0.22":0.8181818182,"0.225":0.8181818182,"0.23":0.8181818182,"0.235":0.8181818182,"0.24":0.8181818182,"0.245":0.8181818182,"0.25":0.8181818182,"0.255":0.8181818182,"0.26":0.8181818182,"0.265":0.8181818182,"0.27":0.8181818182,"0.275":0.8181818182,"0.28":0.8181818182,"0.285":0.8181818182,"0.29":0.8181818182,"0.295":0.8181818182,"0.3":0.8181818182,"0.305":0.8181818182,"0.31":0.8181818182,"0.315":0.8181818182,"0.32":0.8181818182,"0.325":0.8181818182,"0.33":0.8181818182,"0.335":0.8181818182,"0.34":0.82,"0.345":0.82,"0.35":0.82,"0.355":0.82,"0.36":0.82,"0.365":0.82,"0.37":0.82,"0.375":0.82,"0.38":0.82,"0.385":0.82,"0.39":0.82,"0.395":0.82,"0.4":0.82,"0.405":0.82,"0.41":0.82,"0.415":0.82,"0.42":0.82,"0.425":0.82,"0.43":0.82,"0.435":0.82,"0.44":0.82,"0.445":0.82,"0.45":0.82,"0.455":0.82,"0.46":0.82,"0.465":0.82,"0.47":0.82,"0.475":0.82,"0.48":0.82,"0.485":0.82,"0.49":0.82,"0.495":0.82,"0.5":0.82},"schreiber2017\/ismir2017":{"0.0":null,"0.005":0.8405797101,"0.01":0.835443038,"0.015":0.843373494,"0.02":0.8488372093,"0.025":0.8279569892,"0.03":0.8279569892,"0.035":0.829787234,"0.04":0.8163265306,"0.045":0.8163265306,"0.05":0.8163265306,"0.055":0.8163265306,"0.06":0.8163265306,"0.065":0.8163265306,"0.07":0.8163265306,"0.075":0.8163265306,"0.08":0.8163265306,"0.085":0.8163265306,"0.09":0.8163265306,"0.095":0.8181818182,"0.1":0.8181818182,"0.105":0.8181818182,"0.11":0.8181818182,"0.115":0.8181818182,"0.12":0.8181818182,"0.125":0.8181818182,"0.13":0.8181818182,"0.135":0.8181818182,"0.14":0.8181818182,"0.145":0.8181818182,"0.15":0.8181818182,"0.155":0.8181818182,"0.16":0.8181818182,