{"boeck2015\/tempodetector2016_default":{"0.0":null,"0.005":0.0015557254,"0.01":-0.153590871,"0.015":-0.1930359263,"0.02":-0.142645175,"0.025":-0.1520014192,"0.03":-0.137428523,"0.035":-0.1376093916,"0.04":-0.1146226246,"0.045":-0.1112627967,"0.05":-0.1193632322,"0.055":-0.1074664124,"0.06":-0.1044634803,"0.065":-0.1273509982,"0.07":-0.1273509982,"0.075":-0.1125716183,"0.08":-0.0844861128,"0.085":-0.0715854602,"0.09":-0.0704071236,"0.095":-0.0695160464,"0.1":-0.0544921449,"0.105":-0.0544921449,"0.11":-0.052489961,"0.115":-0.052489961,"0.12":-0.052489961,"0.125":-0.052489961,"0.13":-0.052489961,"0.135":-0.052489961,"0.14":-0.052489961,"0.145":-0.052489961,"0.15":-0.052489961,"0.155":-0.0515557569,"0.16":-0.0516044539,"0.165":-0.0395240221,"0.17":-0.025498589,"0.175":-0.0369475095,"0.18":-0.0369475095,"0.185":-0.0369475095,"0.19":-0.0369475095,"0.195":-0.023464995,"0.2":-0.023464995,"0.205":-0.022620981,"0.21":-0.022620981,"0.215":-0.022620981,"0.22":-0.0224585387,"0.225":-0.021946097,"0.23":-0.021946097,"0.235":-0.021946097,"0.24":-0.0212859346,"0.245":-0.0212859346,"0.25":-0.0212859346,"0.255":-0.0212859346,"0.26":-0.0314081604,"0.265":-0.0481097483,"0.27":-0.0481097483,"0.275":-0.0563952518,"0.28":-0.0563952518,"0.285":-0.0558261371,"0.29":-0.0558261371,"0.295":-0.0558261371,"0.3":-0.0582060775,"0.305":-0.0582060775,"0.31":-0.0571614723,"0.315":-0.0571614723,"0.32":-0.0571614723,"0.325":-0.0571614723,"0.33":-0.0571614723,"0.335":-0.0571614723,"0.34":-0.0571614723,"0.345":-0.0571614723,"0.35":-0.0571614723,"0.355":-0.0571614723,"0.36":-0.0571614723,"0.365":-0.0571614723,"0.37":-0.0571614723,"0.375":-0.0571614723,"0.38":-0.0571614723,"0.385":-0.0571614723,"0.39":-0.0571614723,"0.395":-0.0571614723,"0.4":-0.0571614723,"0.405":-0.0571614723,"0.41":-0.0571614723,"0.415":-0.0571614723,"0.42":-0.0571614723,"0.425":-0.0571614723,"0.43":-0.0571614723,"0.435":-0.0603987869,"0.44":-0.0603987869,"0.445":-0.0603987869,"0.45":-0.0603987869,"0.455":-0.0603987869,"0.46":-0.0603987869,"0.465":-0.0603987869,"0.47":-0.0603987869,"0.475":-0.0603987869,"0.48":-0.0603987869,"0.485":-0.0603987869,"0.49":-0.0603987869,"0.495":-0.0603987869,"0.5":-0.0603987869},"davies2009\/mirex_qm_tempotracker":{"0.0":null,"0.005":0.4218828303,"0.01":0.2939293392,"0.015":0.2304991038,"0.02":0.2813142502,"0.025":0.2591748032,"0.03":0.2686414267,"0.035":0.2391643608,"0.04":0.2449658968,"0.045":0.2381105965,"0.05":0.2404312612,"0.055":0.2487492218,"0.06":0.2470568248,"0.065":0.2466732164,"0.07":0.2466732164,"0.075":0.2580752407,"0.08":0.2823022629,"0.085":0.2905305562,"0.09":0.2868313371,"0.095":0.2837376584,"0.1":0.3032126827,"0.105":0.3032126827,"0.11":0.2929991253,"0.115":0.2929991253,"0.12":0.2929991253,"0.125":0.2929991253,"0.13":0.2929991253,"0.135":0.2929991253,"0.14":0.2929991253,"0.145":0.2929991253,"0.15":0.2929991253,"0.155":0.2899563236,"0.16":0.2973137786,"0.165":0.2964262199,"0.17":0.3146165423,"0.175":0.3153678778,"0.18":0.3153678778,"0.185":0.3153678778,"0.19":0.3153678778,"0.195":0.3264447555,"0.2":0.3264447555,"0.205":0.32289567,"0.21":0.32289567,"0.215":0.32289567,"0.22":0.3191964703,"0.225":0.3190935269,"0.23":0.3190935269,"0.235":0.3190935269,"0.24":0.3215689383,"0.245":0.3215689383,"0.25":0.3215689383,"0.255":0.3215689383,"0.26":0.3291902625,"0.265":0.3355438063,"0.27":0.3355438063,"0.275":0.3310888545,"0.28":0.3310888545,"0.285":0.3279747689,"0.29":0.3279747689,"0.295":0.3279747689,"0.3":0.3392822459,"0.305":0.3392822459,"0.31":0.3443517381,"0.315":0.3443517381,"0.32":0.3443517381,"0.325":0.3443517381,"0.33":0.3443517381,"0.335":0.3443517381,"0.34":0.3443517381,"0.345":0.3443517381,"0.35":0.3443517381,"0.355":0.3443517381,"0.36":0.3443517381,"0.365":0.3443517381,"0.37":0.3443517381,"0.375":0.3443517381,"0.38":0.3443517381,"0.385":0.3443517381,"0.39":0.3443517381,"0.395":0.3443517381,"0.4":0.3443517381,"0.405":0.3443517381,"0.41":0.3443517381,"0.415":0.3443517381,"0.42":0.3443517381,"0.425":0.3443517381,"0.43":0.3443517381,"0.435":0.3451808542,"0.44":0.3451808542,"0.445":0.3451808542,"0.45":0.3451808542,"0.455":0.3451808542,"0.46":0.3451808542,"0.465":0.3451808542,"0.47":0.3451808542,"0.475":0.3451808542,"0.48":0.3451808542,"0.485":0.3451808542,"0.49":0.3451808542,"0.495":0.3451808542,"0.5":0.3451808542},"percival2014\/stem":{"0.0":null,"0.005":0.0004780266,"0.01":-0.038193838,"0.015":-0.0583018651,"0.02":0.0004754288,"0.025":-0.0424206545,"0.03":-0.0188935588,"0.035":-0.0334640818,"0.04":-0.0318005503,"0.045":-0.0307197867,"0.05":-0.0290736025,"0.055":-0.0281825283,"0.06":-0.0262332736,"0.065":-0.0254249443,"0.07":-0.0254249443,"0.075":-0.0114681548,"0.08":0.0159528431,"0.085":0.0275290383,"0.09":0.027314716,"0.095":0.0271133724,"0.1":0.0394379786,"0.105":0.0394379786,"0.11":0.0267425207,"0.115":0.0267425207,"0.12":0.0267425207,"0.125":0.0267425207,"0.13":0.0267425207,"0.135":0.0267425207,"0.14":0.0267425207,"0.145":0.0267425207,"0.15":0.0267425207,"0.155":0.0219056666,"0.16":0.0210966704,"0.165":0.0210070349,"0.17":0.0335299026,"0.175":0.0386610642,"0.18":0.0386610642,"0.185":0.0386610642,"0.19":0.0386610642,"0.195":0.0506075799,"0.2":0.0506075799,"0.205":0.0397818284,"0.21":0.0397818284,"0.215":0.0397818284,"0.22":0.028580758,"0.225":0.0254064081,"0.23":0.0254064081,"0.235":0.0254064081,"0.24":0.0263023659,"0.245":0.0263023659,"0.25":0.0263023659,"0.255":0.0263023659,"0.26":0.0260208562,"0.265":0.0313263507,"0.27":0.0313263507,"0.275":0.0226323927,"0.28":0.0226323927,"0.285":0.0223564711,"0.29":0.0223564711,"0.295":0.0223564711,"0.3":0.0284061397,"0.305":0.0284061397,"0.31":0.0292955627,"0.315":0.0292955627,"0.32":0.0292955627,"0.325":0.0292955627,"0.33":0.0292955627,"0.335":0.0292955627,"0.34":0.0292955627,"0.345":0.0292955627,"0.35":0.0292955627,"0.355":0.0292955627,"0.36":0.0292955627,"0.365":0.0292955627,"0.37":0.0292955627,"0.375":0.0292955627,"0.38":0.0292955627,"0.385":0.0292955627,"0.39":0.0292955627,"0.395":0.0292955627,"0.4":0.0292955627,"0.405":0.0292955627,"0.41":0.0292955627,"0.415":0.0292955627,"0.42":0.0292955627,"0.425":0.0292955627,"0.43":0.0292955627,"0.435":0.0357921514,"0.44":0.0357921514,"0.445":0.0357921514,"0.45":0.0357921514,"0.455":0.0357921514,"0.46":0.0357921514,"0.465":0.0357921514,"0.47":0.0357921514,"0.475":0.0357921514,"0.48":0.0357921514,"0.485":0.0357921514,"0.49":0.0357921514,"0.495":0.0357921514,"0.5":0.0357921514},"schreiber2014\/default":{"0.0":null,"0.005":0.000767328,"0.01":-0.0160295708,"0.015":-0.0125056429,"0.02":0.0403064042,"0.025":0.0104859927,"0.03":0.0175736924,"0.035":0.0163192225,"0.04":0.0312086816,"0.045":0.0298341961,"0.05":-0.0040388903,"0.055":0.0044391267,"0.06":-0.008212537,"0.065":-0.0188063293,"0.07":-0.0188063293,"0.075":-0.0051675001,"0.08":0.0078413082,"0.085":0.0195210297,"0.09":0.0192564578,"0.095":0.0190732927,"0.1":0.0192642584,"0.105":0.0192642584,"0.11":0.0079375079,"0.115":0.0079375079,"0.12":0.0079375079,"0.125":0.0079375079,"0.13":0.0079375079,"0.135":0.0079375079,"0.14":0.0079375079,"0.145":0.0079375079,"0.15":0.0079375079,"0.155":0.0084124267,"0.16":0.0065503407,"0.165":0.0061655872,"0.17":0.0156607079,"0.175":0.0152773858,"0.18":0.0152773858,"0.185":0.0152773858,"0.19":0.0152773858,"0.195":0.0343475584,"0.2":0.0343475584,"0.205":0.0222288664,"0.21":0.0222288664,"0.215":0.0222288664,"0.22":0.0133591799,"0.225":0.0127623262,"0.23":0.0127623262,"0.235":0.0127623262,"0.24":0.0171562917,"0.245":0.0171562917,"0.25":0.0171562917,"0.255":0.0171562917,"0.26":0.0194332795,"0.265":0.0052691109,"0.27":0.0052691109,"0.275":-0.0023259157,"0.28":-0.0023259157,"0.285":-0.0068822045,"0.29":-0.0068822045,"0.295":-0.0068822045,"0.3":-0.0041234461,"0.305":-0.0041234461,"0.31":-0.0035440187,"0.315":-0.0035440187,"0.32":-0.0035440187,"0.325":-0.0035440187,"0.33":-0.0035440187,"0.335":-0.0035440187,"0.34":-0.0035440187,"0.345":-0.0035440187,"0.35":-0.0035440187,"0.355":-0.0035440187,"0.36":-0.0035440187,"0.365":-0.0035440187,"0.37":-0.0035440187,"0.375":-0.0035440187,"0.38":-0.0035440187,"0.385":-0.0035440187,