{"male":{"boeck2015\/tempodetector2016_default":0.9642857143,"davies2009\/mirex_qm_tempotracker":0.7857142857,"percival2014\/stem":0.8571428571,"schreiber2014\/default":0.9285714286,"schreiber2017\/ismir2017":0.9285714286,"schreiber2017\/mirex2017":0.9285714286},"female":{"boeck2015\/tempodetector2016_default":0.88,"davies2009\/mirex_qm_tempotracker":0.88,"percival2014\/stem":0.84,"schreiber2014\/default":0.8,"schreiber2017\/ismir2017":0.8,"schreiber2017\/mirex2017":0.8},"World":{"boeck2015\/tempodetector2016_default":0.9523809524,"davies2009\/mirex_qm_tempotracker":0.7142857143,"percival2014\/stem":0.9047619048,"schreiber2014\/default":0.6666666667,"schreiber2017\/ismir2017":0.8571428571,"schreiber2017\/mirex2017":0.8571428571},"Vocal":{"boeck2015\/tempodetector2016_default":0.6666666667,"davies2009\/mirex_qm_tempotracker":0.3333333333,"percival2014\/stem":0.0,"schreiber2014\/default":0.5,"schreiber2017\/ismir2017":0.1666666667,"schreiber2017\/mirex2017":0.1666666667},"Traditional Japanese":{"boeck2015\/tempodetector2016_default":0.5555555556,"davies2009\/mirex_qm_tempotracker":0.5555555556,"percival2014\/stem":0.6666666667,"schreiber2014\/default":0.5555555556,"schreiber2017\/ismir2017":0.4444444444,"schreiber2017\/mirex2017":0.4444444444},"Techno":{"boeck2015\/tempodetector2016_default":1.0,"davies2009\/mirex_qm_tempotracker":1.0,"percival2014\/stem":1.0,"schreiber2014\/default":1.0,"schreiber2017\/ismir2017":1.0,"schreiber2017\/mirex2017":1.0},"Tango":{"boeck2015\/tempodetector2016_default":1.0,"davies2009\/mirex_qm_tempotracker":0.6666666667,"percival2014\/stem":1.0,"schreiber2014\/default":1.0,"schreiber2017\/ismir2017":1.0,"schreiber2017\/mirex2017":1.0},"Soul \/ R&B":{"boeck2015\/tempodetector2016_default":1.0,"davies2009\/mirex_qm_tempotracker":1.0,"percival2014\/stem":1.0,"schreiber2014\/default":1.0,"schreiber2017\/ismir2017":1.0,"schreiber2017\/mirex2017":1.0},"Samba":{"boeck2015\/tempodetector2016_default":1.0,"davies2009\/mirex_qm_tempotracker":1.0,"percival2014\/stem":1.0,"schreiber2014\/default":1.0,"schreiber2017\/ismir2017":1.0,"schreiber2017\/mirex2017":1.0},"Romantic (Solo)":{"boeck2015\/tempodetector2016_default":1.0,"davies2009\/mirex_qm_tempotracker":1.0,"percival2014\/stem":1.0,"schreiber2014\/default":1.0,"schreiber2017\/ismir2017":1.0,"schreiber2017\/mirex2017":1.0},"Romantic (Orchestral)":{"boeck2015\/tempodetector2016_default":1.0,"davies2009\/mirex_qm_tempotracker":0.0,"percival2014\/stem":1.0,"schreiber2014\/default":0.0,"schreiber2017\/ismir2017":1.0,"schreiber2017\/mirex2017":1.0},"Romantic (Chamber)":{"boeck2015\/tempodetector2016_default":0.0,"davies2009\/mirex_qm_tempotracker":0.0,"percival2014\/stem":1.0,"schreiber2014\/default":1.0,"schreiber2017\/ismir2017":0.0,"schreiber2017\/mirex2017":0.0},"Rock":{"boeck2015\/tempodetector2016_default":1.0,"davies2009\/mirex_qm_tempotracker":1.0,"percival2014\/stem":1.0,"schreiber2014\/default":1.0,"schreiber2017\/ismir2017":1.0,"schreiber2017\/mirex2017":1.0},"Reggae":{"boeck2015\/tempodetector2016_default":1.0,"davies2009\/mirex_qm_tempotracker":1.0,"percival2014\/stem":1.0,"schreiber2014\/default":1.0,"schreiber2017\/ismir2017":1.0,"schreiber2017\/mirex2017":1.0},"Rap \/ Hip-Hop":{"boeck2015\/tempodetector2016_default":1.0,"davies2009\/mirex_qm_tempotracker":1.0,"percival2014\/stem":1.0,"schreiber2014\/default":1.0,"schreiber2017\/ismir2017":1.0,"schreiber2017\/mirex2017":1.0},"Popular (Enka)":{"boeck2015\/tempodetector2016_default":0.6666666667,"davies2009\/mirex_qm_tempotracker":1.0,"percival2014\/stem":1.0,"schreiber2014\/default":0.6666666667,"schreiber2017\/ismir2017":0.6666666667,"schreiber2017\/mirex2017":0.6666666667},"Popular":{"boeck2015\/tempodetector2016_default":1.0,"davies2009\/mirex_qm_tempotracker":1.0,"percival2014\/stem":1.0,"schreiber2014\/default":1.0,"schreiber2017\/ismir2017":1.0,"schreiber2017\/mirex2017":1.0},"Modern Jazz":{"boeck2015\/tempodetector2016_default":1.0,"davies2009\/mirex_qm_tempotracker":1.0,"percival2014\/stem":1.0,"schreiber2014\/default":1.0,"schreiber2017\/ismir2017":1.0,"schreiber2017\/mirex2017":1.0},"Modern (Solo)":{"boeck2015\/tempodetector2016_default":0.0,"davies2009\/mirex_qm_tempotracker":0.0,"percival2014\/stem":0.0,"schreiber2014\/default":1.0,"schreiber2017\/ismir2017":0.0,"schreiber2017\/mirex2017":0.0},"Modern (Orchestral)":{"boeck2015\/tempodetector2016_default":1.0,"davies2009\/mirex_qm_tempotracker":0.5,"percival2014\/stem":1.0,"schreiber2014\/default":0.5,"schreiber2017\/ismir2017":0.0,"schreiber2017\/mirex2017":0.0},"March":{"boeck2015\/tempodetector2016_default":1.0,"davies2009\/mirex_qm_tempotracker":1.0,"percival2014\/stem":0.6666666667,"schreiber2014\/default":1.0,"schreiber2017\/ismir2017":1.0,"schreiber2017\/mirex2017":1.0},"Latin":{"boeck2015\/tempodetector2016_default":1.0,"davies2009\/mirex_qm_tempotracker":0.9166666667,"percival2014\/stem":1.0,"schreiber2014\/default":1.0,"schreiber2017\/ismir2017":1.0,"schreiber2017\/mirex2017":1.0},"Jazz":{"boeck2015\/tempodetector2016_default":1.0,"davies2009\/mirex_qm_tempotracker":1.0,"percival2014\/stem":1.0,"schreiber2014\/default":0.8888888889,"schreiber2017\/ismir2017":1.0,"schreiber2017\/mirex2017":1.0},"Indian":{"boeck2015\/tempodetector2016_default":0.6666666667,"davies2009\/mirex_qm_tempotracker":0.3333333333,"percival2014\/stem":0.6666666667,"schreiber2014\/default":0.3333333333,"schreiber2017\/ismir2017":0.6666666667,"schreiber2017\/mirex2017":0.6666666667},"House":{"boeck2015\/tempodetector2016_default":1.0,"davies2009\/mirex_qm_tempotracker":1.0,"percival2014\/stem":1.0,"schreiber2014\/default":1.0,"schreiber2017\/ismir2017":1.0,"schreiber2017\/mirex2017":1.0},"Heavy Metal":{"boeck2015\/tempodetector2016_default":1.0,"davies2009\/mirex_qm_tempotracker":1.0,"percival2014\/stem":1.0,"schreiber2014\/default":1.0,"schreiber2017\/ismir2017":1.0,"schreiber2017\/mirex2017":1.0},"Gospel":{"boeck2015\/tempodetector2016_default":1.0,"davies2009\/mirex_qm_tempotracker":1.0,"percival2014\/stem":1.0,"schreiber2014\/default":0.6666666667,"schreiber2017\/ismir2017":1.0,"schreiber2017\/mirex2017":1.0},"Fusion":{"boeck2015\/tempodetector2016_default":1.0,"davies2009\/mirex_qm_tempotracker":1.0,"percival2014\/stem":1.0,"schreiber2014\/default":1.0,"schreiber2017\/ismir2017":1.0,"schreiber2017\/mirex2017":1.0},"Funk":{"boeck2015\/tempodetector2016_default":1.0,"davies2009\/mirex_qm_tempotracker":1.0,"percival2014\/stem":1.0,"schreiber2014\/default":1.0,"schreiber2017\/ismir2017":1.0,"schreiber2017\/mirex2017":1.0},"Folk (Min'you)":{"boeck2015\/tempodetector2016_default":0.6666666667,"davies2009\/mirex_qm_tempotracker":0.6666666667,"percival2014\/stem":0.6666666667,"schreiber2014\/default":0.6666666667,"schreiber2017\/ismir2017":0.6666666667,"schreiber2017\/mirex2017":0.6666666667},"Folk":{"boeck2015\/tempodetector2016_default":1.0,"davies2009\/mirex_qm_tempotracker":1.0,"percival2014\/stem":1.0,"schreiber2014\/default":0.3333333333,"schreiber2017\/ismir2017":0.6666666667,"schreiber2017\/mirex2017":0.6666666667},"Flamenco":{"boeck2015\/tempodetector2016_default":1.0,"davies2009\/mirex_qm_tempotracker":0.0,"percival2014\/stem":1.0,"schreiber2014\/default":0.3333333333,"schreiber2017\/ismir2017":0.6666666667,"schreiber2017\/mirex2017":0.6666666667},"Dance":{"boeck2015\/tempodetector2016_default":1.0,"davies2009\/mirex_qm_tempotracker":1.0,"percival2014\/stem":1.0,"schreiber2014\/default":1.0,"schreiber2017\/ismir2017":1.0,"schreiber2017\/mirex2017":1.0},"Court (Gagaku)":{"boeck2015\/tempodetector2016_default":0.3333333333,"davies2009\/mirex_qm_tempotracker":0.0,"percival2014\/stem":0.3333333333,"schreiber2014\/default":0.3333333333,"schreiber2017\/ismir2017":0.0,"schreiber2017\/mirex2017":0.0},"Country":{"boeck2015\/tempodetector2016_default":1.0,"davies2009\/mirex_qm_tempotracker":1.0,"percival2014\/stem":1.0,"schreiber2014\/default":1.0,"schreiber2017\/ismir2017":1.0,"schreiber2017\/mirex2017":1.0},"Classical":{"boeck2015\/tempodetector2016_default":0.6428571429,