{"boeck2015\/tempodetector2016_default":{"boeck2015\/tempodetector2016_default":1.0,"davies2009\/mirex_qm_tempotracker":0.0000069828,"percival2014\/stem":0.126263308,"schreiber2014\/default":0.3712899259,"schreiber2017\/ismir2017":0.3844525657,"schreiber2017\/mirex2017":0.3844525657,"schreiber2018\/cnn":0.2639178754,"schreiber2018\/fcn":0.6365827919,"schreiber2018\/ismir2018":0.0020080683},"davies2009\/mirex_qm_tempotracker":{"boeck2015\/tempodetector2016_default":0.0000069828,"davies2009\/mirex_qm_tempotracker":1.0,"percival2014\/stem":0.0000087424,"schreiber2014\/default":0.7314450075,"schreiber2017\/ismir2017":0.7495601554,"schreiber2017\/mirex2017":0.7495601554,"schreiber2018\/cnn":0.0000303305,"schreiber2018\/fcn":0.000072752,"schreiber2018\/ismir2018":0.0000021501},"percival2014\/stem":{"boeck2015\/tempodetector2016_default":0.126263308,"davies2009\/mirex_qm_tempotracker":0.0000087424,"percival2014\/stem":1.0,"schreiber2014\/default":0.3473159587,"schreiber2017\/ismir2017":0.3598886445,"schreiber2017\/mirex2017":0.3598886445,"schreiber2018\/cnn":0.8453562307,"schreiber2018\/fcn":0.7263379061,"schreiber2018\/ismir2018":0.0000001037},"schreiber2014\/default":{"boeck2015\/tempodetector2016_default":0.3712899259,"davies2009\/mirex_qm_tempotracker":0.7314450075,"percival2014\/stem":0.3473159587,"schreiber2014\/default":1.0,"schreiber2017\/ismir2017":0.016881389,"schreiber2017\/mirex2017":0.016881389,"schreiber2018\/cnn":0.3188016337,"schreiber2018\/fcn":0.3594395111,"schreiber2018\/ismir2018":0.3195522673},"schreiber2017\/ismir2017":{"boeck2015\/tempodetector2016_default":0.3844525657,"davies2009\/mirex_qm_tempotracker":0.7495601554,"percival2014\/stem":0.3598886445,"schreiber2014\/default":0.016881389,"schreiber2017\/ismir2017":1.0,"schreiber2017\/mirex2017":1.0,"schreiber2018\/cnn":0.3313034259,"schreiber2018\/fcn":0.37216926,"schreiber2018\/ismir2018":0.3314496974},"schreiber2017\/mirex2017":{"boeck2015\/tempodetector2016_default":0.3844525657,"davies2009\/mirex_qm_tempotracker":0.7495601554,"percival2014\/stem":0.3598886445,"schreiber2014\/default":0.016881389,"schreiber2017\/ismir2017":1.0,"schreiber2017\/mirex2017":1.0,"schreiber2018\/cnn":0.3313034259,"schreiber2018\/fcn":0.37216926,"schreiber2018\/ismir2018":0.3314496974},"schreiber2018\/cnn":{"boeck2015\/tempodetector2016_default":0.2639178754,"davies2009\/mirex_qm_tempotracker":0.0000303305,"percival2014\/stem":0.8453562307,"schreiber2014\/default":0.3188016337,"schreiber2017\/ismir2017":0.3313034259,"schreiber2017\/mirex2017":0.3313034259,"schreiber2018\/cnn":1.0,"schreiber2018\/fcn":0.71482106,"schreiber2018\/ismir2018":0.3342819434},"schreiber2018\/fcn":{"boeck2015\/tempodetector2016_default":0.6365827919,"davies2009\/mirex_qm_tempotracker":0.000072752,"percival2014\/stem":0.7263379061,"schreiber2014\/default":0.3594395111,"schreiber2017\/ismir2017":0.37216926,"schreiber2017\/mirex2017":0.37216926,"schreiber2018\/cnn":0.71482106,"schreiber2018\/fcn":1.0,"schreiber2018\/ismir2018":0.1670784391},"schreiber2018\/ismir2018":{"boeck2015\/tempodetector2016_default":0.0020080683,"davies2009\/mirex_qm_tempotracker":0.0000021501,"percival2014\/stem":0.0000001037,"schreiber2014\/default":0.3195522673,"schreiber2017\/ismir2017":0.3314496974,"schreiber2017\/mirex2017":0.3314496974,"schreiber2018\/cnn":0.3342819434,"schreiber2018\/fcn":0.1670784391,"schreiber2018\/ismir2018":1.0}}