Item,Reference,Estimate
RM-J002.jams,53.81165919282536,56
RM-J030.jams,93.26424870466289,97
RM-J035.jams,135.33834586466327,90
RM-J036.jams,136.36363636363558,90
RM-J044.jams,37.26708074534163,67
