Estimator,boeck2015/tempodetector2016_default,davies2009/mirex_qm_tempotracker,percival2014/stem,schreiber2014/default,schreiber2017/ismir2017,schreiber2017/mirex2017
boeck2015/tempodetector2016_default,1.0,1.6662415583365833e-10,0.05953422597997313,0.19881242126372378,0.15325550560095663,0.9221312198951492
davies2009/mirex_qm_tempotracker,1.6662415583365833e-10,1.0,5.8124396241415376e-11,1.8697428704936833e-11,1.3945767694747972e-09,7.792319620439597e-12
percival2014/stem,0.05953422597997313,5.8124396241415376e-11,1.0,0.33479982799007435,0.9391432761769836,0.06916902779515113
schreiber2014/default,0.19881242126372378,1.8697428704936833e-11,0.33479982799007435,1.0,0.5725992510160232,0.2208793635350536
schreiber2017/ismir2017,0.15325550560095663,1.3945767694747972e-09,0.9391432761769836,0.5725992510160232,1.0,0.001280387887085324
schreiber2017/mirex2017,0.9221312198951492,7.792319620439597e-12,0.06916902779515113,0.2208793635350536,0.001280387887085324,1.0
