{"boeck2015\/tempodetector2016_default":{"boeck2015\/tempodetector2016_default":1.0,"davies2009\/mirex_qm_tempotracker":0.0041809082,"percival2014\/stem":0.2890625,"schreiber2014\/default":0.03515625,"schreiber2017\/ismir2017":0.0390625,"schreiber2017\/mirex2017":0.0390625},"davies2009\/mirex_qm_tempotracker":{"boeck2015\/tempodetector2016_default":0.0041809082,"davies2009\/mirex_qm_tempotracker":1.0,"percival2014\/stem":0.0573730469,"schreiber2014\/default":0.6636238098,"schreiber2017\/ismir2017":0.3017578125,"schreiber2017\/mirex2017":0.3017578125},"percival2014\/stem":{"boeck2015\/tempodetector2016_default":0.2890625,"davies2009\/mirex_qm_tempotracker":0.0573730469,"percival2014\/stem":1.0,"schreiber2014\/default":0.3592834473,"schreiber2017\/ismir2017":0.548828125,"schreiber2017\/mirex2017":0.548828125},"schreiber2014\/default":{"boeck2015\/tempodetector2016_default":0.03515625,"davies2009\/mirex_qm_tempotracker":0.6636238098,"percival2014\/stem":0.3592834473,"schreiber2014\/default":1.0,"schreiber2017\/ismir2017":0.7905273438,"schreiber2017\/mirex2017":0.7905273438},"schreiber2017\/ismir2017":{"boeck2015\/tempodetector2016_default":0.0390625,"davies2009\/mirex_qm_tempotracker":0.3017578125,"percival2014\/stem":0.548828125,"schreiber2014\/default":0.7905273438,"schreiber2017\/ismir2017":1.0,"schreiber2017\/mirex2017":1.0},"schreiber2017\/mirex2017":{"boeck2015\/tempodetector2016_default":0.0390625,"davies2009\/mirex_qm_tempotracker":0.3017578125,"percival2014\/stem":0.548828125,"schreiber2014\/default":0.7905273438,"schreiber2017\/ismir2017":1.0,"schreiber2017\/mirex2017":1.0}}