Estimator,Accuracy1,Accuracy2
boeck2015/tempodetector2016_default,0.5081967213114754,0.7540983606557377
schreiber2017/mirex2017,0.3114754098360656,0.5737704918032787
schreiber2017/ismir2017,0.3114754098360656,0.5737704918032787
davies2009/mirex_qm_tempotracker,0.26229508196721313,0.6229508196721312
percival2014/stem,0.26229508196721313,0.6721311475409836
schreiber2014/default,0.2459016393442623,0.45901639344262296
