{"boeck2015\/tempodetector2016_default":{"0.0":null,"0.005":null,"0.01":null,"0.015":null,"0.02":null,"0.025":null,"0.03":null,"0.035":0.0,"0.04":0.8,"0.045":0.8333333333,"0.05":0.875,"0.055":0.8888888889,"0.06":0.9285714286,"0.065":0.9375,"0.07":0.9444444444,"0.075":0.9473684211,"0.08":0.9473684211,"0.085":0.9545454545,"0.09":0.9545454545,"0.095":0.96,"0.1":0.9259259259,"0.105":0.8620689655,"0.11":0.8620689655,"0.115":0.8620689655,"0.12":0.8666666667,"0.125":0.8709677419,"0.13":0.875,"0.135":0.8787878788,"0.14":0.8787878788,"0.145":0.8571428571,"0.15":0.825,"0.155":0.8048780488,"0.16":0.8139534884,"0.165":0.8222222222,"0.17":0.8222222222,"0.175":0.8222222222,"0.18":0.8260869565,"0.185":0.8333333333,"0.19":0.8333333333,"0.195":0.8367346939,"0.2":0.8235294118,"0.205":0.8076923077,"0.21":0.8076923077,"0.215":0.8076923077,"0.22":0.8076923077,"0.225":0.8076923077,"0.23":0.8076923077,"0.235":0.8113207547,"0.24":0.7962962963,"0.245":0.7962962963,"0.25":0.7962962963,"0.255":0.7962962963,"0.26":0.7818181818,"0.265":0.7818181818,"0.27":0.7857142857,"0.275":0.7857142857,"0.28":0.775862069,"0.285":0.775862069,"0.29":0.775862069,"0.295":0.775862069,"0.3":0.775862069,"0.305":0.775862069,"0.31":0.775862069,"0.315":0.775862069,"0.32":0.7627118644,"0.325":0.7627118644,"0.33":0.7627118644,"0.335":0.7627118644,"0.34":0.7627118644,"0.345":0.7627118644,"0.35":0.7627118644,"0.355":0.7627118644,"0.36":0.7627118644,"0.365":0.7627118644,"0.37":0.75,"0.375":0.75,"0.38":0.75,"0.385":0.75,"0.39":0.75,"0.395":0.75,"0.4":0.75,"0.405":0.75,"0.41":0.75,"0.415":0.75,"0.42":0.75,"0.425":0.75,"0.43":0.75,"0.435":0.75,"0.44":0.75,"0.445":0.75,"0.45":0.75,"0.455":0.75,"0.46":0.75,"0.465":0.75,"0.47":0.75,"0.475":0.75,"0.48":0.75,"0.485":0.75,"0.49":0.75,"0.495":0.75,"0.5":0.75},"davies2009\/mirex_qm_tempotracker":{"0.0":null,"0.005":null,"0.01":null,"0.015":null,"0.02":null,"0.025":null,"0.03":null,"0.035":1.0,"0.04":1.0,"0.045":1.0,"0.05":1.0,"0.055":1.0,"0.06":0.9285714286,"0.065":0.9375,"0.07":0.9444444444,"0.075":0.8947368421,"0.08":0.8947368421,"0.085":0.8636363636,"0.09":0.8636363636,"0.095":0.88,"0.1":0.8888888889,"0.105":0.8275862069,"0.11":0.8275862069,"0.115":0.8275862069,"0.12":0.8,"0.125":0.7741935484,"0.13":0.75,"0.135":0.7575757576,"0.14":0.7575757576,"0.145":0.7142857143,"0.15":0.7,"0.155":0.6829268293,"0.16":0.6744186047,"0.165":0.6888888889,"0.17":0.6888888889,"0.175":0.6888888889,"0.18":0.6956521739,"0.185":0.7083333333,"0.19":0.7083333333,"0.195":0.693877551,"0.2":0.6666666667,"0.205":0.6538461538,"0.21":0.6538461538,"0.215":0.6538461538,"0.22":0.6538461538,"0.225":0.6538461538,"0.23":0.6538461538,"0.235":0.641509434,"0.24":0.6296296296,"0.245":0.6296296296,"0.25":0.6296296296,"0.255":0.6296296296,"0.26":0.6181818182,"0.265":0.6181818182,"0.27":0.625,"0.275":0.625,"0.28":0.6206896552,"0.285":0.6206896552,"0.29":0.6206896552,"0.295":0.6206896552,"0.3":0.6206896552,"0.305":0.6206896552,"0.31":0.6206896552,"0.315":0.6206896552,"0.32":0.6101694915,"0.325":0.6101694915,"0.33":0.6101694915,"0.335":0.6101694915,"0.34":0.6101694915,"0.345":0.6101694915,"0.35":0.6101694915,"0.355":0.6101694915,"0.36":0.6101694915,"0.365":0.6101694915,"0.37":0.6166666667,"0.375":0.6166666667,"0.38":0.6166666667,"0.385":0.6166666667,"0.39":0.6166666667,"0.395":0.6166666667,"0.4":0.6166666667,"0.405":0.6166666667,"0.41":0.6166666667,"0.415":0.6166666667,"0.42":0.6166666667,"0.425":0.6166666667,"0.43":0.6166666667,"0.435":0.6166666667,"0.44":0.6166666667,"0.445":0.6166666667,"0.45":0.6166666667,"0.455":0.6166666667,"0.46":0.6166666667,"0.465":0.6166666667,"0.47":0.6166666667,"0.475":0.6166666667,"0.48":0.6166666667,"0.485":0.6166666667,"0.49":0.6166666667,"0.495":0.6166666667,"0.5":0.6166666667},"percival2014\/stem":{"0.0":null,"0.005":null,"0.01":null,"0.015":null,"0.02":null,"0.025":null,"0.03":null,"0.035":0.0,"0.04":0.8,"0.045":0.8333333333,"0.05":0.875,"0.055":0.8888888889,"0.06":0.9285714286,"0.065":0.9375,"0.07":0.9444444444,"0.075":0.9473684211,"0.08":0.9473684211,"0.085":0.9545454545,"0.09":0.9545454545,"0.095":0.96,"0.1":0.9259259259,"0.105":0.8965517241,"0.11":0.8965517241,"0.115":0.8965517241,"0.12":0.9,"0.125":0.9032258065,"0.13":0.90625,"0.135":0.9090909091,"0.14":0.9090909091,"0.145":0.8571428571,"0.15":0.825,"0.155":0.8048780488,"0.16":0.7906976744,"0.165":0.7777777778,"0.17":0.7777777778,"0.175":0.7777777778,"0.18":0.7826086957,"0.185":0.7916666667,"0.19":0.7916666667,"0.195":0.7755102041,"0.2":0.7450980392,"0.205":0.7307692308,"0.21":0.7307692308,"0.215":0.7307692308,"0.22":0.7307692308,"0.225":0.7307692308,"0.23":0.7307692308,"0.235":0.7169811321,"0.24":0.7037037037,"0.245":0.7037037037,"0.25":0.7037037037,"0.255":0.7037037037,"0.26":0.6909090909,"0.265":0.6909090909,"0.27":0.6964285714,"0.275":0.6964285714,"0.28":0.6896551724,"0.285":0.6896551724,"0.29":0.6896551724,"0.295":0.6896551724,"0.3":0.6896551724,"0.305":0.6896551724,"0.31":0.6896551724,"0.315":0.6896551724,"0.32":0.6779661017,"0.325":0.6779661017,"0.33":0.6779661017,"0.335":0.6779661017,"0.34":0.6779661017,"0.345":0.6779661017,"0.35":0.6779661017,"0.355":0.6779661017,"0.36":0.6779661017,"0.365":0.6779661017,"0.37":0.6666666667,"0.375":0.6666666667,"0.38":0.6666666667,"0.385":0.6666666667,"0.39":0.6666666667,"0.395":0.6666666667,"0.4":0.6666666667,"0.405":0.6666666667,"0.41":0.6666666667,"0.415":0.6666666667,"0.42":0.6666666667,"0.425":0.6666666667,"0.43":0.6666666667,"0.435":0.6666666667,"0.44":0.6666666667,"0.445":0.6666666667,"0.45":0.6666666667,"0.455":0.6666666667,"0.46":0.6666666667,"0.465":0.6666666667,"0.47":0.6666666667,"0.475":0.6666666667,"0.48":0.6666666667,"0.485":0.6666666667,"0.49":0.6666666667,"0.495":0.6666666667,"0.5":0.6666666667},"schreiber2014\/default":{"0.0":null,"0.005":null,"0.01":null,"0.015":null,"0.02":null,"0.025":null,"0.03":null,"0.035":0.0,"0.04":0.6,"0.045":0.6666666667,"0.05":0.75,"0.055":0.7777777778,"0.06":0.7142857143,"0.065":0.75,"0.07":0.6666666667,"0.075":0.6842105263,"0.08":0.6842105263,"0.085":0.7272727273,"0.09":0.7272727273,"0.095":0.72,"0.1":0.7037037037,"0.105":0.6551724138,"0.11":0.6551724138,"0.115":0.6551724138,"0.12":0.6333333333,"0.125":0.6451612903,"0.13":0.625,"0.135":0.6363636364,"0.14":0.6363636364,"0.145":0.6,"0.15":0.575,"0.155":0.5609756098,"0.16":0.5348837209,"0.165":0.5333333333,"0.17":0.5333333333,"0.175":0.5333333333,"0.18":0.5217391304,"0.185":0.5208333333,"0.19":0.5208333333,"0.195":0.5306122449,"0.2":0.5294117647,"0.205":0.5192307692,"0.21":0.5192307692,"0.215":0.5192307692,"0.22":0.5192307692,"0.225":0.5192307692,"0.23":0.5192307692,"0.235":0.5094339623,"0.24":0.5,"0.245":0.5,"0.25":0.5,"0.255":0.5,"0.26":0.4909090909,"0.265":0.4909090909,"0.27":0.5,"0.275":0.5,"0.28":0.4827586207,"0.285":0.4827586207,"0.29":0.4827586207,"0.295":0.4827586207,"0.3":0.4827586207,"0.305":0.4827586207,"0.31":0.4827586207,"0.315":0.4827586207,"0.32":0.4745762712,"0.325":0.4745762712,"0.33":0.4745762712,"0.335":0.4745762712,"0.34":0.4745762712,"0.345":0.4745762712,"0.35":0.4745762712,"0.355":0.4745762712,"0.36":0.4745762712,"0.365":0.4745762712,"0.37":0.4666666667,"0.375":0.4666666667,"0.38":0.4666666667,"0.385":0.4666666667,"0.39":0.4666666667,"0.395":0.4666666667,"0.4":0.4666666667,"0.405":0.4666666667,"0.41":0.4666666667,"0.415":0.4666666667,"0.42":0.4666666667,"0.425":0.4666666667,"0.43":0.4666666667,"0.435":0.4666666667,"0.44":0.4666666667,"0.445":0.4666666667,"0.45":0.4666666667,"0.455":0.4666666667,"0.46":0.4666666667,"0.465":0.4666666667,"0.47":0.4666666667,"0.475":0.4666666667,"0.48":0.4666666667,"0.485":0.4666666667,"0.49":0.4666666667,"0.495":0.4666666667,"0.5":0.4666666667},"schreiber2017\/ismir2017":{"0.0":null,"0.005":null,"0.01":null,"0.015":null,"0.02":null,"0.025":null,"0.03":null,"0.035":0.0,"0.04":0.8,"0.045":0.8333333333,"0.05":0.875,"0.055":0.8888888889,"0.06":0.8571428571,"0.065":0.875,"0.07":0.8888888889,"0.075":0.8421052632,"0.08":0.8421052632,"0.085":0.8181818182,"0.09":0.8181818182,"0.095":0.84,"0.1":0.8148148148,"0.105":0.7931034483,