{"boeck2015\/tempodetector2016_default":{"boeck2015\/tempodetector2016_default":1.0,"davies2009\/mirex_qm_tempotracker":0.0007553547,"percival2014\/stem":0.6233745269,"schreiber2014\/default":0.6198734826,"schreiber2017\/ismir2017":0.2620757775,"schreiber2017\/mirex2017":0.1943462146,"schreiber2018\/cnn":0.1607616878,"schreiber2018\/fcn":0.0412255654,"schreiber2018\/ismir2018":0.0915925988},"davies2009\/mirex_qm_tempotracker":{"boeck2015\/tempodetector2016_default":0.0007553547,"davies2009\/mirex_qm_tempotracker":1.0,"percival2014\/stem":0.0001939086,"schreiber2014\/default":0.0050590276,"schreiber2017\/ismir2017":0.0128058076,"schreiber2017\/mirex2017":0.0460051788,"schreiber2018\/cnn":0.0579625173,"schreiber2018\/fcn":0.0810217005,"schreiber2018\/ismir2018":0.0206813464},"percival2014\/stem":{"boeck2015\/tempodetector2016_default":0.6233745269,"davies2009\/mirex_qm_tempotracker":0.0001939086,"percival2014\/stem":1.0,"schreiber2014\/default":0.2450791322,"schreiber2017\/ismir2017":0.0636693021,"schreiber2017\/mirex2017":0.0668508428,"schreiber2018\/cnn":0.0519502252,"schreiber2018\/fcn":0.0382170968,"schreiber2018\/ismir2018":0.0466031249},"schreiber2014\/default":{"boeck2015\/tempodetector2016_default":0.6198734826,"davies2009\/mirex_qm_tempotracker":0.0050590276,"percival2014\/stem":0.2450791322,"schreiber2014\/default":1.0,"schreiber2017\/ismir2017":0.4172853425,"schreiber2017\/mirex2017":0.2524811419,"schreiber2018\/cnn":0.2317019124,"schreiber2018\/fcn":0.1130035091,"schreiber2018\/ismir2018":0.2888717074},"schreiber2017\/ismir2017":{"boeck2015\/tempodetector2016_default":0.2620757775,"davies2009\/mirex_qm_tempotracker":0.0128058076,"percival2014\/stem":0.0636693021,"schreiber2014\/default":0.4172853425,"schreiber2017\/ismir2017":1.0,"schreiber2017\/mirex2017":0.6547413076,"schreiber2018\/cnn":0.6600571012,"schreiber2018\/fcn":0.5845663357,"schreiber2018\/ismir2018":0.7611641366},"schreiber2017\/mirex2017":{"boeck2015\/tempodetector2016_default":0.1943462146,"davies2009\/mirex_qm_tempotracker":0.0460051788,"percival2014\/stem":0.0668508428,"schreiber2014\/default":0.2524811419,"schreiber2017\/ismir2017":0.6547413076,"schreiber2017\/mirex2017":1.0,"schreiber2018\/cnn":0.8214646046,"schreiber2018\/fcn":0.7340615211,"schreiber2018\/ismir2018":0.9741069503},"schreiber2018\/cnn":{"boeck2015\/tempodetector2016_default":0.1607616878,"davies2009\/mirex_qm_tempotracker":0.0579625173,"percival2014\/stem":0.0519502252,"schreiber2014\/default":0.2317019124,"schreiber2017\/ismir2017":0.6600571012,"schreiber2017\/mirex2017":0.8214646046,"schreiber2018\/cnn":1.0,"schreiber2018\/fcn":0.9294002291,"schreiber2018\/ismir2018":0.8122254357},"schreiber2018\/fcn":{"boeck2015\/tempodetector2016_default":0.0412255654,"davies2009\/mirex_qm_tempotracker":0.0810217005,"percival2014\/stem":0.0382170968,"schreiber2014\/default":0.1130035091,"schreiber2017\/ismir2017":0.5845663357,"schreiber2017\/mirex2017":0.7340615211,"schreiber2018\/cnn":0.9294002291,"schreiber2018\/fcn":1.0,"schreiber2018\/ismir2018":0.7332020411},"schreiber2018\/ismir2018":{"boeck2015\/tempodetector2016_default":0.0915925988,"davies2009\/mirex_qm_tempotracker":0.0206813464,"percival2014\/stem":0.0466031249,"schreiber2014\/default":0.2888717074,"schreiber2017\/ismir2017":0.7611641366,"schreiber2017\/mirex2017":0.9741069503,"schreiber2018\/cnn":0.8122254357,"schreiber2018\/fcn":0.7332020411,"schreiber2018\/ismir2018":1.0}}