{"Size":{"0.1":100,"1.0":100},"Min":{"0.1":62.0,"1.0":62.015503876},"Max":{"0.1":200.0,"1.0":200.0},"Avg":{"0.1":110.81,"1.0":111.6793147349},"Stdev":{"0.1":27.6645471988,"1.0":27.5092263015},"Sweet Oct. Start":{"0.1":70.0,"1.0":69.0},"Sweet Oct. Coverage":{"0.1":0.88,"1.0":0.87}}