{"boeck2015\/tempodetector2016_default":{"boeck2015\/tempodetector2016_default":1.0,"davies2009\/mirex_qm_tempotracker":0.000008736,"percival2014\/stem":0.0000497779,"schreiber2014\/default":0.1049369071,"schreiber2017\/ismir2017":0.0,"schreiber2017\/mirex2017":0.0},"davies2009\/mirex_qm_tempotracker":{"boeck2015\/tempodetector2016_default":0.000008736,"davies2009\/mirex_qm_tempotracker":1.0,"percival2014\/stem":0.0000016057,"schreiber2014\/default":0.2862171754,"schreiber2017\/ismir2017":0.0000004188,"schreiber2017\/mirex2017":0.0000004188},"percival2014\/stem":{"boeck2015\/tempodetector2016_default":0.0000497779,"davies2009\/mirex_qm_tempotracker":0.0000016057,"percival2014\/stem":1.0,"schreiber2014\/default":0.0640303137,"schreiber2017\/ismir2017":5.360116734e-16,"schreiber2017\/mirex2017":5.360116734e-16},"schreiber2014\/default":{"boeck2015\/tempodetector2016_default":0.1049369071,"davies2009\/mirex_qm_tempotracker":0.2862171754,"percival2014\/stem":0.0640303137,"schreiber2014\/default":1.0,"schreiber2017\/ismir2017":0.0417023281,"schreiber2017\/mirex2017":0.0417023281},"schreiber2017\/ismir2017":{"boeck2015\/tempodetector2016_default":0.0,"davies2009\/mirex_qm_tempotracker":0.0000004188,"percival2014\/stem":5.360116734e-16,"schreiber2014\/default":0.0417023281,"schreiber2017\/ismir2017":1.0,"schreiber2017\/mirex2017":1.0},"schreiber2017\/mirex2017":{"boeck2015\/tempodetector2016_default":0.0,"davies2009\/mirex_qm_tempotracker":0.0000004188,"percival2014\/stem":5.360116734e-16,"schreiber2014\/default":0.0417023281,"schreiber2017\/ismir2017":1.0,"schreiber2017\/mirex2017":1.0}}