{"boeck2015\/tempodetector2016_default":{"0.0":null,"0.005":1.0,"0.01":1.0,"0.015":1.0,"0.02":1.0,"0.025":1.0,"0.03":1.0,"0.035":1.0,"0.04":1.0,"0.045":1.0,"0.05":1.0,"0.055":1.0,"0.06":1.0,"0.065":1.0,"0.07":1.0,"0.075":1.0,"0.08":1.0,"0.085":1.0,"0.09":1.0,"0.095":1.0,"0.1":1.0,"0.105":1.0,"0.11":1.0,"0.115":1.0,"0.12":1.0,"0.125":1.0,"0.13":1.0,"0.135":1.0,"0.14":1.0,"0.145":1.0,"0.15":1.0,"0.155":1.0,"0.16":1.0,"0.165":1.0,"0.17":1.0,"0.175":1.0,"0.18":1.0,"0.185":1.0,"0.19":1.0,"0.195":1.0,"0.2":1.0,"0.205":1.0,"0.21":1.0,"0.215":1.0,"0.22":1.0,"0.225":1.0,"0.23":1.0,"0.235":1.0,"0.24":1.0,"0.245":1.0,"0.25":1.0,"0.255":1.0,"0.26":1.0,"0.265":1.0,"0.27":1.0,"0.275":1.0,"0.28":1.0,"0.285":1.0,"0.29":1.0,"0.295":1.0,"0.3":1.0,"0.305":1.0,"0.31":1.0,"0.315":1.0,"0.32":1.0,"0.325":1.0,"0.33":1.0,"0.335":1.0,"0.34":1.0,"0.345":1.0,"0.35":1.0,"0.355":1.0,"0.36":1.0,"0.365":1.0,"0.37":1.0,"0.375":1.0,"0.38":1.0,"0.385":1.0,"0.39":1.0,"0.395":1.0,"0.4":1.0,"0.405":1.0,"0.41":1.0,"0.415":1.0,"0.42":1.0,"0.425":1.0,"0.43":1.0,"0.435":1.0,"0.44":1.0,"0.445":1.0,"0.45":1.0,"0.455":1.0,"0.46":1.0,"0.465":1.0,"0.47":1.0,"0.475":1.0,"0.48":1.0,"0.485":1.0,"0.49":1.0,"0.495":1.0,"0.5":1.0},"davies2009\/mirex_qm_tempotracker":{"0.0":null,"0.005":1.0,"0.01":0.9873417722,"0.015":0.9879518072,"0.02":0.988372093,"0.025":0.9892473118,"0.03":0.9892473118,"0.035":0.9893617021,"0.04":0.9897959184,"0.045":0.9897959184,"0.05":0.9897959184,"0.055":0.9897959184,"0.06":0.9897959184,"0.065":0.9897959184,"0.07":0.9897959184,"0.075":0.9897959184,"0.08":0.9897959184,"0.085":0.9897959184,"0.09":0.9897959184,"0.095":0.9898989899,"0.1":0.9898989899,"0.105":0.9898989899,"0.11":0.9898989899,"0.115":0.9898989899,"0.12":0.9898989899,"0.125":0.9898989899,"0.13":0.9898989899,"0.135":0.9898989899,"0.14":0.9898989899,"0.145":0.9898989899,"0.15":0.9898989899,"0.155":0.9898989899,"0.16":0.9898989899,"0.165":0.9898989899,"0.17":0.9898989899,"0.175":0.9898989899,"0.18":0.9898989899,"0.185":0.9898989899,"0.19":0.9898989899,"0.195":0.9898989899,"0.2":0.9898989899,"0.205":0.9898989899,"0.21":0.9898989899,"0.215":0.9898989899,"0.22":0.9898989899,"0.225":0.9898989899,"0.23":0.9898989899,"0.235":0.9898989899,"0.24":0.9898989899,"0.245":0.9898989899,"0.25":0.9898989899,"0.255":0.9898989899,"0.26":0.9898989899,"0.265":0.9898989899,"0.27":0.9898989899,"0.275":0.9898989899,"0.28":0.9898989899,"0.285":0.9898989899,"0.29":0.9898989899,"0.295":0.9898989899,"0.3":0.9898989899,"0.305":0.9898989899,"0.31":0.9898989899,"0.315":0.9898989899,"0.32":0.9898989899,"0.325":0.9898989899,"0.33":0.9898989899,"0.335":0.9898989899,"0.34":0.99,"0.345":0.99,"0.35":0.99,"0.355":0.99,"0.36":0.99,"0.365":0.99,"0.37":0.99,"0.375":0.99,"0.38":0.99,"0.385":0.99,"0.39":0.99,"0.395":0.99,"0.4":0.99,"0.405":0.99,"0.41":0.99,"0.415":0.99,"0.42":0.99,"0.425":0.99,"0.43":0.99,"0.435":0.99,"0.44":0.99,"0.445":0.99,"0.45":0.99,"0.455":0.99,"0.46":0.99,"0.465":0.99,"0.47":0.99,"0.475":0.99,"0.48":0.99,"0.485":0.99,"0.49":0.99,"0.495":0.99,"0.5":0.99},"percival2014\/stem":{"0.0":null,"0.005":1.0,"0.01":1.0,"0.015":1.0,"0.02":1.0,"0.025":1.0,"0.03":1.0,"0.035":1.0,"0.04":1.0,"0.045":1.0,"0.05":1.0,"0.055":1.0,"0.06":1.0,"0.065":1.0,"0.07":1.0,"0.075":1.0,"0.08":1.0,"0.085":1.0,"0.09":1.0,"0.095":1.0,"0.1":1.0,"0.105":1.0,"0.11":1.0,"0.115":1.0,"0.12":1.0,"0.125":1.0,"0.13":1.0,"0.135":1.0,"0.14":1.0,"0.145":1.0,"0.15":1.0,"0.155":1.0,"0.16":1.0,"0.165":1.0,"0.17":1.0,"0.175":1.0,"0.18":1.0,"0.185":1.0,"0.19":1.0,"0.195":1.0,"0.2":1.0,"0.205":1.0,"0.21":1.0,"0.215":1.0,"0.22":1.0,"0.225":1.0,"0.23":1.0,"0.235":1.0,"0.24":1.0,"0.245":1.0,"0.25":1.0,"0.255":1.0,"0.26":1.0,"0.265":1.0,"0.27":1.0,"0.275":1.0,"0.28":1.0,"0.285":1.0,"0.29":1.0,"0.295":1.0,"0.3":1.0,"0.305":1.0,"0.31":1.0,"0.315":1.0,"0.32":1.0,"0.325":1.0,"0.33":1.0,"0.335":1.0,"0.34":1.0,"0.345":1.0,"0.35":1.0,"0.355":1.0,"0.36":1.0,"0.365":1.0,"0.37":1.0,"0.375":1.0,"0.38":1.0,"0.385":1.0,"0.39":1.0,"0.395":1.0,"0.4":1.0,"0.405":1.0,"0.41":1.0,"0.415":1.0,"0.42":1.0,"0.425":1.0,"0.43":1.0,"0.435":1.0,"0.44":1.0,"0.445":1.0,"0.45":1.0,"0.455":1.0,"0.46":1.0,"0.465":1.0,"0.47":1.0,"0.475":1.0,"0.48":1.0,"0.485":1.0,"0.49":1.0,"0.495":1.0,"0.5":1.0},"schreiber2014\/default":{"0.0":null,"0.005":0.9855072464,"0.01":0.9746835443,"0.015":0.9759036145,"0.02":0.976744186,"0.025":0.9784946237,"0.03":0.9784946237,"0.035":0.9787234043,"0.04":0.9693877551,"0.045":0.9693877551,"0.05":0.9693877551,"0.055":0.9693877551,"0.06":0.9693877551,"0.065":0.9693877551,"0.07":0.9693877551,"0.075":0.9693877551,"0.08":0.9693877551,"0.085":0.9693877551,"0.09":0.9693877551,"0.095":0.9595959596,"0.1":0.9595959596,"0.105":0.9595959596,"0.11":0.9595959596,"0.115":0.9595959596,"0.12":0.9595959596,"0.125":0.9595959596,"0.13":0.9595959596,"0.135":0.9595959596,"0.14":0.9595959596,"0.145":0.9595959596,"0.15":0.9595959596,"0.155":0.9595959596,"0.16":0.9595959596,"0.165":0.9595959596,"0.17":0.9595959596,"0.175":0.9595959596,"0.18":0.9595959596,"0.185":0.9595959596,"0.19":0.9595959596,"0.195":0.9595959596,"0.2":0.9595959596,"0.205":0.9595959596,"0.21":0.9595959596,"0.215":0.9595959596,"0.22":0.9595959596,"0.225":0.9595959596,"0.23":0.9595959596,"0.235":0.9595959596,"0.24":0.9595959596,"0.245":0.9595959596,"0.25":0.9595959596,"0.255":0.9595959596,"0.26":0.9595959596,"0.265":0.9595959596,"0.27":0.9595959596,"0.275":0.9595959596,"0.28":0.9595959596,"0.285":0.9595959596,"0.29":0.9595959596,"0.295":0.9595959596,"0.3":0.9595959596,"0.305":0.9595959596,"0.31":0.9595959596,"0.315":0.9595959596,"0.32":0.9595959596,"0.325":0.9595959596,"0.33":0.9595959596,"0.335":0.9595959596,"0.34":0.96,"0.345":0.96,"0.35":0.96,"0.355":0.96,"0.36":0.96,"0.365":0.96,"0.37":0.96,"0.375":0.96,"0.38":0.96,"0.385":0.96,"0.39":0.96,"0.395":0.96,"0.4":0.96,"0.405":0.96,"0.41":0.96,"0.415":0.96,"0.42":0.96,"0.425":0.96,"0.43":0.96,"0.435":0.96,"0.44":0.96,"0.445":0.96,"0.45":0.96,"0.455":0.96,"0.46":0.96,"0.465":0.96,"0.47":0.96,"0.475":0.96,"0.48":0.96,"0.485":0.96,"0.49":0.96,"0.495":0.96,"0.5":0.96},"schreiber2017\/ismir2017":{"0.0":null,"0.005":1.0,"0.01":1.0,"0.015":1.0,"0.02":1.0,"0.025":1.0,"0.03":1.0,"0.035":1.0,"0.04":1.0,"0.045":1.0,"0.05":1.0,"0.055":1.0,"0.06":1.0,"0.065":1.0,"0.07":1.0,"0.075":1.0,"0.08":1.0,"0.085":1.0,"0.09":1.0,"0.095":1.0,"0.1":1.0,"0.105":1.0,"0.11":1.0,"0.115":1.0,"0.12":1.0,"0.125":1.0,"0.13":1.0,"0.135":1.0,"0.14":1.0,"0.145":1.0,"0.15":1.0,"0.155":1.0,"0.16":1.0,"0.165":1.0,"0.17":1.0,"0.175":1.0,"0.18":1.0,"0.185":1.0,"0.19":1.0,"0.195":1.0,"0.2":1.0,"0.205":1.0,"0.21":1.0,"0.215":1.0,"0.22":1.0,"0.225":1.0,"0.23":1.0,"0.235":1.0,"0.24":1.0,"0.245":1.0,"0.25":1.0,"0.255":1.0,"0.26":1.0,"0.265":1.0,"0.27":1.0,"0.275":1.0,"0.28":1.0,"0.285":1.0,"0.29":1.0,"0.295":1.0,"0.3":1.0,"0.305":1.0,"0.31":1.0,"0.315":1.0,"0.32":1.0,"0.325":1.0,"0.33":1.0,"0.335":1.0,"0.34":1.0,"0.345":1.0,"0.35":1.0,"0.355":1.0,"0.36":1.0,"0.365":1.0,"0.37":1.0,"0.375":1.0,"0.38":1.0,"0.385":1.0,"0.39":1.0,"0.395":1.0,"0.4":1.0,"0.405":1.0,"0.41":1.0,"0.415":1.0,"0.42":1.0,"0.425":1.0,"0.43":1.0,"0.435":1.0,"0.44":1.0,"0.445":1.0,"0.45":1.0,"0.455":1.0,"0.46":1.0,"0.465":1.0,"0.47":1.0,"0.475":1.0,"0.48":1.0,"0.485":1.0,"0.49":1.0,"0.495":1.0,"0.5":1.0},"schreiber2017\/mirex2017":{"0.0":null,"0.005":1.0,"0.01":1.0,"0.015":1.0,"0.02":1.0,"0.025":1.0,"0.03":1.0,"0.035":1.0,"0.04":1.0,"0.045":1.0,"0.05":1.0,"0.055":1.0,"0.06":1.0,"0.065":1.0,"0.07":1.0,"0.075":1.0,"0.08":1.0,"0.085":1.0,"0.09":1.0,"0.095":1.0,"0.1":1.0,"0.105":1.0,"0.11":1.0,"0.115":1.0,"0.12":1.0,"0.125":1.0,"0.13":1.0,"0.135":1.0,"0.14":1.0,"0.145":1.0,"0.15":1.0,"0.155":1.0,"0.16":1.0,"0.165":1.0,"0.17":1.0,"0.175":1.0,"0.18":1.0,"0.185":1.0,"0.19":1.0,"0.195":1.0,"0.2":1.0,"0.205":1.0,"0.21":1.0,"0.215":1.0,"0.22":1.0,"0.225":1.0,"0.23":1.0,"0.235":1.0,"0.24":1.0,"0.245":1.0,"0.25":1.0,"0.255":1.0,"0.26":1.0,"0.265":1.0,"0.27":1.0,"0.275":1.0,"0.28":1.0,"0.285":1.0,"0.29":1.0,"0.295":1.0,"0.3":1.0,"0.305":1.0,"0.31":1.0,"0.315":1.0,"0.32":1.0,"0.325":1.0,"0.33":1.0,