Estimator,AOE1_MEAN,AOE1_STDEV,AOE2_MEAN,AOE2_STDEV
percival2014/stem,0.15205372760154268,0.3568062110815305,0.002193556304748703,0.0016097051169539425
schreiber2014/default,0.1630962903536556,0.3555326752912145,0.015596519514896094,0.06827845051204935
schreiber2017/mirex2017,0.1914323489261967,0.3920461147385444,0.0015201452434458515,0.0011017353141738577
schreiber2017/ismir2017,0.1914323489261967,0.3920461147385444,0.0015201452434458515,0.0011017353141738577
davies2009/mirex_qm_tempotracker,0.2249463165936908,0.4017611486933415,0.02408467373156948,0.04154051576226123
boeck2015/tempodetector2016_default,0.3587194824320006,0.4860710393244095,0.0035763766119219563,0.003992161074880766
