{"Accuracy1":{"schreiber2017\/ismir2017":0.7058823529,"schreiber2017\/mirex2017":0.6666666667,"boeck2015\/tempodetector2016_default":0.6666666667,"percival2014\/stem":0.6568627451,"schreiber2014\/default":0.6470588235,"davies2009\/mirex_qm_tempotracker":0.5882352941},"Accuracy2":{"schreiber2017\/ismir2017":0.8137254902,"schreiber2017\/mirex2017":0.8137254902,"boeck2015\/tempodetector2016_default":0.8823529412,"percival2014\/stem":0.8431372549,"schreiber2014\/default":0.7941176471,"davies2009\/mirex_qm_tempotracker":0.7647058824}}