{"boeck2015\/tempodetector2016_default":{"0.0":null,"0.005":null,"0.01":null,"0.015":null,"0.02":null,"0.025":null,"0.03":null,"0.035":0.0,"0.04":0.2,"0.045":0.3333333333,"0.05":0.5,"0.055":0.5555555556,"0.06":0.6428571429,"0.065":0.625,"0.07":0.6111111111,"0.075":0.6315789474,"0.08":0.6315789474,"0.085":0.6363636364,"0.09":0.6363636364,"0.095":0.64,"0.1":0.6296296296,"0.105":0.5862068966,"0.11":0.5862068966,"0.115":0.5862068966,"0.12":0.5666666667,"0.125":0.5806451613,"0.13":0.5625,"0.135":0.5757575758,"0.14":0.5757575758,"0.145":0.5714285714,"0.15":0.55,"0.155":0.5365853659,"0.16":0.5581395349,"0.165":0.5555555556,"0.17":0.5555555556,"0.175":0.5555555556,"0.18":0.5652173913,"0.185":0.5833333333,"0.19":0.5833333333,"0.195":0.5918367347,"0.2":0.568627451,"0.205":0.5576923077,"0.21":0.5576923077,"0.215":0.5576923077,"0.22":0.5576923077,"0.225":0.5576923077,"0.23":0.5576923077,"0.235":0.5471698113,"0.24":0.537037037,"0.245":0.537037037,"0.25":0.537037037,"0.255":0.537037037,"0.26":0.5272727273,"0.265":0.5272727273,"0.27":0.5357142857,"0.275":0.5357142857,"0.28":0.5344827586,"0.285":0.5344827586,"0.29":0.5344827586,"0.295":0.5344827586,"0.3":0.5344827586,"0.305":0.5344827586,"0.31":0.5344827586,"0.315":0.5344827586,"0.32":0.5254237288,"0.325":0.5254237288,"0.33":0.5254237288,"0.335":0.5254237288,"0.34":0.5254237288,"0.345":0.5254237288,"0.35":0.5254237288,"0.355":0.5254237288,"0.36":0.5254237288,"0.365":0.5254237288,"0.37":0.5166666667,"0.375":0.5166666667,"0.38":0.5166666667,"0.385":0.5166666667,"0.39":0.5166666667,"0.395":0.5166666667,"0.4":0.5166666667,"0.405":0.5166666667,"0.41":0.5166666667,"0.415":0.5166666667,"0.42":0.5166666667,"0.425":0.5166666667,"0.43":0.5166666667,"0.435":0.5166666667,"0.44":0.5166666667,"0.445":0.5166666667,"0.45":0.5166666667,"0.455":0.5166666667,"0.46":0.5166666667,"0.465":0.5166666667,"0.47":0.5166666667,"0.475":0.5166666667,"0.48":0.5166666667,"0.485":0.5166666667,"0.49":0.5166666667,"0.495":0.5166666667,"0.5":0.5166666667},"davies2009\/mirex_qm_tempotracker":{"0.0":null,"0.005":null,"0.01":null,"0.015":null,"0.02":null,"0.025":null,"0.03":null,"0.035":0.0,"0.04":0.0,"0.045":0.0,"0.05":0.125,"0.055":0.1111111111,"0.06":0.2142857143,"0.065":0.1875,"0.07":0.2222222222,"0.075":0.2105263158,"0.08":0.2105263158,"0.085":0.2272727273,"0.09":0.2272727273,"0.095":0.2,"0.1":0.2222222222,"0.105":0.2068965517,"0.11":0.2068965517,"0.115":0.2068965517,"0.12":0.2,"0.125":0.1935483871,"0.13":0.1875,"0.135":0.2121212121,"0.14":0.2121212121,"0.145":0.2,"0.15":0.225,"0.155":0.2195121951,"0.16":0.2325581395,"0.165":0.2444444444,"0.17":0.2444444444,"0.175":0.2444444444,"0.18":0.2608695652,"0.185":0.2916666667,"0.19":0.2916666667,"0.195":0.2857142857,"0.2":0.2745098039,"0.205":0.2692307692,"0.21":0.2692307692,"0.215":0.2692307692,"0.22":0.2692307692,"0.225":0.2692307692,"0.23":0.2692307692,"0.235":0.2641509434,"0.24":0.2592592593,"0.245":0.2592592593,"0.25":0.2592592593,"0.255":0.2592592593,"0.26":0.2545454545,"0.265":0.2545454545,"0.27":0.2678571429,"0.275":0.2678571429,"0.28":0.275862069,"0.285":0.275862069,"0.29":0.275862069,"0.295":0.275862069,"0.3":0.275862069,"0.305":0.275862069,"0.31":0.275862069,"0.315":0.275862069,"0.32":0.2711864407,"0.325":0.2711864407,"0.33":0.2711864407,"0.335":0.2711864407,"0.34":0.2711864407,"0.345":0.2711864407,"0.35":0.2711864407,"0.355":0.2711864407,"0.36":0.2711864407,"0.365":0.2711864407,"0.37":0.2666666667,"0.375":0.2666666667,"0.38":0.2666666667,"0.385":0.2666666667,"0.39":0.2666666667,"0.395":0.2666666667,"0.4":0.2666666667,"0.405":0.2666666667,"0.41":0.2666666667,"0.415":0.2666666667,"0.42":0.2666666667,"0.425":0.2666666667,"0.43":0.2666666667,"0.435":0.2666666667,"0.44":0.2666666667,"0.445":0.2666666667,"0.45":0.2666666667,"0.455":0.2666666667,"0.46":0.2666666667,"0.465":0.2666666667,"0.47":0.2666666667,"0.475":0.2666666667,"0.48":0.2666666667,"0.485":0.2666666667,"0.49":0.2666666667,"0.495":0.2666666667,"0.5":0.2666666667},"percival2014\/stem":{"0.0":null,"0.005":null,"0.01":null,"0.015":null,"0.02":null,"0.025":null,"0.03":null,"0.035":0.0,"0.04":0.0,"0.045":0.0,"0.05":0.125,"0.055":0.2222222222,"0.06":0.2857142857,"0.065":0.3125,"0.07":0.3333333333,"0.075":0.3684210526,"0.08":0.3684210526,"0.085":0.4090909091,"0.09":0.4090909091,"0.095":0.4,"0.1":0.3703703704,"0.105":0.3448275862,"0.11":0.3448275862,"0.115":0.3448275862,"0.12":0.3333333333,"0.125":0.3225806452,"0.13":0.3125,"0.135":0.303030303,"0.14":0.303030303,"0.145":0.2857142857,"0.15":0.3,"0.155":0.2926829268,"0.16":0.3023255814,"0.165":0.2888888889,"0.17":0.2888888889,"0.175":0.2888888889,"0.18":0.2826086957,"0.185":0.3125,"0.19":0.3125,"0.195":0.306122449,"0.2":0.2941176471,"0.205":0.2884615385,"0.21":0.2884615385,"0.215":0.2884615385,"0.22":0.2884615385,"0.225":0.2884615385,"0.23":0.2884615385,"0.235":0.2830188679,"0.24":0.2777777778,"0.245":0.2777777778,"0.25":0.2777777778,"0.255":0.2777777778,"0.26":0.2727272727,"0.265":0.2727272727,"0.27":0.2678571429,"0.275":0.2678571429,"0.28":0.275862069,"0.285":0.275862069,"0.29":0.275862069,"0.295":0.275862069,"0.3":0.275862069,"0.305":0.275862069,"0.31":0.275862069,"0.315":0.275862069,"0.32":0.2711864407,"0.325":0.2711864407,"0.33":0.2711864407,"0.335":0.2711864407,"0.34":0.2711864407,"0.345":0.2711864407,"0.35":0.2711864407,"0.355":0.2711864407,"0.36":0.2711864407,"0.365":0.2711864407,"0.37":0.2666666667,"0.375":0.2666666667,"0.38":0.2666666667,"0.385":0.2666666667,"0.39":0.2666666667,"0.395":0.2666666667,"0.4":0.2666666667,"0.405":0.2666666667,"0.41":0.2666666667,"0.415":0.2666666667,"0.42":0.2666666667,"0.425":0.2666666667,"0.43":0.2666666667,"0.435":0.2666666667,"0.44":0.2666666667,"0.445":0.2666666667,"0.45":0.2666666667,"0.455":0.2666666667,"0.46":0.2666666667,"0.465":0.2666666667,"0.47":0.2666666667,"0.475":0.2666666667,"0.48":0.2666666667,"0.485":0.2666666667,"0.49":0.2666666667,"0.495":0.2666666667,"0.5":0.2666666667},"schreiber2014\/default":{"0.0":null,"0.005":null,"0.01":null,"0.015":null,"0.02":null,"0.025":null,"0.03":null,"0.035":0.0,"0.04":0.2,"0.045":0.3333333333,"0.05":0.5,"0.055":0.5555555556,"0.06":0.4285714286,"0.065":0.4375,"0.07":0.3888888889,"0.075":0.4210526316,"0.08":0.4210526316,"0.085":0.4090909091,"0.09":0.4090909091,"0.095":0.44,"0.1":0.4444444444,"0.105":0.4137931034,"0.11":0.4137931034,"0.115":0.4137931034,"0.12":0.4,"0.125":0.4193548387,"0.13":0.40625,"0.135":0.3939393939,"0.14":0.3939393939,"0.145":0.3714285714,"0.15":0.35,"0.155":0.3414634146,"0.16":0.3255813953,"0.165":0.3333333333,"0.17":0.3333333333,"0.175":0.3333333333,"0.18":0.3260869565,"0.185":0.3125,"0.19":0.3125,"0.195":0.306122449,"0.2":0.2941176471,"0.205":0.2884615385,"0.21":0.2884615385,"0.215":0.2884615385,"0.22":0.2884615385,"0.225":0.2884615385,"0.23":0.2884615385,"0.235":0.2830188679,"0.24":0.2777777778,"0.245":0.2777777778,"0.25":0.2777777778,"0.255":0.2777777778,"0.26":0.2727272727,"0.265":0.2727272727,"0.27":0.2678571429,"0.275":0.2678571429,"0.28":0.2586206897,"0.285":0.2586206897,"0.29":0.2586206897,"0.295":0.2586206897,"0.3":0.2586206897,"0.305":0.2586206897,"0.31":0.2586206897,"0.315":0.2586206897,"0.32":0.2542372881,"0.325":0.2542372881,"0.33":0.2542372881,"0.335":0.2542372881,"0.34":0.2542372881,"0.345":0.2542372881,"0.35":0.2542372881,"0.355":0.2542372881,"0.36":0.2542372881,"0.365":0.2542372881,"0.37":0.25,"0.375":0.25,"0.38":0.25,"0.385":0.25,"0.39":0.25,"0.395":0.25,"0.4":0.25,"0.405":0.25,"0.41":0.25,"0.415":0.25,"0.42":0.25,"0.425":0.25,"0.43":0.25,"0.435":0.25,"0.44":0.25,"0.445":0.25,"0.45":0.25,"0.455":0.25,"0.46":0.25,"0.465":0.25,"0.47":0.25,"0.475":0.25,"0.48":0.25,"0.485":0.25,"0.49":0.25,"0.495":0.25,"0.5":0.25},"schreiber2017\/ismir2017":{"0.0":null,"0.005":null,"0.01":null,"0.015":null,"0.02":null,"0.025":null,"0.03":null,"0.035":0.0,"0.04":0.2,"0.045":0.3333333333,"0.05":0.5,"0.055":0.5555555556,"0.06":0.5714285714,"0.065":0.5625,"0.07":0.5555555556,"0.075":0.5263157895,"0.08":0.5263157895,"0.085":0.5,"0.09":0.5,"0.095":0.52,"0.1":0.5185185185,"0.105":0.4827586207,