Estimator,boeck2015/tempodetector2016_default,davies2009/mirex_qm_tempotracker,percival2014/stem,schreiber2014/default,schreiber2017/ismir2017,schreiber2017/mirex2017,schreiber2018/cnn,schreiber2018/fcn,schreiber2018/ismir2018
boeck2015/tempodetector2016_default,1.0,1.1431584933648518e-06,0.6950890949077178,0.32153691714245264,0.32005022709498465,0.32005022709498465,0.21180108469535694,0.07715186640346473,0.3059612362930466
davies2009/mirex_qm_tempotracker,1.1431584933648518e-06,1.0,9.199257066564276e-07,0.7571853738370059,0.7549713723250246,0.7549713723250246,3.033050765444837e-05,7.275197654627383e-05,2.1501279637263636e-06
percival2014/stem,0.6950890949077178,9.199257066564276e-07,1.0,0.3225747016071573,0.3211549146197371,0.3211549146197371,0.13084518835859585,0.06804502191439905,0.13922527129815443
schreiber2014/default,0.32153691714245264,0.7571853738370059,0.3225747016071573,1.0,0.8146288643867452,0.8146288643867452,0.336648951340911,0.3775438518464095,0.3365304519662463
schreiber2017/ismir2017,0.32005022709498465,0.7549713723250246,0.3211549146197371,0.8146288643867452,1.0,1.0,0.33510945777165724,0.3760360539462535,0.3350686298477198
schreiber2017/mirex2017,0.32005022709498465,0.7549713723250246,0.3211549146197371,0.8146288643867452,1.0,1.0,0.33510945777165724,0.3760360539462535,0.3350686298477198
schreiber2018/cnn,0.21180108469535694,3.033050765444837e-05,0.13084518835859585,0.336648951340911,0.33510945777165724,0.33510945777165724,1.0,0.7148210600228384,0.3342819433946572
schreiber2018/fcn,0.07715186640346473,7.275197654627383e-05,0.06804502191439905,0.3775438518464095,0.3760360539462535,0.3760360539462535,0.7148210600228384,1.0,0.16707843908283118
schreiber2018/ismir2018,0.3059612362930466,2.1501279637263636e-06,0.13922527129815443,0.3365304519662463,0.3350686298477198,0.3350686298477198,0.3342819433946572,0.16707843908283118,1.0
