{"Size":{"1.0":61},"Min":{"1.0":37.9746835443},"Max":{"1.0":300.0},"Avg":{"1.0":112.3847188304},"Stdev":{"1.0":64.7059173929},"Sweet Oct. Start":{"1.0":47.0},"Sweet Oct. Coverage":{"1.0":0.5081967213}}