{"AOE1_MEAN":{"percival2014\/stem":0.1354309074,"boeck2015\/tempodetector2016_default":0.1370768677,"schreiber2017\/mirex2017":0.1734575007,"schreiber2017\/ismir2017":0.1734575007,"schreiber2014\/default":0.2291699545,"davies2009\/mirex_qm_tempotracker":0.2823657797},"AOE1_STDEV":{"percival2014\/stem":0.3405913141,"boeck2015\/tempodetector2016_default":0.3406127424,"schreiber2017\/mirex2017":0.3558574521,"schreiber2017\/ismir2017":0.3558574521,"schreiber2014\/default":0.3992194813,"davies2009\/mirex_qm_tempotracker":0.4374609819},"AOE2_MEAN":{"percival2014\/stem":0.0020975741,"boeck2015\/tempodetector2016_default":0.0037435343,"schreiber2017\/mirex2017":0.0287575293,"schreiber2017\/ismir2017":0.0287575293,"schreiber2014\/default":0.0291699545,"davies2009\/mirex_qm_tempotracker":0.0191832531},"AOE2_STDEV":{"percival2014\/stem":0.0012543665,"boeck2015\/tempodetector2016_default":0.0037484478,"schreiber2017\/mirex2017":0.1031684399,"schreiber2017\/ismir2017":0.1031684399,"schreiber2014\/default":0.1030580149,"davies2009\/mirex_qm_tempotracker":0.0100867655}}