{"boeck2015\/tempodetector2016_default":{"0.0":0.0,"0.0005":0.0655737705,"0.001":0.0655737705,"0.0015":0.0655737705,"0.002":0.0655737705,"0.0025":0.0819672131,"0.003":0.0819672131,"0.0035":0.1147540984,"0.004":0.131147541,"0.0045":0.1475409836,"0.005":0.1475409836,"0.0055":0.2131147541,"0.006":0.2295081967,"0.0065":0.262295082,"0.007":0.2786885246,"0.0075":0.2950819672,"0.008":0.3114754098,"0.0085":0.3770491803,"0.009":0.393442623,"0.0095":0.393442623,"0.01":0.4098360656,"0.0105":0.4262295082,"0.011":0.4426229508,"0.0115":0.4426229508,"0.012":0.4426229508,"0.0125":0.4426229508,"0.013":0.4590163934,"0.0135":0.4918032787,"0.014":0.4918032787,"0.0145":0.5081967213,"0.015":0.5081967213,"0.0155":0.5245901639,"0.016":0.5245901639,"0.0165":0.5245901639,"0.017":0.5245901639,"0.0175":0.5245901639,"0.018":0.5245901639,"0.0185":0.5573770492,"0.019":0.5573770492,"0.0195":0.5573770492,"0.02":0.5573770492,"0.0205":0.5573770492,"0.021":0.5573770492,"0.0215":0.5573770492,"0.022":0.5737704918,"0.0225":0.5737704918,"0.023":0.5737704918,"0.0235":0.5737704918,"0.024":0.5737704918,"0.0245":0.5737704918,"0.025":0.5737704918,"0.0255":0.5901639344,"0.026":0.606557377,"0.0265":0.606557377,"0.027":0.606557377,"0.0275":0.606557377,"0.028":0.6229508197,"0.0285":0.6393442623,"0.029":0.6557377049,"0.0295":0.6721311475,"0.03":0.6721311475,"0.0305":0.6721311475,"0.031":0.6721311475,"0.0315":0.7049180328,"0.032":0.7049180328,"0.0325":0.7049180328,"0.033":0.7049180328,"0.0335":0.7049180328,"0.034":0.7049180328,"0.0345":0.7049180328,"0.035":0.7049180328,"0.0355":0.7049180328,"0.036":0.7049180328,"0.0365":0.7049180328,"0.037":0.7049180328,"0.0375":0.7049180328,"0.038":0.7213114754,"0.0385":0.7213114754,"0.039":0.737704918,"0.0395":0.7540983607,"0.04":0.7540983607,"0.0405":0.7540983607,"0.041":0.7540983607,"0.0415":0.7540983607,"0.042":0.7540983607,"0.0425":0.7540983607,"0.043":0.7540983607,"0.0435":0.7540983607,"0.044":0.7540983607,"0.0445":0.7540983607,"0.045":0.7540983607,"0.0455":0.7540983607,"0.046":0.7540983607,"0.0465":0.7704918033,"0.047":0.7704918033,"0.0475":0.7704918033,"0.048":0.7704918033,"0.0485":0.7704918033,"0.049":0.7704918033,"0.0495":0.7704918033,"0.05":0.7704918033},"davies2009\/mirex_qm_tempotracker":{"0.0":0.0,"0.0005":0.0,"0.001":0.0,"0.0015":0.0,"0.002":0.0163934426,"0.0025":0.0163934426,"0.003":0.0163934426,"0.0035":0.0163934426,"0.004":0.0163934426,"0.0045":0.0163934426,"0.005":0.0491803279,"0.0055":0.0491803279,"0.006":0.0491803279,"0.0065":0.0491803279,"0.007":0.0655737705,"0.0075":0.0655737705,"0.008":0.0819672131,"0.0085":0.0983606557,"0.009":0.131147541,"0.0095":0.131147541,"0.01":0.131147541,"0.0105":0.1475409836,"0.011":0.1475409836,"0.0115":0.1639344262,"0.012":0.1967213115,"0.0125":0.2131147541,"0.013":0.2131147541,"0.0135":0.2131147541,"0.014":0.2131147541,"0.0145":0.2131147541,"0.015":0.2131147541,"0.0155":0.2295081967,"0.016":0.2459016393,"0.0165":0.2459016393,"0.017":0.2459016393,"0.0175":0.262295082,"0.018":0.262295082,"0.0185":0.2786885246,"0.019":0.2950819672,"0.0195":0.2950819672,"0.02":0.3114754098,"0.0205":0.3278688525,"0.021":0.3278688525,"0.0215":0.3442622951,"0.022":0.3606557377,"0.0225":0.3606557377,"0.023":0.3770491803,"0.0235":0.3770491803,"0.024":0.3770491803,"0.0245":0.4262295082,"0.025":0.4426229508,"0.0255":0.4426229508,"0.026":0.4426229508,"0.0265":0.4590163934,"0.027":0.4590163934,"0.0275":0.4590163934,"0.028":0.4590163934,"0.0285":0.4754098361,"0.029":0.4918032787,"0.0295":0.4918032787,"0.03":0.4918032787,"0.0305":0.4918032787,"0.031":0.5245901639,"0.0315":0.5409836066,"0.032":0.5409836066,"0.0325":0.5573770492,"0.033":0.5573770492,"0.0335":0.5573770492,"0.034":0.5573770492,"0.0345":0.5737704918,"0.035":0.5737704918,"0.0355":0.5901639344,"0.036":0.5901639344,"0.0365":0.5901639344,"0.037":0.5901639344,"0.0375":0.5901639344,"0.038":0.5901639344,"0.0385":0.5901639344,"0.039":0.6229508197,"0.0395":0.6229508197,"0.04":0.6229508197,"0.0405":0.6229508197,"0.041":0.6229508197,"0.0415":0.6229508197,"0.042":0.6229508197,"0.0425":0.6393442623,"0.043":0.6393442623,"0.0435":0.6393442623,"0.044":0.6393442623,"0.0445":0.6393442623,"0.045":0.6393442623,"0.0455":0.6393442623,"0.046":0.6393442623,"0.0465":0.6557377049,"0.047":0.6557377049,"0.0475":0.6557377049,"0.048":0.6557377049,"0.0485":0.6557377049,"0.049":0.6557377049,"0.0495":0.6557377049,"0.05":0.6557377049},"percival2014\/stem":{"0.0":0.0,"0.0005":0.0491803279,"0.001":0.0491803279,"0.0015":0.0655737705,"0.002":0.0983606557,"0.0025":0.0983606557,"0.003":0.0983606557,"0.0035":0.1639344262,"0.004":0.1967213115,"0.0045":0.1967213115,"0.005":0.1967213115,"0.0055":0.2295081967,"0.006":0.2295081967,"0.0065":0.2295081967,"0.007":0.2786885246,"0.0075":0.2950819672,"0.008":0.2950819672,"0.0085":0.3114754098,"0.009":0.3606557377,"0.0095":0.3606557377,"0.01":0.3770491803,"0.0105":0.4098360656,"0.011":0.4098360656,"0.0115":0.4098360656,"0.012":0.4262295082,"0.0125":0.4262295082,"0.013":0.4262295082,"0.0135":0.4426229508,"0.014":0.4426229508,"0.0145":0.4590163934,"0.015":0.4590163934,"0.0155":0.4590163934,"0.016":0.4590163934,"0.0165":0.4754098361,"0.017":0.4754098361,"0.0175":0.4754098361,"0.018":0.4754098361,"0.0185":0.4918032787,"0.019":0.4918032787,"0.0195":0.5081967213,"0.02":0.5245901639,"0.0205":0.5409836066,"0.021":0.5409836066,"0.0215":0.5409836066,"0.022":0.5409836066,"0.0225":0.5409836066,"0.023":0.5409836066,"0.0235":0.5409836066,"0.024":0.5409836066,"0.0245":0.5409836066,"0.025":0.5573770492,"0.0255":0.5737704918,"0.026":0.5737704918,"0.0265":0.5737704918,"0.027":0.5737704918,"0.0275":0.5737704918,"0.028":0.5737704918,"0.0285":0.5901639344,"0.029":0.5901639344,"0.0295":0.5901639344,"0.03":0.5901639344,"0.0305":0.5901639344,"0.031":0.5901639344,"0.0315":0.5901639344,"0.032":0.5901639344,"0.0325":0.5901639344,"0.033":0.606557377,"0.0335":0.606557377,"0.034":0.606557377,"0.0345":0.6229508197,"0.035":0.6229508197,"0.0355":0.6229508197,"0.036":0.6229508197,"0.0365":0.6229508197,"0.037":0.6229508197,"0.0375":0.6229508197,"0.038":0.6229508197,"0.0385":0.6229508197,"0.039":0.6393442623,"0.0395":0.6721311475,"0.04":0.6721311475,"0.0405":0.6721311475,"0.041":0.6721311475,"0.0415":0.6721311475,"0.042":0.6721311475,"0.0425":0.6721311475,"0.043":0.6721311475,"0.0435":0.6721311475,"0.044":0.6721311475,"0.0445":0.6721311475,"0.045":0.6721311475,"0.0455":0.6721311475,"0.046":0.6721311475,"0.0465":0.6721311475,"0.047":0.6721311475,"0.0475":0.6721311475,"0.048":0.6721311475,"0.0485":0.6721311475,"0.049":0.6721311475,"0.0495":0.6721311475,"0.05":0.6721311475},"schreiber2014\/default":{"0.0":0.0,"0.0005":0.0,"0.001":0.0,"0.0015":0.0,"0.002":0.0163934426,"0.0025":0.0327868852,"0.003":0.0491803279,"0.0035":0.0819672131,"0.004":0.0819672131,"0.0045":0.0983606557,"0.005":0.0983606557,"0.0055":0.1147540984,"0.006":0.1147540984,"0.0065":0.1475409836,"0.007":0.1475409836,"0.0075":0.1475409836,"0.008":0.1475409836,"0.0085":0.1475409836,"0.009":0.1639344262,"0.0095":0.1639344262,"0.01":0.1639344262,"0.0105":0.1639344262,"0.011":0.1803278689,"0.0115":0.1803278689,"0.012":0.1803278689,"0.0125":0.1803278689,"0.013":0.1803278689,"0.0135":0.1967213115,"0.014":0.2131147541,"0.0145":0.2131147541,"0.015":0.2295081967,"0.0155":0.2459016393,"0.016":0.2459016393,"0.0165":0.2459016393,"0.017":0.2459016393,"0.0175":0.262295082,"0.018":0.262295082,"0.0185":0.2786885246,"0.019":0.2786885246,"0.0195":0.2950819672,"0.02":0.2950819672,"0.0205":0.2950819672,"0.021":0.3114754098,"0.0215":0.3114754098,"0.022":0.3278688525,"0.0225":0.3278688525,"0.023":0.3278688525,"0.0235":0.3278688525,"0.024":0.3278688525,"0.0245":0.3442622951,"0.025":0.3442622951,"0.0255":0.3442622951,"0.026":0.3442622951,"0.0265":0.3606557377,"0.027":0.3606557377,"0.0275":0.3606557377,"0.028":0.3606557377,"0.0285":0.3606557377,"0.029":0.3606557377,"0.0295":0.3606557377,"0.03":0.3606557377,"0.0305":0.3606557377,"0.031":0.3606557377,"0.0315":0.3606557377,"0.032":0.3606557377,"0.0325":0.3606557377,"0.033":0.3606557377,"0.0335":0.3770491803,"0.034":0.3770491803,