{"boeck2015\/tempodetector2016_default":{"0":-0.0131874113,"1":0.0125567553,"2":0.0096959188,"3":0.0076583815,"4":-0.000057709,"5":0.0124077692,"6":-0.0000384724,"7":0.0114336169,"8":-0.0000384724,"9":-0.0048170163,"10":0.000048089,"11":0.0000120224,"12":-0.0118837183,"13":0.0000144269,"14":-0.0058605731,"15":-0.0,"16":0.0302434667,"17":-0.000057709,"18":0.0073539977,"19":0.0193460888,"20":-0.0094746851,"21":0.0000144269,"22":-0.4106727426,"23":-0.0285330853,"24":0.0072824273,"25":-0.000014427,"26":-0.0136436788,"27":0.0309739958,"28":0.0,"29":-0.0080064621,"30":0.0053977503,"31":-0.0172491378,"32":-0.0351725971,"33":-0.0001082062,"34":0.003274565,"35":0.0085908671,"36":0.0106461834,"37":0.0108498438,"38":0.0000360669,"39":-8.00856626e-16,"40":0.0102005761,"41":-0.0041278856,"42":0.0115254561,"43":0.0063758274,"44":0.0146587984,"45":-0.0105703025,"46":-0.0,"47":0.017921908,"48":-0.00965017,"49":-0.0106036078},"davies2009\/mirex_qm_tempotracker":{"0":0.0292553299,"1":0.0154184721,"2":0.049609917,"3":0.0249467322,"4":0.025644969,"5":0.0111381411,"6":0.0374037773,"7":0.0184351707,"8":-0.0038629336,"9":0.0086363104,"10":0.0325621496,"11":0.0440204275,"12":0.0030581553,"13":0.4367090995,"14":0.0210339155,"15":0.0191040772,"16":0.0372415031,"17":0.025644969,"18":0.0143707078,"19":0.0134533267,"20":0.0230393755,"21":-0.4929015726,"22":0.173037009,"23":0.0361750781,"24":0.0289427273,"25":0.0129013906,"26":0.0070304075,"27":0.0172931597,"28":0.0361750781,"29":0.0176962159,"30":0.0076201925,"31":0.0303888173,"32":-0.0048006112,"33":0.0244647216,"34":0.0317609761,"35":0.015592421,"36":0.0246857799,"37":0.0070253826,"38":0.0256434336,"39":0.0191040772,"40":0.0274889268,"41":0.0320471925,"42":-0.0044702563,"43":0.0309487552,"44":0.0216755085,"45":0.4351818494,"46":0.0120451323,"47":-0.2330673655,"48":0.0038031566,"49":0.0343232853},"percival2014\/stem":{"0":-0.0094232539,"1":0.0080679126,"2":-0.0018213856,"3":-0.0018545135,"4":-0.0147720073,"5":0.0039457803,"6":0.014564778,"7":0.0134317678,"8":-0.0133245191,"9":-0.0025915732,"10":-0.0008603913,"11":0.0009519848,"12":-0.0107474348,"13":-0.0038613424,"14":-0.0007923004,"15":0.00502624,"16":0.023944834,"17":0.0093420121,"18":0.0015456206,"19":0.0022254431,"20":0.0006715625,"21":0.002480024,"22":0.2329088278,"23":0.0022224422,"24":-0.0029067669,"25":-0.002471288,"26":-0.0009687342,"27":-0.00062819,"28":-0.0019609929,"29":0.0013907744,"30":-0.0007346962,"31":-0.0052334314,"32":-0.0454370124,"33":-0.0021515799,"34":0.0222993907,"35":0.0056046335,"36":0.0061495632,"37":0.0070253826,"38":-0.0003515795,"39":-0.001961956,"40":-0.0081327496,"41":-0.0019054435,"42":-0.0111320534,"43":0.0081070899,"44":0.0045973889,"45":-0.0027355974,"46":0.0032740852,"47":-0.0099413043,"48":-0.0018213856,"49":0.0052639045},"schreiber2014\/default":{"0":-0.0457679937,"1":-0.0123231252,"2":-0.0485595705,"3":-0.0374931721,"4":-0.0432502471,"5":-0.0446478411,"6":-0.0384129177,"7":-0.4812862051,"8":0.3733495066,"9":-0.0062329948,"10":0.0008692504,"11":0.0009307237,"12":-0.0676832274,"13":0.0213218467,"14":0.040364239,"15":0.00213822,"16":0.3428761485,"17":0.0052020668,"18":0.0019442177,"19":0.0056837557,"20":-0.0462230468,"21":-0.0703087902,"22":0.0354081962,"23":0.2973137151,"24":0.3321520096,"25":-0.0257142115,"26":-0.0027690415,"27":0.2879559013,"28":0.0002436747,"29":-0.00029266,"30":0.0244758682,"31":-0.0277472347,"32":-0.0233758521,"33":-0.002042607,"34":0.0016439849,"35":-0.0265831466,"36":-0.0949653084,"37":0.4047019069,"38":-0.0962821003,"39":0.0004331763,"40":0.3423577647,"41":0.0130778404,"42":-0.0255792302,"43":0.0541587481,"44":0.0083160337,"45":0.0276135277,"46":-0.0138537949,"47":-0.0442078461,"48":-0.0110661485,"49":-0.0738417204},"schreiber2017\/ismir2017":{"0":0.0260175878,"1":-0.0019142951,"2":0.0136319775,"3":0.0210695582,"4":-0.0452836586,"5":0.0114515222,"6":0.0114233687,"7":0.0525432199,"8":0.4014134439,"9":-0.0048103438,"10":0.0008692504,"11":0.0009308186,"12":-0.0122561741,"13":0.0064485447,"14":0.0097631987,"15":0.0010018346,"16":0.3351612269,"17":0.0076560931,"18":0.0019442177,"19":0.0003622513,"20":0.0017500885,"21":0.0336000294,"22":0.0759157051,"23":0.4756149846,"24":0.4380677704,"25":-0.009972692,"26":-0.003766668,"27":0.0331461913,"28":0.0002436747,"29":-0.00029266,"30":0.0008941364,"31":0.0035953981,"32":-0.0339507454,"33":-0.001515687,"34":-0.0043477615,"35":-0.0168242146,"36":-0.0245758967,"37":0.4248797709,"38":0.0103506274,"39":0.0004331763,"40":0.0160872582,"41":0.0003749448,"42":0.0415898714,"43":0.0159873216,"44":-0.0024556297,"45":0.0092912694,"46":0.0016838539,"47":-0.0036099822,"48":-0.0117780907,"49":-0.0276554647},"schreiber2017\/mirex2017":{"0":0.0260175878,"1":-0.0019142951,"2":0.0136319775,"3":0.0210695582,"4":-0.0452836586,"5":0.0114515361,"6":0.0114233687,"7":0.0525432199,"8":0.4014134439,"9":-0.0048103438,"10":0.0008692504,"11":0.0009308186,"12":-0.0122561741,"13":0.0064485447,"14":0.0097631987,"15":0.0010018346,"16":0.3351612269,"17":0.0076560931,"18":0.0019442177,"19":0.0003622513,"20":0.0017500885,"21":0.0336000294,"22":0.0759157051,"23":0.0605774508,"24":0.4380677704,"25":-0.009972692,"26":-0.003766668,"27":0.0331461913,"28":0.0002436747,"29":-0.00029266,"30":0.0008941364,"31":0.0035953981,"32":-0.0339507454,"33":-0.001515687,"34":-0.0043476527,"35":-0.0168242146,"36":-0.0245758967,"37":0.4248797709,"38":0.0103506274,"39":0.0004331763,"40":0.0160872582,"41":0.0003749448,"42":0.0415898714,"43":0.0159873216,"44":-0.0024556297,"45":0.0092912694,"46":0.0016838539,"47":-0.0036099822,"48":-0.0117780907,"49":-0.0276554647},"schreiber2018\/cnn":{"0":0.0247924615,"1":-0.0048170163,"2":-0.0647917242,"3":0.0114956388,"4":0.0076739279,"5":0.0200576523,"6":0.0114956388,"7":0.0027225202,"8":0.4005379296,"9":-0.0048170163,"10":0.0009614762,"11":0.0009614762,"12":-0.002526928,"13":0.4322467893,"14":-0.002599191,"15":-0.0,"16":0.0566605934,"17":0.0076739279,"18":0.0020423716,"19":0.0,"20":0.0095860488,"21":-0.0144995697,"22":0.5527595966,"23":0.0356239097,"24":0.0555041861,"25":0.0162585849,"26":-0.0036112536,"27":0.0038420663,"28":0.0,"29":-0.0002748252,"30":0.0053977503,"31":-0.0057823526,"32":-0.0409717811,"33":-0.0014434169,"34":-0.0112971377,"35":-0.0001202296,"36":0.0067169162,"37":0.4273677896,"38":0.0262098793,"39":-8.00856626e-16,"40":0.4063552562,"41":-0.0041278856,"42":0.0,"43":0.0050406167,"44":-0.002526928,"45":-0.0144995697,"46":-0.0,"47":-0.0210722236,"48":-0.00965017,"49":-0.0168087573},"schreiber2018\/fcn":{"0":0.0247924615,"1":-0.0048170163,"2":0.0259737397,"3":-0.0343080508,"4":0.0076739279,"5":0.0200576523,"6":0.0114956388,"7":0.0624287663,"8":0.4005379296,"9":0.0131048917,"10":0.0009614762,"11":0.0009614762,"12":0.0119726417,"13":0.4085307203,"14":0.0204844221,"15":-0.0,"16":0.0566605934,"17":0.0076739279,"18":0.0020423716,"19":0.0,"20":-0.0085612979,"21":-0.0144995697,"22":-0.2048795658,"23":-0.0489096005,"24":-0.0072315692,"25":-0.0033702219,"26":-0.0036112536,"27":0.0150693217,"28":0.0119726417,"29":-0.0002748252,"30":0.0053977503,"31":-0.0057823526,"32":-0.0210722236,"33":-0.0014434169,"34":0.0103979334,"35":0.0100039877,"36":-0.0097712066,"37":0.4114262457,"38":0.0262098793,"39":-8.00856626e-16,"40":0.0252650888,"41":-0.0041278856,"42":0.0588936891,"43":0.0050406167,"44":0.0093471723,"45":-0.0144995697,"46":-0.0,"47":-0.0014434169,"48":-0.00965017,"49":-0.0168087573},"schreiber2018\/ismir2018":{"0":0.0247924615,"1":-0.0048170163,"2":0.008271738,"3":0.0114956388,"4":-0.0429521452,"5":0.0200576523,"6":0.0114956388,"7":0.0427999595,"8":0.4005379296,"9":0.0131048917,"10":0.0009614762,"11":0.0009614762,"12":-0.002526928,"13":-0.0144995697,"14":-0.0260581639,"15":-0.0,"16":0.0566605934,"17":0.0076739279,"18":0.0020423716,"19":0.0,"20":0.0095860488,"21":-0.0144995697,"22":-0.1537407168,"23":0.0119726417,"24":-0.0072315692,"25":-0.0033702219,"26":-0.0036112536,"27":0.0038420663,"28":0.0119726417,"29":-0.0002748252,"30":0.017370392,"31":-0.0057823526,"32":-0.0409717811,"33":-0.0014434169,