Estimator,OE1_MEAN,OE1_STDEV,OE2_MEAN,OE2_STDEV
percival2014/stem,-0.13401031527535956,0.34044207136853605,-0.0006769819420262467,0.0016155657019982493
boeck2015/tempodetector2016_default,-0.1345214483806765,0.3409111873754141,-0.0011881150473431834,0.004183726884075548
schreiber2017/mirex2017,-0.17233999230532573,0.35563198656345796,0.02766000769467431,0.10366867891475294
schreiber2017/ismir2017,-0.17233999230532573,0.35563198656345796,0.02766000769467431,0.10366867891475294
schreiber2014/default,-0.03908558630470061,0.45809132339818154,0.027581080361966062,0.10369686366264033
davies2009/mirex_qm_tempotracker,0.018752683828328166,0.5197637340083598,0.018752683828328162,0.009119677441381981
