Estimator,Size,Min,Max,Avg,Stdev,Sweet Oct. Start,Sweet Oct. Coverage
boeck2015/tempodetector2016_default,50,54.05,162.16,99.0962,28.76540743422806,69.0,0.76
davies2009/mirex_qm_tempotracker,50,89.1029,191.406,128.659886,23.63090752228832,84.0,0.96
percival2014/stem,50,54.1149,143.555,96.141532,24.17919588915012,68.0,0.86
schreiber2014/default,50,55.75186,141.82422,91.2962343,21.6640430710205,62.0,0.88
schreiber2017/ismir2017,50,41.715324,160.04018,93.2357217,30.99703356959922,61.0,0.7
schreiber2017/mirex2017,50,41.715324,160.04018,90.35586612,32.757227704944306,61.0,0.64
