{"Male":{"boeck2015\/tempodetector2016_default":0.8,"davies2009\/mirex_qm_tempotracker":0.8,"percival2014\/stem":0.8,"schreiber2014\/default":0.8,"schreiber2017\/ismir2017":0.8,"schreiber2017\/mirex2017":0.8},"Hi-hat only":{"boeck2015\/tempodetector2016_default":1.0,"davies2009\/mirex_qm_tempotracker":0.8333333333,"percival2014\/stem":1.0,"schreiber2014\/default":1.0,"schreiber2017\/ismir2017":1.0,"schreiber2017\/mirex2017":1.0},"Guitar":{"boeck2015\/tempodetector2016_default":0.8333333333,"davies2009\/mirex_qm_tempotracker":0.75,"percival2014\/stem":0.8333333333,"schreiber2014\/default":0.8333333333,"schreiber2017\/ismir2017":0.8333333333,"schreiber2017\/mirex2017":0.8333333333},"Female":{"boeck2015\/tempodetector2016_default":0.9,"davies2009\/mirex_qm_tempotracker":0.7,"percival2014\/stem":0.9,"schreiber2014\/default":0.7,"schreiber2017\/ismir2017":0.8,"schreiber2017\/mirex2017":0.8},"English vocals":{"boeck2015\/tempodetector2016_default":0.8,"davies2009\/mirex_qm_tempotracker":0.8,"percival2014\/stem":0.8,"schreiber2014\/default":0.7,"schreiber2017\/ismir2017":0.7,"schreiber2017\/mirex2017":0.7},"Drum sequences":{"boeck2015\/tempodetector2016_default":0.8666666667,"davies2009\/mirex_qm_tempotracker":0.7333333333,"percival2014\/stem":0.8666666667,"schreiber2014\/default":0.7333333333,"schreiber2017\/ismir2017":0.8,"schreiber2017\/mirex2017":0.8},"Bass":{"boeck2015\/tempodetector2016_default":1.0,"davies2009\/mirex_qm_tempotracker":0.75,"percival2014\/stem":1.0,"schreiber2014\/default":1.0,"schreiber2017\/ismir2017":1.0,"schreiber2017\/mirex2017":1.0},"4\/4":{"boeck2015\/tempodetector2016_default":0.8333333333,"davies2009\/mirex_qm_tempotracker":0.6666666667,"percival2014\/stem":0.8333333333,"schreiber2014\/default":0.75,"schreiber2017\/ismir2017":0.8333333333,"schreiber2017\/mirex2017":0.8333333333},"3\/4":{"boeck2015\/tempodetector2016_default":1.0,"davies2009\/mirex_qm_tempotracker":1.0,"percival2014\/stem":1.0,"schreiber2014\/default":0.6666666667,"schreiber2017\/ismir2017":0.6666666667,"schreiber2017\/mirex2017":0.6666666667}}