{"1.0":{"0.0":0.0,"1.0":0.0,"2.0":0.0,"3.0":0.0,"4.0":0.0,"5.0":0.0,"6.0":0.0,"7.0":0.0,"8.0":0.0,"9.0":0.0,"10.0":0.0,"11.0":0.0,"12.0":0.0,"13.0":0.0,"14.0":0.0,"15.0":0.0,"16.0":0.0,"17.0":0.0,"18.0":0.0,"19.0":0.0,"20.0":0.0,"21.0":0.0,"22.0":0.0,"23.0":0.0,"24.0":0.0,"25.0":0.0,"26.0":0.0098039216,"27.0":0.0098039216,"28.0":0.0196078431,"29.0":0.0196078431,"30.0":0.0196078431,"31.0":0.0196078431,"32.0":0.0196078431,"33.0":0.0196078431,"34.0":0.0294117647,"35.0":0.0392156863,"36.0":0.0294117647,"37.0":0.0294117647,"38.0":0.0196078431,"39.0":0.0196078431,"40.0":0.0196078431,"41.0":0.0294117647,"42.0":0.0294117647,"43.0":0.0294117647,"44.0":0.0196078431,"45.0":0.0098039216,"46.0":0.0098039216,"47.0":0.0098039216,"48.0":0.0098039216,"49.0":0.0098039216,"50.0":0.0098039216,"51.0":0.0098039216,"52.0":0.0196078431,"53.0":0.0294117647,"54.0":0.0294117647,"55.0":0.0392156863,"56.0":0.0392156863,"57.0":0.0392156863,"58.0":0.0392156863,"59.0":0.0490196078,"60.0":0.0588235294,"61.0":0.0784313725,"62.0":0.0784313725,"63.0":0.0882352941,"64.0":0.0882352941,"65.0":0.0784313725,"66.0":0.0882352941,"67.0":0.0882352941,"68.0":0.0980392157,"69.0":0.0882352941,"70.0":0.0980392157,"71.0":0.0980392157,"72.0":0.0980392157,"73.0":0.0882352941,"74.0":0.0980392157,"75.0":0.1078431373,"76.0":0.0980392157,"77.0":0.1078431373,"78.0":0.0980392157,"79.0":0.1274509804,"80.0":0.1078431373,"81.0":0.0882352941,"82.0":0.0882352941,"83.0":0.0784313725,"84.0":0.068627451,"85.0":0.0784313725,"86.0":0.068627451,"87.0":0.068627451,"88.0":0.0784313725,"89.0":0.0588235294,"90.0":0.0980392157,"91.0":0.0882352941,"92.0":0.0980392157,"93.0":0.0980392157,"94.0":0.0980392157,"95.0":0.1078431373,"96.0":0.1176470588,"97.0":0.1176470588,"98.0":0.1176470588,"99.0":0.1176470588,"100.0":0.0784313725,"101.0":0.0784313725,"102.0":0.0588235294,"103.0":0.068627451,"104.0":0.0784313725,"105.0":0.0882352941,"106.0":0.1078431373,"107.0":0.0980392157,"108.0":0.0980392157,"109.0":0.1078431373,"110.0":0.1078431373,"111.0":0.1274509804,"112.0":0.1274509804,"113.0":0.1274509804,"114.0":0.1274509804,"115.0":0.1862745098,"116.0":0.1568627451,"117.0":0.1764705882,"118.0":0.1666666667,"119.0":0.1666666667,"120.0":0.1764705882,"121.0":0.1666666667,"122.0":0.1666666667,"123.0":0.1568627451,"124.0":0.1568627451,"125.0":0.1862745098,"126.0":0.1274509804,"127.0":0.1078431373,"128.0":0.1078431373,"129.0":0.0882352941,"130.0":0.0882352941,"131.0":0.0784313725,"132.0":0.0882352941,"133.0":0.0882352941,"134.0":0.0784313725,"135.0":0.0490196078,"136.0":0.0490196078,"137.0":0.0490196078,"138.0":0.068627451,"139.0":0.068627451,"140.0":0.068627451,"141.0":0.0784313725,"142.0":0.068627451,"143.0":0.068627451,"144.0":0.068627451,"145.0":0.0784313725,"146.0":0.0588235294,"147.0":0.0588235294,"148.0":0.0392156863,"149.0":0.0392156863,"150.0":0.0294117647,"151.0":0.0196078431,"152.0":0.0196078431,"153.0":0.0196078431,"154.0":0.0196078431,"155.0":0.0,"156.0":0.0098039216,"157.0":0.0098039216,"158.0":0.0098039216,"159.0":0.0196078431,"160.0":0.0196078431,"161.0":0.0196078431,"162.0":0.0196078431,"163.0":0.0196078431,"164.0":0.0196078431,"165.0":0.0196078431,"166.0":0.0098039216,"167.0":0.0098039216,"168.0":0.0098039216,"169.0":0.0,"170.0":0.0,"171.0":0.0,"172.0":0.0,"173.0":0.0,"174.0":0.0,"175.0":0.0,"176.0":0.0,"177.0":0.0,"178.0":0.0,"179.0":0.0,"180.0":0.0,"181.0":0.0,"182.0":0.0,"183.0":0.0,"184.0":0.0,"185.0":0.0,"186.0":0.0,"187.0":0.0,"188.0":0.0,"189.0":0.0,"190.0":0.0,"191.0":0.0,"192.0":0.0,"193.0":0.0,"194.0":0.0,"195.0":0.0,"196.0":0.0,"197.0":0.0,"198.0":0.0,"199.0":0.0,"200.0":0.0,"201.0":0.0,"202.0":0.0,"203.0":0.0,"204.0":0.0,"205.0":0.0,"206.0":0.0,"207.0":0.0098039216,"208.0":0.0098039216,"209.0":0.0098039216,"210.0":0.0098039216,"211.0":0.0098039216,"212.0":0.0098039216,"213.0":0.0098039216,"214.0":0.0098039216,"215.0":0.0098039216,"216.0":0.0098039216,"217.0":0.0,"218.0":0.0,"219.0":0.0,"220.0":0.0,"221.0":0.0,"222.0":0.0,"223.0":0.0,"224.0":0.0,"225.0":0.0,"226.0":0.0,"227.0":0.0,"228.0":0.0,"229.0":0.0,"230.0":0.0,"231.0":0.0098039216,"232.0":0.0098039216,"233.0":0.0098039216,"234.0":0.0098039216,"235.0":0.0098039216,"236.0":0.0098039216,"237.0":0.0098039216,"238.0":0.0098039216,"239.0":0.0098039216,"240.0":0.0098039216,"241.0":0.0,"242.0":0.0,"243.0":0.0,"244.0":0.0,"245.0":0.0,"246.0":0.0,"247.0":0.0,"248.0":0.0,"249.0":0.0,"250.0":0.0,"251.0":0.0,"252.0":0.0,"253.0":0.0,"254.0":0.0,"255.0":0.0,"256.0":0.0,"257.0":0.0,"258.0":0.0,"259.0":0.0,"260.0":0.0,"261.0":0.0,"262.0":0.0,"263.0":0.0,"264.0":0.0,"265.0":0.0,"266.0":0.0,"267.0":0.0,"268.0":0.0,"269.0":0.0,"270.0":0.0,"271.0":0.0,"272.0":0.0,"273.0":0.0,"274.0":0.0,"275.0":0.0,"276.0":0.0,"277.0":0.0,"278.0":0.0,"279.0":0.0,"280.0":0.0,"281.0":0.0,"282.0":0.0,"283.0":0.0,"284.0":0.0,"285.0":0.0,"286.0":0.0,"287.0":0.0,"288.0":0.0,"289.0":0.0,"290.0":0.0,"291.0":0.0,"292.0":0.0,"293.0":0.0,"294.0":0.0,"295.0":0.0,"296.0":0.0,"297.0":0.0,"298.0":0.0,"299.0":0.0,"300.0":0.0}}