{"boeck2015\/tempodetector2016_default":{"0.0":null,"0.005":0.0037543587,"0.01":0.0953078555,"0.015":0.1706988675,"0.02":0.1706988675,"0.025":0.1706988675,"0.03":0.1706988675,"0.035":0.1706988675,"0.04":0.1575681854,"0.045":0.146313315,"0.05":0.146313315,"0.055":0.1370768677,"0.06":0.1370768677,"0.065":0.1370768677,"0.07":0.1370768677,"0.075":0.1370768677,"0.08":0.1370768677,"0.085":0.1370768677,"0.09":0.1370768677,"0.095":0.1370768677,"0.1":0.1370768677,"0.105":0.1370768677,"0.11":0.1370768677,"0.115":0.1370768677,"0.12":0.1370768677,"0.125":0.1370768677,"0.13":0.1370768677,"0.135":0.1370768677,"0.14":0.1370768677,"0.145":0.1370768677,"0.15":0.1370768677,"0.155":0.1370768677,"0.16":0.1370768677,"0.165":0.1370768677,"0.17":0.1370768677,"0.175":0.1370768677,"0.18":0.1370768677,"0.185":0.1370768677,"0.19":0.1370768677,"0.195":0.1370768677,"0.2":0.1370768677,"0.205":0.1370768677,"0.21":0.1370768677,"0.215":0.1370768677,"0.22":0.1370768677,"0.225":0.1370768677,"0.23":0.1370768677,"0.235":0.1370768677,"0.24":0.1370768677,"0.245":0.1370768677,"0.25":0.1370768677,"0.255":0.1370768677,"0.26":0.1370768677,"0.265":0.1370768677,"0.27":0.1370768677,"0.275":0.1370768677,"0.28":0.1370768677,"0.285":0.1370768677,"0.29":0.1370768677,"0.295":0.1370768677,"0.3":0.1370768677,"0.305":0.1370768677,"0.31":0.1370768677,"0.315":0.1370768677,"0.32":0.1370768677,"0.325":0.1370768677,"0.33":0.1370768677,"0.335":0.1370768677,"0.34":0.1370768677,"0.345":0.1370768677,"0.35":0.1370768677,"0.355":0.1370768677,"0.36":0.1370768677,"0.365":0.1370768677,"0.37":0.1370768677,"0.375":0.1370768677,"0.38":0.1370768677,"0.385":0.1370768677,"0.39":0.1370768677,"0.395":0.1370768677,"0.4":0.1370768677,"0.405":0.1370768677,"0.41":0.1370768677,"0.415":0.1370768677,"0.42":0.1370768677,"0.425":0.1370768677,"0.43":0.1370768677,"0.435":0.1370768677,"0.44":0.1370768677,"0.445":0.1370768677,"0.45":0.1370768677,"0.455":0.1370768677,"0.46":0.1370768677,"0.465":0.1370768677,"0.47":0.1370768677,"0.475":0.1370768677,"0.48":0.1370768677,"0.485":0.1370768677,"0.49":0.1370768677,"0.495":0.1370768677,"0.5":0.1370768677},"davies2009\/mirex_qm_tempotracker":{"0.0":null,"0.005":0.119845121,"0.01":0.1992203851,"0.015":0.2643600132,"0.02":0.2643600132,"0.025":0.2643600132,"0.03":0.2643600132,"0.035":0.2643600132,"0.04":0.3224168839,"0.045":0.3003480584,"0.05":0.3003480584,"0.055":0.2823657797,"0.06":0.2823657797,"0.065":0.2823657797,"0.07":0.2823657797,"0.075":0.2823657797,"0.08":0.2823657797,"0.085":0.2823657797,"0.09":0.2823657797,"0.095":0.2823657797,"0.1":0.2823657797,"0.105":0.2823657797,"0.11":0.2823657797,"0.115":0.2823657797,"0.12":0.2823657797,"0.125":0.2823657797,"0.13":0.2823657797,"0.135":0.2823657797,"0.14":0.2823657797,"0.145":0.2823657797,"0.15":0.2823657797,"0.155":0.2823657797,"0.16":0.2823657797,"0.165":0.2823657797,"0.17":0.2823657797,"0.175":0.2823657797,"0.18":0.2823657797,"0.185":0.2823657797,"0.19":0.2823657797,"0.195":0.2823657797,"0.2":0.2823657797,"0.205":0.2823657797,"0.21":0.2823657797,"0.215":0.2823657797,"0.22":0.2823657797,"0.225":0.2823657797,"0.23":0.2823657797,"0.235":0.2823657797,"0.24":0.2823657797,"0.245":0.2823657797,"0.25":0.2823657797,"0.255":0.2823657797,"0.26":0.2823657797,"0.265":0.2823657797,"0.27":0.2823657797,"0.275":0.2823657797,"0.28":0.2823657797,"0.285":0.2823657797,"0.29":0.2823657797,"0.295":0.2823657797,"0.3":0.2823657797,"0.305":0.2823657797,"0.31":0.2823657797,"0.315":0.2823657797,"0.32":0.2823657797,"0.325":0.2823657797,"0.33":0.2823657797,"0.335":0.2823657797,"0.34":0.2823657797,"0.345":0.2823657797,"0.35":0.2823657797,"0.355":0.2823657797,"0.36":0.2823657797,"0.365":0.2823657797,"0.37":0.2823657797,"0.375":0.2823657797,"0.38":0.2823657797,"0.385":0.2823657797,"0.39":0.2823657797,"0.395":0.2823657797,"0.4":0.2823657797,"0.405":0.2823657797,"0.41":0.2823657797,"0.415":0.2823657797,"0.42":0.2823657797,"0.425":0.2823657797,"0.43":0.2823657797,"0.435":0.2823657797,"0.44":0.2823657797,"0.445":0.2823657797,"0.45":0.2823657797,"0.455":0.2823657797,"0.46":0.2823657797,"0.465":0.2823657797,"0.47":0.2823657797,"0.475":0.2823657797,"0.48":0.2823657797,"0.485":0.2823657797,"0.49":0.2823657797,"0.495":0.2823657797,"0.5":0.2823657797},"percival2014\/stem":{"0.0":null,"0.005":0.0016606035,"0.01":0.0929253713,"0.015":0.16867842,"0.02":0.16867842,"0.025":0.16867842,"0.03":0.16867842,"0.035":0.16867842,"0.04":0.1558540396,"0.045":0.1448805684,"0.05":0.1448805684,"0.055":0.1354309074,"0.06":0.1354309074,"0.065":0.1354309074,"0.07":0.1354309074,"0.075":0.1354309074,"0.08":0.1354309074,"0.085":0.1354309074,"0.09":0.1354309074,"0.095":0.1354309074,"0.1":0.1354309074,"0.105":0.1354309074,"0.11":0.1354309074,"0.115":0.1354309074,"0.12":0.1354309074,"0.125":0.1354309074,"0.13":0.1354309074,"0.135":0.1354309074,"0.14":0.1354309074,"0.145":0.1354309074,"0.15":0.1354309074,"0.155":0.1354309074,"0.16":0.1354309074,"0.165":0.1354309074,"0.17":0.1354309074,"0.175":0.1354309074,"0.18":0.1354309074,"0.185":0.1354309074,"0.19":0.1354309074,"0.195":0.1354309074,"0.2":0.1354309074,"0.205":0.1354309074,"0.21":0.1354309074,"0.215":0.1354309074,"0.22":0.1354309074,"0.225":0.1354309074,"0.23":0.1354309074,"0.235":0.1354309074,"0.24":0.1354309074,"0.245":0.1354309074,"0.25":0.1354309074,"0.255":0.1354309074,"0.26":0.1354309074,"0.265":0.1354309074,"0.27":0.1354309074,"0.275":0.1354309074,"0.28":0.1354309074,"0.285":0.1354309074,"0.29":0.1354309074,"0.295":0.1354309074,"0.3":0.1354309074,"0.305":0.1354309074,"0.31":0.1354309074,"0.315":0.1354309074,"0.32":0.1354309074,"0.325":0.1354309074,"0.33":0.1354309074,"0.335":0.1354309074,"0.34":0.1354309074,"0.345":0.1354309074,"0.35":0.1354309074,"0.355":0.1354309074,"0.36":0.1354309074,"0.365":0.1354309074,"0.37":0.1354309074,"0.375":0.1354309074,"0.38":0.1354309074,"0.385":0.1354309074,"0.39":0.1354309074,"0.395":0.1354309074,"0.4":0.1354309074,"0.405":0.1354309074,"0.41":0.1354309074,"0.415":0.1354309074,"0.42":0.1354309074,"0.425":0.1354309074,"0.43":0.1354309074,"0.435":0.1354309074,"0.44":0.1354309074,"0.445":0.1354309074,"0.45":0.1354309074,"0.455":0.1354309074,"0.46":0.1354309074,"0.465":0.1354309074,"0.47":0.1354309074,"0.475":0.1354309074,"0.48":0.1354309074,"0.485":0.1354309074,"0.49":0.1354309074,"0.495":0.1354309074,"0.5":0.1354309074},"schreiber2014\/default":{"0.0":null,"0.005":0.1428544198,"0.01":0.2210254488,"0.015":0.2859512844,"0.02":0.2859512844,"0.025":0.2859512844,"0.03":0.2859512844,"0.035":0.2859512844,"0.04":0.2641990932,"0.045":0.245328206,"0.05":0.245328206,"0.055":0.2291699545,"0.06":0.2291699545,"0.065":0.2291699545,"0.07":0.2291699545,"0.075":0.2291699545,"0.08":0.2291699545,"0.085":0.2291699545,"0.09":0.2291699545,"0.095":0.2291699545,"0.1":0.2291699545,"0.105":0.2291699545,"0.11":0.2291699545,"0.115":0.2291699545,"0.12":0.2291699545,"0.125":0.2291699545,"0.13":0.2291699545,"0.135":0.2291699545,"0.14":0.2291699545,"0.145":0.2291699545,"0.15":0.2291699545,"0.155":0.2291699545,"0.16":0.2291699545,"0.165":0.2291699545,"0.17":0.2291699545,"0.175":0.2291699545,"0.18":0.2291699545,"0.185":0.2291699545,"0.19":0.2291699545,"0.195":0.2291699545,"0.2":0.2291699545,"0.205":0.2291699545,"0.21":0.2291699545,"0.215":0.2291699545,"0.22":0.2291699545,"0.225":0.2291699545,"0.23":0.2291699545,"0.235":0.2291699545,"0.24":0.2291699545,"0.245":0.2291699545,"0.25":0.2291699545,"0.255":0.2291699545,"0.26":0.2291699545,"0.265":0.2291699545,"0.27":0.2291699545,"0.275":0.2291699545,"0.28":0.2291699545,"0.285":0.2291699545,"0.29":0.2291699545,"0.295":0.2291699545,"0.3":0.2291699545,"0.305":0.2291699545,"0.31":0.2291699545,"0.315":0.2291699545,"0.32":0.2291699545,"0.325":0.2291699545,"0.33":0.2291699545,"0.335":0.2291699545,"0.34":0.2291699545,"0.345":0.2291699545,"0.35":0.2291699545,"0.355":0.2291699545,"0.36":0.2291699545,"0.365":0.2291699545,"0.37":0.2291699545,"0.375":0.2291699545,"0.38":0.2291699545,"0.385":0.2291699545,"0.39":0.2291699545,"0.395":0.2291699545,"0.4":0.2291699545,"0.405":0.2291699545,"0.41":0.2291699545,"0.415":0.2291699545,