Estimator,boeck2015/tempodetector2016_default,davies2009/mirex_qm_tempotracker,percival2014/stem,schreiber2014/default,schreiber2017/ismir2017,schreiber2017/mirex2017,schreiber2018/cnn,schreiber2018/fcn,schreiber2018/ismir2018
boeck2015/tempodetector2016_default,1.0,0.003505166359631395,0.4700221763371706,0.9905788648597947,0.8261109106422302,0.5410863822690017,0.8412208500928096,0.7103900383198305,0.567808776724229
davies2009/mirex_qm_tempotracker,0.003505166359631395,1.0,0.015983313686445552,0.022851791202479804,0.025824281134591464,0.0396413705527282,0.012878902867651728,0.0015943589420665378,0.026274746991702968
percival2014/stem,0.4700221763371706,0.015983313686445552,1.0,0.7158542497089955,0.7688636079122549,0.9975401870693885,0.7056798636749293,0.2997361866103302,0.9557915050152519
schreiber2014/default,0.9905788648597947,0.022851791202479804,0.7158542497089955,1.0,0.8763856935949215,0.6800071402648533,0.8712248610885013,0.8531276714689606,0.6969760517849704
schreiber2017/ismir2017,0.8261109106422302,0.025824281134591464,0.7688636079122549,0.8763856935949215,1.0,0.3197003968814401,0.9966553714834023,0.6775585469855834,0.691943559116408
schreiber2017/mirex2017,0.5410863822690017,0.0396413705527282,0.9975401870693885,0.6800071402648533,0.3197003968814401,1.0,0.7658737586805241,0.46530553143727693,0.9353337500778466
schreiber2018/cnn,0.8412208500928096,0.012878902867651728,0.7056798636749293,0.8712248610885013,0.9966553714834023,0.7658737586805241,1.0,0.6563607756461125,0.7871635535833919
schreiber2018/fcn,0.7103900383198305,0.0015943589420665378,0.2997361866103302,0.8531276714689606,0.6775585469855834,0.46530553143727693,0.6563607756461125,1.0,0.41669716532010304
schreiber2018/ismir2018,0.567808776724229,0.026274746991702968,0.9557915050152519,0.6969760517849704,0.691943559116408,0.9353337500778466,0.7871635535833919,0.41669716532010304,1.0
