{"boeck2015\/tempodetector2016_default":{"boeck2015\/tempodetector2016_default":1.0,"davies2009\/mirex_qm_tempotracker":0.1176749289,"percival2014\/stem":0.6950890949,"schreiber2014\/default":0.1983973886,"schreiber2017\/ismir2017":0.0505713645,"schreiber2017\/mirex2017":0.3678970758,"schreiber2018\/cnn":0.3156594887,"schreiber2018\/fcn":0.3099505279,"schreiber2018\/ismir2018":0.3255010291},"davies2009\/mirex_qm_tempotracker":{"boeck2015\/tempodetector2016_default":0.1176749289,"davies2009\/mirex_qm_tempotracker":1.0,"percival2014\/stem":0.1181629951,"schreiber2014\/default":0.4494326259,"schreiber2017\/ismir2017":0.6349082834,"schreiber2017\/mirex2017":0.6947859155,"schreiber2018\/cnn":0.4914785507,"schreiber2018\/fcn":0.4956001273,"schreiber2018\/ismir2018":0.4843641623},"percival2014\/stem":{"boeck2015\/tempodetector2016_default":0.6950890949,"davies2009\/mirex_qm_tempotracker":0.1181629951,"percival2014\/stem":1.0,"schreiber2014\/default":0.1972944168,"schreiber2017\/ismir2017":0.05082699,"schreiber2017\/mirex2017":0.370594535,"schreiber2018\/cnn":0.320241945,"schreiber2018\/fcn":0.3145530229,"schreiber2018\/ismir2018":0.33021412},"schreiber2014\/default":{"boeck2015\/tempodetector2016_default":0.1983973886,"davies2009\/mirex_qm_tempotracker":0.4494326259,"percival2014\/stem":0.1972944168,"schreiber2014\/default":1.0,"schreiber2017\/ismir2017":0.3340123584,"schreiber2017\/mirex2017":0.9995515714,"schreiber2018\/cnn":0.7991215314,"schreiber2018\/fcn":0.8058004008,"schreiber2018\/ismir2018":0.7896735517},"schreiber2017\/ismir2017":{"boeck2015\/tempodetector2016_default":0.0505713645,"davies2009\/mirex_qm_tempotracker":0.6349082834,"percival2014\/stem":0.05082699,"schreiber2014\/default":0.3340123584,"schreiber2017\/ismir2017":1.0,"schreiber2017\/mirex2017":0.1643178985,"schreiber2018\/cnn":0.1042627908,"schreiber2018\/fcn":0.1076941796,"schreiber2018\/ismir2018":0.1024795886},"schreiber2017\/mirex2017":{"boeck2015\/tempodetector2016_default":0.3678970758,"davies2009\/mirex_qm_tempotracker":0.6947859155,"percival2014\/stem":0.370594535,"schreiber2014\/default":0.9995515714,"schreiber2017\/ismir2017":0.1643178985,"schreiber2017\/mirex2017":1.0,"schreiber2018\/cnn":0.7482189376,"schreiber2018\/fcn":0.7534443139,"schreiber2018\/ismir2018":0.7332722373},"schreiber2018\/cnn":{"boeck2015\/tempodetector2016_default":0.3156594887,"davies2009\/mirex_qm_tempotracker":0.4914785507,"percival2014\/stem":0.320241945,"schreiber2014\/default":0.7991215314,"schreiber2017\/ismir2017":0.1042627908,"schreiber2017\/mirex2017":0.7482189376,"schreiber2018\/cnn":1.0,"schreiber2018\/fcn":0.71482106,"schreiber2018\/ismir2018":0.3342819434},"schreiber2018\/fcn":{"boeck2015\/tempodetector2016_default":0.3099505279,"davies2009\/mirex_qm_tempotracker":0.4956001273,"percival2014\/stem":0.3145530229,"schreiber2014\/default":0.8058004008,"schreiber2017\/ismir2017":0.1076941796,"schreiber2017\/mirex2017":0.7534443139,"schreiber2018\/cnn":0.71482106,"schreiber2018\/fcn":1.0,"schreiber2018\/ismir2018":0.1670784391},"schreiber2018\/ismir2018":{"boeck2015\/tempodetector2016_default":0.3255010291,"davies2009\/mirex_qm_tempotracker":0.4843641623,"percival2014\/stem":0.33021412,"schreiber2014\/default":0.7896735517,"schreiber2017\/ismir2017":0.1024795886,"schreiber2017\/mirex2017":0.7332722373,"schreiber2018\/cnn":0.3342819434,"schreiber2018\/fcn":0.1670784391,"schreiber2018\/ismir2018":1.0}}