Estimator,OE1_MEAN,OE1_STDEV,OE2_MEAN,OE2_STDEV
schreiber2018/ismir2018,0.09298282992223486,0.6969522106147505,-0.005377825815470046,0.162378366596744
boeck2015/tempodetector2016_default,0.13488042798826896,0.7012137850318982,0.020126329627613248,0.12055271611713828
schreiber2014/default,-0.29339669572760685,0.7506728885240211,-0.018726408806894235,0.1841547361363256
schreiber2018/fcn,-0.030904243471387517,0.7611499573359939,0.008686535205314821,0.1457122887399268
schreiber2018/cnn,0.038584877910476864,0.7807360025594173,-0.0010059007662254942,0.169551441642793
davies2009/mirex_qm_tempotracker,0.4535215870412142,0.7861055349170801,0.03811420994474489,0.13874458823109642
schreiber2017/mirex2017,-0.10628381958496959,0.8186748126019935,0.014041590298384947,0.15677121586461074
percival2014/stem,0.1186635327021381,0.8734430587879263,-0.005680114850667762,0.1663917104328079
schreiber2017/ismir2017,0.008470280947933437,0.9122678666340154,0.007237699039831484,0.16456063025942966
