Item,Reference,Estimate
RM-R004.jams,70.0,139.97108
RM-R012.jams,200.0,99.99061
RM-R013.jams,70.0,93.36662
RM-R014.jams,180.0,90.054634
