Estimator,boeck2015/tempodetector2016_default,davies2009/mirex_qm_tempotracker,percival2014/stem,schreiber2014/default,schreiber2017/ismir2017,schreiber2017/mirex2017
boeck2015/tempodetector2016_default,1.0,0.004180908203124999,0.2890624999999999,0.035156250000000014,0.0390625,0.0390625
davies2009/mirex_qm_tempotracker,0.004180908203124999,1.0,0.05737304687500002,0.6636238098144525,0.30175781250000017,0.30175781250000017
percival2014/stem,0.2890624999999999,0.05737304687500002,1.0,0.3592834472656249,0.548828125,0.548828125
schreiber2014/default,0.035156250000000014,0.6636238098144525,0.3592834472656249,1.0,0.7905273437500004,0.7905273437500004
schreiber2017/ismir2017,0.0390625,0.30175781250000017,0.548828125,0.7905273437500004,1.0,1.0
schreiber2017/mirex2017,0.0390625,0.30175781250000017,0.548828125,0.7905273437500004,1.0,1.0
