{"boeck2015\/tempodetector2016_default":{"0.0":null,"0.005":0.6811594203,"0.01":0.6582278481,"0.015":0.6385542169,"0.02":0.6395348837,"0.025":0.6344086022,"0.03":0.6344086022,"0.035":0.6382978723,"0.04":0.6530612245,"0.045":0.6530612245,"0.05":0.6530612245,"0.055":0.6530612245,"0.06":0.6530612245,"0.065":0.6530612245,"0.07":0.6530612245,"0.075":0.6530612245,"0.08":0.6530612245,"0.085":0.6530612245,"0.09":0.6530612245,"0.095":0.6565656566,"0.1":0.6565656566,"0.105":0.6565656566,"0.11":0.6565656566,"0.115":0.6565656566,"0.12":0.6565656566,"0.125":0.6565656566,"0.13":0.6565656566,"0.135":0.6565656566,"0.14":0.6565656566,"0.145":0.6565656566,"0.15":0.6565656566,"0.155":0.6565656566,"0.16":0.6565656566,"0.165":0.6565656566,"0.17":0.6565656566,"0.175":0.6565656566,"0.18":0.6565656566,"0.185":0.6565656566,"0.19":0.6565656566,"0.195":0.6565656566,"0.2":0.6565656566,"0.205":0.6565656566,"0.21":0.6565656566,"0.215":0.6565656566,"0.22":0.6565656566,"0.225":0.6565656566,"0.23":0.6565656566,"0.235":0.6565656566,"0.24":0.6565656566,"0.245":0.6565656566,"0.25":0.6565656566,"0.255":0.6565656566,"0.26":0.6565656566,"0.265":0.6565656566,"0.27":0.6565656566,"0.275":0.6565656566,"0.28":0.6565656566,"0.285":0.6565656566,"0.29":0.6565656566,"0.295":0.6565656566,"0.3":0.6565656566,"0.305":0.6565656566,"0.31":0.6565656566,"0.315":0.6565656566,"0.32":0.6565656566,"0.325":0.6565656566,"0.33":0.6565656566,"0.335":0.6565656566,"0.34":0.65,"0.345":0.65,"0.35":0.65,"0.355":0.65,"0.36":0.65,"0.365":0.65,"0.37":0.65,"0.375":0.65,"0.38":0.65,"0.385":0.65,"0.39":0.65,"0.395":0.65,"0.4":0.65,"0.405":0.65,"0.41":0.65,"0.415":0.65,"0.42":0.65,"0.425":0.65,"0.43":0.65,"0.435":0.65,"0.44":0.65,"0.445":0.65,"0.45":0.65,"0.455":0.65,"0.46":0.65,"0.465":0.65,"0.47":0.65,"0.475":0.65,"0.48":0.65,"0.485":0.65,"0.49":0.65,"0.495":0.65,"0.5":0.65},"davies2009\/mirex_qm_tempotracker":{"0.0":null,"0.005":0.8115942029,"0.01":0.7848101266,"0.015":0.7951807229,"0.02":0.8023255814,"0.025":0.7956989247,"0.03":0.7956989247,"0.035":0.7978723404,"0.04":0.7857142857,"0.045":0.7857142857,"0.05":0.7857142857,"0.055":0.7857142857,"0.06":0.7857142857,"0.065":0.7857142857,"0.07":0.7857142857,"0.075":0.7857142857,"0.08":0.7857142857,"0.085":0.7857142857,"0.09":0.7857142857,"0.095":0.7878787879,"0.1":0.7878787879,"0.105":0.7878787879,"0.11":0.7878787879,"0.115":0.7878787879,"0.12":0.7878787879,"0.125":0.7878787879,"0.13":0.7878787879,"0.135":0.7878787879,"0.14":0.7878787879,"0.145":0.7878787879,"0.15":0.7878787879,"0.155":0.7878787879,"0.16":0.7878787879,"0.165":0.7878787879,"0.17":0.7878787879,"0.175":0.7878787879,"0.18":0.7878787879,"0.185":0.7878787879,"0.19":0.7878787879,"0.195":0.7878787879,"0.2":0.7878787879,"0.205":0.7878787879,"0.21":0.7878787879,"0.215":0.7878787879,"0.22":0.7878787879,"0.225":0.7878787879,"0.23":0.7878787879,"0.235":0.7878787879,"0.24":0.7878787879,"0.245":0.7878787879,"0.25":0.7878787879,"0.255":0.7878787879,"0.26":0.7878787879,"0.265":0.7878787879,"0.27":0.7878787879,"0.275":0.7878787879,"0.28":0.7878787879,"0.285":0.7878787879,"0.29":0.7878787879,"0.295":0.7878787879,"0.3":0.7878787879,"0.305":0.7878787879,"0.31":0.7878787879,"0.315":0.7878787879,"0.32":0.7878787879,"0.325":0.7878787879,"0.33":0.7878787879,"0.335":0.7878787879,"0.34":0.79,"0.345":0.79,"0.35":0.79,"0.355":0.79,"0.36":0.79,"0.365":0.79,"0.37":0.79,"0.375":0.79,"0.38":0.79,"0.385":0.79,"0.39":0.79,"0.395":0.79,"0.4":0.79,"0.405":0.79,"0.41":0.79,"0.415":0.79,"0.42":0.79,"0.425":0.79,"0.43":0.79,"0.435":0.79,"0.44":0.79,"0.445":0.79,"0.45":0.79,"0.455":0.79,"0.46":0.79,"0.465":0.79,"0.47":0.79,"0.475":0.79,"0.48":0.79,"0.485":0.79,"0.49":0.79,"0.495":0.79,"0.5":0.79},"percival2014\/stem":{"0.0":null,"0.005":0.8550724638,"0.01":0.835443038,"0.015":0.843373494,"0.02":0.8488372093,"0.025":0.8387096774,"0.03":0.8387096774,"0.035":0.8404255319,"0.04":0.8469387755,"0.045":0.8469387755,"0.05":0.8469387755,"0.055":0.8469387755,"0.06":0.8469387755,"0.065":0.8469387755,"0.07":0.8469387755,"0.075":0.8469387755,"0.08":0.8469387755,"0.085":0.8469387755,"0.09":0.8469387755,"0.095":0.8484848485,"0.1":0.8484848485,"0.105":0.8484848485,"0.11":0.8484848485,"0.115":0.8484848485,"0.12":0.8484848485,"0.125":0.8484848485,"0.13":0.8484848485,"0.135":0.8484848485,"0.14":0.8484848485,"0.145":0.8484848485,"0.15":0.8484848485,"0.155":0.8484848485,"0.16":0.8484848485,"0.165":0.8484848485,"0.17":0.8484848485,"0.175":0.8484848485,"0.18":0.8484848485,"0.185":0.8484848485,"0.19":0.8484848485,"0.195":0.8484848485,"0.2":0.8484848485,"0.205":0.8484848485,"0.21":0.8484848485,"0.215":0.8484848485,"0.22":0.8484848485,"0.225":0.8484848485,"0.23":0.8484848485,"0.235":0.8484848485,"0.24":0.8484848485,"0.245":0.8484848485,"0.25":0.8484848485,"0.255":0.8484848485,"0.26":0.8484848485,"0.265":0.8484848485,"0.27":0.8484848485,"0.275":0.8484848485,"0.28":0.8484848485,"0.285":0.8484848485,"0.29":0.8484848485,"0.295":0.8484848485,"0.3":0.8484848485,"0.305":0.8484848485,"0.31":0.8484848485,"0.315":0.8484848485,"0.32":0.8484848485,"0.325":0.8484848485,"0.33":0.8484848485,"0.335":0.8484848485,"0.34":0.85,"0.345":0.85,"0.35":0.85,"0.355":0.85,"0.36":0.85,"0.365":0.85,"0.37":0.85,"0.375":0.85,"0.38":0.85,"0.385":0.85,"0.39":0.85,"0.395":0.85,"0.4":0.85,"0.405":0.85,"0.41":0.85,"0.415":0.85,"0.42":0.85,"0.425":0.85,"0.43":0.85,"0.435":0.85,"0.44":0.85,"0.445":0.85,"0.45":0.85,"0.455":0.85,"0.46":0.85,"0.465":0.85,"0.47":0.85,"0.475":0.85,"0.48":0.85,"0.485":0.85,"0.49":0.85,"0.495":0.85,"0.5":0.85},"schreiber2014\/default":{"0.0":null,"0.005":0.8550724638,"0.01":0.835443038,"0.015":0.8313253012,"0.02":0.8372093023,"0.025":0.8279569892,"0.03":0.8279569892,"0.035":0.829787234,"0.04":0.8265306122,"0.045":0.8265306122,"0.05":0.8265306122,"0.055":0.8265306122,"0.06":0.8265306122,"0.065":0.8265306122,"0.07":0.8265306122,"0.075":0.8265306122,"0.08":0.8265306122,"0.085":0.8265306122,"0.09":0.8265306122,"0.095":0.8181818182,"0.1":0.8181818182,"0.105":0.8181818182,"0.11":0.8181818182,"0.115":0.8181818182,"0.12":0.8181818182,"0.125":0.8181818182,"0.13":0.8181818182,"0.135":0.8181818182,"0.14":0.8181818182,"0.145":0.8181818182,"0.15":0.8181818182,"0.155":0.8181818182,"0.16":0.8181818182,"0.165":0.8181818182,"0.17":0.8181818182,"0.175":0.8181818182,"0.18":0.8181818182,"0.185":0.8181818182,"0.19":0.8181818182,"0.195":0.8181818182,"0.2":0.8181818182,"0.205":0.8181818182,"0.21":0.8181818182,"0.215":0.8181818182,"0.22":0.8181818182,"0.225":0.8181818182,"0.23":0.8181818182,"0.235":0.8181818182,"0.24":0.8181818182,"0.245":0.8181818182,"0.25":0.8181818182,"0.255":0.8181818182,"0.26":0.8181818182,"0.265":0.8181818182,"0.27":0.8181818182,"0.275":0.8181818182,"0.28":0.8181818182,"0.285":0.8181818182,"0.29":0.8181818182,"0.295":0.8181818182,"0.3":0.8181818182,"0.305":0.8181818182,"0.31":0.8181818182,"0.315":0.8181818182,"0.32":0.8181818182,"0.325":0.8181818182,"0.33":0.8181818182,"0.335":0.8181818182,"0.34":0.82,"0.345":0.82,"0.35":0.82,"0.355":0.82,"0.36":0.82,"0.365":0.82,"0.37":0.82,"0.375":0.82,"0.38":0.82,"0.385":0.82,"0.39":0.82,"0.395":0.82,"0.4":0.82,"0.405":0.82,"0.41":0.82,"0.415":0.82,"0.42":0.82,"0.425":0.82,"0.43":0.82,"0.435":0.82,"0.44":0.82,"0.445":0.82,"0.45":0.82,"0.455":0.82,"0.46":0.82,"0.465":0.82,"0.47":0.82,"0.475":0.82,"0.48":0.82,"0.485":0.82,"0.49":0.82,"0.495":0.82,"0.5":0.82},"schreiber2017\/ismir2017":{"0.0":null,"0.005":0.8695652174,"0.01":0.8734177215,"0.015":0.8795180723,"0.02":0.8837209302,"0.025":0.8709677419,"0.03":0.8709677419,"0.035":0.8723404255,"0.04":0.8673469388,"0.045":0.8673469388,"0.05":0.8673469388,"0.055":0.8673469388,"0.06":0.8673469388,"0.065":0.8673469388,"0.07":0.8673469388,"0.075":0.8673469388,"0.08":0.8673469388,"0.085":0.8673469388,"0.09":0.8673469388,"0.095":0.8686868687,"0.1":0.8686868687,"0.105":0.8686868687,"0.11":0.8686868687,"0.115":0.8686868687,"0.12":0.8686868687,"0.125":0.8686868687,"0.13":0.8686868687,"0.135":0.8686868687,"0.14":0.8686868687,"0.145":0.8686868687,"0.15":0.8686868687,"0.155":0.8686868687,"0.16":0.8686868687,