Item,cvar,1.0,0.1,davies2009/mirex_qm_tempotracker,percival2014/stem,schreiber2017/mirex2017,schreiber2017/ismir2017,boeck2015/tempodetector2016_default,schreiber2014/default
RM-P037.jams,0.003678966512492456,184.615384615383,184.0,92.2852,91.875,92.06549,92.06549,92.31,92.026054
RM-P041.jams,0.007056141473582724,199.99999999999952,200.0,101.333,99.8641,99.99061,99.99061,100.0,99.99061
