{"Count":{"3\/4":0.2,"4\/4":0.8,"Bass":0.2666666667,"Drum sequences":1.0,"English vocals":0.6666666667,"Female":0.6666666667,"Guitar":0.8,"Hi-hat only":0.4,"Male":0.3333333333}}