{"boeck2015\/tempodetector2016_default":{"0.0":null,"0.005":0.0037543587,"0.01":0.0043987646,"0.015":0.0040322008,"0.02":0.0040322008,"0.025":0.0040322008,"0.03":0.0040322008,"0.035":0.0040322008,"0.04":0.0037220315,"0.045":0.0034561721,"0.05":0.0034561721,"0.055":0.0037435343,"0.06":0.0037435343,"0.065":0.0037435343,"0.07":0.0037435343,"0.075":0.0037435343,"0.08":0.0037435343,"0.085":0.0037435343,"0.09":0.0037435343,"0.095":0.0037435343,"0.1":0.0037435343,"0.105":0.0037435343,"0.11":0.0037435343,"0.115":0.0037435343,"0.12":0.0037435343,"0.125":0.0037435343,"0.13":0.0037435343,"0.135":0.0037435343,"0.14":0.0037435343,"0.145":0.0037435343,"0.15":0.0037435343,"0.155":0.0037435343,"0.16":0.0037435343,"0.165":0.0037435343,"0.17":0.0037435343,"0.175":0.0037435343,"0.18":0.0037435343,"0.185":0.0037435343,"0.19":0.0037435343,"0.195":0.0037435343,"0.2":0.0037435343,"0.205":0.0037435343,"0.21":0.0037435343,"0.215":0.0037435343,"0.22":0.0037435343,"0.225":0.0037435343,"0.23":0.0037435343,"0.235":0.0037435343,"0.24":0.0037435343,"0.245":0.0037435343,"0.25":0.0037435343,"0.255":0.0037435343,"0.26":0.0037435343,"0.265":0.0037435343,"0.27":0.0037435343,"0.275":0.0037435343,"0.28":0.0037435343,"0.285":0.0037435343,"0.29":0.0037435343,"0.295":0.0037435343,"0.3":0.0037435343,"0.305":0.0037435343,"0.31":0.0037435343,"0.315":0.0037435343,"0.32":0.0037435343,"0.325":0.0037435343,"0.33":0.0037435343,"0.335":0.0037435343,"0.34":0.0037435343,"0.345":0.0037435343,"0.35":0.0037435343,"0.355":0.0037435343,"0.36":0.0037435343,"0.365":0.0037435343,"0.37":0.0037435343,"0.375":0.0037435343,"0.38":0.0037435343,"0.385":0.0037435343,"0.39":0.0037435343,"0.395":0.0037435343,"0.4":0.0037435343,"0.405":0.0037435343,"0.41":0.0037435343,"0.415":0.0037435343,"0.42":0.0037435343,"0.425":0.0037435343,"0.43":0.0037435343,"0.435":0.0037435343,"0.44":0.0037435343,"0.445":0.0037435343,"0.45":0.0037435343,"0.455":0.0037435343,"0.46":0.0037435343,"0.465":0.0037435343,"0.47":0.0037435343,"0.475":0.0037435343,"0.48":0.0037435343,"0.485":0.0037435343,"0.49":0.0037435343,"0.495":0.0037435343,"0.5":0.0037435343},"davies2009\/mirex_qm_tempotracker":{"0.0":null,"0.005":0.019845121,"0.01":0.0186798349,"0.015":0.0187151884,"0.02":0.0187151884,"0.025":0.0187151884,"0.03":0.0187151884,"0.035":0.0187151884,"0.04":0.0187447379,"0.045":0.0183667799,"0.05":0.0183667799,"0.055":0.0191832531,"0.06":0.0191832531,"0.065":0.0191832531,"0.07":0.0191832531,"0.075":0.0191832531,"0.08":0.0191832531,"0.085":0.0191832531,"0.09":0.0191832531,"0.095":0.0191832531,"0.1":0.0191832531,"0.105":0.0191832531,"0.11":0.0191832531,"0.115":0.0191832531,"0.12":0.0191832531,"0.125":0.0191832531,"0.13":0.0191832531,"0.135":0.0191832531,"0.14":0.0191832531,"0.145":0.0191832531,"0.15":0.0191832531,"0.155":0.0191832531,"0.16":0.0191832531,"0.165":0.0191832531,"0.17":0.0191832531,"0.175":0.0191832531,"0.18":0.0191832531,"0.185":0.0191832531,"0.19":0.0191832531,"0.195":0.0191832531,"0.2":0.0191832531,"0.205":0.0191832531,"0.21":0.0191832531,"0.215":0.0191832531,"0.22":0.0191832531,"0.225":0.0191832531,"0.23":0.0191832531,"0.235":0.0191832531,"0.24":0.0191832531,"0.245":0.0191832531,"0.25":0.0191832531,"0.255":0.0191832531,"0.26":0.0191832531,"0.265":0.0191832531,"0.27":0.0191832531,"0.275":0.0191832531,"0.28":0.0191832531,"0.285":0.0191832531,"0.29":0.0191832531,"0.295":0.0191832531,"0.3":0.0191832531,"0.305":0.0191832531,"0.31":0.0191832531,"0.315":0.0191832531,"0.32":0.0191832531,"0.325":0.0191832531,"0.33":0.0191832531,"0.335":0.0191832531,"0.34":0.0191832531,"0.345":0.0191832531,"0.35":0.0191832531,"0.355":0.0191832531,"0.36":0.0191832531,"0.365":0.0191832531,"0.37":0.0191832531,"0.375":0.0191832531,"0.38":0.0191832531,"0.385":0.0191832531,"0.39":0.0191832531,"0.395":0.0191832531,"0.4":0.0191832531,"0.405":0.0191832531,"0.41":0.0191832531,"0.415":0.0191832531,"0.42":0.0191832531,"0.425":0.0191832531,"0.43":0.0191832531,"0.435":0.0191832531,"0.44":0.0191832531,"0.445":0.0191832531,"0.45":0.0191832531,"0.455":0.0191832531,"0.46":0.0191832531,"0.465":0.0191832531,"0.47":0.0191832531,"0.475":0.0191832531,"0.48":0.0191832531,"0.485":0.0191832531,"0.49":0.0191832531,"0.495":0.0191832531,"0.5":0.0191832531},"percival2014\/stem":{"0.0":null,"0.005":0.0016606035,"0.01":0.0020162804,"0.015":0.0020117533,"0.02":0.0020117533,"0.025":0.0020117533,"0.03":0.0020117533,"0.035":0.0020117533,"0.04":0.0020078857,"0.045":0.0020234256,"0.05":0.0020234256,"0.055":0.0020975741,"0.06":0.0020975741,"0.065":0.0020975741,"0.07":0.0020975741,"0.075":0.0020975741,"0.08":0.0020975741,"0.085":0.0020975741,"0.09":0.0020975741,"0.095":0.0020975741,"0.1":0.0020975741,"0.105":0.0020975741,"0.11":0.0020975741,"0.115":0.0020975741,"0.12":0.0020975741,"0.125":0.0020975741,"0.13":0.0020975741,"0.135":0.0020975741,"0.14":0.0020975741,"0.145":0.0020975741,"0.15":0.0020975741,"0.155":0.0020975741,"0.16":0.0020975741,"0.165":0.0020975741,"0.17":0.0020975741,"0.175":0.0020975741,"0.18":0.0020975741,"0.185":0.0020975741,"0.19":0.0020975741,"0.195":0.0020975741,"0.2":0.0020975741,"0.205":0.0020975741,"0.21":0.0020975741,"0.215":0.0020975741,"0.22":0.0020975741,"0.225":0.0020975741,"0.23":0.0020975741,"0.235":0.0020975741,"0.24":0.0020975741,"0.245":0.0020975741,"0.25":0.0020975741,"0.255":0.0020975741,"0.26":0.0020975741,"0.265":0.0020975741,"0.27":0.0020975741,"0.275":0.0020975741,"0.28":0.0020975741,"0.285":0.0020975741,"0.29":0.0020975741,"0.295":0.0020975741,"0.3":0.0020975741,"0.305":0.0020975741,"0.31":0.0020975741,"0.315":0.0020975741,"0.32":0.0020975741,"0.325":0.0020975741,"0.33":0.0020975741,"0.335":0.0020975741,"0.34":0.0020975741,"0.345":0.0020975741,"0.35":0.0020975741,"0.355":0.0020975741,"0.36":0.0020975741,"0.365":0.0020975741,"0.37":0.0020975741,"0.375":0.0020975741,"0.38":0.0020975741,"0.385":0.0020975741,"0.39":0.0020975741,"0.395":0.0020975741,"0.4":0.0020975741,"0.405":0.0020975741,"0.41":0.0020975741,"0.415":0.0020975741,"0.42":0.0020975741,"0.425":0.0020975741,"0.43":0.0020975741,"0.435":0.0020975741,"0.44":0.0020975741,"0.445":0.0020975741,"0.45":0.0020975741,"0.455":0.0020975741,"0.46":0.0020975741,"0.465":0.0020975741,"0.47":0.0020975741,"0.475":0.0020975741,"0.48":0.0020975741,"0.485":0.0020975741,"0.49":0.0020975741,"0.495":0.0020975741,"0.5":0.0020975741},"schreiber2014\/default":{"0.0":null,"0.005":0.0428544198,"0.01":0.039207267,"0.015":0.0359512844,"0.02":0.0359512844,"0.025":0.0359512844,"0.03":0.0359512844,"0.035":0.0359512844,"0.04":0.0334298624,"0.045":0.0310424917,"0.05":0.0310424917,"0.055":0.0291699545,"0.06":0.0291699545,"0.065":0.0291699545,"0.07":0.0291699545,"0.075":0.0291699545,"0.08":0.0291699545,"0.085":0.0291699545,"0.09":0.0291699545,"0.095":0.0291699545,"0.1":0.0291699545,"0.105":0.0291699545,"0.11":0.0291699545,"0.115":0.0291699545,"0.12":0.0291699545,"0.125":0.0291699545,"0.13":0.0291699545,"0.135":0.0291699545,"0.14":0.0291699545,"0.145":0.0291699545,"0.15":0.0291699545,"0.155":0.0291699545,"0.16":0.0291699545,"0.165":0.0291699545,"0.17":0.0291699545,"0.175":0.0291699545,"0.18":0.0291699545,"0.185":0.0291699545,"0.19":0.0291699545,"0.195":0.0291699545,"0.2":0.0291699545,"0.205":0.0291699545,"0.21":0.0291699545,"0.215":0.0291699545,"0.22":0.0291699545,"0.225":0.0291699545,"0.23":0.0291699545,"0.235":0.0291699545,"0.24":0.0291699545,"0.245":0.0291699545,"0.25":0.0291699545,"0.255":0.0291699545,"0.26":0.0291699545,"0.265":0.0291699545,"0.27":0.0291699545,"0.275":0.0291699545,"0.28":0.0291699545,"0.285":0.0291699545,"0.29":0.0291699545,"0.295":0.0291699545,"0.3":0.0291699545,"0.305":0.0291699545,"0.31":0.0291699545,"0.315":0.0291699545,"0.32":0.0291699545,"0.325":0.0291699545,"0.33":0.0291699545,"0.335":0.0291699545,"0.34":0.0291699545,"0.345":0.0291699545,"0.35":0.0291699545,"0.355":0.0291699545,"0.36":0.0291699545,"0.365":0.0291699545,"0.37":0.0291699545,"0.375":0.0291699545,"0.38":0.0291699545,"0.385":0.0291699545,"0.39":0.0291699545,"0.395":0.0291699545,"0.4":0.0291699545,"0.405":0.0291699545,"0.41":0.0291699545,