{"boeck2015\/tempodetector2016_default":{"0.0":null,"0.005":null,"0.01":0.5033958919,"0.015":0.2919432608,"0.02":0.4492908058,"0.025":0.3694492528,"0.03":0.3415928649,"0.035":0.3620026809,"0.04":0.3262877168,"0.045":0.3087070835,"0.05":0.2936723828,"0.055":0.2639880109,"0.06":0.2757376286,"0.065":0.2694153178,"0.07":0.2694153178,"0.075":0.2638531817,"0.08":0.2638531817,"0.085":0.2638531817,"0.09":0.2579503341,"0.095":0.2690943525,"0.1":0.2690943525,"0.105":0.2690943525,"0.11":0.2639760277,"0.115":0.2587512649,"0.12":0.2537039659,"0.125":0.2537039659,"0.13":0.2537039659,"0.135":0.2537039659,"0.14":0.2537039659,"0.145":0.2537039659,"0.15":0.2604164317,"0.155":0.2604164317,"0.16":0.2604164317,"0.165":0.2604164317,"0.17":0.2604164317,"0.175":0.2604164317,"0.18":0.2604164317,"0.185":0.2604164317,"0.19":0.2604164317,"0.195":0.2604164317,"0.2":0.2604164317,"0.205":0.2604164317,"0.21":0.2604164317,"0.215":0.2604164317,"0.22":0.2604164317,"0.225":0.2604164317,"0.23":0.2604164317,"0.235":0.2604164317,"0.24":0.2604164317,"0.245":0.2604164317,"0.25":0.2604164317,"0.255":0.2604164317,"0.26":0.2604164317,"0.265":0.2604164317,"0.27":0.2604164317,"0.275":0.2604164317,"0.28":0.2604164317,"0.285":0.2604164317,"0.29":0.2604164317,"0.295":0.2604164317,"0.3":0.2604164317,"0.305":0.2604164317,"0.31":0.2604164317,"0.315":0.2604164317,"0.32":0.2604164317,"0.325":0.2604164317,"0.33":0.2604164317,"0.335":0.2604164317,"0.34":0.2604164317,"0.345":0.2604164317,"0.35":0.2604164317,"0.355":0.2604164317,"0.36":0.2604164317,"0.365":0.2604164317,"0.37":0.2604164317,"0.375":0.2604164317,"0.38":0.2604164317,"0.385":0.2604164317,"0.39":0.2604164317,"0.395":0.2604164317,"0.4":0.2604164317,"0.405":0.2604164317,"0.41":0.2604164317,"0.415":0.2604164317,"0.42":0.2604164317,"0.425":0.2604164317,"0.43":0.2604164317,"0.435":0.2604164317,"0.44":0.2604164317,"0.445":0.2604164317,"0.45":0.2604164317,"0.455":0.2604164317,"0.46":0.2604164317,"0.465":0.2604164317,"0.47":0.2604164317,"0.475":0.2604164317,"0.48":0.2604164317,"0.485":0.2604164317,"0.49":0.2604164317,"0.495":0.2604164317,"0.5":0.2604164317},"davies2009\/mirex_qm_tempotracker":{"0.0":null,"0.005":null,"0.01":0.0256792655,"0.015":0.0223513563,"0.02":0.3571451303,"0.025":0.3858519028,"0.03":0.4366308599,"0.035":0.6081193777,"0.04":0.5193059437,"0.045":0.485436693,"0.05":0.5332235265,"0.055":0.5421979066,"0.06":0.5537177244,"0.065":0.5411884673,"0.07":0.5411884673,"0.075":0.5294687705,"0.08":0.5294687705,"0.085":0.5294687705,"0.09":0.5181637346,"0.095":0.534792614,"0.1":0.534792614,"0.105":0.534792614,"0.11":0.5241837302,"0.115":0.5138727219,"0.12":0.5241699147,"0.125":0.5241699147,"0.13":0.5241699147,"0.135":0.5241699147,"0.14":0.5241699147,"0.145":0.5241699147,"0.15":0.5488465066,"0.155":0.5488465066,"0.16":0.5488465066,"0.165":0.5488465066,"0.17":0.5488465066,"0.175":0.5488465066,"0.18":0.5488465066,"0.185":0.5488465066,"0.19":0.5488465066,"0.195":0.5488465066,"0.2":0.5488465066,"0.205":0.5488465066,"0.21":0.5488465066,"0.215":0.5488465066,"0.22":0.5488465066,"0.225":0.5488465066,"0.23":0.5488465066,"0.235":0.5488465066,"0.24":0.5488465066,"0.245":0.5488465066,"0.25":0.5488465066,"0.255":0.5488465066,"0.26":0.5488465066,"0.265":0.5488465066,"0.27":0.5488465066,"0.275":0.5488465066,"0.28":0.5488465066,"0.285":0.5488465066,"0.29":0.5488465066,"0.295":0.5488465066,"0.3":0.5488465066,"0.305":0.5488465066,"0.31":0.5488465066,"0.315":0.5488465066,"0.32":0.5488465066,"0.325":0.5488465066,"0.33":0.5488465066,"0.335":0.5488465066,"0.34":0.5488465066,"0.345":0.5488465066,"0.35":0.5488465066,"0.355":0.5488465066,"0.36":0.5488465066,"0.365":0.5488465066,"0.37":0.5488465066,"0.375":0.5488465066,"0.38":0.5488465066,"0.385":0.5488465066,"0.39":0.5488465066,"0.395":0.5488465066,"0.4":0.5488465066,"0.405":0.5488465066,"0.41":0.5488465066,"0.415":0.5488465066,"0.42":0.5488465066,"0.425":0.5488465066,"0.43":0.5488465066,"0.435":0.5488465066,"0.44":0.5488465066,"0.445":0.5488465066,"0.45":0.5488465066,"0.455":0.5488465066,"0.46":0.5488465066,"0.465":0.5488465066,"0.47":0.5488465066,"0.475":0.5488465066,"0.48":0.5488465066,"0.485":0.5488465066,"0.49":0.5488465066,"0.495":0.5488465066,"0.5":0.5488465066},"percival2014\/stem":{"0.0":null,"0.005":null,"0.01":0.5007097742,"0.015":0.2871961258,"0.02":0.3342747257,"0.025":0.2741972251,"0.03":0.330894372,"0.035":0.292924747,"0.04":0.2723673551,"0.045":0.2678287805,"0.05":0.288052314,"0.055":0.2591915253,"0.06":0.2466529487,"0.065":0.2409738963,"0.07":0.2409738963,"0.075":0.2359267088,"0.08":0.2359267088,"0.085":0.2359267088,"0.09":0.2306080437,"0.095":0.220912155,"0.1":0.220912155,"0.105":0.220912155,"0.11":0.2162591824,"0.115":0.2119501006,"0.12":0.207898706,"0.125":0.207898706,"0.13":0.207898706,"0.135":0.207898706,"0.14":0.207898706,"0.145":0.207898706,"0.15":0.2283989084,"0.155":0.2283989084,"0.16":0.2283989084,"0.165":0.2283989084,"0.17":0.2283989084,"0.175":0.2283989084,"0.18":0.2283989084,"0.185":0.2283989084,"0.19":0.2283989084,"0.195":0.2283989084,"0.2":0.2283989084,"0.205":0.2283989084,"0.21":0.2283989084,"0.215":0.2283989084,"0.22":0.2283989084,"0.225":0.2283989084,"0.23":0.2283989084,"0.235":0.2283989084,"0.24":0.2283989084,"0.245":0.2283989084,"0.25":0.2283989084,"0.255":0.2283989084,"0.26":0.2283989084,"0.265":0.2283989084,"0.27":0.2283989084,"0.275":0.2283989084,"0.28":0.2283989084,"0.285":0.2283989084,"0.29":0.2283989084,"0.295":0.2283989084,"0.3":0.2283989084,"0.305":0.2283989084,"0.31":0.2283989084,"0.315":0.2283989084,"0.32":0.2283989084,"0.325":0.2283989084,"0.33":0.2283989084,"0.335":0.2283989084,"0.34":0.2283989084,"0.345":0.2283989084,"0.35":0.2283989084,"0.355":0.2283989084,"0.36":0.2283989084,"0.365":0.2283989084,"0.37":0.2283989084,"0.375":0.2283989084,"0.38":0.2283989084,"0.385":0.2283989084,"0.39":0.2283989084,"0.395":0.2283989084,"0.4":0.2283989084,"0.405":0.2283989084,"0.41":0.2283989084,"0.415":0.2283989084,"0.42":0.2283989084,"0.425":0.2283989084,"0.43":0.2283989084,"0.435":0.2283989084,"0.44":0.2283989084,"0.445":0.2283989084,"0.45":0.2283989084,"0.455":0.2283989084,"0.46":0.2283989084,"0.465":0.2283989084,"0.47":0.2283989084,"0.475":0.2283989084,"0.48":0.2283989084,"0.485":0.2283989084,"0.49":0.2283989084,"0.495":0.2283989084,"0.5":0.2283989084},"schreiber2014\/default":{"0.0":null,"0.005":null,"0.01":0.5003505609,"0.015":0.287422165,"0.02":0.4481689641,"0.025":0.4250038015,"0.03":0.3915348057,"0.035":0.3932622501,"0.04":0.3552946931,"0.045":0.3226504269,"0.05":0.2793601221,"0.055":0.269531827,"0.06":0.2592831613,"0.065":0.2687679012,"0.07":0.2687679012,"0.075":0.2704913488,"0.08":0.2704913488,"0.085":0.2704913488,"0.09":0.2646410418,"0.095":0.2557012045,"0.1":0.2557012045,"0.105":0.2557012045,"0.11":0.2652115253,"0.115":0.2606397851,"0.12":0.2659066016,"0.125":0.2659066016,"0.13":0.2659066016,"0.135":0.2659066016,"0.14":0.2659066016,"0.145":0.2659066016,"0.15":0.2929958835,"0.155":0.2929958835,"0.16":0.2929958835,"0.165":0.2929958835,"0.17":0.2929958835,"0.175":0.2929958835,"0.18":0.2929958835,"0.185":0.2929958835,"0.19":0.2929958835,"0.195":0.2929958835,"0.2":0.2929958835,"0.205":0.2929958835,"0.21":0.2929958835,"0.215":0.2929958835,"0.22":0.2929958835,"0.225":0.2929958835,"0.23":0.2929958835,"0.235":0.2929958835,"0.24":0.2929958835,"0.245":0.2929958835,"0.25":0.2929958835,"0.255":0.2929958835,"0.26":0.2929958835,"0.265":0.2929958835,"0.27":0.2929958835,"0.275":0.2929958835,"0.28":0.2929958835,"0.285":0.2929958835,"0.29":0.2929958835,"0.295":0.2929958835,"0.3":0.2929958835,"0.305":0.2929958835,"0.31":0.2929958835,"0.315":0.2929958835,"0.32":0.2929958835,"0.325":0.2929958835,"0.33":0.2929958835,"0.335":0.2929958835,"0.34":0.2929958835,"0.345":0.2929958835,"0.35":0.2929958835,"0.355":0.2929958835,"0.36":0.2929958835,"0.365":0.2929958835,"0.37":0.2929958835,"0.375":0.2929958835,"0.38":0.2929958835,"0.385":0.2929958835,"0.39":0.2929958835,"0.395":0.2929958835,"0.4":0.2929958835,"0.405":0.2929958835,"0.41":0.2929958835,"0.415":0.2929958835,"0.42":0.2929958835,"0.425":0.2929958835,