Estimator,boeck2015/tempodetector2016_default,davies2009/mirex_qm_tempotracker,percival2014/stem,schreiber2014/default,schreiber2017/ismir2017,schreiber2017/mirex2017,schreiber2018/cnn,schreiber2018/fcn,schreiber2018/ismir2018
boeck2015/tempodetector2016_default,1.0,3.2137554364646445e-07,0.6638507965594882,0.14678737924846638,0.5037732146307417,0.9287482198182905,0.052187441367496645,0.3398312009385791,0.027746418006604698
davies2009/mirex_qm_tempotracker,3.2137554364646445e-07,1.0,3.6982930791463574e-08,6.576743959193038e-10,1.938983129060153e-06,4.4952161581614774e-07,0.004864430123778064,3.3245931321201085e-05,0.0003342023366893892
percival2014/stem,0.6638507965594882,3.6982930791463574e-08,1.0,0.22192649129662165,0.21777021282985123,0.7864945302827748,0.011533727933686896,0.2567297796144758,0.01469699234424828
schreiber2014/default,0.14678737924846638,6.576743959193038e-10,0.22192649129662165,1.0,0.03953213025838043,0.21166622027473195,0.0003679227717557145,0.012562794472805757,0.0007507704134568329
schreiber2017/ismir2017,0.5037732146307417,1.938983129060153e-06,0.21777021282985123,0.03953213025838043,1.0,0.18235161896091995,0.1760497931827406,0.8964309707983241,0.22888531127992884
schreiber2017/mirex2017,0.9287482198182905,4.4952161581614774e-07,0.7864945302827748,0.21166622027473195,0.18235161896091995,1.0,0.036480633624761685,0.35482919063586504,0.060252892350366904
schreiber2018/cnn,0.052187441367496645,0.004864430123778064,0.011533727933686896,0.0003679227717557145,0.1760497931827406,0.036480633624761685,1.0,0.09886233188755142,0.6604435197342755
schreiber2018/fcn,0.3398312009385791,3.3245931321201085e-05,0.2567297796144758,0.012562794472805757,0.8964309707983241,0.35482919063586504,0.09886233188755142,1.0,0.2508116746790574
schreiber2018/ismir2018,0.027746418006604698,0.0003342023366893892,0.01469699234424828,0.0007507704134568329,0.22888531127992884,0.060252892350366904,0.6604435197342755,0.2508116746790574,1.0
