{"boeck2015\/tempodetector2016_default":{"0.0":null,"0.005":-0.0003974541,"0.01":-0.0002504456,"0.015":-0.0003120113,"0.02":-0.0003070974,"0.025":-0.0000344908,"0.03":-0.0000344908,"0.035":-0.0000341238,"0.04":-0.0000346867,"0.045":-0.0000346867,"0.05":-0.0000346867,"0.055":-0.0000346867,"0.06":-0.0000346867,"0.065":-0.0000346867,"0.07":-0.0000346867,"0.075":-0.0000346867,"0.08":-0.0000346867,"0.085":-0.0000346867,"0.09":-0.0000346867,"0.095":-0.0000343364,"0.1":-0.0000343364,"0.105":-0.0000343364,"0.11":-0.0000343364,"0.115":-0.0000343364,"0.12":-0.0000343364,"0.125":-0.0000343364,"0.13":-0.0000343364,"0.135":-0.0000343364,"0.14":-0.0000343364,"0.145":-0.0000343364,"0.15":-0.0000343364,"0.155":-0.0000343364,"0.16":-0.0000343364,"0.165":-0.0000343364,"0.17":-0.0000343364,"0.175":-0.0000343364,"0.18":-0.0000343364,"0.185":-0.0000343364,"0.19":-0.0000343364,"0.195":-0.0000343364,"0.2":-0.0000343364,"0.205":-0.0000343364,"0.21":-0.0000343364,"0.215":-0.0000343364,"0.22":-0.0000343364,"0.225":-0.0000343364,"0.23":-0.0000343364,"0.235":-0.0000343364,"0.24":-0.0000343364,"0.245":-0.0000343364,"0.25":-0.0000343364,"0.255":-0.0000343364,"0.26":-0.0000343364,"0.265":-0.0000343364,"0.27":-0.0000343364,"0.275":-0.0000343364,"0.28":-0.0000343364,"0.285":-0.0000343364,"0.29":-0.0000343364,"0.295":-0.0000343364,"0.3":-0.0000343364,"0.305":-0.0000343364,"0.31":-0.0000343364,"0.315":-0.0000343364,"0.32":-0.0000343364,"0.325":-0.0000343364,"0.33":-0.0000343364,"0.335":-0.0000343364,"0.34":-0.0000568827,"0.345":-0.0000568827,"0.35":-0.0000568827,"0.355":-0.0000568827,"0.36":-0.0000568827,"0.365":-0.0000568827,"0.37":-0.0000568827,"0.375":-0.0000568827,"0.38":-0.0000568827,"0.385":-0.0000568827,"0.39":-0.0000568827,"0.395":-0.0000568827,"0.4":-0.0000568827,"0.405":-0.0000568827,"0.41":-0.0000568827,"0.415":-0.0000568827,"0.42":-0.0000568827,"0.425":-0.0000568827,"0.43":-0.0000568827,"0.435":-0.0000568827,"0.44":-0.0000568827,"0.445":-0.0000568827,"0.45":-0.0000568827,"0.455":-0.0000568827,"0.46":-0.0000568827,"0.465":-0.0000568827,"0.47":-0.0000568827,"0.475":-0.0000568827,"0.48":-0.0000568827,"0.485":-0.0000568827,"0.49":-0.0000568827,"0.495":-0.0000568827,"0.5":-0.0000568827},"davies2009\/mirex_qm_tempotracker":{"0.0":null,"0.005":0.0206561448,"0.01":0.0252905713,"0.015":0.0247858464,"0.02":0.0243662545,"0.025":0.0244636948,"0.03":0.0244636948,"0.035":0.0244066776,"0.04":0.0243209661,"0.045":0.0243209661,"0.05":0.0243209661,"0.055":0.0243209661,"0.06":0.0243209661,"0.065":0.0243209661,"0.07":0.0243209661,"0.075":0.0243209661,"0.08":0.0243209661,"0.085":0.0243209661,"0.09":0.0243209661,"0.095":0.0241969678,"0.1":0.0241969678,"0.105":0.0241969678,"0.11":0.0241969678,"0.115":0.0241969678,"0.12":0.0241969678,"0.125":0.0241969678,"0.13":0.0241969678,"0.135":0.0241969678,"0.14":0.0241969678,"0.145":0.0241969678,"0.15":0.0241969678,"0.155":0.0241969678,"0.16":0.0241969678,"0.165":0.0241969678,"0.17":0.0241969678,"0.175":0.0241969678,"0.18":0.0241969678,"0.185":0.0241969678,"0.19":0.0241969678,"0.195":0.0241969678,"0.2":0.0241969678,"0.205":0.0241969678,"0.21":0.0241969678,"0.215":0.0241969678,"0.22":0.0241969678,"0.225":0.0241969678,"0.23":0.0241969678,"0.235":0.0241969678,"0.24":0.0241969678,"0.245":0.0241969678,"0.25":0.0241969678,"0.255":0.0241969678,"0.26":0.0241969678,"0.265":0.0241969678,"0.27":0.0241969678,"0.275":0.0241969678,"0.28":0.0241969678,"0.285":0.0241969678,"0.29":0.0241969678,"0.295":0.0241969678,"0.3":0.0241969678,"0.305":0.0241969678,"0.31":0.0241969678,"0.315":0.0241969678,"0.32":0.0241969678,"0.325":0.0241969678,"0.33":0.0241969678,"0.335":0.0241969678,"0.34":0.0240776421,"0.345":0.0240776421,"0.35":0.0240776421,"0.355":0.0240776421,"0.36":0.0240776421,"0.365":0.0240776421,"0.37":0.0240776421,"0.375":0.0240776421,"0.38":0.0240776421,"0.385":0.0240776421,"0.39":0.0240776421,"0.395":0.0240776421,"0.4":0.0240776421,"0.405":0.0240776421,"0.41":0.0240776421,"0.415":0.0240776421,"0.42":0.0240776421,"0.425":0.0240776421,"0.43":0.0240776421,"0.435":0.0240776421,"0.44":0.0240776421,"0.445":0.0240776421,"0.45":0.0240776421,"0.455":0.0240776421,"0.46":0.0240776421,"0.465":0.0240776421,"0.47":0.0240776421,"0.475":0.0240776421,"0.48":0.0240776421,"0.485":0.0240776421,"0.49":0.0240776421,"0.495":0.0240776421,"0.5":0.0240776421},"percival2014\/stem":{"0.0":null,"0.005":0.0000023374,"0.01":0.0000849216,"0.015":0.0001859678,"0.02":0.0001173473,"0.025":0.0001278675,"0.03":0.0001278675,"0.035":0.0001056354,"0.04":0.0002149186,"0.045":0.0002149186,"0.05":0.0002149186,"0.055":0.0002149186,"0.06":0.0002149186,"0.065":0.0002149186,"0.07":0.0002149186,"0.075":0.0002149186,"0.08":0.0002149186,"0.085":0.0002149186,"0.09":0.0002149186,"0.095":0.0002458192,"0.1":0.0002458192,"0.105":0.0002458192,"0.11":0.0002458192,"0.115":0.0002458192,"0.12":0.0002458192,"0.125":0.0002458192,"0.13":0.0002458192,"0.135":0.0002458192,"0.14":0.0002458192,"0.145":0.0002458192,"0.15":0.0002458192,"0.155":0.0002458192,"0.16":0.0002458192,"0.165":0.0002458192,"0.17":0.0002458192,"0.175":0.0002458192,"0.18":0.0002458192,"0.185":0.0002458192,"0.19":0.0002458192,"0.195":0.0002458192,"0.2":0.0002458192,"0.205":0.0002458192,"0.21":0.0002458192,"0.215":0.0002458192,"0.22":0.0002458192,"0.225":0.0002458192,"0.23":0.0002458192,"0.235":0.0002458192,"0.24":0.0002458192,"0.245":0.0002458192,"0.25":0.0002458192,"0.255":0.0002458192,"0.26":0.0002458192,"0.265":0.0002458192,"0.27":0.0002458192,"0.275":0.0002458192,"0.28":0.0002458192,"0.285":0.0002458192,"0.29":0.0002458192,"0.295":0.0002458192,"0.3":0.0002458192,"0.305":0.0002458192,"0.31":0.0002458192,"0.315":0.0002458192,"0.32":0.0002458192,"0.325":0.0002458192,"0.33":0.0002458192,"0.335":0.0002458192,"0.34":0.0002354458,"0.345":0.0002354458,"0.35":0.0002354458,"0.355":0.0002354458,"0.36":0.0002354458,"0.365":0.0002354458,"0.37":0.0002354458,"0.375":0.0002354458,"0.38":0.0002354458,"0.385":0.0002354458,"0.39":0.0002354458,"0.395":0.0002354458,"0.4":0.0002354458,"0.405":0.0002354458,"0.41":0.0002354458,"0.415":0.0002354458,"0.42":0.0002354458,"0.425":0.0002354458,"0.43":0.0002354458,"0.435":0.0002354458,"0.44":0.0002354458,"0.445":0.0002354458,"0.45":0.0002354458,"0.455":0.0002354458,"0.46":0.0002354458,"0.465":0.0002354458,"0.47":0.0002354458,"0.475":0.0002354458,"0.48":0.0002354458,"0.485":0.0002354458,"0.49":0.0002354458,"0.495":0.0002354458,"0.5":0.0002354458},"schreiber2014\/default":{"0.0":null,"0.005":-0.0060174493,"0.01":-0.0107245849,"0.015":-0.0101508741,"0.02":-0.0097769566,"0.025":-0.0090836696,"0.03":-0.0090836696,"0.035":-0.0089884761,"0.04":-0.0104784351,"0.045":-0.0104784351,"0.05":-0.0104784351,"0.055":-0.0104784351,"0.06":-0.0104784351,"0.065":-0.0104784351,"0.07":-0.0104784351,"0.075":-0.0104784351,"0.08":-0.0104784351,"0.085":-0.0104784351,"0.09":-0.0104784351,"0.095":-0.0136085312,"0.1":-0.0136085312,"0.105":-0.0136085312,"0.11":-0.0136085312,"0.115":-0.0136085312,"0.12":-0.0136085312,"0.125":-0.0136085312,"0.13":-0.0136085312,"0.135":-0.0136085312,"0.14":-0.0136085312,"0.145":-0.0136085312,"0.15":-0.0136085312,"0.155":-0.0136085312,"0.16":-0.0136085312,"0.165":-0.0136085312,"0.17":-0.0136085312,"0.175":-0.0136085312,"0.18":-0.0136085312,"0.185":-0.0136085312,"0.19":-0.0136085312,"0.195":-0.0136085312,"0.2":-0.0136085312,"0.205":-0.0136085312,"0.21":-0.0136085312,"0.215":-0.0136085312,"0.22":-0.0136085312,"0.225":-0.0136085312,"0.23":-0.0136085312,"0.235":-0.0136085312,"0.24":-0.0136085312,"0.245":-0.0136085312,"0.25":-0.0136085312,"0.255":-0.0136085312,"0.26":-0.0136085312,"0.265":-0.0136085312,"0.27":-0.0136085312,"0.275":-0.0136085312,"0.28":-0.0136085312,"0.285":-0.0136085312,"0.29":-0.0136085312,"0.295":-0.0136085312,"0.3":-0.0136085312,"0.305":-0.0136085312,"0.31":-0.0136085312,"0.315":-0.0136085312,"0.32":-0.0136085312,"0.325":-0.0136085312,"0.33":-0.0136085312,"0.335":-0.0136085312,"0.34":-0.013496612,"0.345":-0.013496612,"0.35":-0.013496612,"0.355":-0.013496612,"0.36":-0.013496612,"0.365":-0.013496612,"0.37":-0.013496612,