{"Size":{"boeck2015\/tempodetector2016_default":61,"davies2009\/mirex_qm_tempotracker":61,"percival2014\/stem":61,"schreiber2014\/default":61,"schreiber2017\/ismir2017":61,"schreiber2017\/mirex2017":61},"Min":{"boeck2015\/tempodetector2016_default":45.8,"davies2009\/mirex_qm_tempotracker":70.7941,"percival2014\/stem":59.2317,"schreiber2014\/default":49.936157,"schreiber2017\/ismir2017":40.21704,"schreiber2017\/mirex2017":40.21704},"Max":{"boeck2015\/tempodetector2016_default":200.0,"davies2009\/mirex_qm_tempotracker":198.768,"percival2014\/stem":151.999,"schreiber2014\/default":129.40424,"schreiber2017\/ismir2017":174.43156,"schreiber2017\/mirex2017":155.58475},"Avg":{"boeck2015\/tempodetector2016_default":113.1827868852,"davies2009\/mirex_qm_tempotracker":135.7746590164,"percival2014\/stem":109.6634852459,"schreiber2014\/default":81.5603806721,"schreiber2017\/ismir2017":99.3532859508,"schreiber2017\/mirex2017":94.9476390492},"Stdev":{"boeck2015\/tempodetector2016_default":36.4240933601,"davies2009\/mirex_qm_tempotracker":24.1284015245,"percival2014\/stem":28.1490168435,"schreiber2014\/default":18.8738949714,"schreiber2017\/ismir2017":35.8479003914,"schreiber2017\/mirex2017":34.7532063362},"Sweet Oct. Start":{"boeck2015\/tempodetector2016_default":91.0,"davies2009\/mirex_qm_tempotracker":100.0,"percival2014\/stem":76.0,"schreiber2014\/default":57.0,"schreiber2017\/ismir2017":65.0,"schreiber2017\/mirex2017":64.0},"Sweet Oct. Coverage":{"boeck2015\/tempodetector2016_default":0.6721311475,"davies2009\/mirex_qm_tempotracker":0.9672131148,"percival2014\/stem":0.8360655738,"schreiber2014\/default":0.9180327869,"schreiber2017\/ismir2017":0.5901639344,"schreiber2017\/mirex2017":0.5901639344}}