{"Size":{"boeck2015\/tempodetector2016_default":100,"davies2009\/mirex_qm_tempotracker":100,"percival2014\/stem":100,"schreiber2014\/default":100,"schreiber2017\/ismir2017":100,"schreiber2017\/mirex2017":100},"Min":{"boeck2015\/tempodetector2016_default":41.96,"davies2009\/mirex_qm_tempotracker":80.7495,"percival2014\/stem":60.0927,"schreiber2014\/default":59.93128,"schreiber2017\/ismir2017":41.360466,"schreiber2017\/mirex2017":41.360466},"Max":{"boeck2015\/tempodetector2016_default":187.5,"davies2009\/mirex_qm_tempotracker":178.206,"percival2014\/stem":148.719,"schreiber2014\/default":157.9899,"schreiber2017\/ismir2017":160.00073,"schreiber2017\/mirex2017":160.00073},"Avg":{"boeck2015\/tempodetector2016_default":90.9881,"davies2009\/mirex_qm_tempotracker":123.002108,"percival2014\/stem":102.90737,"schreiber2014\/default":101.33373743,"schreiber2017\/ismir2017":109.27246236,"schreiber2017\/mirex2017":109.27246236},"Stdev":{"boeck2015\/tempodetector2016_default":31.6232367798,"davies2009\/mirex_qm_tempotracker":24.2846571978,"percival2014\/stem":22.3270721299,"schreiber2014\/default":22.5472050031,"schreiber2017\/ismir2017":25.2734444273,"schreiber2017\/mirex2017":25.2734444273},"Sweet Oct. Start":{"boeck2015\/tempodetector2016_default":54.0,"davies2009\/mirex_qm_tempotracker":87.0,"percival2014\/stem":70.0,"schreiber2014\/default":68.0,"schreiber2017\/ismir2017":69.0,"schreiber2017\/mirex2017":69.0},"Sweet Oct. Coverage":{"boeck2015\/tempodetector2016_default":0.67,"davies2009\/mirex_qm_tempotracker":0.95,"percival2014\/stem":0.94,"schreiber2014\/default":0.92,"schreiber2017\/ismir2017":0.88,"schreiber2017\/mirex2017":0.88}}