Estimator,boeck2015/tempodetector2016_default,davies2009/mirex_qm_tempotracker,percival2014/stem,schreiber2014/default,schreiber2017/ismir2017,schreiber2017/mirex2017,schreiber2018/cnn,schreiber2018/fcn,schreiber2018/ismir2018
boeck2015/tempodetector2016_default,1.0,0.024996591211061552,0.11826682221321806,0.0021241935076492034,0.05463798934017143,0.0944184706738166,0.0213194599318963,0.09268531973964056,0.2361075467944507
davies2009/mirex_qm_tempotracker,0.024996591211061552,1.0,0.006765139487749482,0.30163078623160605,0.9654947290869729,0.679551277918529,0.989947036722572,0.4637297240771715,0.24638622750062147
percival2014/stem,0.11826682221321806,0.006765139487749482,1.0,0.000448583022068675,0.019786371741075365,0.030154448735157893,0.010970106260007266,0.027134903945993816,0.06666470257642318
schreiber2014/default,0.0021241935076492034,0.30163078623160605,0.000448583022068675,1.0,0.03959609765261714,0.007850331265324795,0.20746444295077263,0.028671281748662732,0.002354675379843257
schreiber2017/ismir2017,0.05463798934017143,0.9654947290869729,0.019786371741075365,0.03959609765261714,1.0,0.3222232942800578,0.947893002358571,0.4465284357177304,0.11943361164496864
schreiber2017/mirex2017,0.0944184706738166,0.679551277918529,0.030154448735157893,0.007850331265324795,0.3222232942800578,1.0,0.5950760982650747,0.7728223611098329,0.20119545663345162
schreiber2018/cnn,0.0213194599318963,0.989947036722572,0.010970106260007266,0.20746444295077263,0.947893002358571,0.5950760982650747,1.0,0.20440640309635014,0.095549232751431
schreiber2018/fcn,0.09268531973964056,0.4637297240771715,0.027134903945993816,0.028671281748662732,0.4465284357177304,0.7728223611098329,0.20440640309635014,1.0,0.24370685666706632
schreiber2018/ismir2018,0.2361075467944507,0.24638622750062147,0.06666470257642318,0.002354675379843257,0.11943361164496864,0.20119545663345162,0.095549232751431,0.24370685666706632,1.0
