{"1.0":{"0.0":0.0,"0.005":0.0490196078,"0.01":0.2549019608,"0.015":0.3333333333,"0.02":0.3823529412,"0.025":0.4607843137,"0.03":0.5098039216,"0.035":0.5784313725,"0.04":0.6078431373,"0.045":0.6274509804,"0.05":0.6666666667,"0.055":0.6862745098,"0.06":0.6960784314,"0.065":0.7254901961,"0.07":0.7254901961,"0.075":0.7352941176,"0.08":0.7450980392,"0.085":0.7549019608,"0.09":0.7647058824,"0.095":0.7745098039,"0.1":0.7941176471,"0.105":0.7941176471,"0.11":0.8137254902,"0.115":0.8137254902,"0.12":0.8137254902,"0.125":0.8137254902,"0.13":0.8137254902,"0.135":0.8137254902,"0.14":0.8137254902,"0.145":0.8137254902,"0.15":0.8137254902,"0.155":0.8235294118,"0.16":0.8333333333,"0.165":0.8431372549,"0.17":0.8529411765,"0.175":0.862745098,"0.18":0.862745098,"0.185":0.862745098,"0.19":0.862745098,"0.195":0.8725490196,"0.2":0.8725490196,"0.205":0.8823529412,"0.21":0.8823529412,"0.215":0.8823529412,"0.22":0.8921568627,"0.225":0.9019607843,"0.23":0.9019607843,"0.235":0.9019607843,"0.24":0.9117647059,"0.245":0.9117647059,"0.25":0.9117647059,"0.255":0.9117647059,"0.26":0.9215686275,"0.265":0.9411764706,"0.27":0.9411764706,"0.275":0.9607843137,"0.28":0.9607843137,"0.285":0.9705882353,"0.29":0.9705882353,"0.295":0.9705882353,"0.3":0.9803921569,"0.305":0.9803921569,"0.31":0.9901960784,"0.315":0.9901960784,"0.32":0.9901960784,"0.325":0.9901960784,"0.33":0.9901960784,"0.335":0.9901960784,"0.34":0.9901960784,"0.345":0.9901960784,"0.35":0.9901960784,"0.355":0.9901960784,"0.36":0.9901960784,"0.365":0.9901960784,"0.37":0.9901960784,"0.375":0.9901960784,"0.38":0.9901960784,"0.385":0.9901960784,"0.39":0.9901960784,"0.395":0.9901960784,"0.4":0.9901960784,"0.405":0.9901960784,"0.41":0.9901960784,"0.415":0.9901960784,"0.42":0.9901960784,"0.425":0.9901960784,"0.43":0.9901960784,"0.435":1.0,"0.44":1.0,"0.445":1.0,"0.45":1.0,"0.455":1.0,"0.46":1.0,"0.465":1.0,"0.47":1.0,"0.475":1.0,"0.48":1.0,"0.485":1.0,"0.49":1.0,"0.495":1.0,"0.5":1.0}}