Reference,Size,Min,Max,Avg,Stdev,Sweet Oct. Start,Sweet Oct. Coverage
0.1,15,70.0,200.0,114.0,37.207910065315026,66.0,0.8666666666666667
1.0,15,69.97084548104957,199.99999999999952,113.97273413551156,37.249436408053406,65.0,0.8666666666666667
