Item,Reference,Estimate
RM-P004.jams,86.02150537634411,172
RM-P034.jams,93.16770186335407,186
RM-P041.jams,199.99999999999952,100
RM-P048.jams,86.02150537634434,172
RM-P056.jams,74.3034055727563,148
RM-P069.jams,62.01550387596892,124
RM-P071.jams,140.3508771929818,70
RM-P077.jams,120.0,60
RM-P083.jams,140.3508771929818,70
RM-P097.jams,94.11764705882311,188
