{"boeck2015\/tempodetector2016_default":{"0.0":null,"0.005":null,"0.01":0.5,"0.015":0.7142857143,"0.02":0.5555555556,"0.025":0.6363636364,"0.03":0.6666666667,"0.035":0.6470588235,"0.04":0.6818181818,"0.045":0.7,"0.05":0.7142857143,"0.055":0.7435897436,"0.06":0.7317073171,"0.065":0.7380952381,"0.07":0.7380952381,"0.075":0.7441860465,"0.08":0.7441860465,"0.085":0.7441860465,"0.09":0.75,"0.095":0.7391304348,"0.1":0.7391304348,"0.105":0.7391304348,"0.11":0.7446808511,"0.115":0.75,"0.12":0.7551020408,"0.125":0.7551020408,"0.13":0.7551020408,"0.135":0.7551020408,"0.14":0.7551020408,"0.145":0.7551020408,"0.15":0.74,"0.155":0.74,"0.16":0.74,"0.165":0.74,"0.17":0.74,"0.175":0.74,"0.18":0.74,"0.185":0.74,"0.19":0.74,"0.195":0.74,"0.2":0.74,"0.205":0.74,"0.21":0.74,"0.215":0.74,"0.22":0.74,"0.225":0.74,"0.23":0.74,"0.235":0.74,"0.24":0.74,"0.245":0.74,"0.25":0.74,"0.255":0.74,"0.26":0.74,"0.265":0.74,"0.27":0.74,"0.275":0.74,"0.28":0.74,"0.285":0.74,"0.29":0.74,"0.295":0.74,"0.3":0.74,"0.305":0.74,"0.31":0.74,"0.315":0.74,"0.32":0.74,"0.325":0.74,"0.33":0.74,"0.335":0.74,"0.34":0.74,"0.345":0.74,"0.35":0.74,"0.355":0.74,"0.36":0.74,"0.365":0.74,"0.37":0.74,"0.375":0.74,"0.38":0.74,"0.385":0.74,"0.39":0.74,"0.395":0.74,"0.4":0.74,"0.405":0.74,"0.41":0.74,"0.415":0.74,"0.42":0.74,"0.425":0.74,"0.43":0.74,"0.435":0.74,"0.44":0.74,"0.445":0.74,"0.45":0.74,"0.455":0.74,"0.46":0.74,"0.465":0.74,"0.47":0.74,"0.475":0.74,"0.48":0.74,"0.485":0.74,"0.49":0.74,"0.495":0.74,"0.5":0.74},"davies2009\/mirex_qm_tempotracker":{"0.0":null,"0.005":null,"0.01":1.0,"0.015":1.0,"0.02":0.7777777778,"0.025":0.7272727273,"0.03":0.6666666667,"0.035":0.4705882353,"0.04":0.5454545455,"0.045":0.5666666667,"0.05":0.5142857143,"0.055":0.4871794872,"0.06":0.4634146341,"0.065":0.4761904762,"0.07":0.4761904762,"0.075":0.488372093,"0.08":0.488372093,"0.085":0.488372093,"0.09":0.5,"0.095":0.4782608696,"0.1":0.4782608696,"0.105":0.4782608696,"0.11":0.4893617021,"0.115":0.5,"0.12":0.4897959184,"0.125":0.4897959184,"0.13":0.4897959184,"0.135":0.4897959184,"0.14":0.4897959184,"0.145":0.4897959184,"0.15":0.48,"0.155":0.48,"0.16":0.48,"0.165":0.48,"0.17":0.48,"0.175":0.48,"0.18":0.48,"0.185":0.48,"0.19":0.48,"0.195":0.48,"0.2":0.48,"0.205":0.48,"0.21":0.48,"0.215":0.48,"0.22":0.48,"0.225":0.48,"0.23":0.48,"0.235":0.48,"0.24":0.48,"0.245":0.48,"0.25":0.48,"0.255":0.48,"0.26":0.48,"0.265":0.48,"0.27":0.48,"0.275":0.48,"0.28":0.48,"0.285":0.48,"0.29":0.48,"0.295":0.48,"0.3":0.48,"0.305":0.48,"0.31":0.48,"0.315":0.48,"0.32":0.48,"0.325":0.48,"0.33":0.48,"0.335":0.48,"0.34":0.48,"0.345":0.48,"0.35":0.48,"0.355":0.48,"0.36":0.48,"0.365":0.48,"0.37":0.48,"0.375":0.48,"0.38":0.48,"0.385":0.48,"0.39":0.48,"0.395":0.48,"0.4":0.48,"0.405":0.48,"0.41":0.48,"0.415":0.48,"0.42":0.48,"0.425":0.48,"0.43":0.48,"0.435":0.48,"0.44":0.48,"0.445":0.48,"0.45":0.48,"0.455":0.48,"0.46":0.48,"0.465":0.48,"0.47":0.48,"0.475":0.48,"0.48":0.48,"0.485":0.48,"0.49":0.48,"0.495":0.48,"0.5":0.48},"percival2014\/stem":{"0.0":null,"0.005":null,"0.01":0.5,"0.015":0.7142857143,"0.02":0.6666666667,"0.025":0.7272727273,"0.03":0.6666666667,"0.035":0.7058823529,"0.04":0.7272727273,"0.045":0.7333333333,"0.05":0.7142857143,"0.055":0.7435897436,"0.06":0.756097561,"0.065":0.7619047619,"0.07":0.7619047619,"0.075":0.7674418605,"0.08":0.7674418605,"0.085":0.7674418605,"0.09":0.7727272727,"0.095":0.7826086957,"0.1":0.7826086957,"0.105":0.7826086957,"0.11":0.7872340426,"0.115":0.7916666667,"0.12":0.7959183673,"0.125":0.7959183673,"0.13":0.7959183673,"0.135":0.7959183673,"0.14":0.7959183673,"0.145":0.7959183673,"0.15":0.78,"0.155":0.78,"0.16":0.78,"0.165":0.78,"0.17":0.78,"0.175":0.78,"0.18":0.78,"0.185":0.78,"0.19":0.78,"0.195":0.78,"0.2":0.78,"0.205":0.78,"0.21":0.78,"0.215":0.78,"0.22":0.78,"0.225":0.78,"0.23":0.78,"0.235":0.78,"0.24":0.78,"0.245":0.78,"0.25":0.78,"0.255":0.78,"0.26":0.78,"0.265":0.78,"0.27":0.78,"0.275":0.78,"0.28":0.78,"0.285":0.78,"0.29":0.78,"0.295":0.78,"0.3":0.78,"0.305":0.78,"0.31":0.78,"0.315":0.78,"0.32":0.78,"0.325":0.78,"0.33":0.78,"0.335":0.78,"0.34":0.78,"0.345":0.78,"0.35":0.78,"0.355":0.78,"0.36":0.78,"0.365":0.78,"0.37":0.78,"0.375":0.78,"0.38":0.78,"0.385":0.78,"0.39":0.78,"0.395":0.78,"0.4":0.78,"0.405":0.78,"0.41":0.78,"0.415":0.78,"0.42":0.78,"0.425":0.78,"0.43":0.78,"0.435":0.78,"0.44":0.78,"0.445":0.78,"0.45":0.78,"0.455":0.78,"0.46":0.78,"0.465":0.78,"0.47":0.78,"0.475":0.78,"0.48":0.78,"0.485":0.78,"0.49":0.78,"0.495":0.78,"0.5":0.78},"schreiber2014\/default":{"0.0":null,"0.005":null,"0.01":0.5,"0.015":0.7142857143,"0.02":0.5555555556,"0.025":0.5454545455,"0.03":0.5833333333,"0.035":0.5882352941,"0.04":0.5909090909,"0.045":0.5333333333,"0.05":0.6,"0.055":0.6153846154,"0.06":0.6097560976,"0.065":0.5952380952,"0.07":0.5952380952,"0.075":0.5813953488,"0.08":0.5813953488,"0.085":0.5813953488,"0.09":0.5909090909,"0.095":0.5869565217,"0.1":0.5869565217,"0.105":0.5869565217,"0.11":0.5744680851,"0.115":0.5833333333,"0.12":0.5714285714,"0.125":0.5714285714,"0.13":0.5714285714,"0.135":0.5714285714,"0.14":0.5714285714,"0.145":0.5714285714,"0.15":0.56,"0.155":0.56,"0.16":0.56,"0.165":0.56,"0.17":0.56,"0.175":0.56,"0.18":0.56,"0.185":0.56,"0.19":0.56,"0.195":0.56,"0.2":0.56,"0.205":0.56,"0.21":0.56,"0.215":0.56,"0.22":0.56,"0.225":0.56,"0.23":0.56,"0.235":0.56,"0.24":0.56,"0.245":0.56,"0.25":0.56,"0.255":0.56,"0.26":0.56,"0.265":0.56,"0.27":0.56,"0.275":0.56,"0.28":0.56,"0.285":0.56,"0.29":0.56,"0.295":0.56,"0.3":0.56,"0.305":0.56,"0.31":0.56,"0.315":0.56,"0.32":0.56,"0.325":0.56,"0.33":0.56,"0.335":0.56,"0.34":0.56,"0.345":0.56,"0.35":0.56,"0.355":0.56,"0.36":0.56,"0.365":0.56,"0.37":0.56,"0.375":0.56,"0.38":0.56,"0.385":0.56,"0.39":0.56,"0.395":0.56,"0.4":0.56,"0.405":0.56,"0.41":0.56,"0.415":0.56,"0.42":0.56,"0.425":0.56,"0.43":0.56,"0.435":0.56,"0.44":0.56,"0.445":0.56,"0.45":0.56,"0.455":0.56,"0.46":0.56,"0.465":0.56,"0.47":0.56,"0.475":0.56,"0.48":0.56,"0.485":0.56,"0.49":0.56,"0.495":0.56,"0.5":0.56},"schreiber2017\/ismir2017":{"0.0":null,"0.005":null,"0.01":0.75,"0.015":0.8571428571,"0.02":0.6666666667,"0.025":0.6363636364,"0.03":0.6666666667,"0.035":0.6470588235,"0.04":0.7272727273,"0.045":0.6666666667,"0.05":0.6285714286,"0.055":0.6153846154,"0.06":0.6341463415,"0.065":0.6428571429,"0.07":0.6428571429,"0.075":0.6279069767,"0.08":0.6279069767,"0.085":0.6279069767,"0.09":0.6363636364,"0.095":0.6304347826,"0.1":0.6304347826,"0.105":0.6304347826,"0.11":0.6170212766,"0.115":0.625,"0.12":0.6326530612,"0.125":0.6326530612,"0.13":0.6326530612,"0.135":0.6326530612,"0.14":0.6326530612,"0.145":0.6326530612,"0.15":0.62,"0.155":0.62,"0.16":0.62,"0.165":0.62,"0.17":0.62,"0.175":0.62,"0.18":0.62,"0.185":0.62,"0.19":0.62,"0.195":0.62,"0.2":0.62,"0.205":0.62,"0.21":0.62,"0.215":0.62,"0.22":0.62,"0.225":0.62,"0.23":0.62,"0.235":0.62,"0.24":0.62,"0.245":0.62,"0.25":0.62,"0.255":0.62,"0.26":0.62,"0.265":0.62,"0.27":0.62,"0.275":0.62,"0.28":0.62,"0.285":0.62,"0.29":0.62,"0.295":0.62,"0.3":0.62,"0.305":0.62,"0.31":0.62,"0.315":0.62,"0.32":0.62,"0.325":0.62,"0.33":0.62,"0.335":0.62,"0.34":0.62,"0.345":0.62,"0.35":0.62,"0.355":0.62,"0.36":0.62,"0.365":0.62,"0.37":0.62,"0.375":0.62,"0.38":0.62,"0.385":0.62,"0.39":0.62,"0.395":0.62,"0.4":0.62,"0.405":0.62,"0.41":0.62,"0.415":0.62,"0.42":0.62,"0.425":0.62,"0.43":0.62,"0.435":0.62,"0.44":0.62,"0.445":0.62,"0.45":0.62,"0.455":0.62,"0.46":0.62,"0.465":0.62,"0.47":0.62,"0.475":0.62,"0.48":0.62,"0.485":0.62,"0.49":0.62,"0.495":0.62,"0.5":0.62},"schreiber2017\/mirex2017":{"0.0":null,"0.005":null,"0.01":0.75,"0.015":0.8571428571,"0.02":0.6666666667,"0.025":0.6363636364,"0.03":0.6666666667,"0.035":0.6470588235,"0.04":0.7272727273,"0.045":0.6666666667,"0.05":0.6571428571,"0.055":0.641025641,"0.06":0.6585365854,"0.065":0.6428571429,"0.07":0.6428571429,"0.075":0.6279069767,"0.08":0.6279069767,"0.085":0.6279069767,"0.09":0.6363636364,"0.095":0.6304347826,"0.1":0.6304347826,"0.105":0.6304347826,"0.11":0.6170212766,"0.115":0.625,"0.12":0.6326530612,"0.125":0.6326530612,"0.13":0.6326530612,