{"boeck2015\/tempodetector2016_default":{"0.0":null,"0.005":1.0,"0.01":1.0,"0.015":1.0,"0.02":1.0,"0.025":0.9892473118,"0.03":0.9892473118,"0.035":0.9893617021,"0.04":0.9795918367,"0.045":0.9795918367,"0.05":0.9795918367,"0.055":0.9795918367,"0.06":0.9795918367,"0.065":0.9795918367,"0.07":0.9795918367,"0.075":0.9795918367,"0.08":0.9795918367,"0.085":0.9795918367,"0.09":0.9795918367,"0.095":0.9797979798,"0.1":0.9797979798,"0.105":0.9797979798,"0.11":0.9797979798,"0.115":0.9797979798,"0.12":0.9797979798,"0.125":0.9797979798,"0.13":0.9797979798,"0.135":0.9797979798,"0.14":0.9797979798,"0.145":0.9797979798,"0.15":0.9797979798,"0.155":0.9797979798,"0.16":0.9797979798,"0.165":0.9797979798,"0.17":0.9797979798,"0.175":0.9797979798,"0.18":0.9797979798,"0.185":0.9797979798,"0.19":0.9797979798,"0.195":0.9797979798,"0.2":0.9797979798,"0.205":0.9797979798,"0.21":0.9797979798,"0.215":0.9797979798,"0.22":0.9797979798,"0.225":0.9797979798,"0.23":0.9797979798,"0.235":0.9797979798,"0.24":0.9797979798,"0.245":0.9797979798,"0.25":0.9797979798,"0.255":0.9797979798,"0.26":0.9797979798,"0.265":0.9797979798,"0.27":0.9797979798,"0.275":0.9797979798,"0.28":0.9797979798,"0.285":0.9797979798,"0.29":0.9797979798,"0.295":0.9797979798,"0.3":0.9797979798,"0.305":0.9797979798,"0.31":0.9797979798,"0.315":0.9797979798,"0.32":0.9797979798,"0.325":0.9797979798,"0.33":0.9797979798,"0.335":0.9797979798,"0.34":0.98,"0.345":0.98,"0.35":0.98,"0.355":0.98,"0.36":0.98,"0.365":0.98,"0.37":0.98,"0.375":0.98,"0.38":0.98,"0.385":0.98,"0.39":0.98,"0.395":0.98,"0.4":0.98,"0.405":0.98,"0.41":0.98,"0.415":0.98,"0.42":0.98,"0.425":0.98,"0.43":0.98,"0.435":0.98,"0.44":0.98,"0.445":0.98,"0.45":0.98,"0.455":0.98,"0.46":0.98,"0.465":0.98,"0.47":0.98,"0.475":0.98,"0.48":0.98,"0.485":0.98,"0.49":0.98,"0.495":0.98,"0.5":0.98},"davies2009\/mirex_qm_tempotracker":{"0.0":null,"0.005":0.9855072464,"0.01":0.9746835443,"0.015":0.9759036145,"0.02":0.976744186,"0.025":0.9677419355,"0.03":0.9677419355,"0.035":0.9680851064,"0.04":0.9591836735,"0.045":0.9591836735,"0.05":0.9591836735,"0.055":0.9591836735,"0.06":0.9591836735,"0.065":0.9591836735,"0.07":0.9591836735,"0.075":0.9591836735,"0.08":0.9591836735,"0.085":0.9591836735,"0.09":0.9591836735,"0.095":0.9595959596,"0.1":0.9595959596,"0.105":0.9595959596,"0.11":0.9595959596,"0.115":0.9595959596,"0.12":0.9595959596,"0.125":0.9595959596,"0.13":0.9595959596,"0.135":0.9595959596,"0.14":0.9595959596,"0.145":0.9595959596,"0.15":0.9595959596,"0.155":0.9595959596,"0.16":0.9595959596,"0.165":0.9595959596,"0.17":0.9595959596,"0.175":0.9595959596,"0.18":0.9595959596,"0.185":0.9595959596,"0.19":0.9595959596,"0.195":0.9595959596,"0.2":0.9595959596,"0.205":0.9595959596,"0.21":0.9595959596,"0.215":0.9595959596,"0.22":0.9595959596,"0.225":0.9595959596,"0.23":0.9595959596,"0.235":0.9595959596,"0.24":0.9595959596,"0.245":0.9595959596,"0.25":0.9595959596,"0.255":0.9595959596,"0.26":0.9595959596,"0.265":0.9595959596,"0.27":0.9595959596,"0.275":0.9595959596,"0.28":0.9595959596,"0.285":0.9595959596,"0.29":0.9595959596,"0.295":0.9595959596,"0.3":0.9595959596,"0.305":0.9595959596,"0.31":0.9595959596,"0.315":0.9595959596,"0.32":0.9595959596,"0.325":0.9595959596,"0.33":0.9595959596,"0.335":0.9595959596,"0.34":0.96,"0.345":0.96,"0.35":0.96,"0.355":0.96,"0.36":0.96,"0.365":0.96,"0.37":0.96,"0.375":0.96,"0.38":0.96,"0.385":0.96,"0.39":0.96,"0.395":0.96,"0.4":0.96,"0.405":0.96,"0.41":0.96,"0.415":0.96,"0.42":0.96,"0.425":0.96,"0.43":0.96,"0.435":0.96,"0.44":0.96,"0.445":0.96,"0.45":0.96,"0.455":0.96,"0.46":0.96,"0.465":0.96,"0.47":0.96,"0.475":0.96,"0.48":0.96,"0.485":0.96,"0.49":0.96,"0.495":0.96,"0.5":0.96},"percival2014\/stem":{"0.0":null,"0.005":1.0,"0.01":1.0,"0.015":1.0,"0.02":1.0,"0.025":1.0,"0.03":1.0,"0.035":1.0,"0.04":0.9897959184,"0.045":0.9897959184,"0.05":0.9897959184,"0.055":0.9897959184,"0.06":0.9897959184,"0.065":0.9897959184,"0.07":0.9897959184,"0.075":0.9897959184,"0.08":0.9897959184,"0.085":0.9897959184,"0.09":0.9897959184,"0.095":0.9898989899,"0.1":0.9898989899,"0.105":0.9898989899,"0.11":0.9898989899,"0.115":0.9898989899,"0.12":0.9898989899,"0.125":0.9898989899,"0.13":0.9898989899,"0.135":0.9898989899,"0.14":0.9898989899,"0.145":0.9898989899,"0.15":0.9898989899,"0.155":0.9898989899,"0.16":0.9898989899,"0.165":0.9898989899,"0.17":0.9898989899,"0.175":0.9898989899,"0.18":0.9898989899,"0.185":0.9898989899,"0.19":0.9898989899,"0.195":0.9898989899,"0.2":0.9898989899,"0.205":0.9898989899,"0.21":0.9898989899,"0.215":0.9898989899,"0.22":0.9898989899,"0.225":0.9898989899,"0.23":0.9898989899,"0.235":0.9898989899,"0.24":0.9898989899,"0.245":0.9898989899,"0.25":0.9898989899,"0.255":0.9898989899,"0.26":0.9898989899,"0.265":0.9898989899,"0.27":0.9898989899,"0.275":0.9898989899,"0.28":0.9898989899,"0.285":0.9898989899,"0.29":0.9898989899,"0.295":0.9898989899,"0.3":0.9898989899,"0.305":0.9898989899,"0.31":0.9898989899,"0.315":0.9898989899,"0.32":0.9898989899,"0.325":0.9898989899,"0.33":0.9898989899,"0.335":0.9898989899,"0.34":0.99,"0.345":0.99,"0.35":0.99,"0.355":0.99,"0.36":0.99,"0.365":0.99,"0.37":0.99,"0.375":0.99,"0.38":0.99,"0.385":0.99,"0.39":0.99,"0.395":0.99,"0.4":0.99,"0.405":0.99,"0.41":0.99,"0.415":0.99,"0.42":0.99,"0.425":0.99,"0.43":0.99,"0.435":0.99,"0.44":0.99,"0.445":0.99,"0.45":0.99,"0.455":0.99,"0.46":0.99,"0.465":0.99,"0.47":0.99,"0.475":0.99,"0.48":0.99,"0.485":0.99,"0.49":0.99,"0.495":0.99,"0.5":0.99},"schreiber2014\/default":{"0.0":null,"0.005":0.9855072464,"0.01":0.9746835443,"0.015":0.9759036145,"0.02":0.976744186,"0.025":0.9784946237,"0.03":0.9784946237,"0.035":0.9787234043,"0.04":0.9591836735,"0.045":0.9591836735,"0.05":0.9591836735,"0.055":0.9591836735,"0.06":0.9591836735,"0.065":0.9591836735,"0.07":0.9591836735,"0.075":0.9591836735,"0.08":0.9591836735,"0.085":0.9591836735,"0.09":0.9591836735,"0.095":0.9494949495,"0.1":0.9494949495,"0.105":0.9494949495,"0.11":0.9494949495,"0.115":0.9494949495,"0.12":0.9494949495,"0.125":0.9494949495,"0.13":0.9494949495,"0.135":0.9494949495,"0.14":0.9494949495,"0.145":0.9494949495,"0.15":0.9494949495,"0.155":0.9494949495,"0.16":0.9494949495,"0.165":0.9494949495,"0.17":0.9494949495,"0.175":0.9494949495,"0.18":0.9494949495,"0.185":0.9494949495,"0.19":0.9494949495,"0.195":0.9494949495,"0.2":0.9494949495,"0.205":0.9494949495,"0.21":0.9494949495,"0.215":0.9494949495,"0.22":0.9494949495,"0.225":0.9494949495,"0.23":0.9494949495,"0.235":0.9494949495,"0.24":0.9494949495,"0.245":0.9494949495,"0.25":0.9494949495,"0.255":0.9494949495,"0.26":0.9494949495,"0.265":0.9494949495,"0.27":0.9494949495,"0.275":0.9494949495,"0.28":0.9494949495,"0.285":0.9494949495,"0.29":0.9494949495,"0.295":0.9494949495,"0.3":0.9494949495,"0.305":0.9494949495,"0.31":0.9494949495,"0.315":0.9494949495,"0.32":0.9494949495,"0.325":0.9494949495,"0.33":0.9494949495,"0.335":0.9494949495,"0.34":0.95,"0.345":0.95,"0.35":0.95,"0.355":0.95,"0.36":0.95,"0.365":0.95,"0.37":0.95,"0.375":0.95,"0.38":0.95,"0.385":0.95,"0.39":0.95,"0.395":0.95,"0.4":0.95,"0.405":0.95,"0.41":0.95,"0.415":0.95,"0.42":0.95,"0.425":0.95,"0.43":0.95,"0.435":0.95,"0.44":0.95,"0.445":0.95,"0.45":0.95,"0.455":0.95,"0.46":0.95,"0.465":0.95,"0.47":0.95,"0.475":0.95,"0.48":0.95,"0.485":0.95,"0.49":0.95,"0.495":0.95,"0.5":0.95},"schreiber2017\/ismir2017":{"0.0":null,"0.005":1.0,"0.01":1.0,"0.015":1.0,"0.02":1.0,"0.025":1.0,"0.03":1.0,"0.035":1.0,"0.04":0.9897959184,"0.045":0.9897959184,"0.05":0.9897959184,"0.055":0.9897959184,"0.06":0.9897959184,"0.065":0.9897959184,"0.07":0.9897959184,"0.075":0.9897959184,"0.08":0.9897959184,"0.085":0.9897959184,"0.09":0.9897959184,"0.095":0.9898989899,"0.1":0.9898989899,"0.105":0.9898989899,"0.11":0.9898989899,"0.115":0.9898989899,"0.12":0.9898989899,"0.125":0.9898989899,"0.13":0.9898989899,"0.135":0.9898989899,"0.14":0.9898989899,"0.145":0.9898989899,"0.15":0.9898989899,"0.155":0.9898989899,"0.16":0.9898989899,"0.165":0.9898989899,"0.17":0.9898989899,"0.175":0.9898989899,"0.18":0.9898989899,"0.185":0.9898989899,"0.19":0.9898989899,"0.195":0.9898989899,"0.2":0.9898989899,