{"Size":{"boeck2015\/tempodetector2016_default":61,"davies2009\/mirex_qm_tempotracker":61,"percival2014\/stem":61,"schreiber2014\/default":61,"schreiber2017\/ismir2017":61,"schreiber2017\/mirex2017":61,"schreiber2018\/cnn":61,"schreiber2018\/fcn":61,"schreiber2018\/ismir2018":61},"Min":{"boeck2015\/tempodetector2016_default":45.8,"davies2009\/mirex_qm_tempotracker":70.7941,"percival2014\/stem":59.2317,"schreiber2014\/default":49.936157,"schreiber2017\/ismir2017":41.321037,"schreiber2017\/mirex2017":41.321037,"schreiber2018\/cnn":60.0,"schreiber2018\/fcn":57.0,"schreiber2018\/ismir2018":64.0},"Max":{"boeck2015\/tempodetector2016_default":200.0,"davies2009\/mirex_qm_tempotracker":198.768,"percival2014\/stem":151.999,"schreiber2014\/default":129.40424,"schreiber2017\/ismir2017":151.7602,"schreiber2017\/mirex2017":151.7602,"schreiber2018\/cnn":205.0,"schreiber2018\/fcn":205.0,"schreiber2018\/ismir2018":205.0},"Avg":{"boeck2015\/tempodetector2016_default":113.1827868852,"davies2009\/mirex_qm_tempotracker":135.7746590164,"percival2014\/stem":109.6634852459,"schreiber2014\/default":81.5603806721,"schreiber2017\/ismir2017":102.8940919836,"schreiber2017\/mirex2017":95.2973243443,"schreiber2018\/cnn":104.8524590164,"schreiber2018\/fcn":99.1639344262,"schreiber2018\/ismir2018":108.9180327869},"Stdev":{"boeck2015\/tempodetector2016_default":36.4240933601,"davies2009\/mirex_qm_tempotracker":24.1284015245,"percival2014\/stem":28.1490168435,"schreiber2014\/default":18.8738949714,"schreiber2017\/ismir2017":30.2067940766,"schreiber2017\/mirex2017":29.8306293479,"schreiber2018\/cnn":33.1500809781,"schreiber2018\/fcn":28.5488939236,"schreiber2018\/ismir2018":33.5729529443},"Sweet Oct. Start":{"boeck2015\/tempodetector2016_default":91.0,"davies2009\/mirex_qm_tempotracker":100.0,"percival2014\/stem":76.0,"schreiber2014\/default":57.0,"schreiber2017\/ismir2017":73.0,"schreiber2017\/mirex2017":64.0,"schreiber2018\/cnn":70.0,"schreiber2018\/fcn":67.0,"schreiber2018\/ismir2018":77.0},"Sweet Oct. Coverage":{"boeck2015\/tempodetector2016_default":0.6721311475,"davies2009\/mirex_qm_tempotracker":0.9672131148,"percival2014\/stem":0.8360655738,"schreiber2014\/default":0.9180327869,"schreiber2017\/ismir2017":0.7540983607,"schreiber2017\/mirex2017":0.7540983607,"schreiber2018\/cnn":0.8196721311,"schreiber2018\/fcn":0.8524590164,"schreiber2018\/ismir2018":0.7868852459}}