{"Count":{"2\/2":0.0980392157,"2\/4":0.0882352941,"3\/2":0.0098039216,"3\/4":0.1078431373,"3\/8":0.0196078431,"4\/4":0.5980392157,"5\/4":0.0294117647,"6\/4":0.0098039216,"6\/8":0.0098039216,"7\/4":0.0098039216,"9\/8":0.0196078431,"A Cappella":0.0098039216,"African":0.0294117647,"Ballade":0.0294117647,"Baroque (Orchestral)":0.0098039216,"Baroque (Solo)":0.0392156863,"Big Band":0.0294117647,"Blues":0.0294117647,"Bossa Nova":0.0294117647,"Brass Band":0.0294117647,"Canzone":0.0294117647,"Chanson":0.0294117647,"Classic (Chamber)":0.0098039216,"Classic (Orchestral)":0.0098039216,"Classic (Solo)":0.0098039216,"Classical":0.137254902,"Country":0.0294117647,"Court (Gagaku)":0.0294117647,"Dance":0.1470588235,"Flamenco":0.0294117647,"Folk":0.0294117647,"Folk (Min'you)":0.0294117647,"Funk":0.0294117647,"Fusion":0.0294117647,"Gospel":0.0294117647,"Heavy Metal":0.0294117647,"House":0.0294117647,"Indian":0.0294117647,"Jazz":0.0882352941,"Latin":0.1176470588,"March":0.0294117647,"Modern (Orchestral)":0.0196078431,"Modern (Solo)":0.0098039216,"Modern Jazz":0.0294117647,"Popular":0.0588235294,"Popular (Enka)":0.0294117647,"Rap \/ Hip-Hop":0.0294117647,"Reggae":0.0294117647,"Rock":0.0588235294,"Romantic (Chamber)":0.0098039216,"Romantic (Orchestral)":0.0098039216,"Romantic (Solo)":0.0098039216,"Samba":0.0294117647,"Soul \/ R&B":0.0294117647,"Tango":0.0294117647,"Techno":0.0294117647,"Traditional Japanese":0.0882352941,"Vocal":0.0588235294,"World":0.2058823529,"female":0.2450980392,"male":0.2745098039}}