{"Accuracy1":{"boeck2015\/tempodetector2016_default":0.5081967213,"schreiber2018\/ismir2018":0.3606557377,"schreiber2018\/cnn":0.3606557377,"schreiber2018\/fcn":0.3442622951,"davies2009\/mirex_qm_tempotracker":0.262295082,"percival2014\/stem":0.262295082,"schreiber2017\/mirex2017":0.262295082,"schreiber2014\/default":0.2459016393,"schreiber2017\/ismir2017":0.2131147541},"Accuracy2":{"boeck2015\/tempodetector2016_default":0.7540983607,"schreiber2018\/ismir2018":0.6229508197,"schreiber2018\/cnn":0.6393442623,"schreiber2018\/fcn":0.6393442623,"davies2009\/mirex_qm_tempotracker":0.6229508197,"percival2014\/stem":0.6721311475,"schreiber2017\/mirex2017":0.6229508197,"schreiber2014\/default":0.4590163934,"schreiber2017\/ismir2017":0.606557377}}