Estimator,Size,Min,Max,Avg,Stdev,Sweet Oct. Start,Sweet Oct. Coverage
boeck2015/tempodetector2016_default,61,45.8,200.0,113.1827868852459,36.424093360080015,91.0,0.6721311475409836
davies2009/mirex_qm_tempotracker,61,70.7941,198.768,135.77465901639346,24.128401524457832,100.0,0.9672131147540983
percival2014/stem,61,59.2317,151.999,109.66348524590164,28.149016843523068,76.0,0.8360655737704918
schreiber2014/default,61,49.936157,129.40424,81.56038067213115,18.873894971364187,57.0,0.9180327868852459
schreiber2017/ismir2017,61,40.21704,174.43156,99.35328595081967,35.84790039143572,65.0,0.5901639344262295
schreiber2017/mirex2017,61,40.21704,155.58475,94.94763904918032,34.75320633619919,64.0,0.5901639344262295
