Estimator,boeck2015/tempodetector2016_default,davies2009/mirex_qm_tempotracker,percival2014/stem,schreiber2014/default,schreiber2017/ismir2017,schreiber2017/mirex2017
boeck2015/tempodetector2016_default,1.0,8.736027410476823e-06,4.977790915768191e-05,0.10493690707877878,2.5526120702938072e-11,2.5526120702938072e-11
davies2009/mirex_qm_tempotracker,8.736027410476823e-06,1.0,1.605701801961335e-06,0.2862171754165533,4.1882086168289727e-07,4.1882086168289727e-07
percival2014/stem,4.977790915768191e-05,1.605701801961335e-06,1.0,0.06403031367937768,5.360116733526852e-16,5.360116733526852e-16
schreiber2014/default,0.10493690707877878,0.2862171754165533,0.06403031367937768,1.0,0.041702328054269544,0.041702328054269544
schreiber2017/ismir2017,2.5526120702938072e-11,4.1882086168289727e-07,5.360116733526852e-16,0.041702328054269544,1.0,1.0
schreiber2017/mirex2017,2.5526120702938072e-11,4.1882086168289727e-07,5.360116733526852e-16,0.041702328054269544,1.0,1.0
