{"AOE1_MEAN":{"schreiber2018\/cnn":0.0942104957,"schreiber2017\/mirex2017":0.1026777971,"schreiber2017\/ismir2017":0.1226756299,"schreiber2018\/ismir2018":0.1235282887,"schreiber2018\/fcn":0.133614844,"percival2014\/stem":0.1447458972,"schreiber2014\/default":0.1546221503,"davies2009\/mirex_qm_tempotracker":0.2378693432,"boeck2015\/tempodetector2016_default":0.3505442066},"AOE1_STDEV":{"schreiber2018\/cnn":0.2869811073,"schreiber2017\/mirex2017":0.2970790396,"schreiber2017\/ismir2017":0.3223654569,"schreiber2018\/ismir2018":0.3250138246,"schreiber2018\/fcn":0.3346586626,"percival2014\/stem":0.3447904765,"schreiber2014\/default":0.3430275641,"davies2009\/mirex_qm_tempotracker":0.4081684455,"boeck2015\/tempodetector2016_default":0.4827978811},"AOE2_MEAN":{"schreiber2018\/cnn":0.0042104957,"schreiber2017\/mirex2017":0.0041309826,"schreiber2017\/ismir2017":0.0041309835,"schreiber2018\/ismir2018":0.0040609913,"schreiber2018\/fcn":0.0044054113,"percival2014\/stem":0.0054547119,"schreiber2014\/default":0.0183649845,"davies2009\/mirex_qm_tempotracker":0.0270970379,"boeck2015\/tempodetector2016_default":0.007043645},"AOE2_STDEV":{"schreiber2018\/cnn":0.0167380084,"schreiber2017\/mirex2017":0.0149457674,"schreiber2017\/ismir2017":0.0149457671,"schreiber2018\/ismir2018":0.0167107099,"schreiber2018\/fcn":0.016714186,"percival2014\/stem":0.015666333,"schreiber2014\/default":0.0699799637,"davies2009\/mirex_qm_tempotracker":0.0438251094,"boeck2015\/tempodetector2016_default":0.0157775675}}