{"boeck2015\/tempodetector2016_default":{"boeck2015\/tempodetector2016_default":1.0,"davies2009\/mirex_qm_tempotracker":0.3265878878,"percival2014\/stem":0.2351426193,"schreiber2014\/default":0.1380804259,"schreiber2017\/ismir2017":0.4719126428,"schreiber2017\/mirex2017":0.7159061734,"schreiber2018\/cnn":0.2744431714,"schreiber2018\/fcn":0.5468023874,"schreiber2018\/ismir2018":0.1712660796},"davies2009\/mirex_qm_tempotracker":{"boeck2015\/tempodetector2016_default":0.3265878878,"davies2009\/mirex_qm_tempotracker":1.0,"percival2014\/stem":0.0739304711,"schreiber2014\/default":0.070423147,"schreiber2017\/ismir2017":0.2285626739,"schreiber2017\/mirex2017":0.3295777284,"schreiber2018\/cnn":0.1646288416,"schreiber2018\/fcn":0.2930103024,"schreiber2018\/ismir2018":0.0694603493},"percival2014\/stem":{"boeck2015\/tempodetector2016_default":0.2351426193,"davies2009\/mirex_qm_tempotracker":0.0739304711,"percival2014\/stem":1.0,"schreiber2014\/default":0.6663525391,"schreiber2017\/ismir2017":0.5924106508,"schreiber2017\/mirex2017":0.3951425389,"schreiber2018\/cnn":0.7939344615,"schreiber2018\/fcn":0.5164772959,"schreiber2018\/ismir2018":0.9890447273},"schreiber2014\/default":{"boeck2015\/tempodetector2016_default":0.1380804259,"davies2009\/mirex_qm_tempotracker":0.070423147,"percival2014\/stem":0.6663525391,"schreiber2014\/default":1.0,"schreiber2017\/ismir2017":0.3669985144,"schreiber2017\/mirex2017":0.2426380032,"schreiber2018\/cnn":0.4824187112,"schreiber2018\/fcn":0.290479366,"schreiber2018\/ismir2018":0.6421290726},"schreiber2017\/ismir2017":{"boeck2015\/tempodetector2016_default":0.4719126428,"davies2009\/mirex_qm_tempotracker":0.2285626739,"percival2014\/stem":0.5924106508,"schreiber2014\/default":0.3669985144,"schreiber2017\/ismir2017":1.0,"schreiber2017\/mirex2017":0.3213266903,"schreiber2018\/cnn":0.7292633747,"schreiber2018\/fcn":0.9483866972,"schreiber2018\/ismir2018":0.5845249435},"schreiber2017\/mirex2017":{"boeck2015\/tempodetector2016_default":0.7159061734,"davies2009\/mirex_qm_tempotracker":0.3295777284,"percival2014\/stem":0.3951425389,"schreiber2014\/default":0.2426380032,"schreiber2017\/ismir2017":0.3213266903,"schreiber2017\/mirex2017":1.0,"schreiber2018\/cnn":0.5096487321,"schreiber2018\/fcn":0.8018884257,"schreiber2018\/ismir2018":0.3780315557},"schreiber2018\/cnn":{"boeck2015\/tempodetector2016_default":0.2744431714,"davies2009\/mirex_qm_tempotracker":0.1646288416,"percival2014\/stem":0.7939344615,"schreiber2014\/default":0.4824187112,"schreiber2017\/ismir2017":0.7292633747,"schreiber2017\/mirex2017":0.5096487321,"schreiber2018\/cnn":1.0,"schreiber2018\/fcn":0.5174994184,"schreiber2018\/ismir2018":0.7510015382},"schreiber2018\/fcn":{"boeck2015\/tempodetector2016_default":0.5468023874,"davies2009\/mirex_qm_tempotracker":0.2930103024,"percival2014\/stem":0.5164772959,"schreiber2014\/default":0.290479366,"schreiber2017\/ismir2017":0.9483866972,"schreiber2017\/mirex2017":0.8018884257,"schreiber2018\/cnn":0.5174994184,"schreiber2018\/fcn":1.0,"schreiber2018\/ismir2018":0.4975981391},"schreiber2018\/ismir2018":{"boeck2015\/tempodetector2016_default":0.1712660796,"davies2009\/mirex_qm_tempotracker":0.0694603493,"percival2014\/stem":0.9890447273,"schreiber2014\/default":0.6421290726,"schreiber2017\/ismir2017":0.5845249435,"schreiber2017\/mirex2017":0.3780315557,"schreiber2018\/cnn":0.7510015382,"schreiber2018\/fcn":0.4975981391,"schreiber2018\/ismir2018":1.0}}