Reference,Size,Min,Max,Avg,Stdev,Sweet Oct. Start,Sweet Oct. Coverage
1.0,102,30.1507537688443,235.80786026200735,103.57232136197247,34.174477168780584,73.0,0.7549019607843137
