Item,cvar,1.0,davies2009/mirex_qm_tempotracker,schreiber2018/fcn,schreiber2018/ismir2018,schreiber2018/cnn,percival2014/stem,schreiber2017/mirex2017,schreiber2017/ismir2017,boeck2015/tempodetector2016_default,schreiber2014/default
RM-G058_A.jams,0.05616320297505666,121.2121212121214,132.512,132,129,130,130.835,130.98138,130.98138,130.43,65.234406
RM-G058_C.jams,0.08384666276059234,65.2173913043477,123.047,122,122,120,122.319,121.04542,121.04542,122.45,122.30713
RM-G079.jams,0.431306700803655,85.30805687203794,114.844,67,67,90,137.812,64.6627,64.6627,65.22,108.62544
RM-G095.jams,0.29850433776736396,55.29953917050687,151.999,148,77,87,85.421,76.25467,76.25467,45.11,66.63412
RM-G097.jams,0.16707453879119508,32.67530445420675,120.185,74,74,108,70.5525,42.267323,42.267323,74.07,58.176712
