Item,Reference,Estimate
RM-P009.jams,69.97084548104957,104.958595
RM-P038.jams,124.99999999999989,100.108894
RM-P053.jams,131.86813186813237,99.0049
RM-P057.jams,69.97084548104957,121.20312
