{"boeck2015\/tempodetector2016_default":{"0.0":0.2,"0.0005":0.4666666667,"0.001":0.4666666667,"0.0015":0.4666666667,"0.002":0.4666666667,"0.0025":0.4666666667,"0.003":0.5333333333,"0.0035":0.5333333333,"0.004":0.6,"0.0045":0.6666666667,"0.005":0.8,"0.0055":0.9333333333,"0.006":0.9333333333,"0.0065":0.9333333333,"0.007":0.9333333333,"0.0075":1.0,"0.008":1.0,"0.0085":1.0,"0.009":1.0,"0.0095":1.0,"0.01":1.0,"0.0105":1.0,"0.011":1.0,"0.0115":1.0,"0.012":1.0,"0.0125":1.0,"0.013":1.0,"0.0135":1.0,"0.014":1.0,"0.0145":1.0,"0.015":1.0,"0.0155":1.0,"0.016":1.0,"0.0165":1.0,"0.017":1.0,"0.0175":1.0,"0.018":1.0,"0.0185":1.0,"0.019":1.0,"0.0195":1.0,"0.02":1.0,"0.0205":1.0,"0.021":1.0,"0.0215":1.0,"0.022":1.0,"0.0225":1.0,"0.023":1.0,"0.0235":1.0,"0.024":1.0,"0.0245":1.0,"0.025":1.0,"0.0255":1.0,"0.026":1.0,"0.0265":1.0,"0.027":1.0,"0.0275":1.0,"0.028":1.0,"0.0285":1.0,"0.029":1.0,"0.0295":1.0,"0.03":1.0,"0.0305":1.0,"0.031":1.0,"0.0315":1.0,"0.032":1.0,"0.0325":1.0,"0.033":1.0,"0.0335":1.0,"0.034":1.0,"0.0345":1.0,"0.035":1.0,"0.0355":1.0,"0.036":1.0,"0.0365":1.0,"0.037":1.0,"0.0375":1.0,"0.038":1.0,"0.0385":1.0,"0.039":1.0,"0.0395":1.0,"0.04":1.0,"0.0405":1.0,"0.041":1.0,"0.0415":1.0,"0.042":1.0,"0.0425":1.0,"0.043":1.0,"0.0435":1.0,"0.044":1.0,"0.0445":1.0,"0.045":1.0,"0.0455":1.0,"0.046":1.0,"0.0465":1.0,"0.047":1.0,"0.0475":1.0,"0.048":1.0,"0.0485":1.0,"0.049":1.0,"0.0495":1.0,"0.05":1.0},"davies2009\/mirex_qm_tempotracker":{"0.0":0.0,"0.0005":0.0,"0.001":0.0,"0.0015":0.0,"0.002":0.1333333333,"0.0025":0.1333333333,"0.003":0.1333333333,"0.0035":0.1333333333,"0.004":0.1333333333,"0.0045":0.1333333333,"0.005":0.2,"0.0055":0.2,"0.006":0.2,"0.0065":0.2,"0.007":0.2,"0.0075":0.2,"0.008":0.2,"0.0085":0.2,"0.009":0.2,"0.0095":0.2666666667,"0.01":0.2666666667,"0.0105":0.2666666667,"0.011":0.3333333333,"0.0115":0.3333333333,"0.012":0.3333333333,"0.0125":0.3333333333,"0.013":0.3333333333,"0.0135":0.6666666667,"0.014":0.6666666667,"0.0145":0.6666666667,"0.015":0.6666666667,"0.0155":0.7333333333,"0.016":0.7333333333,"0.0165":0.7333333333,"0.017":0.7333333333,"0.0175":0.7333333333,"0.018":0.7333333333,"0.0185":0.7333333333,"0.019":0.7333333333,"0.0195":0.7333333333,"0.02":0.7333333333,"0.0205":0.7333333333,"0.021":0.7333333333,"0.0215":0.8666666667,"0.022":0.8666666667,"0.0225":0.8666666667,"0.023":0.9333333333,"0.0235":0.9333333333,"0.024":0.9333333333,"0.0245":0.9333333333,"0.025":0.9333333333,"0.0255":0.9333333333,"0.026":1.0,"0.0265":1.0,"0.027":1.0,"0.0275":1.0,"0.028":1.0,"0.0285":1.0,"0.029":1.0,"0.0295":1.0,"0.03":1.0,"0.0305":1.0,"0.031":1.0,"0.0315":1.0,"0.032":1.0,"0.0325":1.0,"0.033":1.0,"0.0335":1.0,"0.034":1.0,"0.0345":1.0,"0.035":1.0,"0.0355":1.0,"0.036":1.0,"0.0365":1.0,"0.037":1.0,"0.0375":1.0,"0.038":1.0,"0.0385":1.0,"0.039":1.0,"0.0395":1.0,"0.04":1.0,"0.0405":1.0,"0.041":1.0,"0.0415":1.0,"0.042":1.0,"0.0425":1.0,"0.043":1.0,"0.0435":1.0,"0.044":1.0,"0.0445":1.0,"0.045":1.0,"0.0455":1.0,"0.046":1.0,"0.0465":1.0,"0.047":1.0,"0.0475":1.0,"0.048":1.0,"0.0485":1.0,"0.049":1.0,"0.0495":1.0,"0.05":1.0},"percival2014\/stem":{"0.0":0.0,"0.0005":0.1333333333,"0.001":0.2,"0.0015":0.6666666667,"0.002":0.8,"0.0025":0.9333333333,"0.003":0.9333333333,"0.0035":0.9333333333,"0.004":1.0,"0.0045":1.0,"0.005":1.0,"0.0055":1.0,"0.006":1.0,"0.0065":1.0,"0.007":1.0,"0.0075":1.0,"0.008":1.0,"0.0085":1.0,"0.009":1.0,"0.0095":1.0,"0.01":1.0,"0.0105":1.0,"0.011":1.0,"0.0115":1.0,"0.012":1.0,"0.0125":1.0,"0.013":1.0,"0.0135":1.0,"0.014":1.0,"0.0145":1.0,"0.015":1.0,"0.0155":1.0,"0.016":1.0,"0.0165":1.0,"0.017":1.0,"0.0175":1.0,"0.018":1.0,"0.0185":1.0,"0.019":1.0,"0.0195":1.0,"0.02":1.0,"0.0205":1.0,"0.021":1.0,"0.0215":1.0,"0.022":1.0,"0.0225":1.0,"0.023":1.0,"0.0235":1.0,"0.024":1.0,"0.0245":1.0,"0.025":1.0,"0.0255":1.0,"0.026":1.0,"0.0265":1.0,"0.027":1.0,"0.0275":1.0,"0.028":1.0,"0.0285":1.0,"0.029":1.0,"0.0295":1.0,"0.03":1.0,"0.0305":1.0,"0.031":1.0,"0.0315":1.0,"0.032":1.0,"0.0325":1.0,"0.033":1.0,"0.0335":1.0,"0.034":1.0,"0.0345":1.0,"0.035":1.0,"0.0355":1.0,"0.036":1.0,"0.0365":1.0,"0.037":1.0,"0.0375":1.0,"0.038":1.0,"0.0385":1.0,"0.039":1.0,"0.0395":1.0,"0.04":1.0,"0.0405":1.0,"0.041":1.0,"0.0415":1.0,"0.042":1.0,"0.0425":1.0,"0.043":1.0,"0.0435":1.0,"0.044":1.0,"0.0445":1.0,"0.045":1.0,"0.0455":1.0,"0.046":1.0,"0.0465":1.0,"0.047":1.0,"0.0475":1.0,"0.048":1.0,"0.0485":1.0,"0.049":1.0,"0.0495":1.0,"0.05":1.0},"schreiber2014\/default":{"0.0":0.0,"0.0005":0.3333333333,"0.001":0.4666666667,"0.0015":0.5333333333,"0.002":0.6666666667,"0.0025":0.9333333333,"0.003":0.9333333333,"0.0035":0.9333333333,"0.004":0.9333333333,"0.0045":0.9333333333,"0.005":0.9333333333,"0.0055":0.9333333333,"0.006":0.9333333333,"0.0065":0.9333333333,"0.007":0.9333333333,"0.0075":0.9333333333,"0.008":0.9333333333,"0.0085":0.9333333333,"0.009":0.9333333333,"0.0095":0.9333333333,"0.01":0.9333333333,"0.0105":0.9333333333,"0.011":0.9333333333,"0.0115":0.9333333333,"0.012":0.9333333333,"0.0125":0.9333333333,"0.013":0.9333333333,"0.0135":0.9333333333,"0.014":0.9333333333,"0.0145":0.9333333333,"0.015":0.9333333333,"0.0155":0.9333333333,"0.016":0.9333333333,"0.0165":0.9333333333,"0.017":0.9333333333,"0.0175":0.9333333333,"0.018":0.9333333333,"0.0185":0.9333333333,"0.019":0.9333333333,"0.0195":0.9333333333,"0.02":0.9333333333,"0.0205":0.9333333333,"0.021":0.9333333333,"0.0215":0.9333333333,"0.022":0.9333333333,"0.0225":0.9333333333,"0.023":0.9333333333,"0.0235":0.9333333333,"0.024":0.9333333333,"0.0245":0.9333333333,"0.025":0.9333333333,"0.0255":0.9333333333,"0.026":0.9333333333,"0.0265":0.9333333333,"0.027":0.9333333333,"0.0275":0.9333333333,"0.028":0.9333333333,"0.0285":0.9333333333,"0.029":0.9333333333,"0.0295":0.9333333333,"0.03":0.9333333333,"0.0305":0.9333333333,"0.031":0.9333333333,"0.0315":0.9333333333,"0.032":0.9333333333,"0.0325":0.9333333333,"0.033":0.9333333333,"0.0335":0.9333333333,"0.034":0.9333333333,"0.0345":0.9333333333,"0.035":0.9333333333,"0.0355":0.9333333333,"0.036":0.9333333333,"0.0365":0.9333333333,"0.037":0.9333333333,"0.0375":0.9333333333,"0.038":0.9333333333,"0.0385":0.9333333333,"0.039":0.9333333333,"0.0395":0.9333333333,"0.04":0.9333333333,"0.0405":0.9333333333,"0.041":0.9333333333,"0.0415":0.9333333333,"0.042":0.9333333333,"0.0425":0.9333333333,"0.043":0.9333333333,"0.0435":0.9333333333,"0.044":0.9333333333,"0.0445":0.9333333333,"0.045":0.9333333333,"0.0455":0.9333333333,"0.046":0.9333333333,"0.0465":0.9333333333,"0.047":0.9333333333,"0.0475":0.9333333333,"0.048":0.9333333333,"0.0485":0.9333333333,"0.049":0.9333333333,"0.0495":0.9333333333,"0.05":0.9333333333},"schreiber2017\/ismir2017":{"0.0":0.0,"0.0005":0.5333333333,"0.001":0.6,"0.0015":0.6666666667,"0.002":0.7333333333,"0.0025":0.8666666667,"0.003":0.9333333333,"0.0035":0.9333333333,"0.004":0.9333333333,"0.0045":0.9333333333,"0.005":0.9333333333,"0.0055":0.9333333333,"0.006":0.9333333333,"0.0065":0.9333333333,"0.007":0.9333333333,"0.0075":0.9333333333,"0.008":0.9333333333,"0.0085":0.9333333333,"0.009":0.9333333333,"0.0095":0.9333333333,"0.01":0.9333333333,"0.0105":0.9333333333,"0.011":0.9333333333,"0.0115":0.9333333333,"0.012":0.9333333333,"0.0125":0.9333333333,"0.013":0.9333333333,"0.0135":0.9333333333,"0.014":0.9333333333,"0.0145":0.9333333333,"0.015":0.9333333333,"0.0155":0.9333333333,"0.016":0.9333333333,"0.0165":0.9333333333,"0.017":0.9333333333,"0.0175":0.9333333333,"0.018":0.9333333333,"0.0185":0.9333333333,"0.019":0.9333333333,"0.0195":0.9333333333,"0.02":0.9333333333,"0.0205":0.9333333333,"0.021":0.9333333333,"0.0215":0.9333333333,"0.022":0.9333333333,"0.0225":0.9333333333,"0.023":0.9333333333,"0.0235":0.9333333333,"0.024":0.9333333333,"0.0245":0.9333333333,"0.025":0.9333333333,"0.0255":0.9333333333,"0.026":0.9333333333,"0.0265":0.9333333333,"0.027":0.9333333333,"0.0275":0.9333333333,"0.028":0.9333333333,"0.0285":0.9333333333,"0.029":0.9333333333,"0.0295":0.9333333333,"0.03":0.9333333333,"0.0305":0.9333333333,"0.031":0.9333333333,"0.0315":0.9333333333,"0.032":0.9333333333,"0.0325":0.9333333333,"0.033":0.9333333333,