Reference,Size,Min,Max,Avg,Stdev,Sweet Oct. Start,Sweet Oct. Coverage
1.0,61,37.974683544303836,299.99999999999574,112.38471883037006,64.70591739292409,47.0,0.5081967213114754
