{"boeck2015\/tempodetector2016_default":{"0.0":null,"0.005":0.0015557254,"0.01":0.1572095678,"0.015":0.1967336137,"0.02":0.2484365793,"0.025":0.2410444134,"0.03":0.2561921876,"0.035":0.2437154387,"0.04":0.2482510042,"0.045":0.2407152895,"0.05":0.2413208233,"0.055":0.2429123843,"0.06":0.2409804038,"0.065":0.2583334518,"0.07":0.2583334518,"0.075":0.2679703724,"0.08":0.2910487464,"0.085":0.2990723229,"0.09":0.2954986366,"0.095":0.2917582998,"0.1":0.2978633907,"0.105":0.2978633907,"0.11":0.2913750797,"0.115":0.2913750797,"0.12":0.2913750797,"0.125":0.2913750797,"0.13":0.2913750797,"0.135":0.2913750797,"0.14":0.2913750797,"0.145":0.2913750797,"0.15":0.2913750797,"0.155":0.2882156524,"0.16":0.2854801154,"0.165":0.2936409592,"0.17":0.3038369097,"0.175":0.3121228948,"0.18":0.3121228948,"0.185":0.3121228948,"0.19":0.3121228948,"0.195":0.3216832699,"0.2":0.3216832699,"0.205":0.3186923032,"0.21":0.3186923032,"0.215":0.3186923032,"0.22":0.31527633,"0.225":0.3121177405,"0.23":0.3121177405,"0.235":0.3121177405,"0.24":0.3091858187,"0.245":0.3091858187,"0.25":0.3091858187,"0.255":0.3091858187,"0.26":0.3162452798,"0.265":0.3270127611,"0.27":0.3270127611,"0.275":0.3309610309,"0.28":0.3309610309,"0.285":0.3276185245,"0.29":0.3276185245,"0.295":0.3276185245,"0.3":0.327280541,"0.305":0.327280541,"0.31":0.324508447,"0.315":0.324508447,"0.32":0.324508447,"0.325":0.324508447,"0.33":0.324508447,"0.335":0.324508447,"0.34":0.324508447,"0.345":0.324508447,"0.35":0.324508447,"0.355":0.324508447,"0.36":0.324508447,"0.365":0.324508447,"0.37":0.324508447,"0.375":0.324508447,"0.38":0.324508447,"0.385":0.324508447,"0.39":0.324508447,"0.395":0.324508447,"0.4":0.324508447,"0.405":0.324508447,"0.41":0.324508447,"0.415":0.324508447,"0.42":0.324508447,"0.425":0.324508447,"0.43":0.324508447,"0.435":0.3251247128,"0.44":0.3251247128,"0.445":0.3251247128,"0.45":0.3251247128,"0.455":0.3251247128,"0.46":0.3251247128,"0.465":0.3251247128,"0.47":0.3251247128,"0.475":0.3251247128,"0.48":0.3251247128,"0.485":0.3251247128,"0.49":0.3251247128,"0.495":0.3251247128,"0.5":0.3251247128},"davies2009\/mirex_qm_tempotracker":{"0.0":null,"0.005":0.4218828303,"0.01":0.2939293392,"0.015":0.2304991038,"0.02":0.2813142502,"0.025":0.2591748032,"0.03":0.2686414267,"0.035":0.2391643608,"0.04":0.2449658968,"0.045":0.2381105965,"0.05":0.2404312612,"0.055":0.2487492218,"0.06":0.2470568248,"0.065":0.2466732164,"0.07":0.2466732164,"0.075":0.2580752407,"0.08":0.2823022629,"0.085":0.2905305562,"0.09":0.2868313371,"0.095":0.2837376584,"0.1":0.3032126827,"0.105":0.3032126827,"0.11":0.3065137899,"0.115":0.3065137899,"0.12":0.3065137899,"0.125":0.3065137899,"0.13":0.3065137899,"0.135":0.3065137899,"0.14":0.3065137899,"0.145":0.3065137899,"0.15":0.3065137899,"0.155":0.3033100993,"0.16":0.3105104511,"0.165":0.3094694427,"0.17":0.327509843,"0.175":0.3281146637,"0.18":0.3281146637,"0.185":0.3281146637,"0.19":0.3281146637,"0.195":0.3390483191,"0.2":0.3390483191,"0.205":0.335359194,"0.21":0.335359194,"0.215":0.335359194,"0.22":0.3318248237,"0.225":0.3315846156,"0.23":0.3315846156,"0.235":0.3315846156,"0.24":0.3339257143,"0.245":0.3339257143,"0.25":0.3339257143,"0.255":0.3339257143,"0.26":0.3414155834,"0.265":0.347514433,"0.27":0.347514433,"0.275":0.3619662506,"0.28":0.3619662506,"0.285":0.3585402721,"0.29":0.3585402721,"0.295":0.3585402721,"0.3":0.369542094,"0.305":0.369542094,"0.31":0.3743119838,"0.315":0.3743119838,"0.32":0.3743119838,"0.325":0.3743119838,"0.33":0.3743119838,"0.335":0.3743119838,"0.34":0.3743119838,"0.345":0.3743119838,"0.35":0.3743119838,"0.355":0.3743119838,"0.36":0.3743119838,"0.365":0.3743119838,"0.37":0.3743119838,"0.375":0.3743119838,"0.38":0.3743119838,"0.385":0.3743119838,"0.39":0.3743119838,"0.395":0.3743119838,"0.4":0.3743119838,"0.405":0.3743119838,"0.41":0.3743119838,"0.415":0.3743119838,"0.42":0.3743119838,"0.425":0.3743119838,"0.43":0.3743119838,"0.435":0.3748473719,"0.44":0.3748473719,"0.445":0.3748473719,"0.45":0.3748473719,"0.455":0.3748473719,"0.46":0.3748473719,"0.465":0.3748473719,"0.47":0.3748473719,"0.475":0.3748473719,"0.48":0.3748473719,"0.485":0.3748473719,"0.49":0.3748473719,"0.495":0.3748473719,"0.5":0.3748473719},"percival2014\/stem":{"0.0":null,"0.005":0.0020472061,"0.01":0.1177331049,"0.015":0.1199771154,"0.02":0.1559887359,"0.025":0.1722834999,"0.03":0.1752413882,"0.035":0.1717024249,"0.04":0.1957310873,"0.045":0.1897044779,"0.05":0.2081673648,"0.055":0.2022801257,"0.06":0.2009834275,"0.065":0.1931004416,"0.07":0.1931004416,"0.075":0.2041435593,"0.08":0.2287275609,"0.085":0.2375404481,"0.09":0.2346336718,"0.095":0.2318080376,"0.1":0.2390784546,"0.105":0.2390784546,"0.11":0.2458047477,"0.115":0.2458047477,"0.12":0.2458047477,"0.125":0.2458047477,"0.13":0.2458047477,"0.135":0.2458047477,"0.14":0.2458047477,"0.145":0.2458047477,"0.15":0.2458047477,"0.155":0.2473969914,"0.16":0.2450377211,"0.165":0.2423441199,"0.17":0.2523228832,"0.175":0.2549677609,"0.18":0.2549677609,"0.185":0.2549677609,"0.19":0.2549677609,"0.195":0.2644838643,"0.2":0.2644838643,"0.205":0.2718085997,"0.21":0.2718085997,"0.215":0.2718085997,"0.22":0.2795855995,"0.225":0.279410315,"0.23":0.279410315,"0.235":0.279410315,"0.24":0.277575048,"0.245":0.277575048,"0.25":0.277575048,"0.255":0.277575048,"0.26":0.2746238194,"0.265":0.2747500854,"0.27":0.2747500854,"0.275":0.2812725492,"0.28":0.2812725492,"0.285":0.278478724,"0.29":0.278478724,"0.295":0.278478724,"0.3":0.28196717,"0.305":0.28196717,"0.31":0.2803460878,"0.315":0.2803460878,"0.32":0.2803460878,"0.325":0.2803460878,"0.33":0.2803460878,"0.335":0.2803460878,"0.34":0.2803460878,"0.345":0.2803460878,"0.35":0.2803460878,"0.355":0.2803460878,"0.36":0.2803460878,"0.365":0.2803460878,"0.37":0.2803460878,"0.375":0.2803460878,"0.38":0.2803460878,"0.385":0.2803460878,"0.39":0.2803460878,"0.395":0.2803460878,"0.4":0.2803460878,"0.405":0.2803460878,"0.41":0.2803460878,"0.415":0.2803460878,"0.42":0.2803460878,"0.425":0.2803460878,"0.43":0.2803460878,"0.435":0.2843813968,"0.44":0.2843813968,"0.445":0.2843813968,"0.45":0.2843813968,"0.455":0.2843813968,"0.46":0.2843813968,"0.465":0.2843813968,"0.47":0.2843813968,"0.475":0.2843813968,"0.48":0.2843813968,"0.485":0.2843813968,"0.49":0.2843813968,"0.495":0.2843813968,"0.5":0.2843813968},"schreiber2014\/default":{"0.0":null,"0.005":0.0009136656,"0.01":0.0946049267,"0.015":0.0732729039,"0.02":0.115779594,"0.025":0.1193649055,"0.03":0.1382882544,"0.035":0.123116543,"0.04":0.1329291511,"0.045":0.129866898,"0.05":0.1543493792,"0.055":0.1583020171,"0.06":0.168661552,"0.065":0.1727506546,"0.07":0.1727506546,"0.075":0.1838353906,"0.08":0.1943573188,"0.085":0.2036147545,"0.09":0.2010186112,"0.095":0.1985346594,"0.1":0.1942944802,"0.105":0.1942944802,"0.11":0.2024146204,"0.115":0.2024146204,"0.12":0.2024146204,"0.125":0.2024146204,"0.13":0.2024146204,"0.135":0.2024146204,"0.14":0.2024146204,"0.145":0.2024146204,"0.15":0.2024146204,"0.155":0.2005743354,"0.16":0.1999777536,"0.165":0.1979610176,"0.17":0.2052515931,"0.175":0.2031245481,"0.18":0.2031245481,"0.185":0.2031245481,"0.19":0.2031245481,"0.195":0.2200840784,"0.2":0.2200840784,"0.205":0.2293757522,"0.21":0.2293757522,"0.215":0.2293757522,"0.22":0.2354805528,"0.225":0.2333726268,"0.23":0.2333726268,"0.235":0.2333726268,"0.24":0.2353944386,"0.245":0.2353944386,"0.25":0.2353944386,"0.255":0.2353944386,"0.26":0.2353497439,"0.265":0.2442059329,"0.27":0.2442059329,"0.275":0.2511774072,"0.28":0.2511774072,"0.285":0.2532200447,"0.29":0.2532200447,"0.295":0.2532200447,"0.3":0.2533777806,"0.305":0.2533777806,"0.31":0.2514076909,"0.315":0.2514076909,"0.32":0.2514076909,"0.325":0.2514076909,"0.33":0.2514076909,"0.335":0.2514076909,"0.34":0.2514076909,"0.345":0.2514076909,"0.35":0.2514076909,"0.355":0.2514076909,"0.36":0.2514076909,"0.365":0.2514076909,"0.37":0.2514076909,"0.375":0.2514076909,"0.38":0.2514076909,"0.385":0.2514076909,"0.39":0.2514076909,"0.395":0.2514076909,"0.4":0.2514076909,"0.405":0.2514076909,"0.41":0.2514076909,"0.415":0.2514076909,"0.42":0.2514076909,"0.425":0.2514076909,