{"boeck2015\/tempodetector2016_default":{"0":1.1071940551,"1":-0.0029800015,"2":-1.5731949509,"3":0.0091142295,"4":1.0652276228,"5":-1.0193653249,"6":1.0403757961,"7":1.0183208204,"8":0.9852150205,"9":0.0531376022,"10":1.1282617771,"11":0.0203247934,"12":1.5758915517,"13":-0.008462735,"14":0.1082144183,"15":0.0000721329,"16":0.0112272554,"17":0.1461520265,"18":-0.9880273583,"19":0.011667378,"20":1.1699370239,"21":0.0550413636,"22":-0.0055136024,"23":1.6730145578,"24":0.4342568073,"25":1.0406540069,"26":-0.0263397478,"27":0.9593435885,"28":-0.000014427,"29":0.3540289381,"30":0.0074945365,"31":-0.0144995697,"32":0.0077666047,"33":-1.0000432815,"34":0.0046204384,"35":0.0156783469,"36":0.0101840223,"37":-0.0968358237,"38":0.0418562426,"39":0.9936418533,"40":0.011667378,"41":-1.9999711464,"42":0.5960525631,"43":-0.007367508,"44":-0.0266495535,"45":-1.0000625181,"46":0.0050006811,"47":0.191843358,"48":0.0555311795,"49":0.0099152924,"50":0.0073539977,"51":-0.963438057,"52":0.0309739958,"53":0.0443941194,"54":0.099853202,"55":0.0446016194,"56":0.021709498,"57":0.0356239097,"58":-0.987214432,"59":1.0191550929,"60":0.7260954479},"davies2009\/mirex_qm_tempotracker":{"0":1.1244824058,"1":0.0920522485,"2":-1.5302345138,"3":1.0100541919,"4":1.1717881206,"5":-0.9831902467,"6":1.0750291118,"7":1.0116031372,"8":1.0269954738,"9":1.0654851131,"10":1.1982625652,"11":0.0376131441,"12":1.628985999,"13":0.0325654996,"14":1.072210668,"15":1.0285585441,"16":1.0409727145,"17":0.1113670673,"18":-0.9689232811,"19":0.0245831956,"20":1.3213402933,"21":0.0461268772,"22":1.0291397133,"23":1.7869447969,"24":0.4017286011,"25":0.9545596376,"26":1.2674167421,"27":1.4114167543,"28":0.0129013906,"29":1.3313064189,"30":0.0551613453,"31":0.0216755085,"32":0.0306138778,"33":-0.9971815647,"34":1.035498597,"35":1.0227943734,"36":1.0342518762,"37":1.5919846544,"38":0.106564406,"39":1.0346700879,"40":-0.0160532057,"41":-0.9929695925,"42":0.6370807977,"43":0.0344129453,"44":1.0711565575,"45":-0.5830993816,"46":1.0170458133,"47":1.1609017278,"48":0.0596964889,"49":1.0402872784,"50":0.0143707078,"51":-1.3197056527,"52":0.0172931597,"53":0.0741395784,"54":-0.0111272401,"55":0.0487669288,"56":0.0433666713,"57":0.0129013906,"58":-0.9497721823,"59":1.0262206228,"60":0.5107278508},"percival2014\/stem":{"0":1.1335322911,"1":0.0148149026,"2":-0.997364921,"3":0.9994895563,"4":1.1361664441,"5":-1.0171428827,"6":1.0556568079,"7":1.0277180569,"8":1.0095039992,"9":0.0466284587,"10":0.1648400243,"11":0.0557667719,"12":1.6208069031,"13":0.0126609172,"14":1.0201225058,"15":1.0050298342,"16":0.0014469465,"17":-0.7761606322,"18":-0.9899893143,"19":0.0143168841,"20":0.5692694817,"21":-0.9949008796,"22":1.0487648909,"23":1.777726546,"24":0.4513132122,"25":0.0841943737,"26":0.6459283654,"27":0.6162374674,"28":-1.0075601158,"29":1.3210401074,"30":0.0107686217,"31":0.0045973889,"32":0.0122393964,"33":-1.0118374134,"34":0.0146831475,"35":1.0044198919,"36":0.0045013922,"37":0.8632889653,"38":-0.3714851101,"39":1.0098356178,"40":0.0349321886,"41":-2.00295738,"42":0.6073303137,"43":-1.0003531428,"44":1.0280881147,"45":-1.0026365284,"46":0.9995543388,"47":0.1500141654,"48":0.0547645633,"49":1.0402872784,"50":0.0229860714,"51":-1.9378303833,"52":0.026343045,"53":-0.9258589141,"54":-0.8691063509,"55":0.0291376475,"56":-0.9947662941,"57":-0.9922393025,"58":-0.9876453928,"59":1.0187241321,"60":0.3488384236},"schreiber2014\/default":{"0":0.1059629561,"1":-0.0280720705,"2":-2.1678153246,"3":0.0249254095,"4":0.7883395094,"5":-1.0087323883,"6":0.1381801847,"7":0.1455048069,"8":-0.1036996554,"9":0.0190469178,"10":0.0976196494,"11":-1.3338250562,"12":1.5157283938,"13":-0.9845332102,"14":0.1764824752,"15":-0.0300251115,"16":-0.003239361,"17":-0.8823977291,"18":-1.0320593526,"19":-0.9939920453,"20":0.6882107164,"21":-1.195441531,"22":0.0374682298,"23":0.6211690888,"24":-0.1528055211,"25":-0.1088021419,"26":0.3761863659,"27":0.9907334487,"28":-1.0076263175,"29":0.3637206533,"30":-0.935094953,"31":-0.0123613257,"32":-0.4953948617,"33":-0.9971518819,"34":0.004799035,"35":-0.0533673118,"36":-0.0535169,"37":1.1765973235,"38":-0.73666263,"39":-0.0623927344,"40":-0.9509348858,"41":-1.9542250519,"42":-0.4177985726,"43":-0.0221334448,"44":-0.0264672811,"45":-1.1012975892,"46":-0.004265818,"47":-0.1020874278,"48":0.0665046306,"49":0.0349194714,"50":-0.9288659354,"51":-1.9150841614,"52":0.0195831449,"53":-1.0513814366,"54":-0.8670242309,"55":0.0785823023,"56":-0.9508309291,"57":-1.02176275,"58":-1.0050172391,"59":1.0468535558,"60":0.2838694603},"schreiber2017\/ismir2017":{"0":0.2436692257,"1":0.01087422,"2":-1.5460647937,"3":1.0077858448,"4":1.1393771368,"5":-1.5965209233,"6":0.940905604,"7":0.9812113771,"8":1.0065995608,"9":1.0964127493,"10":0.1444378988,"11":-1.0165748199,"12":1.0312965137,"13":0.0138619498,"14":-0.6654000163,"15":1.0154245265,"16":-0.0044656688,"17":-0.7173029131,"18":-0.9667055543,"19":-0.9842691494,"20":0.1324659169,"21":-1.5357568314,"22":-0.0334881982,"23":1.7030694292,"24":0.0109922254,"25":0.0656954972,"26":-0.4137579049,"27":0.7228820028,"28":-0.0209739149,"29":0.2663357341,"30":0.0249998623,"31":0.0092490184,"32":0.0259617634,"33":-0.9949962455,"34":0.9980143642,"35":1.0233007607,"36":1.0155483264,"37":0.3936955199,"38":0.0800809476,"39":0.9871807219,"40":-0.9734563859,"41":-2.0076643847,"42":0.5887721524,"43":0.0181304603,"44":0.1496627499,"45":-0.9711499268,"46":0.9975648291,"47":1.0270707697,"48":0.0760693394,"49":1.0166300567,"50":0.0296534668,"51":-1.9850444232,"52":0.0182638681,"53":-0.9230435241,"54":-0.8968130054,"55":1.0515708651,"56":-1.000799424,"57":-0.0197910704,"58":-1.96577944,"59":1.0337737392,"60":-0.3419853385},"schreiber2017\/mirex2017":{"0":0.2436692257,"1":0.01087422,"2":-1.5460647937,"3":1.0077858448,"4":1.1393771368,"5":-1.5965209233,"6":-0.0590944187,"7":-0.0187886357,"8":1.0065995608,"9":0.0964127493,"10":0.1444378988,"11":-0.0165748199,"12":1.0312965137,"13":-0.9861380502,"14":-0.6654000163,"15":0.0154245265,"16":-0.0044656688,"17":-0.7173029131,"18":-0.9667055543,"19":-0.9842691494,"20":0.1324659169,"21":-1.5357568314,"22":-0.0334881982,"23":1.7030694292,"24":0.0109922254,"25":0.0656954972,"26":-0.4137579049,"27":-0.2771179972,"28":-1.0209739149,"29":0.2663357341,"30":0.0249998623,"31":0.0092490184,"32":-0.9740382584,"33":-0.9949962455,"34":0.9980143642,"35":0.0233007607,"36":1.0155483264,"37":0.3936955199,"38":0.0800809476,"39":0.9871807219,"40":-0.9734563859,"41":-2.0076643847,"42":0.5887721524,"43":0.0181304603,"44":0.1496627499,"45":-0.9711499268,"46":0.9975648291,"47":0.0270707697,"48":0.0760693394,"49":1.0166300567,"50":0.0296534668,"51":-1.9850444232,"52":0.0182638681,"53":-0.9230435241,"54":0.1031869946,"55":0.0515707635,"56":-1.000799424,"57":-0.0197910704,"58":-0.9657794135,"59":1.0337737392,"60":0.6580146615},"schreiber2018\/cnn":{"0":1.1333991254,"1":0.0004448838,"2":-1.5932819386,"3":1.0005409092,"4":0.5506544499,"5":-1.0073926832,"6":1.0259146988,"7":1.0260524572,"8":0.9680292941,"9":0.1277799994,"10":0.2551985664,"11":0.0465298637,"12":1.6110149579,"13":-0.0139531978,"14":-0.0259602345,"15":0.0285691522,"16":0.0150693217,"17":-0.7625382569,"18":0.0119726417,"19":-0.9916884168,"20":0.676831556,"21":0.0906652733,"22":0.9800253002,"23":0.8030547846,"24":0.3947396638,"25":0.0114956388,"26":0.6097549622,"27":0.6553518286,"28":0.0162585849,"29":0.3919967883,"30":-0.0157752428,"31":-0.0144995697,"32":0.0030024882,"33":-1.0174170531,"34":1.5939911093,"35":0.01720929,"36":0.0185392256,"37":0.8288319789,"38":0.0214797274,"39":0.9881513906,"40":0.0279403899,"41":-2.0086822431,"42":0.5905621004,"43":0.0107798388,"44":0.0469566334,"45":-1.0115879743,"46":-0.0065872932,"47":0.209765266,"48":0.0638863829,"49":0.0240156659,"50":-1.0218043703,"51":-1.8365012677,"52":0.0262098793,"53":-0.9064398238,"54":-0.874831214,"55":0.0529568227,"56":-0.9768629547,"57":-0.9264082401,"58":-0.9756803208,"59":1.0306892041,"60":0.3552577525},"schreiber2018\/fcn":{"0":0.9690123075,"1":0.0004448838,