{"boeck2015\/tempodetector2016_default":{"boeck2015\/tempodetector2016_default":1.0,"davies2009\/mirex_qm_tempotracker":0.1386027548,"percival2014\/stem":0.126263308,"schreiber2014\/default":0.2107658727,"schreiber2017\/ismir2017":0.3693658097,"schreiber2017\/mirex2017":0.3693658097},"davies2009\/mirex_qm_tempotracker":{"boeck2015\/tempodetector2016_default":0.1386027548,"davies2009\/mirex_qm_tempotracker":1.0,"percival2014\/stem":0.134693515,"schreiber2014\/default":0.4859082872,"schreiber2017\/ismir2017":0.3111978071,"schreiber2017\/mirex2017":0.3111978071},"percival2014\/stem":{"boeck2015\/tempodetector2016_default":0.126263308,"davies2009\/mirex_qm_tempotracker":0.134693515,"percival2014\/stem":1.0,"schreiber2014\/default":0.2050349111,"schreiber2017\/ismir2017":0.3523494349,"schreiber2017\/mirex2017":0.3523494349},"schreiber2014\/default":{"boeck2015\/tempodetector2016_default":0.2107658727,"davies2009\/mirex_qm_tempotracker":0.4859082872,"percival2014\/stem":0.2050349111,"schreiber2014\/default":1.0,"schreiber2017\/ismir2017":0.4267332973,"schreiber2017\/mirex2017":0.4267332973},"schreiber2017\/ismir2017":{"boeck2015\/tempodetector2016_default":0.3693658097,"davies2009\/mirex_qm_tempotracker":0.3111978071,"percival2014\/stem":0.3523494349,"schreiber2014\/default":0.4267332973,"schreiber2017\/ismir2017":1.0,"schreiber2017\/mirex2017":1.0},"schreiber2017\/mirex2017":{"boeck2015\/tempodetector2016_default":0.3693658097,"davies2009\/mirex_qm_tempotracker":0.3111978071,"percival2014\/stem":0.3523494349,"schreiber2014\/default":0.4267332973,"schreiber2017\/ismir2017":1.0,"schreiber2017\/mirex2017":1.0}}