{"Without drums":{"boeck2015\/tempodetector2016_default":0.5454545455,"davies2009\/mirex_qm_tempotracker":0.4545454545,"percival2014\/stem":0.8181818182,"schreiber2014\/default":0.7272727273,"schreiber2017\/ismir2017":0.5454545455,"schreiber2017\/mirex2017":0.5454545455},"Vocal group (4 female)":{"boeck2015\/tempodetector2016_default":0.0,"davies2009\/mirex_qm_tempotracker":1.0,"percival2014\/stem":1.0,"schreiber2014\/default":1.0,"schreiber2017\/ismir2017":1.0,"schreiber2017\/mirex2017":1.0},"Vocal group (3 female)":{"boeck2015\/tempodetector2016_default":0.0,"davies2009\/mirex_qm_tempotracker":1.0,"percival2014\/stem":1.0,"schreiber2014\/default":1.0,"schreiber2017\/ismir2017":1.0,"schreiber2017\/mirex2017":1.0},"Vocal group (2 male)":{"boeck2015\/tempodetector2016_default":0.0,"davies2009\/mirex_qm_tempotracker":1.0,"percival2014\/stem":1.0,"schreiber2014\/default":1.0,"schreiber2017\/ismir2017":1.0,"schreiber2017\/mirex2017":1.0},"Vocal group (2 female)":{"boeck2015\/tempodetector2016_default":1.0,"davies2009\/mirex_qm_tempotracker":0.5,"percival2014\/stem":1.0,"schreiber2014\/default":1.0,"schreiber2017\/ismir2017":0.5,"schreiber2017\/mirex2017":0.5},"Vocal group (1 male + 1 female)":{"boeck2015\/tempodetector2016_default":0.0,"davies2009\/mirex_qm_tempotracker":1.0,"percival2014\/stem":1.0,"schreiber2014\/default":1.0,"schreiber2017\/ismir2017":1.0,"schreiber2017\/mirex2017":1.0},"Trumpet":{"boeck2015\/tempodetector2016_default":1.0,"davies2009\/mirex_qm_tempotracker":1.0,"percival2014\/stem":1.0,"schreiber2014\/default":1.0,"schreiber2017\/ismir2017":1.0,"schreiber2017\/mirex2017":1.0},"Piano":{"boeck2015\/tempodetector2016_default":0.5555555556,"davies2009\/mirex_qm_tempotracker":0.5555555556,"percival2014\/stem":0.7777777778,"schreiber2014\/default":0.6666666667,"schreiber2017\/ismir2017":0.5555555556,"schreiber2017\/mirex2017":0.5555555556},"Male":{"boeck2015\/tempodetector2016_default":0.64,"davies2009\/mirex_qm_tempotracker":0.68,"percival2014\/stem":0.84,"schreiber2014\/default":0.72,"schreiber2017\/ismir2017":0.78,"schreiber2017\/mirex2017":0.78},"Live drums":{"boeck2015\/tempodetector2016_default":0.7619047619,"davies2009\/mirex_qm_tempotracker":0.7142857143,"percival2014\/stem":0.8095238095,"schreiber2014\/default":0.6666666667,"schreiber2017\/ismir2017":0.8095238095,"schreiber2017\/mirex2017":0.8095238095},"Hi-hat only":{"boeck2015\/tempodetector2016_default":1.0,"davies2009\/mirex_qm_tempotracker":0.0,"percival2014\/stem":1.0,"schreiber2014\/default":1.0,"schreiber2017\/ismir2017":0.5,"schreiber2017\/mirex2017":0.5},"Guitar":{"boeck2015\/tempodetector2016_default":0.6627906977,"davies2009\/mirex_qm_tempotracker":0.7441860465,"percival2014\/stem":0.8372093023,"schreiber2014\/default":0.8372093023,"schreiber2017\/ismir2017":0.8372093023,"schreiber2017\/mirex2017":0.8372093023},"Female":{"boeck2015\/tempodetector2016_default":0.7045454545,"davies2009\/mirex_qm_tempotracker":0.8181818182,"percival2014\/stem":0.8409090909,"schreiber2014\/default":0.9090909091,"schreiber2017\/ismir2017":0.8636363636,"schreiber2017\/mirex2017":0.8636363636},"English vocals":{"boeck2015\/tempodetector2016_default":0.7,"davies2009\/mirex_qm_tempotracker":0.75,"percival2014\/stem":0.85,"schreiber2014\/default":0.85,"schreiber2017\/ismir2017":0.8,"schreiber2017\/mirex2017":0.8},"Drums":{"boeck2015\/tempodetector2016_default":0.7619047619,"davies2009\/mirex_qm_tempotracker":0.7142857143,"percival2014\/stem":0.8095238095,"schreiber2014\/default":0.6666666667,"schreiber2017\/ismir2017":0.8095238095,"schreiber2017\/mirex2017":0.8095238095},"Drum sequences":{"boeck2015\/tempodetector2016_default":0.6166666667,"davies2009\/mirex_qm_tempotracker":0.8333333333,"percival2014\/stem":0.8666666667,"schreiber2014\/default":0.8833333333,"schreiber2017\/ismir2017":0.8666666667,"schreiber2017\/mirex2017":0.8666666667},"Drum loops":{"boeck2015\/tempodetector2016_default":0.75,"davies2009\/mirex_qm_tempotracker":0.625,"percival2014\/stem":0.875,"schreiber2014\/default":0.875,"schreiber2017\/ismir2017":0.875,"schreiber2017\/mirex2017":0.875},"Cello":{"boeck2015\/tempodetector2016_default":0.0,"davies2009\/mirex_qm_tempotracker":0.0,"percival2014\/stem":0.5,"schreiber2014\/default":0.0,"schreiber2017\/ismir2017":0.0,"schreiber2017\/mirex2017":0.0},"Bass":{"boeck2015\/tempodetector2016_default":0.7352941176,"davies2009\/mirex_qm_tempotracker":0.7647058824,"percival2014\/stem":0.7941176471,"schreiber2014\/default":0.7941176471,"schreiber2017\/ismir2017":0.8823529412,"schreiber2017\/mirex2017":0.8823529412},"8\/4":{"boeck2015\/tempodetector2016_default":1.0,"davies2009\/mirex_qm_tempotracker":0.0,"percival2014\/stem":1.0,"schreiber2014\/default":0.0,"schreiber2017\/ismir2017":0.0,"schreiber2017\/mirex2017":0.0},"7\/4":{"boeck2015\/tempodetector2016_default":1.0,"davies2009\/mirex_qm_tempotracker":0.0,"percival2014\/stem":1.0,"schreiber2014\/default":1.0,"schreiber2017\/ismir2017":1.0,"schreiber2017\/mirex2017":1.0},"6\/4":{"boeck2015\/tempodetector2016_default":1.0,"davies2009\/mirex_qm_tempotracker":1.0,"percival2014\/stem":1.0,"schreiber2014\/default":1.0,"schreiber2017\/ismir2017":1.0,"schreiber2017\/mirex2017":1.0},"5\/4":{"boeck2015\/tempodetector2016_default":0.5,"davies2009\/mirex_qm_tempotracker":0.5,"percival2014\/stem":1.0,"schreiber2014\/default":1.0,"schreiber2017\/ismir2017":1.0,"schreiber2017\/mirex2017":1.0},"4\/4":{"boeck2015\/tempodetector2016_default":0.6421052632,"davies2009\/mirex_qm_tempotracker":0.7684210526,"percival2014\/stem":0.8421052632,"schreiber2014\/default":0.8210526316,"schreiber2017\/ismir2017":0.8210526316,"schreiber2017\/mirex2017":0.8210526316}}