{"boeck2015\/tempodetector2016_default":{"0.0":null,"0.005":-0.298730244,"0.01":-0.3241107304,"0.015":-0.3447091499,"0.02":-0.3443182893,"0.025":-0.3504104316,"0.03":-0.3504104316,"0.035":-0.3466826611,"0.04":-0.3325343041,"0.045":-0.3325343041,"0.05":-0.3325343041,"0.055":-0.3325343041,"0.06":-0.3325343041,"0.065":-0.3325343041,"0.07":-0.3325343041,"0.075":-0.3325343041,"0.08":-0.3325343041,"0.085":-0.3325343041,"0.09":-0.3325343041,"0.095":-0.3291753717,"0.1":-0.3291753717,"0.105":-0.3291753717,"0.11":-0.3291753717,"0.115":-0.3291753717,"0.12":-0.3291753717,"0.125":-0.3291753717,"0.13":-0.3291753717,"0.135":-0.3291753717,"0.14":-0.3291753717,"0.145":-0.3291753717,"0.15":-0.3291753717,"0.155":-0.3291753717,"0.16":-0.3291753717,"0.165":-0.3291753717,"0.17":-0.3291753717,"0.175":-0.3291753717,"0.18":-0.3291753717,"0.185":-0.3291753717,"0.19":-0.3291753717,"0.195":-0.3291753717,"0.2":-0.3291753717,"0.205":-0.3291753717,"0.21":-0.3291753717,"0.215":-0.3291753717,"0.22":-0.3291753717,"0.225":-0.3291753717,"0.23":-0.3291753717,"0.235":-0.3291753717,"0.24":-0.3291753717,"0.245":-0.3291753717,"0.25":-0.3291753717,"0.255":-0.3291753717,"0.26":-0.3291753717,"0.265":-0.3291753717,"0.27":-0.3291753717,"0.275":-0.3291753717,"0.28":-0.3291753717,"0.285":-0.3291753717,"0.29":-0.3291753717,"0.295":-0.3291753717,"0.3":-0.3291753717,"0.305":-0.3291753717,"0.31":-0.3291753717,"0.315":-0.3291753717,"0.32":-0.3291753717,"0.325":-0.3291753717,"0.33":-0.3291753717,"0.335":-0.3291753717,"0.34":-0.3359065077,"0.345":-0.3359065077,"0.35":-0.3359065077,"0.355":-0.3359065077,"0.36":-0.3359065077,"0.365":-0.3359065077,"0.37":-0.3359065077,"0.375":-0.3359065077,"0.38":-0.3359065077,"0.385":-0.3359065077,"0.39":-0.3359065077,"0.395":-0.3359065077,"0.4":-0.3359065077,"0.405":-0.3359065077,"0.41":-0.3359065077,"0.415":-0.3359065077,"0.42":-0.3359065077,"0.425":-0.3359065077,"0.43":-0.3359065077,"0.435":-0.3359065077,"0.44":-0.3359065077,"0.445":-0.3359065077,"0.45":-0.3359065077,"0.455":-0.3359065077,"0.46":-0.3359065077,"0.465":-0.3359065077,"0.47":-0.3359065077,"0.475":-0.3359065077,"0.48":-0.3359065077,"0.485":-0.3359065077,"0.49":-0.3359065077,"0.495":-0.3359065077,"0.5":-0.3359065077},"davies2009\/mirex_qm_tempotracker":{"0.0":null,"0.005":0.1510909274,"0.01":0.1392146219,"0.015":0.1332195813,"0.02":0.1290174173,"0.025":0.1427432647,"0.03":0.1427432647,"0.035":0.1414279542,"0.04":0.1569740273,"0.045":0.1569740273,"0.05":0.1569740273,"0.055":0.1569740273,"0.06":0.1569740273,"0.065":0.1569740273,"0.07":0.1569740273,"0.075":0.1569740273,"0.08":0.1569740273,"0.085":0.1569740273,"0.09":0.1569740273,"0.095":0.1555100991,"0.1":0.1555100991,"0.105":0.1555100991,"0.11":0.1555100991,"0.115":0.1555100991,"0.12":0.1555100991,"0.125":0.1555100991,"0.13":0.1555100991,"0.135":0.1555100991,"0.14":0.1555100991,"0.145":0.1555100991,"0.15":0.1555100991,"0.155":0.1555100991,"0.16":0.1555100991,"0.165":0.1555100991,"0.17":0.1555100991,"0.175":0.1555100991,"0.18":0.1555100991,"0.185":0.1555100991,"0.19":0.1555100991,"0.195":0.1555100991,"0.2":0.1555100991,"0.205":0.1555100991,"0.21":0.1555100991,"0.215":0.1555100991,"0.22":0.1555100991,"0.225":0.1555100991,"0.23":0.1555100991,"0.235":0.1555100991,"0.24":0.1555100991,"0.245":0.1555100991,"0.25":0.1555100991,"0.255":0.1555100991,"0.26":0.1555100991,"0.265":0.1555100991,"0.27":0.1555100991,"0.275":0.1555100991,"0.28":0.1555100991,"0.285":0.1555100991,"0.29":0.1555100991,"0.295":0.1555100991,"0.3":0.1555100991,"0.305":0.1555100991,"0.31":0.1555100991,"0.315":0.1555100991,"0.32":0.1555100991,"0.325":0.1555100991,"0.33":0.1555100991,"0.335":0.1555100991,"0.34":0.1540776421,"0.345":0.1540776421,"0.35":0.1540776421,"0.355":0.1540776421,"0.36":0.1540776421,"0.365":0.1540776421,"0.37":0.1540776421,"0.375":0.1540776421,"0.38":0.1540776421,"0.385":0.1540776421,"0.39":0.1540776421,"0.395":0.1540776421,"0.4":0.1540776421,"0.405":0.1540776421,"0.41":0.1540776421,"0.415":0.1540776421,"0.42":0.1540776421,"0.425":0.1540776421,"0.43":0.1540776421,"0.435":0.1540776421,"0.44":0.1540776421,"0.445":0.1540776421,"0.45":0.1540776421,"0.455":0.1540776421,"0.46":0.1540776421,"0.465":0.1540776421,"0.47":0.1540776421,"0.475":0.1540776421,"0.48":0.1540776421,"0.485":0.1540776421,"0.49":0.1540776421,"0.495":0.1540776421,"0.5":0.1540776421},"percival2014\/stem":{"0.0":null,"0.005":-0.1159396916,"0.01":-0.1391555847,"0.015":-0.1323441527,"0.02":-0.1277896295,"0.025":-0.1181517024,"0.03":-0.1181517024,"0.035":-0.1169156412,"0.04":-0.1120299794,"0.045":-0.1120299794,"0.05":-0.1120299794,"0.055":-0.1120299794,"0.06":-0.1120299794,"0.065":-0.1120299794,"0.07":-0.1120299794,"0.075":-0.1120299794,"0.08":-0.1120299794,"0.085":-0.1120299794,"0.09":-0.1120299794,"0.095":-0.1108652919,"0.1":-0.1108652919,"0.105":-0.1108652919,"0.11":-0.1108652919,"0.115":-0.1108652919,"0.12":-0.1108652919,"0.125":-0.1108652919,"0.13":-0.1108652919,"0.135":-0.1108652919,"0.14":-0.1108652919,"0.145":-0.1108652919,"0.15":-0.1108652919,"0.155":-0.1108652919,"0.16":-0.1108652919,"0.165":-0.1108652919,"0.17":-0.1108652919,"0.175":-0.1108652919,"0.18":-0.1108652919,"0.185":-0.1108652919,"0.19":-0.1108652919,"0.195":-0.1108652919,"0.2":-0.1108652919,"0.205":-0.1108652919,"0.21":-0.1108652919,"0.215":-0.1108652919,"0.22":-0.1108652919,"0.225":-0.1108652919,"0.23":-0.1108652919,"0.235":-0.1108652919,"0.24":-0.1108652919,"0.245":-0.1108652919,"0.25":-0.1108652919,"0.255":-0.1108652919,"0.26":-0.1108652919,"0.265":-0.1108652919,"0.27":-0.1108652919,"0.275":-0.1108652919,"0.28":-0.1108652919,"0.285":-0.1108652919,"0.29":-0.1108652919,"0.295":-0.1108652919,"0.3":-0.1108652919,"0.305":-0.1108652919,"0.31":-0.1108652919,"0.315":-0.1108652919,"0.32":-0.1108652919,"0.325":-0.1108652919,"0.33":-0.1108652919,"0.335":-0.1108652919,"0.34":-0.1097645542,"0.345":-0.1097645542,"0.35":-0.1097645542,"0.355":-0.1097645542,"0.36":-0.1097645542,"0.365":-0.1097645542,"0.37":-0.1097645542,"0.375":-0.1097645542,"0.38":-0.1097645542,"0.385":-0.1097645542,"0.39":-0.1097645542,"0.395":-0.1097645542,"0.4":-0.1097645542,"0.405":-0.1097645542,"0.41":-0.1097645542,"0.415":-0.1097645542,"0.42":-0.1097645542,"0.425":-0.1097645542,"0.43":-0.1097645542,"0.435":-0.1097645542,"0.44":-0.1097645542,"0.445":-0.1097645542,"0.45":-0.1097645542,"0.455":-0.1097645542,"0.46":-0.1097645542,"0.465":-0.1097645542,"0.47":-0.1097645542,"0.475":-0.1097645542,"0.48":-0.1097645542,"0.485":-0.1097645542,"0.49":-0.1097645542,"0.495":-0.1097645542,"0.5":-0.1097645542},"schreiber2014\/default":{"0.0":null,"0.005":-0.1219594783,"0.01":-0.1373068633,"0.015":-0.1426809945,"0.02":-0.1376839333,"0.025":-0.1488686159,"0.03":-0.1488686159,"0.035":-0.1472863484,"0.04":-0.1329274147,"0.045":-0.1329274147,"0.05":-0.1329274147,"0.055":-0.1329274147,"0.06":-0.1329274147,"0.065":-0.1329274147,"0.07":-0.1329274147,"0.075":-0.1329274147,"0.08":-0.1329274147,"0.085":-0.1329274147,"0.09":-0.1329274147,"0.095":-0.1348206524,"0.1":-0.1348206524,"0.105":-0.1348206524,"0.11":-0.1348206524,"0.115":-0.1348206524,"0.12":-0.1348206524,"0.125":-0.1348206524,"0.13":-0.1348206524,"0.135":-0.1348206524,"0.14":-0.1348206524,"0.145":-0.1348206524,"0.15":-0.1348206524,"0.155":-0.1348206524,"0.16":-0.1348206524,"0.165":-0.1348206524,"0.17":-0.1348206524,"0.175":-0.1348206524,"0.18":-0.1348206524,"0.185":-0.1348206524,"0.19":-0.1348206524,"0.195":-0.1348206524,"0.2":-0.1348206524,"0.205":-0.1348206524,"0.21":-0.1348206524,"0.215":-0.1348206524,"0.22":-0.1348206524,"0.225":-0.1348206524,"0.23":-0.1348206524,"0.235":-0.1348206524,"0.24":-0.1348206524,"0.245":-0.1348206524,"0.25":-0.1348206524,"0.255":-0.1348206524,"0.26":-0.1348206524,"0.265":-0.1348206524,"0.27":-0.1348206524,"0.275":-0.1348206524,"0.28":-0.1348206524,"0.285":-0.1348206524,"0.29":-0.1348206524,"0.295":-0.1348206524,"0.3":-0.1348206524,"0.305":-0.1348206524,"0.31":-0.1348206524,"0.315":-0.1348206524,"0.32":-0.1348206524,"0.325":-0.1348206524,"0.33":-0.1348206524,"0.335":-0.1348206524,"0.34":-0.133496612,"0.345":-0.133496612,