{"boeck2015\/tempodetector2016_default":{"0":0.0074780559,"1":0.0013229667,"2":0.0032613821,"3":0.0,"4":0.0,"5":0.0,"6":0.0014996831,"7":0.0015309431,"8":0.0048731228,"9":0.0588936891,"10":0.0047641165,"11":0.0,"12":0.0009494538,"13":0.0,"14":0.0074780559,"15":0.0047480884,"16":0.0048731228,"17":0.0,"18":0.0013352107,"19":0.0062893078,"20":0.1328365615,"21":0.0017108748,"22":0.0048514815,"23":0.0032613821,"24":0.0062893078,"25":0.0048530832,"26":0.0035222846,"27":0.0061498429,"28":0.0032613821,"29":0.0013352107,"30":0.0017108748,"31":0.0003102236,"32":0.00137465,"33":0.0018022426,"34":0.0052899857,"35":0.0048530832,"36":0.0047641165,"37":0.0,"38":0.0,"39":0.0039292672,"40":0.0074539705,"41":0.0013640665,"42":0.0,"43":0.0381931535,"44":0.0,"45":0.0,"46":0.0015309431,"47":0.0072315692,"48":0.0033557949,"49":0.0,"50":0.0429521452,"51":0.004285539,"52":0.0047641165,"53":0.0014241808,"54":0.0120848547,"55":0.0015309431,"56":0.003688187,"57":0.0026207002,"58":0.0144610973,"59":0.0232260142,"60":0.0018864045,"61":0.0,"62":0.0047480884,"63":0.0,"64":0.0053116261,"65":0.0039292672,"66":0.0014804466,"67":0.0299740897,"68":0.0048514815,"69":0.0034248853,"70":0.0053116261,"71":0.0013640665,"72":0.0017108748,"73":0.0033557949,"74":0.0047480884,"75":0.0052899857,"76":0.0048530832,"77":0.0013640665,"78":0.0,"79":0.0076498832,"80":0.0038420663,"81":0.0148493563,"82":0.0006273951,"83":0.0072315692,"84":0.0,"85":0.0039292672,"86":0.0429136728,"87":0.0010047577,"88":0.0047480884,"89":0.0076498832,"90":0.0032613821,"91":0.000447278,"92":0.0072315692,"93":0.0009494538,"94":0.0035222846,"95":0.0052899857,"96":0.0072315692,"97":0.0114667852,"98":0.0100324253,"99":0.0053116261},"davies2009\/mirex_qm_tempotracker":{"0":0.0247664066,"1":0.0126113159,"2":0.0236331066,"3":0.0134533267,"4":0.0361750781,"5":0.0134533267,"6":0.024199924,"7":0.0055850833,"8":0.0022294212,"9":0.0779930206,"10":0.0276113897,"11":0.0120451323,"12":0.0430589513,"13":0.0191040772,"14":0.0247664066,"15":0.0361767531,"16":0.0264739804,"17":0.0191040772,"18":0.0259081385,"19":0.0050196797,"20":0.1332572069,"21":0.0106366361,"22":0.0361767531,"23":0.0236331066,"24":0.0050196797,"25":0.0044654368,"26":0.0106382273,"27":0.0341746794,"28":0.0236331066,"29":0.0259081385,"30":0.0106366361,"31":0.0148635948,"32":0.0361711699,"33":0.0044628685,"34":0.0202318593,"35":0.0044654368,"36":0.0276113897,"37":0.0120451323,"38":0.0134533267,"39":0.0179688636,"40":0.0324600277,"41":0.0384646564,"42":0.0191040772,"43":0.0136202257,"44":0.0120451323,"45":0.0120451323,"46":0.0055850833,"47":0.0106382273,"48":0.0162716125,"49":0.0190993315,"50":0.0726991117,"51":0.0264699884,"52":0.0276113897,"53":0.0413381791,"54":0.0191032398,"55":0.0055850833,"56":0.0259049002,"57":0.0242024365,"58":0.0106366361,"59":0.0161099877,"60":0.0393286543,"61":0.0361750781,"62":0.0361767531,"63":0.0191040772,"64":0.0470920794,"65":0.0179704828,"66":0.0055842459,"67":0.0502713038,"68":0.0361767531,"69":0.0075476782,"70":0.0123283362,"71":0.0384646564,"72":0.0106366361,"73":0.0162716125,"74":0.0361767531,"75":0.0202318593,"76":0.0044654368,"77":0.4254883378,"78":0.0022224422,"79":0.0202354884,"80":0.0259049002,"81":0.0120451323,"82":0.0174055533,"83":0.0213630427,"84":0.0361750781,"85":0.0179688636,"86":0.0499792027,"87":0.0316006734,"88":0.0361767531,"89":0.0202354884,"90":0.0236331066,"91":0.002223838,"92":0.0213630427,"93":0.0430589513,"94":0.0106382273,"95":0.0202318593,"96":0.0106382273,"97":0.0123268846,"98":0.010641661,"99":0.0123283362},"percival2014\/stem":{"0":0.0024062705,"1":0.0026628385,"2":0.0018022426,"3":0.0022254431,"4":0.0019609929,"5":0.0022254431,"6":0.0025066116,"7":0.0009680296,"8":0.0022260713,"9":0.0465201629,"10":0.0001331657,"11":0.0010853148,"12":0.0000094914,"13":0.00502624,"14":0.0020348392,"15":0.0015243292,"16":0.0022260713,"17":0.001961956,"18":0.000708163,"19":0.0021726811,"20":0.1332572069,"21":0.0011750506,"22":0.0015243292,"23":0.0018022426,"24":0.0021726811,"25":0.0019615163,"26":0.0019617955,"27":0.0050196797,"28":0.002515273,"29":0.0030691392,"30":0.0011750506,"31":0.0018076653,"32":0.0005494935,"33":0.0033530069,"34":0.0004269831,"35":0.0019615163,"36":0.0001331657,"37":0.0032740852,"38":0.0022254431,"39":0.000567353,"40":0.0020318242,"41":0.0018061369,"42":0.001961956,"43":0.0402365272,"44":0.0010853148,"45":0.0010853148,"46":0.0009723984,"47":0.0019617955,"48":0.0008989339,"49":0.0019614745,"50":0.0462277657,"51":0.0015274697,"52":0.0001331657,"53":0.0011786099,"54":0.0011774375,"55":0.0009723984,"56":0.0005664457,"57":0.0013360056,"58":0.0011750506,"59":0.0207226727,"60":0.0127123528,"61":0.0022272437,"62":0.0015284468,"63":0.001961956,"64":0.0123283362,"65":0.000567353,"66":0.0001313163,"67":0.02718395,"68":0.0015284468,"69":0.0007598176,"70":0.000496751,"71":0.0069879184,"72":0.0011750506,"73":0.0008989339,"74":0.0015284468,"75":0.0004269831,"76":0.0019615163,"77":0.0018061369,"78":0.0019609929,"79":0.0016794974,"80":0.0005664457,"81":0.0141032473,"82":0.0028512079,"83":0.0021656672,"84":0.0022224422,"85":0.000567353,"86":0.042482712,"87":0.0018218675,"88":0.0015284468,"89":0.0016794974,"90":0.0018022426,"91":0.0022720757,"92":0.0021699802,"93":0.0000094914,"94":0.0019617955,"95":0.0004269831,"96":0.0019617955,"97":0.0005494935,"98":0.0026425193,"99":0.000496751},"schreiber2014\/default":{"0":0.0009061152,"1":0.0007828136,"2":0.0004882231,"3":0.0010602293,"4":0.0002303687,"5":0.0010727858,"6":0.0006675414,"7":0.4149660949,"8":0.0005523123,"9":0.0381315884,"10":0.0003894751,"11":0.0001356197,"12":0.0000307525,"13":0.00213822,"14":0.0000101103,"15":0.4156065142,"16":0.001874051,"17":0.0001354754,"18":0.0004542438,"19":0.0001797178,"20":0.1521969141,"21":0.0000329144,"22":0.0002980504,"23":0.0000295517,"24":0.0001797178,"25":0.001026614,"26":0.0010208274,"27":0.0053330608,"28":0.0004882231,"29":0.0009806992,"30":0.0000329144,"31":0.0001825747,"32":0.0001534213,"33":0.0002981019,"34":0.0008627092,"35":0.0002097392,"36":0.0003894751,"37":0.3203579413,"38":0.0000066724,"39":0.0000713133,"40":0.0006739263,"41":0.0001411433,"42":0.0007044957,"43":0.038547665,"44":0.0007744155,"45":0.000590818,"46":0.0000713679,"47":0.0003882975,"48":0.0012042464,"49":0.0008943634,"50":0.0467555345,"51":0.0001151054,"52":0.0000480536,"53":0.0002478799,"54":0.0014699512,"55":0.0000713679,"56":0.0006439847,"57":0.0003988828,"58":0.0017173875,"59":0.0216237032,"60":0.0138747596,"61":0.0016533137,"62":0.2079999902,"63":0.0001354754,"64":0.0115121802,"65":0.0000713133,"66":0.0005353625,"67":0.0226648963,"68":0.0007046194,"69":0.0000886467,"70":0.0000981539,"71":0.008189158,"72":0.0000329144,"73":0.0012042464,"74":0.0011110968,"75":0.0008627092,"76":0.0004085071,"77":0.0001411433,"78":0.0002436747,"79":0.0003762595,"80":0.0006439847,"81":0.0346788703,"82":0.0004157233,"83":0.0001871076,"84":0.0002436747,"85":0.0013634565,"86":0.0411468587,"87":0.0000922259,"88":0.0005143321,"89":0.0001708105,"90":0.0008881125,"91":0.0003295089,"92":0.0002374182,"93":0.0003435483,"94":0.0003882975,"95":0.0002823284,"96":0.0003882975,"97":0.000975626,"98":0.0001554145,"99":0.0000981539},"schreiber2017\/ismir2017":{"0":0.0000101103,"1":0.0002607675,"2":0.0000295517,"3":0.0000066724,"4":0.0002303687,"5":0.0000066724,"6":0.0000711962,"7":0.0000713679,"8":0.0001092128,"9":0.0435075173,"10":0.0000480536,"11":0.0001356197,"12":0.0000307525,"13":0.0015701536,"14":0.0000101103,"15":0.0005143321,"16":0.001874051,"17":0.0001354754,"18":0.0009806992,"19":0.0001797178,"20":0.1222529869,"21":0.0000329144,"22":0.0002980504,"23":0.0000295517,"24":0.0001797178,"25":0.0002097392,"26":0.0002437147,"27":0.0053330608,"28":0.0000295517,"29":0.0000722701,"30":0.0000329144,"31":0.0007938843,"32":0.0001534213,"33":0.0002981019,"34":0.0002823284,"35":0.0002097392,"36":0.0000480536,"37":0.0007744155,"38":0.0000066724,"39":0.0000713133,"40":0.0000238091,"41":0.0001411433,"42":0.0001354754,"43":0.0396006343,"44":0.0001356197,"45":0.0001356197,"46":0.0000713679,"47":0.0002437147,