Estimator,AOE1_MEAN,AOE1_STDEV,AOE2_MEAN,AOE2_STDEV
percival2014/stem,0.13497221765462672,0.3400618605772966,0.00163888432129341,0.0006183973388698903
boeck2015/tempodetector2016_default,0.13642645376221027,0.3401533190577702,0.003093120428876926,0.003057416232495014
schreiber2017/mirex2017,0.1724537271855031,0.35557684794527794,0.027860651776283458,0.10361493664622035
schreiber2017/ismir2017,0.1724537271855031,0.35557684794527794,0.027860651776283458,0.10361493664622035
schreiber2014/default,0.22837472112848844,0.39902422279726907,0.02853119641641174,0.10343948162307069
davies2009/mirex_qm_tempotracker,0.28145370988701435,0.43736690722083066,0.018752683828328162,0.009119677441381981
