{"boeck2015\/tempodetector2016_default":{"boeck2015\/tempodetector2016_default":1.0,"davies2009\/mirex_qm_tempotracker":0.0044250488,"percival2014\/stem":0.75390625,"schreiber2014\/default":0.0635681152,"schreiber2017\/ismir2017":0.2378845215,"schreiber2017\/mirex2017":0.2378845215,"schreiber2018\/cnn":0.1670684814,"schreiber2018\/fcn":0.0385742188,"schreiber2018\/ismir2018":0.0573730469},"davies2009\/mirex_qm_tempotracker":{"boeck2015\/tempodetector2016_default":0.0044250488,"davies2009\/mirex_qm_tempotracker":1.0,"percival2014\/stem":0.0014896393,"schreiber2014\/default":0.5715881884,"schreiber2017\/ismir2017":0.1892471313,"schreiber2017\/mirex2017":0.2100396156,"schreiber2018\/cnn":0.2862787247,"schreiber2018\/fcn":0.383310318,"schreiber2018\/ismir2018":0.3323059082},"percival2014\/stem":{"boeck2015\/tempodetector2016_default":0.75390625,"davies2009\/mirex_qm_tempotracker":0.0014896393,"percival2014\/stem":1.0,"schreiber2014\/default":0.0127258301,"schreiber2017\/ismir2017":0.0573730469,"schreiber2017\/mirex2017":0.0768127441,"schreiber2018\/cnn":0.0635681152,"schreiber2018\/fcn":0.0308837891,"schreiber2018\/ismir2018":0.021270752},"schreiber2014\/default":{"boeck2015\/tempodetector2016_default":0.0635681152,"davies2009\/mirex_qm_tempotracker":0.5715881884,"percival2014\/stem":0.0127258301,"schreiber2014\/default":1.0,"schreiber2017\/ismir2017":0.5810546875,"schreiber2017\/mirex2017":0.5810546875,"schreiber2018\/cnn":0.8318119049,"schreiber2018\/fcn":1.0,"schreiber2018\/ismir2018":1.0},"schreiber2017\/ismir2017":{"boeck2015\/tempodetector2016_default":0.2378845215,"davies2009\/mirex_qm_tempotracker":0.1892471313,"percival2014\/stem":0.0573730469,"schreiber2014\/default":0.5810546875,"schreiber2017\/ismir2017":1.0,"schreiber2017\/mirex2017":1.0,"schreiber2018\/cnn":1.0,"schreiber2018\/fcn":0.8145294189,"schreiber2018\/ismir2018":0.7905273438},"schreiber2017\/mirex2017":{"boeck2015\/tempodetector2016_default":0.2378845215,"davies2009\/mirex_qm_tempotracker":0.2100396156,"percival2014\/stem":0.0768127441,"schreiber2014\/default":0.5810546875,"schreiber2017\/ismir2017":1.0,"schreiber2017\/mirex2017":1.0,"schreiber2018\/cnn":1.0,"schreiber2018\/fcn":0.7905273438,"schreiber2018\/ismir2018":0.7905273438},"schreiber2018\/cnn":{"boeck2015\/tempodetector2016_default":0.1670684814,"davies2009\/mirex_qm_tempotracker":0.2862787247,"percival2014\/stem":0.0635681152,"schreiber2014\/default":0.8318119049,"schreiber2017\/ismir2017":1.0,"schreiber2017\/mirex2017":1.0,"schreiber2018\/cnn":1.0,"schreiber2018\/fcn":1.0,"schreiber2018\/ismir2018":1.0},"schreiber2018\/fcn":{"boeck2015\/tempodetector2016_default":0.0385742188,"davies2009\/mirex_qm_tempotracker":0.383310318,"percival2014\/stem":0.0308837891,"schreiber2014\/default":1.0,"schreiber2017\/ismir2017":0.8145294189,"schreiber2017\/mirex2017":0.7905273438,"schreiber2018\/cnn":1.0,"schreiber2018\/fcn":1.0,"schreiber2018\/ismir2018":1.0},"schreiber2018\/ismir2018":{"boeck2015\/tempodetector2016_default":0.0573730469,"davies2009\/mirex_qm_tempotracker":0.3323059082,"percival2014\/stem":0.021270752,"schreiber2014\/default":1.0,"schreiber2017\/ismir2017":0.7905273438,"schreiber2017\/mirex2017":0.7905273438,"schreiber2018\/cnn":1.0,"schreiber2018\/fcn":1.0,"schreiber2018\/ismir2018":1.0}}