Estimator,boeck2015/tempodetector2016_default,davies2009/mirex_qm_tempotracker,percival2014/stem,schreiber2014/default,schreiber2017/ismir2017,schreiber2017/mirex2017
boeck2015/tempodetector2016_default,1.0,0.22948101302608842,0.9999999999999998,0.8238029479980463,0.5846647117286928,1.0
davies2009/mirex_qm_tempotracker,0.22948101302608842,1.0,0.26493089646101,0.361594608053565,0.02895927429199217,0.15158963203430173
percival2014/stem,0.9999999999999998,0.26493089646101,1.0,1.0,0.44206833839416504,1.0
schreiber2014/default,0.8238029479980463,0.361594608053565,1.0,1.0,0.3074562549591064,0.8388197422027595
schreiber2017/ismir2017,0.5846647117286928,0.02895927429199217,0.44206833839416504,0.3074562549591064,1.0,0.125
schreiber2017/mirex2017,1.0,0.15158963203430173,1.0,0.8388197422027595,0.125,1.0
