{"boeck2015\/tempodetector2016_default":{"0.0":null,"0.005":1.0,"0.01":0.8461538462,"0.015":0.8235294118,"0.02":0.7692307692,"0.025":0.7872340426,"0.03":0.7692307692,"0.035":0.7796610169,"0.04":0.7741935484,"0.045":0.78125,"0.05":0.7794117647,"0.055":0.7714285714,"0.06":0.7605633803,"0.065":0.7432432432,"0.07":0.7432432432,"0.075":0.7333333333,"0.08":0.7236842105,"0.085":0.7142857143,"0.09":0.7179487179,"0.095":0.7215189873,"0.1":0.7160493827,"0.105":0.7160493827,"0.11":0.7228915663,"0.115":0.7228915663,"0.12":0.7228915663,"0.125":0.7228915663,"0.13":0.7228915663,"0.135":0.7228915663,"0.14":0.7228915663,"0.145":0.7228915663,"0.15":0.7228915663,"0.155":0.7261904762,"0.16":0.7294117647,"0.165":0.7209302326,"0.17":0.7126436782,"0.175":0.7045454545,"0.18":0.7045454545,"0.185":0.7045454545,"0.19":0.7045454545,"0.195":0.6966292135,"0.2":0.6966292135,"0.205":0.7,"0.21":0.7,"0.215":0.7,"0.22":0.7032967033,"0.225":0.7065217391,"0.23":0.7065217391,"0.235":0.7065217391,"0.24":0.7096774194,"0.245":0.7096774194,"0.25":0.7096774194,"0.255":0.7096774194,"0.26":0.7021276596,"0.265":0.6875,"0.27":0.6875,"0.275":0.6734693878,"0.28":0.6734693878,"0.285":0.6767676768,"0.29":0.6767676768,"0.295":0.6767676768,"0.3":0.67,"0.305":0.67,"0.31":0.6732673267,"0.315":0.6732673267,"0.32":0.6732673267,"0.325":0.6732673267,"0.33":0.6732673267,"0.335":0.6732673267,"0.34":0.6732673267,"0.345":0.6732673267,"0.35":0.6732673267,"0.355":0.6732673267,"0.36":0.6732673267,"0.365":0.6732673267,"0.37":0.6732673267,"0.375":0.6732673267,"0.38":0.6732673267,"0.385":0.6732673267,"0.39":0.6732673267,"0.395":0.6732673267,"0.4":0.6732673267,"0.405":0.6732673267,"0.41":0.6732673267,"0.415":0.6732673267,"0.42":0.6732673267,"0.425":0.6732673267,"0.43":0.6732673267,"0.435":0.6666666667,"0.44":0.6666666667,"0.445":0.6666666667,"0.45":0.6666666667,"0.455":0.6666666667,"0.46":0.6666666667,"0.465":0.6666666667,"0.47":0.6666666667,"0.475":0.6666666667,"0.48":0.6666666667,"0.485":0.6666666667,"0.49":0.6666666667,"0.495":0.6666666667,"0.5":0.6666666667},"davies2009\/mirex_qm_tempotracker":{"0.0":null,"0.005":0.6,"0.01":0.7307692308,"0.015":0.7941176471,"0.02":0.7435897436,"0.025":0.7659574468,"0.03":0.75,"0.035":0.7796610169,"0.04":0.7741935484,"0.045":0.78125,"0.05":0.7647058824,"0.055":0.7571428571,"0.06":0.7464788732,"0.065":0.7297297297,"0.07":0.7297297297,"0.075":0.72,"0.08":0.7105263158,"0.085":0.7012987013,"0.09":0.7051282051,"0.095":0.7088607595,"0.1":0.6913580247,"0.105":0.6913580247,"0.11":0.6746987952,"0.115":0.6746987952,"0.12":0.6746987952,"0.125":0.6746987952,"0.13":0.6746987952,"0.135":0.6746987952,"0.14":0.6746987952,"0.145":0.6746987952,"0.15":0.6746987952,"0.155":0.6785714286,"0.16":0.6705882353,"0.165":0.6627906977,"0.17":0.6551724138,"0.175":0.6477272727,"0.18":0.6477272727,"0.185":0.6477272727,"0.19":0.6477272727,"0.195":0.6404494382,"0.2":0.6404494382,"0.205":0.6444444444,"0.21":0.6444444444,"0.215":0.6444444444,"0.22":0.6483516484,"0.225":0.6413043478,"0.23":0.6413043478,"0.235":0.6413043478,"0.24":0.6344086022,"0.245":0.6344086022,"0.25":0.6344086022,"0.255":0.6344086022,"0.26":0.6276595745,"0.265":0.6145833333,"0.27":0.6145833333,"0.275":0.6020408163,"0.28":0.6020408163,"0.285":0.6060606061,"0.29":0.6060606061,"0.295":0.6060606061,"0.3":0.6,"0.305":0.6,"0.31":0.5940594059,"0.315":0.5940594059,"0.32":0.5940594059,"0.325":0.5940594059,"0.33":0.5940594059,"0.335":0.5940594059,"0.34":0.5940594059,"0.345":0.5940594059,"0.35":0.5940594059,"0.355":0.5940594059,"0.36":0.5940594059,"0.365":0.5940594059,"0.37":0.5940594059,"0.375":0.5940594059,"0.38":0.5940594059,"0.385":0.5940594059,"0.39":0.5940594059,"0.395":0.5940594059,"0.4":0.5940594059,"0.405":0.5940594059,"0.41":0.5940594059,"0.415":0.5940594059,"0.42":0.5940594059,"0.425":0.5940594059,"0.43":0.5940594059,"0.435":0.5882352941,"0.44":0.5882352941,"0.445":0.5882352941,"0.45":0.5882352941,"0.455":0.5882352941,"0.46":0.5882352941,"0.465":0.5882352941,"0.47":0.5882352941,"0.475":0.5882352941,"0.48":0.5882352941,"0.485":0.5882352941,"0.49":0.5882352941,"0.495":0.5882352941,"0.5":0.5882352941},"percival2014\/stem":{"0.0":null,"0.005":1.0,"0.01":0.8846153846,"0.015":0.8823529412,"0.02":0.8461538462,"0.025":0.829787234,"0.03":0.8269230769,"0.035":0.8305084746,"0.04":0.8064516129,"0.045":0.8125,"0.05":0.7941176471,"0.055":0.8,"0.06":0.7887323944,"0.065":0.7972972973,"0.07":0.7972972973,"0.075":0.7866666667,"0.08":0.7763157895,"0.085":0.7662337662,"0.09":0.7692307692,"0.095":0.7721518987,"0.1":0.7654320988,"0.105":0.7654320988,"0.11":0.7590361446,"0.115":0.7590361446,"0.12":0.7590361446,"0.125":0.7590361446,"0.13":0.7590361446,"0.135":0.7590361446,"0.14":0.7590361446,"0.145":0.7590361446,"0.15":0.7590361446,"0.155":0.75,"0.16":0.7529411765,"0.165":0.7558139535,"0.17":0.7471264368,"0.175":0.7386363636,"0.18":0.7386363636,"0.185":0.7386363636,"0.19":0.7386363636,"0.195":0.7303370787,"0.2":0.7303370787,"0.205":0.7222222222,"0.21":0.7222222222,"0.215":0.7222222222,"0.22":0.7142857143,"0.225":0.7065217391,"0.23":0.7065217391,"0.235":0.7065217391,"0.24":0.6989247312,"0.245":0.6989247312,"0.25":0.6989247312,"0.255":0.6989247312,"0.26":0.7021276596,"0.265":0.6875,"0.27":0.6875,"0.275":0.6734693878,"0.28":0.6734693878,"0.285":0.6767676768,"0.29":0.6767676768,"0.295":0.6767676768,"0.3":0.67,"0.305":0.67,"0.31":0.6633663366,"0.315":0.6633663366,"0.32":0.6633663366,"0.325":0.6633663366,"0.33":0.6633663366,"0.335":0.6633663366,"0.34":0.6633663366,"0.345":0.6633663366,"0.35":0.6633663366,"0.355":0.6633663366,"0.36":0.6633663366,"0.365":0.6633663366,"0.37":0.6633663366,"0.375":0.6633663366,"0.38":0.6633663366,"0.385":0.6633663366,"0.39":0.6633663366,"0.395":0.6633663366,"0.4":0.6633663366,"0.405":0.6633663366,"0.41":0.6633663366,"0.415":0.6633663366,"0.42":0.6633663366,"0.425":0.6633663366,"0.43":0.6633663366,"0.435":0.6568627451,"0.44":0.6568627451,"0.445":0.6568627451,"0.45":0.6568627451,"0.455":0.6568627451,"0.46":0.6568627451,"0.465":0.6568627451,"0.47":0.6568627451,"0.475":0.6568627451,"0.48":0.6568627451,"0.485":0.6568627451,"0.49":0.6568627451,"0.495":0.6568627451,"0.5":0.6568627451},"schreiber2014\/default":{"0.0":null,"0.005":1.0,"0.01":0.8846153846,"0.015":0.9117647059,"0.02":0.8717948718,"0.025":0.8510638298,"0.03":0.8269230769,"0.035":0.8474576271,"0.04":0.8387096774,"0.045":0.84375,"0.05":0.8088235294,"0.055":0.8,"0.06":0.7887323944,"0.065":0.7702702703,"0.07":0.7702702703,"0.075":0.76,"0.08":0.75,"0.085":0.7402597403,"0.09":0.7435897436,"0.095":0.746835443,"0.1":0.7530864198,"0.105":0.7530864198,"0.11":0.734939759,"0.115":0.734939759,"0.12":0.734939759,"0.125":0.734939759,"0.13":0.734939759,"0.135":0.734939759,"0.14":0.734939759,"0.145":0.734939759,"0.15":0.734939759,"0.155":0.7380952381,"0.16":0.7294117647,"0.165":0.7325581395,"0.17":0.724137931,"0.175":0.7272727273,"0.18":0.7272727273,"0.185":0.7272727273,"0.19":0.7272727273,"0.195":0.7191011236,"0.2":0.7191011236,"0.205":0.7111111111,"0.21":0.7111111111,"0.215":0.7111111111,"0.22":0.7032967033,"0.225":0.7065217391,"0.23":0.7065217391,"0.235":0.7065217391,"0.24":0.6989247312,"0.245":0.6989247312,"0.25":0.6989247312,"0.255":0.6989247312,"0.26":0.6914893617,"0.265":0.6770833333,"0.27":0.6770833333,"0.275":0.6632653061,"0.28":0.6632653061,"0.285":0.6565656566,"0.29":0.6565656566,"0.295":0.6565656566,"0.3":0.65,"0.305":0.65,"0.31":0.6534653465,"0.315":0.6534653465,"0.32":0.6534653465,"0.325":0.6534653465,"0.33":0.6534653465,"0.335":0.6534653465,"0.34":0.6534653465,"0.345":0.6534653465,"0.35":0.6534653465,"0.355":0.6534653465,"0.36":0.6534653465,"0.365":0.6534653465,"0.37":0.6534653465,"0.375":0.6534653465,"0.38":0.6534653465,"0.385":0.6534653465,"0.39":0.6534653465,"0.395":0.6534653465,"0.4":0.6534653465,"0.405":0.6534653465,"0.41":0.6534653465,"0.415":0.6534653465,"0.42":0.6534653465,"0.425":0.6534653465,"0.43":0.6534653465,"0.435":0.6470588235,"0.44":0.6470588235,"0.445":0.6470588235,"0.45":0.6470588235,"0.455":0.6470588235,"0.46":0.6470588235,"0.465":0.6470588235,"0.47":0.6470588235,