{"Without drums":{"boeck2015\/tempodetector2016_default":0.8181818182,"davies2009\/mirex_qm_tempotracker":0.8181818182,"percival2014\/stem":0.9090909091,"schreiber2014\/default":0.9090909091,"schreiber2017\/ismir2017":0.9090909091,"schreiber2017\/mirex2017":0.9090909091},"Vocal group (4 female)":{"boeck2015\/tempodetector2016_default":1.0,"davies2009\/mirex_qm_tempotracker":1.0,"percival2014\/stem":1.0,"schreiber2014\/default":1.0,"schreiber2017\/ismir2017":1.0,"schreiber2017\/mirex2017":1.0},"Vocal group (3 female)":{"boeck2015\/tempodetector2016_default":1.0,"davies2009\/mirex_qm_tempotracker":1.0,"percival2014\/stem":1.0,"schreiber2014\/default":1.0,"schreiber2017\/ismir2017":1.0,"schreiber2017\/mirex2017":1.0},"Vocal group (2 male)":{"boeck2015\/tempodetector2016_default":1.0,"davies2009\/mirex_qm_tempotracker":1.0,"percival2014\/stem":1.0,"schreiber2014\/default":1.0,"schreiber2017\/ismir2017":1.0,"schreiber2017\/mirex2017":1.0},"Vocal group (2 female)":{"boeck2015\/tempodetector2016_default":1.0,"davies2009\/mirex_qm_tempotracker":1.0,"percival2014\/stem":1.0,"schreiber2014\/default":1.0,"schreiber2017\/ismir2017":1.0,"schreiber2017\/mirex2017":1.0},"Vocal group (1 male + 1 female)":{"boeck2015\/tempodetector2016_default":1.0,"davies2009\/mirex_qm_tempotracker":1.0,"percival2014\/stem":1.0,"schreiber2014\/default":1.0,"schreiber2017\/ismir2017":1.0,"schreiber2017\/mirex2017":1.0},"Trumpet":{"boeck2015\/tempodetector2016_default":1.0,"davies2009\/mirex_qm_tempotracker":1.0,"percival2014\/stem":1.0,"schreiber2014\/default":1.0,"schreiber2017\/ismir2017":1.0,"schreiber2017\/mirex2017":1.0},"Piano":{"boeck2015\/tempodetector2016_default":0.7777777778,"davies2009\/mirex_qm_tempotracker":0.7777777778,"percival2014\/stem":0.8888888889,"schreiber2014\/default":0.8888888889,"schreiber2017\/ismir2017":0.8888888889,"schreiber2017\/mirex2017":0.8888888889},"Male":{"boeck2015\/tempodetector2016_default":0.96,"davies2009\/mirex_qm_tempotracker":0.96,"percival2014\/stem":0.98,"schreiber2014\/default":0.92,"schreiber2017\/ismir2017":0.98,"schreiber2017\/mirex2017":0.98},"Live drums":{"boeck2015\/tempodetector2016_default":1.0,"davies2009\/mirex_qm_tempotracker":1.0,"percival2014\/stem":1.0,"schreiber2014\/default":0.9047619048,"schreiber2017\/ismir2017":1.0,"schreiber2017\/mirex2017":1.0},"Hi-hat only":{"boeck2015\/tempodetector2016_default":1.0,"davies2009\/mirex_qm_tempotracker":1.0,"percival2014\/stem":1.0,"schreiber2014\/default":1.0,"schreiber2017\/ismir2017":1.0,"schreiber2017\/mirex2017":1.0},"Guitar":{"boeck2015\/tempodetector2016_default":1.0,"davies2009\/mirex_qm_tempotracker":0.976744186,"percival2014\/stem":1.0,"schreiber2014\/default":0.9651162791,"schreiber2017\/ismir2017":1.0,"schreiber2017\/mirex2017":1.0},"Female":{"boeck2015\/tempodetector2016_default":1.0,"davies2009\/mirex_qm_tempotracker":0.9545454545,"percival2014\/stem":1.0,"schreiber2014\/default":0.9772727273,"schreiber2017\/ismir2017":1.0,"schreiber2017\/mirex2017":1.0},"English vocals":{"boeck2015\/tempodetector2016_default":1.0,"davies2009\/mirex_qm_tempotracker":0.95,"percival2014\/stem":1.0,"schreiber2014\/default":1.0,"schreiber2017\/ismir2017":1.0,"schreiber2017\/mirex2017":1.0},"Drums":{"boeck2015\/tempodetector2016_default":1.0,"davies2009\/mirex_qm_tempotracker":1.0,"percival2014\/stem":1.0,"schreiber2014\/default":0.9047619048,"schreiber2017\/ismir2017":1.0,"schreiber2017\/mirex2017":1.0},"Drum sequences":{"boeck2015\/tempodetector2016_default":1.0,"davies2009\/mirex_qm_tempotracker":0.9833333333,"percival2014\/stem":1.0,"schreiber2014\/default":0.9666666667,"schreiber2017\/ismir2017":1.0,"schreiber2017\/mirex2017":1.0},"Drum loops":{"boeck2015\/tempodetector2016_default":1.0,"davies2009\/mirex_qm_tempotracker":0.875,"percival2014\/stem":1.0,"schreiber2014\/default":1.0,"schreiber2017\/ismir2017":1.0,"schreiber2017\/mirex2017":1.0},"Cello":{"boeck2015\/tempodetector2016_default":0.0,"davies2009\/mirex_qm_tempotracker":0.0,"percival2014\/stem":0.5,"schreiber2014\/default":0.5,"schreiber2017\/ismir2017":0.5,"schreiber2017\/mirex2017":0.5},"Bass":{"boeck2015\/tempodetector2016_default":1.0,"davies2009\/mirex_qm_tempotracker":0.9705882353,"percival2014\/stem":1.0,"schreiber2014\/default":0.9117647059,"schreiber2017\/ismir2017":1.0,"schreiber2017\/mirex2017":1.0},"8\/4":{"boeck2015\/tempodetector2016_default":1.0,"davies2009\/mirex_qm_tempotracker":1.0,"percival2014\/stem":1.0,"schreiber2014\/default":0.0,"schreiber2017\/ismir2017":1.0,"schreiber2017\/mirex2017":1.0},"7\/4":{"boeck2015\/tempodetector2016_default":1.0,"davies2009\/mirex_qm_tempotracker":1.0,"percival2014\/stem":1.0,"schreiber2014\/default":1.0,"schreiber2017\/ismir2017":1.0,"schreiber2017\/mirex2017":1.0},"6\/4":{"boeck2015\/tempodetector2016_default":1.0,"davies2009\/mirex_qm_tempotracker":1.0,"percival2014\/stem":1.0,"schreiber2014\/default":1.0,"schreiber2017\/ismir2017":1.0,"schreiber2017\/mirex2017":1.0},"5\/4":{"boeck2015\/tempodetector2016_default":1.0,"davies2009\/mirex_qm_tempotracker":1.0,"percival2014\/stem":1.0,"schreiber2014\/default":1.0,"schreiber2017\/ismir2017":1.0,"schreiber2017\/mirex2017":1.0},"4\/4":{"boeck2015\/tempodetector2016_default":0.9789473684,"davies2009\/mirex_qm_tempotracker":0.9578947368,"percival2014\/stem":0.9894736842,"schreiber2014\/default":0.9578947368,"schreiber2017\/ismir2017":0.9894736842,"schreiber2017\/mirex2017":0.9894736842}}