Tag,Count
3/4,0.2
4/4,0.8
Bass,0.26666666666666666
Drum sequences,1.0
English vocals,0.6666666666666666
Female,0.6666666666666666
Guitar,0.8
Hi-hat only,0.4
Male,0.3333333333333333
