{"boeck2015\/tempodetector2016_default":{"0.0":null,"0.005":0.0015557254,"0.01":0.003363414,"0.015":0.0033517929,"0.02":0.0032779769,"0.025":0.0038923285,"0.03":0.0037354846,"0.035":0.0042620733,"0.04":0.0042550598,"0.045":0.0043442183,"0.05":0.0041507377,"0.055":0.0098317612,"0.06":0.0111826064,"0.065":0.0108307978,"0.07":0.0108307978,"0.075":0.0109383538,"0.08":0.0165439583,"0.085":0.0175126844,"0.09":0.0175487371,"0.095":0.0173267533,"0.1":0.0178622528,"0.105":0.0178622528,"0.11":0.0181209572,"0.115":0.0181209572,"0.12":0.0181209572,"0.125":0.0181209572,"0.13":0.0181209572,"0.135":0.0181209572,"0.14":0.0181209572,"0.145":0.0181209572,"0.15":0.0181209572,"0.155":0.0182145552,"0.16":0.0186555017,"0.165":0.0185861042,"0.17":0.020449352,"0.175":0.0205920138,"0.18":0.0205920138,"0.185":0.0205920138,"0.19":0.0205920138,"0.195":0.0221920617,"0.2":0.0221920617,"0.205":0.0225287752,"0.21":0.0225287752,"0.215":0.0225287752,"0.22":0.0223673462,"0.225":0.0223925501,"0.23":0.0223925501,"0.235":0.0223925501,"0.24":0.0225759529,"0.245":0.0225759529,"0.25":0.0225759529,"0.255":0.0225759529,"0.26":0.0226254091,"0.265":0.0256314552,"0.27":0.0256314552,"0.275":0.0260451108,"0.28":0.0260451108,"0.285":0.0257825632,"0.29":0.0257825632,"0.295":0.0257825632,"0.3":0.0284629393,"0.305":0.0284629393,"0.31":0.0286494354,"0.315":0.0286494354,"0.32":0.0286494354,"0.325":0.0286494354,"0.33":0.0286494354,"0.335":0.0286494354,"0.34":0.0286494354,"0.345":0.0286494354,"0.35":0.0286494354,"0.355":0.0286494354,"0.36":0.0286494354,"0.365":0.0286494354,"0.37":0.0286494354,"0.375":0.0286494354,"0.38":0.0286494354,"0.385":0.0286494354,"0.39":0.0286494354,"0.395":0.0286494354,"0.4":0.0286494354,"0.405":0.0286494354,"0.41":0.0286494354,"0.415":0.0286494354,"0.42":0.0286494354,"0.425":0.0286494354,"0.43":0.0286494354,"0.435":0.0321662797,"0.44":0.0321662797,"0.445":0.0321662797,"0.45":0.0321662797,"0.455":0.0321662797,"0.46":0.0321662797,"0.465":0.0321662797,"0.47":0.0321662797,"0.475":0.0321662797,"0.48":0.0321662797,"0.485":0.0321662797,"0.49":0.0321662797,"0.495":0.0321662797,"0.5":0.0321662797},"davies2009\/mirex_qm_tempotracker":{"0.0":null,"0.005":0.0218828303,"0.01":0.02469857,"0.015":0.0246167509,"0.02":0.0249039938,"0.025":0.02513225,"0.03":0.0299690821,"0.035":0.028809074,"0.04":0.0286600593,"0.045":0.0285643165,"0.05":0.0285053507,"0.055":0.0285926229,"0.06":0.0300010231,"0.065":0.0384169743,"0.07":0.0384169743,"0.075":0.0392624151,"0.08":0.0455137837,"0.085":0.0460151522,"0.09":0.0454507459,"0.095":0.0454125178,"0.1":0.0460807554,"0.105":0.0460807554,"0.11":0.0541113409,"0.115":0.0541113409,"0.12":0.0541113409,"0.125":0.0541113409,"0.13":0.0541113409,"0.135":0.0541113409,"0.14":0.0541113409,"0.145":0.0541113409,"0.15":0.0541113409,"0.155":0.0539124413,"0.16":0.0542741773,"0.165":0.0562126605,"0.17":0.0589460984,"0.175":0.0626027799,"0.18":0.0626027799,"0.185":0.0626027799,"0.19":0.0626027799,"0.195":0.0650876083,"0.2":0.0650876083,"0.205":0.064442491,"0.21":0.064442491,"0.215":0.064442491,"0.22":0.0638852274,"0.225":0.0665574063,"0.23":0.0665574063,"0.235":0.0665574063,"0.24":0.0706878988,"0.245":0.0706878988,"0.25":0.0706878988,"0.255":0.0706878988,"0.26":0.0703398723,"0.265":0.0718416856,"0.27":0.0718416856,"0.275":0.0727684098,"0.28":0.0727684098,"0.285":0.0722636216,"0.29":0.0722636216,"0.295":0.0722636216,"0.3":0.0728033857,"0.305":0.0728033857,"0.31":0.0735548278,"0.315":0.0735548278,"0.32":0.0735548278,"0.325":0.0735548278,"0.33":0.0735548278,"0.335":0.0735548278,"0.34":0.0735548278,"0.345":0.0735548278,"0.35":0.0735548278,"0.355":0.0735548278,"0.36":0.0735548278,"0.365":0.0735548278,"0.37":0.0735548278,"0.375":0.0735548278,"0.38":0.0735548278,"0.385":0.0735548278,"0.39":0.0735548278,"0.395":0.0735548278,"0.4":0.0735548278,"0.405":0.0735548278,"0.41":0.0735548278,"0.415":0.0735548278,"0.42":0.0735548278,"0.425":0.0735548278,"0.43":0.0735548278,"0.435":0.0770388156,"0.44":0.0770388156,"0.445":0.0770388156,"0.45":0.0770388156,"0.455":0.0770388156,"0.46":0.0770388156,"0.465":0.0770388156,"0.47":0.0770388156,"0.475":0.0770388156,"0.48":0.0770388156,"0.485":0.0770388156,"0.49":0.0770388156,"0.495":0.0770388156,"0.5":0.0770388156},"percival2014\/stem":{"0.0":null,"0.005":0.0020472061,"0.01":0.0023484895,"0.015":0.0023676757,"0.02":0.0022808749,"0.025":0.0023921376,"0.03":0.0024549645,"0.035":0.0024669328,"0.04":0.0024263449,"0.045":0.0024405087,"0.05":0.0025947888,"0.055":0.0025810518,"0.06":0.0040970166,"0.065":0.0041959122,"0.07":0.0041959122,"0.075":0.0044244236,"0.08":0.0107815389,"0.085":0.0118451568,"0.09":0.0118319099,"0.095":0.0118265512,"0.1":0.0121829307,"0.105":0.0121829307,"0.11":0.0123283931,"0.115":0.0123283931,"0.12":0.0123283931,"0.125":0.0123283931,"0.13":0.0123283931,"0.135":0.0123283931,"0.14":0.0123283931,"0.145":0.0123283931,"0.15":0.0123283931,"0.155":0.0167001173,"0.16":0.0170549278,"0.165":0.0170122893,"0.17":0.0180868207,"0.175":0.0233934719,"0.18":0.0233934719,"0.185":0.0233934719,"0.19":0.0233934719,"0.195":0.0242755785,"0.2":0.0242755785,"0.205":0.0248535159,"0.21":0.0248535159,"0.215":0.0248535159,"0.22":0.0248055039,"0.225":0.0273995683,"0.23":0.0273995683,"0.235":0.0273995683,"0.24":0.0282740943,"0.245":0.0282740943,"0.25":0.0282740943,"0.255":0.0282740943,"0.26":0.0279750034,"0.265":0.0332397865,"0.27":0.0332397865,"0.275":0.0347108605,"0.28":0.0347108605,"0.285":0.0344075574,"0.29":0.0344075574,"0.295":0.0344075574,"0.3":0.0377902485,"0.305":0.0377902485,"0.31":0.0385867595,"0.315":0.0385867595,"0.32":0.0385867595,"0.325":0.0385867595,"0.33":0.0385867595,"0.335":0.0385867595,"0.34":0.0385867595,"0.345":0.0385867595,"0.35":0.0385867595,"0.355":0.0385867595,"0.36":0.0385867595,"0.365":0.0385867595,"0.37":0.0385867595,"0.375":0.0385867595,"0.38":0.0385867595,"0.385":0.0385867595,"0.39":0.0385867595,"0.395":0.0385867595,"0.4":0.0385867595,"0.405":0.0385867595,"0.41":0.0385867595,"0.415":0.0385867595,"0.42":0.0385867595,"0.425":0.0385867595,"0.43":0.0385867595,"0.435":0.0412285795,"0.44":0.0412285795,"0.445":0.0412285795,"0.45":0.0412285795,"0.455":0.0412285795,"0.46":0.0412285795,"0.465":0.0412285795,"0.47":0.0412285795,"0.475":0.0412285795,"0.48":0.0412285795,"0.485":0.0412285795,"0.49":0.0412285795,"0.495":0.0412285795,"0.5":0.0412285795},"schreiber2014\/default":{"0.0":null,"0.005":0.0009136656,"0.01":0.0176818498,"0.015":0.0144493745,"0.02":0.0132263328,"0.025":0.0130012889,"0.03":0.0199650991,"0.035":0.0188317282,"0.04":0.0183783093,"0.045":0.01889577,"0.05":0.0209427612,"0.055":0.0262833912,"0.06":0.0274085688,"0.065":0.0321171814,"0.07":0.0321171814,"0.075":0.0317436971,"0.08":0.0315430968,"0.085":0.0323389024,"0.09":0.0319386034,"0.095":0.0315949048,"0.1":0.0314766949,"0.105":0.0314766949,"0.11":0.0319038616,"0.115":0.0319038616,"0.12":0.0319038616,"0.125":0.0319038616,"0.13":0.0319038616,"0.135":0.0319038616,"0.14":0.0319038616,"0.145":0.0319038616,"0.15":0.0319038616,"0.155":0.0320934666,"0.16":0.0334790127,"0.165":0.0333983085,"0.17":0.0349426834,"0.175":0.0347509669,"0.18":0.0347509669,"0.185":0.0347509669,"0.19":0.0347509669,"0.195":0.0357937678,"0.2":0.0357937678,"0.205":0.0360220006,"0.21":0.0360220006,"0.215":0.0360220006,"0.22":0.0379897522,"0.225":0.0380284654,"0.23":0.0380284654,"0.235":0.0380284654,"0.24":0.042150752,"0.245":0.042150752,"0.25":0.042150752,"0.255":0.042150752,"0.26":0.0441618412,"0.265":0.0474886791,"0.27":0.0474886791,"0.275":0.0492361104,"0.28":0.0492361104,"0.285":0.0533185589,"0.29":0.0533185589,"0.295":0.0533185589,"0.3":0.0554753097,"0.305":0.0554753097,"0.31":0.0554646504,"0.315":0.0554646504,"0.32":0.0554646504,"0.325":0.0554646504,"0.33":0.0554646504,"0.335":0.0554646504,"0.34":0.0554646504,"0.345":0.0554646504,"0.35":0.0554646504,"0.355":0.0554646504,"0.36":0.0554646504,"0.365":0.0554646504,"0.37":0.0554646504,"0.375":0.0554646504,"0.38":0.0554646504,"0.385":0.0554646504,"0.39":0.0554646504,"0.395":0.0554646504,"0.4":0.0554646504,"0.405":0.0554646504,"0.41":0.0554646504,"0.415":0.0554646504,