Estimator,boeck2015/tempodetector2016_default,davies2009/mirex_qm_tempotracker,percival2014/stem,schreiber2014/default,schreiber2017/ismir2017,schreiber2017/mirex2017
boeck2015/tempodetector2016_default,1.0,1.2104338063155908e-07,0.5751773332162171,0.05364050505302256,0.758234591085269,0.758234591085269
davies2009/mirex_qm_tempotracker,1.2104338063155908e-07,1.0,1.1854422009030795e-07,9.525386595383413e-06,1.1351901020054448e-07,1.1351901020054448e-07
percival2014/stem,0.5751773332162171,1.1854422009030795e-07,1.0,0.050895158235768866,0.48803953857078897,0.48803953857078897
schreiber2014/default,0.05364050505302256,9.525386595383413e-06,0.050895158235768866,1.0,0.05249369239255769,0.05249369239255769
schreiber2017/ismir2017,0.758234591085269,1.1351901020054448e-07,0.48803953857078897,0.05249369239255769,1.0,1.0
schreiber2017/mirex2017,0.758234591085269,1.1351901020054448e-07,0.48803953857078897,0.05249369239255769,1.0,1.0
