{"Vocal":{"boeck2015\/tempodetector2016_default":0.6666666667,"davies2009\/mirex_qm_tempotracker":0.3333333333,"percival2014\/stem":0.5,"schreiber2014\/default":0.3333333333,"schreiber2017\/ismir2017":0.3333333333,"schreiber2017\/mirex2017":0.3333333333},"Symphony":{"boeck2015\/tempodetector2016_default":0.0,"davies2009\/mirex_qm_tempotracker":0.0,"percival2014\/stem":0.0,"schreiber2014\/default":0.0,"schreiber2017\/ismir2017":0.0,"schreiber2017\/mirex2017":0.0},"Solo":{"boeck2015\/tempodetector2016_default":0.5142857143,"davies2009\/mirex_qm_tempotracker":0.2571428571,"percival2014\/stem":0.2285714286,"schreiber2014\/default":0.2857142857,"schreiber2017\/ismir2017":0.3142857143,"schreiber2017\/mirex2017":0.3142857143},"Orchestral":{"boeck2015\/tempodetector2016_default":0.75,"davies2009\/mirex_qm_tempotracker":0.25,"percival2014\/stem":0.25,"schreiber2014\/default":0.25,"schreiber2017\/ismir2017":0.25,"schreiber2017\/mirex2017":0.25},"Concerto":{"boeck2015\/tempodetector2016_default":0.5,"davies2009\/mirex_qm_tempotracker":0.5,"percival2014\/stem":0.5,"schreiber2014\/default":0.0,"schreiber2017\/ismir2017":0.5,"schreiber2017\/mirex2017":0.5},"Chamber":{"boeck2015\/tempodetector2016_default":0.5,"davies2009\/mirex_qm_tempotracker":0.3,"percival2014\/stem":0.3,"schreiber2014\/default":0.2,"schreiber2017\/ismir2017":0.4,"schreiber2017\/mirex2017":0.4},"8\/4":{"boeck2015\/tempodetector2016_default":0.0,"davies2009\/mirex_qm_tempotracker":0.0,"percival2014\/stem":0.0,"schreiber2014\/default":0.0,"schreiber2017\/ismir2017":0.0,"schreiber2017\/mirex2017":0.0},"7\/8":{"boeck2015\/tempodetector2016_default":1.0,"davies2009\/mirex_qm_tempotracker":0.0,"percival2014\/stem":0.0,"schreiber2014\/default":0.0,"schreiber2017\/ismir2017":0.0,"schreiber2017\/mirex2017":0.0},"7\/4":{"boeck2015\/tempodetector2016_default":1.0,"davies2009\/mirex_qm_tempotracker":0.0,"percival2014\/stem":0.0,"schreiber2014\/default":0.5,"schreiber2017\/ismir2017":0.5,"schreiber2017\/mirex2017":0.5},"6\/4":{"boeck2015\/tempodetector2016_default":0.25,"davies2009\/mirex_qm_tempotracker":0.5,"percival2014\/stem":0.0,"schreiber2014\/default":0.0,"schreiber2017\/ismir2017":0.25,"schreiber2017\/mirex2017":0.25},"5\/4":{"boeck2015\/tempodetector2016_default":1.0,"davies2009\/mirex_qm_tempotracker":0.0,"percival2014\/stem":1.0,"schreiber2014\/default":1.0,"schreiber2017\/ismir2017":1.0,"schreiber2017\/mirex2017":1.0},"4\/4":{"boeck2015\/tempodetector2016_default":0.4761904762,"davies2009\/mirex_qm_tempotracker":0.2380952381,"percival2014\/stem":0.2857142857,"schreiber2014\/default":0.2380952381,"schreiber2017\/ismir2017":0.2857142857,"schreiber2017\/mirex2017":0.2857142857},"3\/4":{"boeck2015\/tempodetector2016_default":0.5789473684,"davies2009\/mirex_qm_tempotracker":0.3157894737,"percival2014\/stem":0.3684210526,"schreiber2014\/default":0.2105263158,"schreiber2017\/ismir2017":0.3684210526,"schreiber2017\/mirex2017":0.3684210526},"2\/4":{"boeck2015\/tempodetector2016_default":0.4545454545,"davies2009\/mirex_qm_tempotracker":0.2727272727,"percival2014\/stem":0.1818181818,"schreiber2014\/default":0.3636363636,"schreiber2017\/ismir2017":0.2727272727,"schreiber2017\/mirex2017":0.2727272727}}