{"boeck2015\/tempodetector2016_default":{"boeck2015\/tempodetector2016_default":1.0,"davies2009\/mirex_qm_tempotracker":0.0044250488,"percival2014\/stem":0.75390625,"schreiber2014\/default":0.0635681152,"schreiber2017\/ismir2017":1.0,"schreiber2017\/mirex2017":1.0},"davies2009\/mirex_qm_tempotracker":{"boeck2015\/tempodetector2016_default":0.0044250488,"davies2009\/mirex_qm_tempotracker":1.0,"percival2014\/stem":0.0014896393,"schreiber2014\/default":0.5715881884,"schreiber2017\/ismir2017":0.0106220245,"schreiber2017\/mirex2017":0.0226558447},"percival2014\/stem":{"boeck2015\/tempodetector2016_default":0.75390625,"davies2009\/mirex_qm_tempotracker":0.0014896393,"percival2014\/stem":1.0,"schreiber2014\/default":0.0127258301,"schreiber2017\/ismir2017":0.8036193848,"schreiber2017\/mirex2017":0.6290588379},"schreiber2014\/default":{"boeck2015\/tempodetector2016_default":0.0635681152,"davies2009\/mirex_qm_tempotracker":0.5715881884,"percival2014\/stem":0.0127258301,"schreiber2014\/default":1.0,"schreiber2017\/ismir2017":0.03515625,"schreiber2017\/mirex2017":0.0385742188},"schreiber2017\/ismir2017":{"boeck2015\/tempodetector2016_default":1.0,"davies2009\/mirex_qm_tempotracker":0.0106220245,"percival2014\/stem":0.8036193848,"schreiber2014\/default":0.03515625,"schreiber2017\/ismir2017":1.0,"schreiber2017\/mirex2017":1.0},"schreiber2017\/mirex2017":{"boeck2015\/tempodetector2016_default":1.0,"davies2009\/mirex_qm_tempotracker":0.0226558447,"percival2014\/stem":0.6290588379,"schreiber2014\/default":0.0385742188,"schreiber2017\/ismir2017":1.0,"schreiber2017\/mirex2017":1.0}}