Estimator,boeck2015/tempodetector2016_default,davies2009/mirex_qm_tempotracker,percival2014/stem,schreiber2014/default,schreiber2017/ismir2017,schreiber2017/mirex2017
boeck2015/tempodetector2016_default,1.0,0.32658788778884895,0.23514261934961994,0.1380804258700064,0.13529271757627492,0.27070999974927806
davies2009/mirex_qm_tempotracker,0.32658788778884895,1.0,0.07393047105980971,0.07042314702581398,0.0857671688247181,0.15590336492662274
percival2014/stem,0.23514261934961994,0.07393047105980971,1.0,0.6663525390687264,0.6346449340915923,0.8559295754938041
schreiber2014/default,0.1380804258700064,0.07042314702581398,0.6663525390687264,1.0,0.933894714137866,0.8398472158404431
schreiber2017/ismir2017,0.13529271757627492,0.0857671688247181,0.6346449340915923,0.933894714137866,1.0,0.32132652009996754
schreiber2017/mirex2017,0.27070999974927806,0.15590336492662274,0.8559295754938041,0.8398472158404431,0.32132652009996754,1.0
