Estimator,AOE1_MEAN,AOE1_STDEV,AOE2_MEAN,AOE2_STDEV
schreiber2018/fcn,0.19249698376486224,0.37312534898355404,0.034926386069523224,0.07351956144787775
schreiber2018/ismir2018,0.23442689695407665,0.4171686941926409,0.04350225203140756,0.09671695289040258
schreiber2017/ismir2017,0.2368153126876063,0.4369646195994818,0.050445383429353834,0.11244045645808547
schreiber2018/cnn,0.24254499973282329,0.45101884257148567,0.042143020816938395,0.09589632664706911
schreiber2014/default,0.25236063623120153,0.40121776894174327,0.058338605909276656,0.11317645777673366
schreiber2017/mirex2017,0.26287160392516107,0.45235142586338684,0.05053880314365596,0.11257084474668604
percival2014/stem,0.2843813968331417,0.4519778632858549,0.04122857945898773,0.1003396460792247
boeck2015/tempodetector2016_default,0.3251247127955093,0.4950021863595008,0.03216627972590044,0.08034374074871417
davies2009/mirex_qm_tempotracker,0.3748473719496482,0.502303086146209,0.07703881555588071,0.1169744559183747
