{"davies2009\/mirex_qm_tempotracker":{"RM-J001.jams":0.049609917,"RM-J002.jams":0.0309487552,"RM-J003.jams":0.0044702563,"RM-J004.jams":0.0048006112,"RM-J005.jams":0.0361750781,"RM-J006.jams":0.0134533267,"RM-J007.jams":0.0086363104,"RM-J008.jams":0.0361750781,"RM-J009.jams":0.0172931597,"RM-J010.jams":0.025644969,"RM-J011.jams":0.0030581553,"RM-J012.jams":0.0317609761,"RM-J013.jams":0.4929015726,"RM-J014.jams":0.4351818494,"RM-J015.jams":0.0274889268,"RM-J016.jams":0.0111381411,"RM-J017.jams":0.025644969,"RM-J018.jams":0.2330673655,"RM-J019.jams":0.0256434336,"RM-J020.jams":0.0184351707,"RM-J021.jams":0.0154184721,"RM-J022.jams":0.0343232853,"RM-J023.jams":0.0246857799,"RM-J024.jams":0.0303888173,"RM-J025.jams":0.0289427273,"RM-J026.jams":0.0191040772,"RM-J027.jams":0.0210339155,"RM-J028.jams":0.015592421,"RM-J029.jams":0.0230393755,"RM-J030.jams":0.0372415031,"RM-J031.jams":0.4367090995,"RM-J032.jams":0.0076201925,"RM-J033.jams":0.0129013906,"RM-J034.jams":0.0038031566,"RM-J035.jams":0.0070253826,"RM-J036.jams":0.0038629336,"RM-J037.jams":0.0292553299,"RM-J038.jams":0.0120451323,"RM-J039.jams":0.0191040772,"RM-J040.jams":0.0249467322,"RM-J041.jams":0.0374037773,"RM-J042.jams":0.0320471925,"RM-J043.jams":0.0216755085,"RM-J044.jams":0.173037009,"RM-J045.jams":0.0244647216,"RM-J046.jams":0.0440204275,"RM-J047.jams":0.0143707078,"RM-J048.jams":0.0070304075,"RM-J049.jams":0.0176962159,"RM-J050.jams":0.0325621496},"percival2014\/stem":{"RM-J001.jams":0.0018213856,"RM-J002.jams":0.0081070899,"RM-J003.jams":0.0111320534,"RM-J004.jams":0.0454370124,"RM-J005.jams":0.0022224422,"RM-J006.jams":0.0022254431,"RM-J007.jams":0.0025915732,"RM-J008.jams":0.0019609929,"RM-J009.jams":0.00062819,"RM-J010.jams":0.0093420121,"RM-J011.jams":0.0107474348,"RM-J012.jams":0.0222993907,"RM-J013.jams":0.002480024,"RM-J014.jams":0.0027355974,"RM-J015.jams":0.0081327496,"RM-J016.jams":0.0039457803,"RM-J017.jams":0.0147720073,"RM-J018.jams":0.0099413043,"RM-J019.jams":0.0003515795,"RM-J020.jams":0.0134317678,"RM-J021.jams":0.0080679126,"RM-J022.jams":0.0052639045,"RM-J023.jams":0.0061495632,"RM-J024.jams":0.0052334314,"RM-J025.jams":0.0029067669,"RM-J026.jams":0.00502624,"RM-J027.jams":0.0007923004,"RM-J028.jams":0.0056046335,"RM-J029.jams":0.0006715625,"RM-J030.jams":0.023944834,"RM-J031.jams":0.0038613424,"RM-J032.jams":0.0007346962,"RM-J033.jams":0.002471288,"RM-J034.jams":0.0018213856,"RM-J035.jams":0.0070253826,"RM-J036.jams":0.0133245191,"RM-J037.jams":0.0094232539,"RM-J038.jams":0.0032740852,"RM-J039.jams":0.001961956,"RM-J040.jams":0.0018545135,"RM-J041.jams":0.014564778,"RM-J042.jams":0.0019054435,"RM-J043.jams":0.0045973889,"RM-J044.jams":0.2329088278,"RM-J045.jams":0.0021515799,"RM-J046.jams":0.0009519848,"RM-J047.jams":0.0015456206,"RM-J048.jams":0.0009687342,"RM-J049.jams":0.0013907744,"RM-J050.jams":0.0008603913},"schreiber2017\/mirex2017":{"RM-J001.jams":0.0136319775,"RM-J002.jams":0.0159873216,"RM-J003.jams":0.0415898568,"RM-J004.jams":0.0339507454,"RM-J005.jams":0.0605774508,"RM-J006.jams":0.0003622513,"RM-J007.jams":0.0048103438,"RM-J008.jams":0.0002436747,"RM-J009.jams":0.0331461913,"RM-J010.jams":0.0076560931,"RM-J011.jams":0.0122561741,"RM-J012.jams":0.0043476527,"RM-J013.jams":0.0336000914,"RM-J014.jams":0.0092912694,"RM-J015.jams":0.0160872582,"RM-J016.jams":0.0114515222,"RM-J017.jams":0.0452836457,"RM-J018.jams":0.0036099822,"RM-J019.jams":0.0103506274,"RM-J020.jams":0.0525432199,"RM-J021.jams":0.0019142951,"RM-J022.jams":0.0276554647,"RM-J023.jams":0.0245758967,"RM-J024.jams":0.0035953981,"RM-J025.jams":0.4380677704,"RM-J026.jams":0.0010018346,"RM-J027.jams":0.0097631987,"RM-J028.jams":0.0168242146,"RM-J029.jams":0.0017500885,"RM-J030.jams":0.3351612269,"RM-J031.jams":0.0064485447,"RM-J032.jams":0.0008941364,"RM-J033.jams":0.009972692,"RM-J034.jams":0.0117780907,"RM-J035.jams":0.0098422716,"RM-J036.jams":0.0136240554,"RM-J037.jams":0.0260175878,"RM-J038.jams":0.0016838539,"RM-J039.jams":0.0004331763,"RM-J040.jams":0.0210695582,"RM-J041.jams":0.005617723,"RM-J042.jams":0.0003749448,"RM-J043.jams":0.0024556297,"RM-J044.jams":0.4909532962,"RM-J045.jams":0.001515687,"RM-J046.jams":0.0009308186,"RM-J047.jams":0.0019442177,"RM-J048.jams":0.003766668,"RM-J049.jams":0.00029266,"RM-J050.jams":0.0008692504},"schreiber2017\/ismir2017":{"RM-J001.jams":0.0136319775,"RM-J002.jams":0.0159873216,"RM-J003.jams":0.0415898568,"RM-J004.jams":0.0339507454,"RM-J005.jams":0.0605774508,"RM-J006.jams":0.0003622513,"RM-J007.jams":0.0048103438,"RM-J008.jams":0.0002436747,"RM-J009.jams":0.0331461913,"RM-J010.jams":0.0076560931,"RM-J011.jams":0.0122561741,"RM-J012.jams":0.0043476527,"RM-J013.jams":0.0336000294,"RM-J014.jams":0.0092912694,"RM-J015.jams":0.0160872582,"RM-J016.jams":0.0114515222,"RM-J017.jams":0.0452836457,"RM-J018.jams":0.0036099822,"RM-J019.jams":0.0103506274,"RM-J020.jams":0.0525432199,"RM-J021.jams":0.0019142951,"RM-J022.jams":0.0276554647,"RM-J023.jams":0.0245758967,"RM-J024.jams":0.0035953981,"RM-J025.jams":0.4380677704,"RM-J026.jams":0.0010018346,"RM-J027.jams":0.0097631987,"RM-J028.jams":0.0168242146,"RM-J029.jams":0.0017500885,"RM-J030.jams":0.3351612269,"RM-J031.jams":0.0064485447,"RM-J032.jams":0.0008941364,"RM-J033.jams":0.009972692,"RM-J034.jams":0.0117780907,"RM-J035.jams":0.0098422716,"RM-J036.jams":0.0136240554,"RM-J037.jams":0.0260175878,"RM-J038.jams":0.0016838539,"RM-J039.jams":0.0004331763,"RM-J040.jams":0.0210695582,"RM-J041.jams":0.005617723,"RM-J042.jams":0.0003749448,"RM-J043.jams":0.0024556297,"RM-J044.jams":0.4909532962,"RM-J045.jams":0.001515687,"RM-J046.jams":0.0009308186,"RM-J047.jams":0.0019442177,"RM-J048.jams":0.003766668,"RM-J049.jams":0.00029266,"RM-J050.jams":0.0008692504},"boeck2015\/tempodetector2016_default":{"RM-J001.jams":0.0096959188,"RM-J002.jams":0.0063758274,"RM-J003.jams":0.0115254561,"RM-J004.jams":0.0351725971,"RM-J005.jams":0.0285330853,"RM-J006.jams":0.0193460888,"RM-J007.jams":0.0048170163,"RM-J008.jams":0.0,"RM-J009.jams":0.0309739958,"RM-J010.jams":0.000057709,"RM-J011.jams":0.0118837183,"RM-J012.jams":0.003274565,"RM-J013.jams":0.0000144269,"RM-J014.jams":0.0105703025,"RM-J015.jams":0.0102005761,"RM-J016.jams":0.0124077692,"RM-J017.jams":0.000057709,"RM-J018.jams":0.017921908,"RM-J019.jams":0.0000360669,"RM-J020.jams":0.0114336169,"RM-J021.jams":0.0125567553,"RM-J022.jams":0.0106036078,"RM-J023.jams":0.0106461834,"RM-J024.jams":0.0172491378,"RM-J025.jams":0.0072824273,"RM-J026.jams":0.0,"RM-J027.jams":0.0058605731,"RM-J028.jams":0.0085908671,"RM-J029.jams":0.0094746851,"RM-J030.jams":0.0302434667,"RM-J031.jams":0.0000144269,"RM-J032.jams":0.0053977503,"RM-J033.jams":0.000014427,"RM-J034.jams":0.00965017,"RM-J035.jams":0.0108498438,"RM-J036.jams":0.0000384724,"RM-J037.jams":0.0131874113,"RM-J038.jams":0.0,"RM-J039.jams":8.00856626e-16,"RM-J040.jams":0.0076583815,"RM-J041.jams":0.0000384724,"RM-J042.jams":0.0041278856,"RM-J043.jams":0.0146587984,"RM-J044.jams":0.4106727426,"RM-J045.jams":0.0001082062,"RM-J046.jams":0.0000120224,"RM-J047.jams":0.0073539977,"RM-J048.jams":0.0136436788,"RM-J049.jams":0.0080064621,"RM-J050.jams":0.000048089},"schreiber2014\/default":{"RM-J001.jams":0.0485595705,"RM-J002.jams":0.0541587481,"RM-J003.jams":0.0255792302,"RM-J004.jams":0.0233758521,"RM-J005.jams":0.2973137151,"RM-J006.jams":0.0056837557,"RM-J007.jams":0.0062329948,"RM-J008.jams":0.0002436747,"RM-J009.jams":0.2879559013,"RM-J010.jams":0.0052020668,"RM-J011.jams":0.0676832274,"RM-J012.jams":0.0016439849,"RM-J013.jams":0.0703087902,"RM-J014.jams":0.0276135277,"RM-J015.jams":0.3423577647,"RM-J016.jams":0.0446478411,"RM-J017.jams":0.0432502471,"RM-J018.jams":0.0442078461,"RM-J019.jams":0.0962821003,"RM-J020.jams":0.4812862051,"RM-J021.jams":0.0123231252,"RM-J022.jams":0.0738417204,"RM-J023.jams":0.0949653084,"RM-J024.jams":0.0277472347,"RM-J025.jams":0.3321520096,"RM-J026.jams":0.00213822,"RM-J027.jams":0.040364239,"RM-J028.jams":0.0265831466,"RM-J029.jams":0.0462230468,"RM-J030.jams":0.3428761485,"RM-J031.jams":0.0213218467,