{"OE1_MEAN":{"schreiber2017\/mirex2017":-0.038576095,"schreiber2018\/ismir2018":-0.0662360974,"schreiber2018\/cnn":-0.0648718239,"schreiber2018\/fcn":-0.064084284,"schreiber2017\/ismir2017":0.0947572383,"percival2014\/stem":-0.133579746,"boeck2015\/tempodetector2016_default":-0.1340908791,"schreiber2014\/default":-0.038655017,"davies2009\/mirex_qm_tempotracker":0.0191832531},"OE1_STDEV":{"schreiber2017\/mirex2017":0.1461138101,"schreiber2018\/ismir2018":0.2505265512,"schreiber2018\/cnn":0.2509345552,"schreiber2018\/fcn":0.2511555878,"schreiber2017\/ismir2017":0.2629456058,"percival2014\/stem":0.3413215865,"boeck2015\/tempodetector2016_default":0.3417992746,"schreiber2014\/default":0.4586947263,"davies2009\/mirex_qm_tempotracker":0.5203215804},"OE2_MEAN":{"schreiber2017\/mirex2017":0.0280905717,"schreiber2018\/ismir2018":0.0004305693,"schreiber2018\/cnn":0.0017948428,"schreiber2018\/fcn":0.0025823827,"schreiber2017\/ismir2017":0.0280905717,"percival2014\/stem":-0.0002464126,"boeck2015\/tempodetector2016_default":-0.0007575457,"schreiber2014\/default":0.0280116497,"davies2009\/mirex_qm_tempotracker":0.0191832531},"OE2_STDEV":{"schreiber2017\/mirex2017":0.103352031,"schreiber2018\/ismir2018":0.0015559258,"schreiber2018\/cnn":0.0050115802,"schreiber2018\/fcn":0.0055757399,"schreiber2017\/ismir2017":0.103352031,"percival2014\/stem":0.0024315701,"boeck2015\/tempodetector2016_default":0.0052431893,"schreiber2014\/default":0.1033788575,"davies2009\/mirex_qm_tempotracker":0.0100867655}}