{"boeck2015\/tempodetector2016_default":{"boeck2015\/tempodetector2016_default":1.0,"davies2009\/mirex_qm_tempotracker":0.0573730469,"percival2014\/stem":0.125,"schreiber2014\/default":0.0000076294,"schreiber2017\/ismir2017":0.0224609375,"schreiber2017\/mirex2017":0.0385742188,"schreiber2018\/cnn":0.0390625,"schreiber2018\/fcn":0.1184692383,"schreiber2018\/ismir2018":0.0385742188},"davies2009\/mirex_qm_tempotracker":{"boeck2015\/tempodetector2016_default":0.0573730469,"davies2009\/mirex_qm_tempotracker":1.0,"percival2014\/stem":0.548828125,"schreiber2014\/default":0.0413894653,"schreiber2017\/ismir2017":1.0,"schreiber2017\/mirex2017":1.0,"schreiber2018\/cnn":1.0,"schreiber2018\/fcn":1.0,"schreiber2018\/ismir2018":1.0},"percival2014\/stem":{"boeck2015\/tempodetector2016_default":0.125,"davies2009\/mirex_qm_tempotracker":0.548828125,"percival2014\/stem":1.0,"schreiber2014\/default":0.0023498535,"schreiber2017\/ismir2017":0.2890625,"schreiber2017\/mirex2017":0.453125,"schreiber2018\/cnn":0.6875,"schreiber2018\/fcn":0.75390625,"schreiber2018\/ismir2018":0.5078125},"schreiber2014\/default":{"boeck2015\/tempodetector2016_default":0.0000076294,"davies2009\/mirex_qm_tempotracker":0.0413894653,"percival2014\/stem":0.0023498535,"schreiber2014\/default":1.0,"schreiber2017\/ismir2017":0.0635681152,"schreiber2017\/mirex2017":0.0308837891,"schreiber2018\/cnn":0.0192108154,"schreiber2018\/fcn":0.0192108154,"schreiber2018\/ismir2018":0.0308837891},"schreiber2017\/ismir2017":{"boeck2015\/tempodetector2016_default":0.0224609375,"davies2009\/mirex_qm_tempotracker":1.0,"percival2014\/stem":0.2890625,"schreiber2014\/default":0.0635681152,"schreiber2017\/ismir2017":1.0,"schreiber2017\/mirex2017":1.0,"schreiber2018\/cnn":0.75390625,"schreiber2018\/fcn":0.7744140625,"schreiber2018\/ismir2018":1.0},"schreiber2017\/mirex2017":{"boeck2015\/tempodetector2016_default":0.0385742188,"davies2009\/mirex_qm_tempotracker":1.0,"percival2014\/stem":0.453125,"schreiber2014\/default":0.0308837891,"schreiber2017\/ismir2017":1.0,"schreiber2017\/mirex2017":1.0,"schreiber2018\/cnn":1.0,"schreiber2018\/fcn":1.0,"schreiber2018\/ismir2018":1.0},"schreiber2018\/cnn":{"boeck2015\/tempodetector2016_default":0.0390625,"davies2009\/mirex_qm_tempotracker":1.0,"percival2014\/stem":0.6875,"schreiber2014\/default":0.0192108154,"schreiber2017\/ismir2017":0.75390625,"schreiber2017\/mirex2017":1.0,"schreiber2018\/cnn":1.0,"schreiber2018\/fcn":1.0,"schreiber2018\/ismir2018":1.0},"schreiber2018\/fcn":{"boeck2015\/tempodetector2016_default":0.1184692383,"davies2009\/mirex_qm_tempotracker":1.0,"percival2014\/stem":0.75390625,"schreiber2014\/default":0.0192108154,"schreiber2017\/ismir2017":0.7744140625,"schreiber2017\/mirex2017":1.0,"schreiber2018\/cnn":1.0,"schreiber2018\/fcn":1.0,"schreiber2018\/ismir2018":1.0},"schreiber2018\/ismir2018":{"boeck2015\/tempodetector2016_default":0.0385742188,"davies2009\/mirex_qm_tempotracker":1.0,"percival2014\/stem":0.5078125,"schreiber2014\/default":0.0308837891,"schreiber2017\/ismir2017":1.0,"schreiber2017\/mirex2017":1.0,"schreiber2018\/cnn":1.0,"schreiber2018\/fcn":1.0,"schreiber2018\/ismir2018":1.0}}