{"OE1_MEAN":{"schreiber2018\/fcn":0.0751933847,"schreiber2018\/ismir2018":0.0841580934,"schreiber2014\/default":-0.0000915468,"schreiber2017\/ismir2017":0.045638249,"schreiber2018\/cnn":0.110135564,"schreiber2017\/mirex2017":0.0104915579,"davies2009\/mirex_qm_tempotracker":0.3451808542,"percival2014\/stem":0.0357921514,"boeck2015\/tempodetector2016_default":-0.0603987869},"OE1_STDEV":{"schreiber2018\/fcn":0.4130660597,"schreiber2018\/ismir2018":0.471065924,"schreiber2014\/default":0.4739847893,"schreiber2017\/ismir2017":0.4949108216,"schreiber2018\/cnn":0.5001162173,"schreiber2017\/mirex2017":0.5230805099,"davies2009\/mirex_qm_tempotracker":0.5231339413,"percival2014\/stem":0.5327998589,"boeck2015\/tempodetector2016_default":0.5891393977},"OE2_MEAN":{"schreiber2018\/fcn":0.0008310072,"schreiber2018\/ismir2018":0.0097957159,"schreiber2014\/default":0.0039774483,"schreiber2017\/ismir2017":0.0064225627,"schreiber2018\/cnn":0.0063614218,"schreiber2017\/mirex2017":0.0104915579,"davies2009\/mirex_qm_tempotracker":0.0477313443,"percival2014\/stem":0.0104493818,"boeck2015\/tempodetector2016_default":0.004159669},"OE2_STDEV":{"schreiber2018\/fcn":0.0813897278,"schreiber2018\/ismir2018":0.1055966801,"schreiber2014\/default":0.1272654055,"schreiber2017\/ismir2017":0.1230704824,"schreiber2018\/cnn":0.1045546363,"schreiber2017\/mirex2017":0.1229483344,"davies2009\/mirex_qm_tempotracker":0.1316803752,"percival2014\/stem":0.1079752322,"boeck2015\/tempodetector2016_default":0.0864435271}}