{"boeck2015\/tempodetector2016_default":{"boeck2015\/tempodetector2016_default":1.0,"davies2009\/mirex_qm_tempotracker":0.229481013,"percival2014\/stem":1.0,"schreiber2014\/default":0.823802948,"schreiber2017\/ismir2017":0.6776394844,"schreiber2017\/mirex2017":0.8318119049,"schreiber2018\/cnn":0.5412561893,"schreiber2018\/fcn":0.3269395828,"schreiber2018\/ismir2018":0.8450189829},"davies2009\/mirex_qm_tempotracker":{"boeck2015\/tempodetector2016_default":0.229481013,"davies2009\/mirex_qm_tempotracker":1.0,"percival2014\/stem":0.2649308965,"schreiber2014\/default":0.3615946081,"schreiber2017\/ismir2017":0.0432852507,"schreiber2017\/mirex2017":0.0639146566,"schreiber2018\/cnn":0.0356981382,"schreiber2018\/fcn":0.0066107512,"schreiber2018\/ismir2018":0.0755186975},"percival2014\/stem":{"boeck2015\/tempodetector2016_default":1.0,"davies2009\/mirex_qm_tempotracker":0.2649308965,"percival2014\/stem":1.0,"schreiber2014\/default":1.0,"schreiber2017\/ismir2017":0.5034446716,"schreiber2017\/mirex2017":0.6290588379,"schreiber2018\/cnn":0.3017578125,"schreiber2018\/fcn":0.1670684814,"schreiber2018\/ismir2018":0.647605896},"schreiber2014\/default":{"boeck2015\/tempodetector2016_default":0.823802948,"davies2009\/mirex_qm_tempotracker":0.3615946081,"percival2014\/stem":1.0,"schreiber2014\/default":1.0,"schreiber2017\/ismir2017":0.3323059082,"schreiber2017\/mirex2017":0.454498291,"schreiber2018\/cnn":0.2862787247,"schreiber2018\/fcn":0.1338005066,"schreiber2018\/ismir2018":0.480682373},"schreiber2017\/ismir2017":{"boeck2015\/tempodetector2016_default":0.6776394844,"davies2009\/mirex_qm_tempotracker":0.0432852507,"percival2014\/stem":0.5034446716,"schreiber2014\/default":0.3323059082,"schreiber2017\/ismir2017":1.0,"schreiber2017\/mirex2017":1.0,"schreiber2018\/cnn":1.0,"schreiber2018\/fcn":0.548828125,"schreiber2018\/ismir2018":1.0},"schreiber2017\/mirex2017":{"boeck2015\/tempodetector2016_default":0.8318119049,"davies2009\/mirex_qm_tempotracker":0.0639146566,"percival2014\/stem":0.6290588379,"schreiber2014\/default":0.454498291,"schreiber2017\/ismir2017":1.0,"schreiber2017\/mirex2017":1.0,"schreiber2018\/cnn":0.75390625,"schreiber2018\/fcn":0.34375,"schreiber2018\/ismir2018":1.0},"schreiber2018\/cnn":{"boeck2015\/tempodetector2016_default":0.5412561893,"davies2009\/mirex_qm_tempotracker":0.0356981382,"percival2014\/stem":0.3017578125,"schreiber2014\/default":0.2862787247,"schreiber2017\/ismir2017":1.0,"schreiber2017\/mirex2017":0.75390625,"schreiber2018\/cnn":1.0,"schreiber2018\/fcn":0.7265625,"schreiber2018\/ismir2018":0.7265625},"schreiber2018\/fcn":{"boeck2015\/tempodetector2016_default":0.3269395828,"davies2009\/mirex_qm_tempotracker":0.0066107512,"percival2014\/stem":0.1670684814,"schreiber2014\/default":0.1338005066,"schreiber2017\/ismir2017":0.548828125,"schreiber2017\/mirex2017":0.34375,"schreiber2018\/cnn":0.7265625,"schreiber2018\/fcn":1.0,"schreiber2018\/ismir2018":0.21875},"schreiber2018\/ismir2018":{"boeck2015\/tempodetector2016_default":0.8450189829,"davies2009\/mirex_qm_tempotracker":0.0755186975,"percival2014\/stem":0.647605896,"schreiber2014\/default":0.480682373,"schreiber2017\/ismir2017":1.0,"schreiber2017\/mirex2017":1.0,"schreiber2018\/cnn":0.7265625,"schreiber2018\/fcn":0.21875,"schreiber2018\/ismir2018":1.0}}