Estimator,boeck2015/tempodetector2016_default,davies2009/mirex_qm_tempotracker,percival2014/stem,schreiber2014/default,schreiber2017/ismir2017,schreiber2017/mirex2017
boeck2015/tempodetector2016_default,1.0,0.39623160263575186,0.36678492069653945,0.09898374569031426,0.2281717779441072,0.29589769362239376
davies2009/mirex_qm_tempotracker,0.39623160263575186,1.0,0.07463808351350343,0.020175535769471613,0.012355930736291097,0.04045196234057632
percival2014/stem,0.36678492069653945,0.07463808351350343,1.0,0.35318823408768873,0.5648115854840856,0.6956731695803555
schreiber2014/default,0.09898374569031426,0.020175535769471613,0.35318823408768873,1.0,0.9836902724845626,0.8297767276099474
schreiber2017/ismir2017,0.2281717779441072,0.012355930736291097,0.5648115854840856,0.9836902724845626,1.0,0.7320490981116121
schreiber2017/mirex2017,0.29589769362239376,0.04045196234057632,0.6956731695803555,0.8297767276099474,0.7320490981116121,1.0
