Item,Reference,Estimate
RM-J001.jams,80.5369127516789,162.16
RM-J006.jams,80.0,162.16
RM-J008.jams,60.0,120.0
RM-J009.jams,63.829787234042705,130.43
RM-J018.jams,74.07407407407386,150.0
RM-J028.jams,71.00591715976341,142.86
RM-J031.jams,45.454545454545446,90.91
RM-J038.jams,62.50000000000018,125.0
RM-J040.jams,63.49206349206395,127.66
RM-J044.jams,37.26708074534163,56.07
RM-J045.jams,108.10810810810817,54.05
RM-J046.jams,151.89873417721535,75.95
RM-J050.jams,157.8947368421057,78.95
