Estimator,boeck2015/tempodetector2016_default,davies2009/mirex_qm_tempotracker,percival2014/stem,schreiber2014/default,schreiber2017/ismir2017,schreiber2017/mirex2017
boeck2015/tempodetector2016_default,1.0,0.11767492890580657,0.6950890949077202,0.19839738862652143,0.34530056310730095,0.34530056310730095
davies2009/mirex_qm_tempotracker,0.11767492890580657,1.0,0.11816299507846176,0.4494326259016508,0.06603610537389307,0.06603610537389307
percival2014/stem,0.6950890949077202,0.11816299507846176,1.0,0.19729441675300458,0.34380863801754036,0.34380863801754036
schreiber2014/default,0.19839738862652143,0.4494326259016508,0.19729441675300458,1.0,0.164404816594148,0.164404816594148
schreiber2017/ismir2017,0.34530056310730095,0.06603610537389307,0.34380863801754036,0.164404816594148,1.0,1.0
schreiber2017/mirex2017,0.34530056310730095,0.06603610537389307,0.34380863801754036,0.164404816594148,1.0,1.0
