Estimator,boeck2015/tempodetector2016_default,davies2009/mirex_qm_tempotracker,percival2014/stem,schreiber2014/default,schreiber2017/ismir2017,schreiber2017/mirex2017
boeck2015/tempodetector2016_default,1.0,0.000274658203125,6.103515625e-05,3.0517578125e-05,0.004180908203124999,0.004180908203124999
davies2009/mirex_qm_tempotracker,0.000274658203125,1.0,1.0,0.9999999999999997,0.6476058959960938,0.6476058959960938
percival2014/stem,6.103515625e-05,1.0,1.0,0.9999999999999998,0.629058837890625,0.629058837890625
schreiber2014/default,3.0517578125e-05,0.9999999999999997,0.9999999999999998,1.0,0.3437499999999999,0.3437499999999999
schreiber2017/ismir2017,0.004180908203124999,0.6476058959960938,0.629058837890625,0.3437499999999999,1.0,1.0
schreiber2017/mirex2017,0.004180908203124999,0.6476058959960938,0.629058837890625,0.3437499999999999,1.0,1.0
