Item,cvar,1.0,davies2009/mirex_qm_tempotracker,percival2014/stem,schreiber2017/mirex2017,schreiber2017/ismir2017,boeck2015/tempodetector2016_default,schreiber2014/default
RM-C006.jams,0.20287048481542067,54.42176870748286,135.999,80.7495,59.655277,59.655277,122.45,87.68892
RM-C021.jams,0.19693700109894133,57.34767025089602,129.199,126.048,126.32883,126.32883,120.0,99.04433
RM-C029.jams,0.23924559662127268,58.679706601467,147.656,146.609,70.576965,70.576965,75.0,75.50553
RM-C030.jams,0.14847536146456494,38.4,132.512,131.668,125.02769,125.02769,122.45,59.06385
RM-C032.jams,0.14924189773334565,92.30769230769201,143.555,140.625,138.82765,138.82765,139.53,69.0984
RM-C038.jams,0.2764470076673462,90.68067610781148,129.199,115.485,143.08592,143.08592,150.0,110.39972
RM-C040.jams,0.15460519724710972,59.25925925925918,129.199,130.012,140.32594,140.32594,127.66,63.775555
RM-C041.jams,0.14284949191982094,70.38123167155425,161.499,78.9003,155.58475,155.58475,153.85,75.30838
RM-C050.jams,0.3187868825289669,159.46843853820647,172.266,93.1166,96.99404,96.99404,176.47,86.506065
