{"boeck2015\/tempodetector2016_default":{"0":0.0076583815,"1":-0.9998797804,"2":-0.0036221009,"3":0.0,"4":-1.0,"5":0.0,"6":-0.000057709,"7":-1.0000889689,"8":-0.0052338417,"9":-0.982078092,"10":0.0077666047,"11":0.0,"12":0.0000120224,"13":-1.0,"14":0.0076583815,"15":-0.0041470907,"16":-0.0052338417,"17":0.0,"18":-1.0001082062,"19":0.0062291942,"20":0.0099263796,"21":-0.9999086322,"22":-0.008462735,"23":-0.9998990149,"24":0.0062291942,"25":0.0055742505,"26":-0.9946754728,"27":-1.0001154202,"28":-0.9998990149,"29":-1.0001082062,"30":-0.9999086322,"31":-1.0022889674,"32":-1.5899484042,"33":-1.0001226343,"34":0.0058909834,"35":0.0055742505,"36":0.0077666047,"37":0.0,"38":0.0,"39":0.0053712414,"40":-0.0098002569,"41":-0.0000793504,"42":0.0,"43":-1.0001082062,"44":0.0,"45":0.0,"46":-1.0000889689,"47":-0.0054293266,"48":0.0043773421,"49":0.0,"50":0.9943534369,"51":-0.0070533579,"52":0.0077666047,"53":-0.0000192361,"54":0.0102803579,"55":-1.0000889689,"56":-1.0054926839,"57":-0.9999062279,"58":0.0162633399,"59":-1.0000889689,"60":-0.0129775281,"61":-1.0,"62":-0.0041470907,"63":-1.0,"64":-0.007367508,"65":0.0000769417,"66":-0.0000384724,"67":-1.0000312587,"68":-0.008462735,"69":-0.0058915969,"70":0.0073539977,"71":-0.0045389986,"72":-0.9999086322,"73":-0.000014427,"74":-0.0047480884,"75":0.0058909834,"76":-0.9999639331,"77":-1.0000793504,"78":0.0,"79":-0.006207909,"80":-0.0056465631,"81":-0.9998990149,"82":-0.9999062279,"83":-0.0080733869,"84":0.0,"85":0.0053712414,"86":-0.0000384724,"87":-0.0000432815,"88":-1.008359342,"89":-0.006207909,"90":-0.9998990149,"91":-0.9999134409,"92":-0.0080733869,"93":0.0000120224,"94":-0.9946754728,"95":0.0058909834,"96":-0.0054293266,"97":-0.0100248111,"98":-0.0067900078,"99":0.0073539977},"davies2009\/mirex_qm_tempotracker":{"0":0.0249467322,"1":0.0114085688,"2":1.0232723877,"3":0.0134533267,"4":0.0361750781,"5":1.0134533267,"6":1.0256418982,"7":0.0070270575,"8":1.0018687023,"9":0.0370212395,"10":0.0306138778,"11":0.0120451323,"12":1.0440204275,"13":0.0191040772,"14":0.0249467322,"15":1.0367777508,"16":0.0261132616,"17":0.0191040772,"18":0.0244647216,"19":0.0049595662,"20":0.010347025,"21":0.0124388787,"22":0.0325654996,"23":0.0269954738,"24":0.0049595662,"25":0.005186604,"26":0.01244047,"27":0.0279094163,"28":0.0269954738,"29":0.0244647216,"30":0.0124388787,"31":0.0122644038,"32":0.0325599163,"33":0.0025379916,"34":0.020832857,"35":0.005186604,"36":0.0306138778,"37":0.0120451323,"38":0.0134533267,"39":0.0194108378,"40":0.0301137414,"41":1.0370212395,"42":0.0191040772,"43":0.0244647216,"44":0.0120451323,"45":0.0120451323,"46":0.0070270575,"47":0.01244047,"48":1.0172931597,"49":1.0190993315,"50":0.0241004034,"51":0.0237021696,"52":0.0306138778,"53":1.0398947622,"54":0.0172987429,"55":0.0070270575,"56":0.0241004034,"57":0.0216755085,"58":0.0124388787,"59":0.0070270575,"60":0.0244647216,"61":0.0361750781,"62":1.0367777508,"63":-0.9808959228,"64":0.0344129453,"65":1.0141181573,"66":1.00702622,"67":0.0202659554,"68":0.0325654996,"69":0.0050809666,"70":0.0143707078,"71":1.0325615913,"72":0.0124388787,"73":1.0129013906,"74":1.0361767531,"75":0.020832857,"76":-1.0003515795,"77":-0.5759550791,"78":0.0022224422,"79":0.0216774626,"80":0.0241004034,"81":0.0269954738,"82":0.0181267205,"83":0.020521225,"84":0.0361750781,"85":0.0194108378,"86":0.0070270575,"87":0.0325621496,"88":0.0325654996,"89":0.0216774626,"90":0.0269954738,"91":0.0018631191,"92":0.020521225,"93":1.0440204275,"94":0.01244047,"95":0.020832857,"96":0.01244047,"97":-0.9862311413,"98":0.0138840785,"99":0.0143707078},"percival2014\/stem":{"0":0.0025865961,"1":-0.0038655856,"2":1.0014415238,"3":0.0022254431,"4":-0.0019609929,"5":0.0022254431,"6":0.0039485858,"7":-0.9975899963,"8":0.0018653524,"9":0.0055483819,"10":0.0031356539,"11":-0.0010853148,"12":0.0009519848,"13":0.00502624,"14":-0.0018545135,"15":1.0021253269,"16":0.0018653524,"17":-0.001961956,"18":-0.0021515799,"19":-0.0022327947,"20":0.010347025,"21":0.0029772933,"22":-0.0020869244,"23":0.0051646098,"24":-0.0022327947,"25":-0.0012403491,"26":-0.0001595529,"27":-0.0012455834,"28":0.0008470941,"29":0.0016257223,"30":0.0029772933,"31":-0.0007915257,"32":-0.0030617601,"33":-0.0052778838,"34":0.0001740146,"35":-0.0012403491,"36":0.0031356539,"37":0.0032740852,"38":0.0022254431,"39":0.0008746212,"40":-1.0043781105,"41":0.0003627201,"42":-0.001961956,"43":-0.0021515799,"44":-0.0010853148,"45":-0.0010853148,"46":0.0024143726,"47":-0.0001595529,"48":0.0019204811,"49":-0.0019614745,"50":-0.0023709426,"51":-0.0012403491,"52":0.0031356539,"53":-0.0002648069,"54":-1.0006270594,"55":0.0024143726,"56":-0.0023709426,"57":-0.0038629336,"58":0.0029772933,"59":0.0024143726,"60":-0.0021515799,"61":-0.9977727563,"62":0.0021294445,"63":-1.001961956,"64":-0.0003507979,"65":-0.0044196785,"66":0.0015732904,"67":-1.0028213984,"68":-1.0020828067,"69":-0.001706894,"70":0.0015456206,"71":0.0010848533,"72":0.0029772933,"73":-0.002471288,"74":0.0015284468,"75":0.0001740146,"76":-1.0067785326,"77":-0.9996372799,"78":-0.0019609929,"79":-0.0002375232,"80":-0.0023709426,"81":0.0008470941,"82":0.0035723751,"83":-0.0030074849,"84":0.0022224422,"85":0.0008746212,"86":-0.0004694332,"87":-1.0008603913,"88":-1.0020828067,"89":-0.0002375232,"90":0.0051646098,"91":-0.0026327946,"92":-1.0030117979,"93":0.0009519848,"94":-0.0001595529,"95":0.0001740146,"96":-0.0001595529,"97":-0.9980085324,"98":0.0058849368,"99":0.0015456206},"schreiber2014\/default":{"0":-0.0007257896,"1":-0.0004199335,"2":0.0001275043,"3":-0.0010602293,"4":-0.0002303687,"5":0.0010727858,"6":0.0007744328,"7":-0.4135241208,"8":0.0001915934,"9":-1.0028401927,"10":0.0033919632,"11":-0.0001356197,"12":0.0009307237,"13":0.00213822,"14":0.0001702153,"15":0.5849944835,"16":0.0015133321,"17":-0.0001354754,"18":-0.000989173,"19":-0.0002398313,"20":0.0292867322,"21":0.0018351571,"22":-0.0039093039,"23":0.0033919189,"24":-0.0002398313,"25":0.0017477812,"26":0.0007814153,"27":-0.0009322023,"28":0.0038505903,"29":-0.0004627176,"30":0.0018351571,"31":-0.0024166164,"32":-1.0034578322,"33":-0.0022229788,"34":0.0014637069,"35":0.000511428,"36":0.0033919632,"37":-0.3203579413,"38":0.0000066724,"39":0.0015132875,"40":-1.00167236,"41":-0.0013022736,"42":-0.0007044957,"43":-0.0004627176,"44":0.0007744155,"45":-0.000590818,"46":0.0015133421,"47":0.0014139451,"48":0.0022257937,"49":-0.0008943634,"50":-0.0018431739,"51":-0.0026527135,"52":0.0029544345,"53":-0.0016912967,"54":-1.0003345457,"55":0.0015133421,"56":-0.0024484816,"57":-0.0029258108,"58":0.0035196301,"59":0.0015133421,"60":-0.000989173,"61":-1.0016533137,"62":0.7926010076,"63":-1.0001354754,"64":-0.0011669539,"65":-0.0037810122,"66":0.0019773366,"67":-1.0073404521,"68":-1.004315873,"69":-0.0025553583,"70":0.0019442177,"71":0.0022860929,"72":-0.9981648429,"73":-0.0021659755,"74":-0.0011110968,"75":0.0014637069,"76":-1.0044085092,"77":-0.0013022736,"78":0.0002436747,"79":0.0010657146,"80":-0.0024484816,"81":-0.0197285288,"82":-0.9996945561,"83":-0.0006547101,"84":0.0002436747,"85":0.0028054306,"86":-0.0018052865,"87":0.0008692504,"88":-1.0030969214,"89":0.0016127847,"90":0.0024742547,"91":-1.0006902278,"92":-0.0010792359,"93":0.0013050245,"94":0.0014139451,"95":0.0008833261,"96":0.0014139451,"97":-0.9995336518,"98":0.003087003,"99":0.0019442177},"schreiber2017\/ismir2017":{"0":0.0001702153,"1":-0.0014635146,"2":-0.0003311672,"3":0.0000066724,"4":-0.0002303687,"5":0.0000066724,"6":0.0015131704,"7":0.0015133421,"8":-0.0004699316,"9":-0.9974642637,"10":0.0029544345,"11":-0.0001356197,"12":0.0009307237,"13":0.0015701536,"14":0.0001702153,"15":0.0011153299,"16":0.0015133321,"17":-0.0001354754,"18":-0.0004627176,"19":-0.0002398313,"20":-0.0006571951,"21":0.0018351571,"22":-0.0039093039,"23":0.0033919189,"24":-0.0002398313,"25":0.000511428,"26":0.0020459574,"27":-0.0009322023,"28":0.0033919189,"29":-1.001515687,"30":0.0018351571,"31":-0.0018053067,"32":-0.0034578322,"33":-0.0022229788,"34":0.0008833261,"35":0.000511428,"36":0.0029544345,"37":0.0007744155,