{"Without drums":{"boeck2015\/tempodetector2016_default":0.5454545455,"davies2009\/mirex_qm_tempotracker":0.7272727273,"percival2014\/stem":0.8181818182,"schreiber2014\/default":0.7272727273,"schreiber2017\/ismir2017":0.4545454545,"schreiber2017\/mirex2017":0.4545454545},"Vocal group (4 female)":{"boeck2015\/tempodetector2016_default":0.0,"davies2009\/mirex_qm_tempotracker":1.0,"percival2014\/stem":1.0,"schreiber2014\/default":1.0,"schreiber2017\/ismir2017":1.0,"schreiber2017\/mirex2017":1.0},"Vocal group (3 female)":{"boeck2015\/tempodetector2016_default":0.0,"davies2009\/mirex_qm_tempotracker":1.0,"percival2014\/stem":1.0,"schreiber2014\/default":1.0,"schreiber2017\/ismir2017":1.0,"schreiber2017\/mirex2017":1.0},"Vocal group (2 male)":{"boeck2015\/tempodetector2016_default":0.0,"davies2009\/mirex_qm_tempotracker":1.0,"percival2014\/stem":1.0,"schreiber2014\/default":1.0,"schreiber2017\/ismir2017":1.0,"schreiber2017\/mirex2017":1.0},"Vocal group (2 female)":{"boeck2015\/tempodetector2016_default":1.0,"davies2009\/mirex_qm_tempotracker":0.5,"percival2014\/stem":1.0,"schreiber2014\/default":1.0,"schreiber2017\/ismir2017":0.5,"schreiber2017\/mirex2017":0.5},"Vocal group (1 male + 1 female)":{"boeck2015\/tempodetector2016_default":0.0,"davies2009\/mirex_qm_tempotracker":1.0,"percival2014\/stem":1.0,"schreiber2014\/default":1.0,"schreiber2017\/ismir2017":1.0,"schreiber2017\/mirex2017":1.0},"Trumpet":{"boeck2015\/tempodetector2016_default":1.0,"davies2009\/mirex_qm_tempotracker":1.0,"percival2014\/stem":1.0,"schreiber2014\/default":1.0,"schreiber2017\/ismir2017":1.0,"schreiber2017\/mirex2017":1.0},"Piano":{"boeck2015\/tempodetector2016_default":0.5555555556,"davies2009\/mirex_qm_tempotracker":0.8888888889,"percival2014\/stem":0.7777777778,"schreiber2014\/default":0.6666666667,"schreiber2017\/ismir2017":0.4444444444,"schreiber2017\/mirex2017":0.4444444444},"Male":{"boeck2015\/tempodetector2016_default":0.66,"davies2009\/mirex_qm_tempotracker":0.72,"percival2014\/stem":0.86,"schreiber2014\/default":0.74,"schreiber2017\/ismir2017":0.78,"schreiber2017\/mirex2017":0.78},"Live drums":{"boeck2015\/tempodetector2016_default":0.7619047619,"davies2009\/mirex_qm_tempotracker":0.7142857143,"percival2014\/stem":0.8095238095,"schreiber2014\/default":0.6666666667,"schreiber2017\/ismir2017":0.8095238095,"schreiber2017\/mirex2017":0.8095238095},"Hi-hat only":{"boeck2015\/tempodetector2016_default":1.0,"davies2009\/mirex_qm_tempotracker":0.0,"percival2014\/stem":1.0,"schreiber2014\/default":1.0,"schreiber2017\/ismir2017":0.5,"schreiber2017\/mirex2017":0.5},"Guitar":{"boeck2015\/tempodetector2016_default":0.6511627907,"davies2009\/mirex_qm_tempotracker":0.7674418605,"percival2014\/stem":0.8255813953,"schreiber2014\/default":0.8255813953,"schreiber2017\/ismir2017":0.8255813953,"schreiber2017\/mirex2017":0.8255813953},"Female":{"boeck2015\/tempodetector2016_default":0.6818181818,"davies2009\/mirex_qm_tempotracker":0.8636363636,"percival2014\/stem":0.8181818182,"schreiber2014\/default":0.8863636364,"schreiber2017\/ismir2017":0.8409090909,"schreiber2017\/mirex2017":0.8409090909},"English vocals":{"boeck2015\/tempodetector2016_default":0.7,"davies2009\/mirex_qm_tempotracker":0.8,"percival2014\/stem":0.85,"schreiber2014\/default":0.85,"schreiber2017\/ismir2017":0.8,"schreiber2017\/mirex2017":0.8},"Drums":{"boeck2015\/tempodetector2016_default":0.7619047619,"davies2009\/mirex_qm_tempotracker":0.7142857143,"percival2014\/stem":0.8095238095,"schreiber2014\/default":0.6666666667,"schreiber2017\/ismir2017":0.8095238095,"schreiber2017\/mirex2017":0.8095238095},"Drum sequences":{"boeck2015\/tempodetector2016_default":0.6166666667,"davies2009\/mirex_qm_tempotracker":0.85,"percival2014\/stem":0.8666666667,"schreiber2014\/default":0.8833333333,"schreiber2017\/ismir2017":0.8666666667,"schreiber2017\/mirex2017":0.8666666667},"Drum loops":{"boeck2015\/tempodetector2016_default":0.75,"davies2009\/mirex_qm_tempotracker":0.625,"percival2014\/stem":0.875,"schreiber2014\/default":0.875,"schreiber2017\/ismir2017":0.875,"schreiber2017\/mirex2017":0.875},"Cello":{"boeck2015\/tempodetector2016_default":0.5,"davies2009\/mirex_qm_tempotracker":1.0,"percival2014\/stem":1.0,"schreiber2014\/default":0.5,"schreiber2017\/ismir2017":0.0,"schreiber2017\/mirex2017":0.0},"Bass":{"boeck2015\/tempodetector2016_default":0.7352941176,"davies2009\/mirex_qm_tempotracker":0.7647058824,"percival2014\/stem":0.7941176471,"schreiber2014\/default":0.7941176471,"schreiber2017\/ismir2017":0.8823529412,"schreiber2017\/mirex2017":0.8823529412},"8\/4":{"boeck2015\/tempodetector2016_default":1.0,"davies2009\/mirex_qm_tempotracker":0.0,"percival2014\/stem":1.0,"schreiber2014\/default":0.0,"schreiber2017\/ismir2017":0.0,"schreiber2017\/mirex2017":0.0},"7\/4":{"boeck2015\/tempodetector2016_default":1.0,"davies2009\/mirex_qm_tempotracker":0.0,"percival2014\/stem":1.0,"schreiber2014\/default":1.0,"schreiber2017\/ismir2017":1.0,"schreiber2017\/mirex2017":1.0},"6\/4":{"boeck2015\/tempodetector2016_default":1.0,"davies2009\/mirex_qm_tempotracker":1.0,"percival2014\/stem":1.0,"schreiber2014\/default":1.0,"schreiber2017\/ismir2017":1.0,"schreiber2017\/mirex2017":1.0},"5\/4":{"boeck2015\/tempodetector2016_default":0.5,"davies2009\/mirex_qm_tempotracker":0.5,"percival2014\/stem":1.0,"schreiber2014\/default":1.0,"schreiber2017\/ismir2017":1.0,"schreiber2017\/mirex2017":1.0},"4\/4":{"boeck2015\/tempodetector2016_default":0.6421052632,"davies2009\/mirex_qm_tempotracker":0.8105263158,"percival2014\/stem":0.8421052632,"schreiber2014\/default":0.8210526316,"schreiber2017\/ismir2017":0.8105263158,"schreiber2017\/mirex2017":0.8105263158}}