Item,Reference,Estimate
RM-P004.jams,86.02150537634411,172
RM-P026.jams,157.89473684210532,79
RM-P027.jams,123.71134020618571,62
RM-P041.jams,199.99999999999952,100
RM-P048.jams,86.02150537634434,172
RM-P056.jams,74.3034055727563,149
RM-P060.jams,148.14814814814773,74
RM-P069.jams,62.01550387596892,124
RM-P071.jams,140.3508771929818,70
RM-P073.jams,148.14814814814838,74
RM-P075.jams,108.10810810810817,54
RM-P077.jams,120.0,60
RM-P083.jams,140.3508771929818,70
RM-P085.jams,97.95918367346941,197
