{"boeck2015\/tempodetector2016_default":{"0.0":null,"0.005":-0.0008286968,"0.01":-0.0926481628,"0.015":-0.1682608159,"0.02":-0.1682608159,"0.025":-0.1682608159,"0.03":-0.1682608159,"0.035":-0.1682608159,"0.04":-0.1553176762,"0.045":-0.1442235565,"0.05":-0.1442235565,"0.055":-0.1340908791,"0.06":-0.1340908791,"0.065":-0.1340908791,"0.07":-0.1340908791,"0.075":-0.1340908791,"0.08":-0.1340908791,"0.085":-0.1340908791,"0.09":-0.1340908791,"0.095":-0.1340908791,"0.1":-0.1340908791,"0.105":-0.1340908791,"0.11":-0.1340908791,"0.115":-0.1340908791,"0.12":-0.1340908791,"0.125":-0.1340908791,"0.13":-0.1340908791,"0.135":-0.1340908791,"0.14":-0.1340908791,"0.145":-0.1340908791,"0.15":-0.1340908791,"0.155":-0.1340908791,"0.16":-0.1340908791,"0.165":-0.1340908791,"0.17":-0.1340908791,"0.175":-0.1340908791,"0.18":-0.1340908791,"0.185":-0.1340908791,"0.19":-0.1340908791,"0.195":-0.1340908791,"0.2":-0.1340908791,"0.205":-0.1340908791,"0.21":-0.1340908791,"0.215":-0.1340908791,"0.22":-0.1340908791,"0.225":-0.1340908791,"0.23":-0.1340908791,"0.235":-0.1340908791,"0.24":-0.1340908791,"0.245":-0.1340908791,"0.25":-0.1340908791,"0.255":-0.1340908791,"0.26":-0.1340908791,"0.265":-0.1340908791,"0.27":-0.1340908791,"0.275":-0.1340908791,"0.28":-0.1340908791,"0.285":-0.1340908791,"0.29":-0.1340908791,"0.295":-0.1340908791,"0.3":-0.1340908791,"0.305":-0.1340908791,"0.31":-0.1340908791,"0.315":-0.1340908791,"0.32":-0.1340908791,"0.325":-0.1340908791,"0.33":-0.1340908791,"0.335":-0.1340908791,"0.34":-0.1340908791,"0.345":-0.1340908791,"0.35":-0.1340908791,"0.355":-0.1340908791,"0.36":-0.1340908791,"0.365":-0.1340908791,"0.37":-0.1340908791,"0.375":-0.1340908791,"0.38":-0.1340908791,"0.385":-0.1340908791,"0.39":-0.1340908791,"0.395":-0.1340908791,"0.4":-0.1340908791,"0.405":-0.1340908791,"0.41":-0.1340908791,"0.415":-0.1340908791,"0.42":-0.1340908791,"0.425":-0.1340908791,"0.43":-0.1340908791,"0.435":-0.1340908791,"0.44":-0.1340908791,"0.445":-0.1340908791,"0.45":-0.1340908791,"0.455":-0.1340908791,"0.46":-0.1340908791,"0.465":-0.1340908791,"0.47":-0.1340908791,"0.475":-0.1340908791,"0.48":-0.1340908791,"0.485":-0.1340908791,"0.49":-0.1340908791,"0.495":-0.1340908791,"0.5":-0.1340908791},"davies2009\/mirex_qm_tempotracker":{"0.0":null,"0.005":0.119845121,"0.01":0.0186798349,"0.015":-0.0646181449,"0.02":-0.0646181449,"0.025":-0.0646181449,"0.03":-0.0646181449,"0.035":-0.0646181449,"0.04":0.0187447379,"0.045":0.0183667799,"0.05":0.0183667799,"0.055":0.0191832531,"0.06":0.0191832531,"0.065":0.0191832531,"0.07":0.0191832531,"0.075":0.0191832531,"0.08":0.0191832531,"0.085":0.0191832531,"0.09":0.0191832531,"0.095":0.0191832531,"0.1":0.0191832531,"0.105":0.0191832531,"0.11":0.0191832531,"0.115":0.0191832531,"0.12":0.0191832531,"0.125":0.0191832531,"0.13":0.0191832531,"0.135":0.0191832531,"0.14":0.0191832531,"0.145":0.0191832531,"0.15":0.0191832531,"0.155":0.0191832531,"0.16":0.0191832531,"0.165":0.0191832531,"0.17":0.0191832531,"0.175":0.0191832531,"0.18":0.0191832531,"0.185":0.0191832531,"0.19":0.0191832531,"0.195":0.0191832531,"0.2":0.0191832531,"0.205":0.0191832531,"0.21":0.0191832531,"0.215":0.0191832531,"0.22":0.0191832531,"0.225":0.0191832531,"0.23":0.0191832531,"0.235":0.0191832531,"0.24":0.0191832531,"0.245":0.0191832531,"0.25":0.0191832531,"0.255":0.0191832531,"0.26":0.0191832531,"0.265":0.0191832531,"0.27":0.0191832531,"0.275":0.0191832531,"0.28":0.0191832531,"0.285":0.0191832531,"0.29":0.0191832531,"0.295":0.0191832531,"0.3":0.0191832531,"0.305":0.0191832531,"0.31":0.0191832531,"0.315":0.0191832531,"0.32":0.0191832531,"0.325":0.0191832531,"0.33":0.0191832531,"0.335":0.0191832531,"0.34":0.0191832531,"0.345":0.0191832531,"0.35":0.0191832531,"0.355":0.0191832531,"0.36":0.0191832531,"0.365":0.0191832531,"0.37":0.0191832531,"0.375":0.0191832531,"0.38":0.0191832531,"0.385":0.0191832531,"0.39":0.0191832531,"0.395":0.0191832531,"0.4":0.0191832531,"0.405":0.0191832531,"0.41":0.0191832531,"0.415":0.0191832531,"0.42":0.0191832531,"0.425":0.0191832531,"0.43":0.0191832531,"0.435":0.0191832531,"0.44":0.0191832531,"0.445":0.0191832531,"0.45":0.0191832531,"0.455":0.0191832531,"0.46":0.0191832531,"0.465":0.0191832531,"0.47":0.0191832531,"0.475":0.0191832531,"0.48":0.0191832531,"0.485":0.0191832531,"0.49":0.0191832531,"0.495":0.0191832531,"0.5":0.0191832531},"percival2014\/stem":{"0.0":null,"0.005":0.0000439193,"0.01":-0.0913758051,"0.015":-0.1672579843,"0.02":-0.1672579843,"0.025":-0.1672579843,"0.03":-0.1672579843,"0.035":-0.1672579843,"0.04":-0.1545428682,"0.045":-0.1433451317,"0.05":-0.1433451317,"0.055":-0.133579746,"0.06":-0.133579746,"0.065":-0.133579746,"0.07":-0.133579746,"0.075":-0.133579746,"0.08":-0.133579746,"0.085":-0.133579746,"0.09":-0.133579746,"0.095":-0.133579746,"0.1":-0.133579746,"0.105":-0.133579746,"0.11":-0.133579746,"0.115":-0.133579746,"0.12":-0.133579746,"0.125":-0.133579746,"0.13":-0.133579746,"0.135":-0.133579746,"0.14":-0.133579746,"0.145":-0.133579746,"0.15":-0.133579746,"0.155":-0.133579746,"0.16":-0.133579746,"0.165":-0.133579746,"0.17":-0.133579746,"0.175":-0.133579746,"0.18":-0.133579746,"0.185":-0.133579746,"0.19":-0.133579746,"0.195":-0.133579746,"0.2":-0.133579746,"0.205":-0.133579746,"0.21":-0.133579746,"0.215":-0.133579746,"0.22":-0.133579746,"0.225":-0.133579746,"0.23":-0.133579746,"0.235":-0.133579746,"0.24":-0.133579746,"0.245":-0.133579746,"0.25":-0.133579746,"0.255":-0.133579746,"0.26":-0.133579746,"0.265":-0.133579746,"0.27":-0.133579746,"0.275":-0.133579746,"0.28":-0.133579746,"0.285":-0.133579746,"0.29":-0.133579746,"0.295":-0.133579746,"0.3":-0.133579746,"0.305":-0.133579746,"0.31":-0.133579746,"0.315":-0.133579746,"0.32":-0.133579746,"0.325":-0.133579746,"0.33":-0.133579746,"0.335":-0.133579746,"0.34":-0.133579746,"0.345":-0.133579746,"0.35":-0.133579746,"0.355":-0.133579746,"0.36":-0.133579746,"0.365":-0.133579746,"0.37":-0.133579746,"0.375":-0.133579746,"0.38":-0.133579746,"0.385":-0.133579746,"0.39":-0.133579746,"0.395":-0.133579746,"0.4":-0.133579746,"0.405":-0.133579746,"0.41":-0.133579746,"0.415":-0.133579746,"0.42":-0.133579746,"0.425":-0.133579746,"0.43":-0.133579746,"0.435":-0.133579746,"0.44":-0.133579746,"0.445":-0.133579746,"0.45":-0.133579746,"0.455":-0.133579746,"0.46":-0.133579746,"0.465":-0.133579746,"0.47":-0.133579746,"0.475":-0.133579746,"0.48":-0.133579746,"0.485":-0.133579746,"0.49":-0.133579746,"0.495":-0.133579746,"0.5":-0.133579746},"schreiber2014\/default":{"0.0":null,"0.005":0.1423257651,"0.01":0.0382292647,"0.015":-0.0483011303,"0.02":-0.0483011303,"0.025":-0.0483011303,"0.03":-0.0483011303,"0.035":-0.0483011303,"0.04":-0.0448297201,"0.045":-0.0416271207,"0.05":-0.0416271207,"0.055":-0.038655017,"0.06":-0.038655017,"0.065":-0.038655017,"0.07":-0.038655017,"0.075":-0.038655017,"0.08":-0.038655017,"0.085":-0.038655017,"0.09":-0.038655017,"0.095":-0.038655017,"0.1":-0.038655017,"0.105":-0.038655017,"0.11":-0.038655017,"0.115":-0.038655017,"0.12":-0.038655017,"0.125":-0.038655017,"0.13":-0.038655017,"0.135":-0.038655017,"0.14":-0.038655017,"0.145":-0.038655017,"0.15":-0.038655017,"0.155":-0.038655017,"0.16":-0.038655017,"0.165":-0.038655017,"0.17":-0.038655017,"0.175":-0.038655017,"0.18":-0.038655017,"0.185":-0.038655017,"0.19":-0.038655017,"0.195":-0.038655017,"0.2":-0.038655017,"0.205":-0.038655017,"0.21":-0.038655017,"0.215":-0.038655017,"0.22":-0.038655017,"0.225":-0.038655017,"0.23":-0.038655017,"0.235":-0.038655017,"0.24":-0.038655017,"0.245":-0.038655017,"0.25":-0.038655017,"0.255":-0.038655017,"0.26":-0.038655017,"0.265":-0.038655017,"0.27":-0.038655017,"0.275":-0.038655017,"0.28":-0.038655017,"0.285":-0.038655017,"0.29":-0.038655017,"0.295":-0.038655017,"0.3":-0.038655017,"0.305":-0.038655017,"0.31":-0.038655017,"0.315":-0.038655017,"0.32":-0.038655017,"0.325":-0.038655017,"0.33":-0.038655017,"0.335":-0.038655017,"0.34":-0.038655017,"0.345":-0.038655017,"0.35":-0.038655017,"0.355":-0.038655017,"0.36":-0.038655017,"0.365":-0.038655017,"0.37":-0.038655017,"0.375":-0.038655017,"0.38":-0.038655017,