{"boeck2015\/tempodetector2016_default":{"boeck2015\/tempodetector2016_default":1.0,"davies2009\/mirex_qm_tempotracker":0.0000000002,"percival2014\/stem":0.059534226,"schreiber2014\/default":0.1988124213,"schreiber2017\/ismir2017":0.1532555056,"schreiber2017\/mirex2017":0.9221312199},"davies2009\/mirex_qm_tempotracker":{"boeck2015\/tempodetector2016_default":0.0000000002,"davies2009\/mirex_qm_tempotracker":1.0,"percival2014\/stem":0.0000000001,"schreiber2014\/default":0.0,"schreiber2017\/ismir2017":0.0000000014,"schreiber2017\/mirex2017":0.0},"percival2014\/stem":{"boeck2015\/tempodetector2016_default":0.059534226,"davies2009\/mirex_qm_tempotracker":0.0000000001,"percival2014\/stem":1.0,"schreiber2014\/default":0.334799828,"schreiber2017\/ismir2017":0.9391432762,"schreiber2017\/mirex2017":0.0691690278},"schreiber2014\/default":{"boeck2015\/tempodetector2016_default":0.1988124213,"davies2009\/mirex_qm_tempotracker":0.0,"percival2014\/stem":0.334799828,"schreiber2014\/default":1.0,"schreiber2017\/ismir2017":0.572599251,"schreiber2017\/mirex2017":0.2208793635},"schreiber2017\/ismir2017":{"boeck2015\/tempodetector2016_default":0.1532555056,"davies2009\/mirex_qm_tempotracker":0.0000000014,"percival2014\/stem":0.9391432762,"schreiber2014\/default":0.572599251,"schreiber2017\/ismir2017":1.0,"schreiber2017\/mirex2017":0.0012803879},"schreiber2017\/mirex2017":{"boeck2015\/tempodetector2016_default":0.9221312199,"davies2009\/mirex_qm_tempotracker":0.0,"percival2014\/stem":0.0691690278,"schreiber2014\/default":0.2208793635,"schreiber2017\/ismir2017":0.0012803879,"schreiber2017\/mirex2017":1.0}}