Estimator,boeck2015/tempodetector2016_default,davies2009/mirex_qm_tempotracker,percival2014/stem,schreiber2014/default,schreiber2017/ismir2017,schreiber2017/mirex2017
boeck2015/tempodetector2016_default,1.0,0.1934126528619373,0.0011932429624721419,0.003326892852783203,0.011507789735333064,0.011507789735333064
davies2009/mirex_qm_tempotracker,0.1934126528619373,1.0,0.0755186975002289,0.26493089646101,0.18924713134765628,0.18924713134765628
percival2014/stem,0.0011932429624721419,0.0755186975002289,1.0,0.548828125,0.5810546875,0.5810546875
schreiber2014/default,0.003326892852783203,0.26493089646101,0.548828125,1.0,1.0,1.0
schreiber2017/ismir2017,0.011507789735333064,0.18924713134765628,0.5810546875,1.0,1.0,1.0
schreiber2017/mirex2017,0.011507789735333064,0.18924713134765628,0.5810546875,1.0,1.0,1.0
