{"boeck2015\/tempodetector2016_default":{"boeck2015\/tempodetector2016_default":1.0,"davies2009\/mirex_qm_tempotracker":0.0000011432,"percival2014\/stem":0.6950890949,"schreiber2014\/default":0.3215369171,"schreiber2017\/ismir2017":0.3200502271,"schreiber2017\/mirex2017":0.3200502271,"schreiber2018\/cnn":0.2118010847,"schreiber2018\/fcn":0.0771518664,"schreiber2018\/ismir2018":0.3059612363},"davies2009\/mirex_qm_tempotracker":{"boeck2015\/tempodetector2016_default":0.0000011432,"davies2009\/mirex_qm_tempotracker":1.0,"percival2014\/stem":0.0000009199,"schreiber2014\/default":0.7571853738,"schreiber2017\/ismir2017":0.7549713723,"schreiber2017\/mirex2017":0.7549713723,"schreiber2018\/cnn":0.0000303305,"schreiber2018\/fcn":0.000072752,"schreiber2018\/ismir2018":0.0000021501},"percival2014\/stem":{"boeck2015\/tempodetector2016_default":0.6950890949,"davies2009\/mirex_qm_tempotracker":0.0000009199,"percival2014\/stem":1.0,"schreiber2014\/default":0.3225747016,"schreiber2017\/ismir2017":0.3211549146,"schreiber2017\/mirex2017":0.3211549146,"schreiber2018\/cnn":0.1308451884,"schreiber2018\/fcn":0.0680450219,"schreiber2018\/ismir2018":0.1392252713},"schreiber2014\/default":{"boeck2015\/tempodetector2016_default":0.3215369171,"davies2009\/mirex_qm_tempotracker":0.7571853738,"percival2014\/stem":0.3225747016,"schreiber2014\/default":1.0,"schreiber2017\/ismir2017":0.8146288644,"schreiber2017\/mirex2017":0.8146288644,"schreiber2018\/cnn":0.3366489513,"schreiber2018\/fcn":0.3775438518,"schreiber2018\/ismir2018":0.336530452},"schreiber2017\/ismir2017":{"boeck2015\/tempodetector2016_default":0.3200502271,"davies2009\/mirex_qm_tempotracker":0.7549713723,"percival2014\/stem":0.3211549146,"schreiber2014\/default":0.8146288644,"schreiber2017\/ismir2017":1.0,"schreiber2017\/mirex2017":1.0,"schreiber2018\/cnn":0.3351094578,"schreiber2018\/fcn":0.3760360539,"schreiber2018\/ismir2018":0.3350686298},"schreiber2017\/mirex2017":{"boeck2015\/tempodetector2016_default":0.3200502271,"davies2009\/mirex_qm_tempotracker":0.7549713723,"percival2014\/stem":0.3211549146,"schreiber2014\/default":0.8146288644,"schreiber2017\/ismir2017":1.0,"schreiber2017\/mirex2017":1.0,"schreiber2018\/cnn":0.3351094578,"schreiber2018\/fcn":0.3760360539,"schreiber2018\/ismir2018":0.3350686298},"schreiber2018\/cnn":{"boeck2015\/tempodetector2016_default":0.2118010847,"davies2009\/mirex_qm_tempotracker":0.0000303305,"percival2014\/stem":0.1308451884,"schreiber2014\/default":0.3366489513,"schreiber2017\/ismir2017":0.3351094578,"schreiber2017\/mirex2017":0.3351094578,"schreiber2018\/cnn":1.0,"schreiber2018\/fcn":0.71482106,"schreiber2018\/ismir2018":0.3342819434},"schreiber2018\/fcn":{"boeck2015\/tempodetector2016_default":0.0771518664,"davies2009\/mirex_qm_tempotracker":0.000072752,"percival2014\/stem":0.0680450219,"schreiber2014\/default":0.3775438518,"schreiber2017\/ismir2017":0.3760360539,"schreiber2017\/mirex2017":0.3760360539,"schreiber2018\/cnn":0.71482106,"schreiber2018\/fcn":1.0,"schreiber2018\/ismir2018":0.1670784391},"schreiber2018\/ismir2018":{"boeck2015\/tempodetector2016_default":0.3059612363,"davies2009\/mirex_qm_tempotracker":0.0000021501,"percival2014\/stem":0.1392252713,"schreiber2014\/default":0.336530452,"schreiber2017\/ismir2017":0.3350686298,"schreiber2017\/mirex2017":0.3350686298,"schreiber2018\/cnn":0.3342819434,"schreiber2018\/fcn":0.1670784391,"schreiber2018\/ismir2018":1.0}}