{"AOE1_MEAN":{"boeck2015\/tempodetector2016_default":0.4535682981,"schreiber2018\/ismir2018":0.507121327,"schreiber2018\/fcn":0.5370119351,"schreiber2018\/cnn":0.5627780679,"schreiber2014\/default":0.5819536705,"schreiber2017\/mirex2017":0.603820536,"percival2014\/stem":0.7048876297,"schreiber2017\/ismir2017":0.7160704074,"davies2009\/mirex_qm_tempotracker":0.7273660743},"AOE1_STDEV":{"boeck2015\/tempodetector2016_default":0.5515154587,"schreiber2018\/ismir2018":0.4870484064,"schreiber2018\/fcn":0.5402985391,"schreiber2018\/cnn":0.5425111471,"schreiber2014\/default":0.5576032031,"schreiber2017\/mirex2017":0.5629613302,"percival2014\/stem":0.5292610324,"schreiber2017\/ismir2017":0.565285395,"davies2009\/mirex_qm_tempotracker":0.5427543974},"AOE2_MEAN":{"boeck2015\/tempodetector2016_default":0.065105517,"schreiber2018\/ismir2018":0.0991854891,"schreiber2018\/fcn":0.0874132037,"schreiber2018\/cnn":0.1028402606,"schreiber2014\/default":0.1243151165,"schreiber2017\/mirex2017":0.0950136412,"percival2014\/stem":0.0974248642,"schreiber2017\/ismir2017":0.1006955501,"davies2009\/mirex_qm_tempotracker":0.0910858885},"AOE2_STDEV":{"boeck2015\/tempodetector2016_default":0.1034374118,"schreiber2018\/ismir2018":0.1286774794,"schreiber2018\/fcn":0.1169036304,"schreiber2018\/cnn":0.1348057269,"schreiber2014\/default":0.1371473552,"schreiber2017\/mirex2017":0.1254862079,"percival2014\/stem":0.1350068919,"schreiber2017\/ismir2017":0.130357169,"davies2009\/mirex_qm_tempotracker":0.1113827396}}