{"boeck2015\/tempodetector2016_default":{"boeck2015\/tempodetector2016_default":1.0,"davies2009\/mirex_qm_tempotracker":0.000000121,"percival2014\/stem":0.5751773332,"schreiber2014\/default":0.0536405051,"schreiber2017\/ismir2017":0.7582345911,"schreiber2017\/mirex2017":0.7582345911},"davies2009\/mirex_qm_tempotracker":{"boeck2015\/tempodetector2016_default":0.000000121,"davies2009\/mirex_qm_tempotracker":1.0,"percival2014\/stem":0.0000001185,"schreiber2014\/default":0.0000095254,"schreiber2017\/ismir2017":0.0000001135,"schreiber2017\/mirex2017":0.0000001135},"percival2014\/stem":{"boeck2015\/tempodetector2016_default":0.5751773332,"davies2009\/mirex_qm_tempotracker":0.0000001185,"percival2014\/stem":1.0,"schreiber2014\/default":0.0508951582,"schreiber2017\/ismir2017":0.4880395386,"schreiber2017\/mirex2017":0.4880395386},"schreiber2014\/default":{"boeck2015\/tempodetector2016_default":0.0536405051,"davies2009\/mirex_qm_tempotracker":0.0000095254,"percival2014\/stem":0.0508951582,"schreiber2014\/default":1.0,"schreiber2017\/ismir2017":0.0524936924,"schreiber2017\/mirex2017":0.0524936924},"schreiber2017\/ismir2017":{"boeck2015\/tempodetector2016_default":0.7582345911,"davies2009\/mirex_qm_tempotracker":0.0000001135,"percival2014\/stem":0.4880395386,"schreiber2014\/default":0.0524936924,"schreiber2017\/ismir2017":1.0,"schreiber2017\/mirex2017":1.0},"schreiber2017\/mirex2017":{"boeck2015\/tempodetector2016_default":0.7582345911,"davies2009\/mirex_qm_tempotracker":0.0000001135,"percival2014\/stem":0.4880395386,"schreiber2014\/default":0.0524936924,"schreiber2017\/ismir2017":1.0,"schreiber2017\/mirex2017":1.0}}