{"boeck2015\/tempodetector2016_default":{"boeck2015\/tempodetector2016_default":1.0,"davies2009\/mirex_qm_tempotracker":0.0000041174,"percival2014\/stem":0.8358808096,"schreiber2014\/default":0.0000000548,"schreiber2017\/ismir2017":0.1460076943,"schreiber2017\/mirex2017":0.0029249472,"schreiber2018\/cnn":0.1624063433,"schreiber2018\/fcn":0.0087260296,"schreiber2018\/ismir2018":0.543054765},"davies2009\/mirex_qm_tempotracker":{"boeck2015\/tempodetector2016_default":0.0000041174,"davies2009\/mirex_qm_tempotracker":1.0,"percival2014\/stem":0.0000002887,"schreiber2014\/default":1.929486025e-20,"schreiber2017\/ismir2017":0.0000000425,"schreiber2017\/mirex2017":0.0000000001,"schreiber2018\/cnn":0.00000002,"schreiber2018\/fcn":0.0000000001,"schreiber2018\/ismir2018":0.0000005934},"percival2014\/stem":{"boeck2015\/tempodetector2016_default":0.8358808096,"davies2009\/mirex_qm_tempotracker":0.0000002887,"percival2014\/stem":1.0,"schreiber2014\/default":0.0000000712,"schreiber2017\/ismir2017":0.1572259285,"schreiber2017\/mirex2017":0.0042176754,"schreiber2018\/cnn":0.2477142329,"schreiber2018\/fcn":0.0226079285,"schreiber2018\/ismir2018":0.7061078249},"schreiber2014\/default":{"boeck2015\/tempodetector2016_default":0.0000000548,"davies2009\/mirex_qm_tempotracker":1.929486025e-20,"percival2014\/stem":0.0000000712,"schreiber2014\/default":1.0,"schreiber2017\/ismir2017":0.0002439641,"schreiber2017\/mirex2017":0.0126096427,"schreiber2018\/cnn":0.0000014602,"schreiber2018\/fcn":0.0000115512,"schreiber2018\/ismir2018":0.000000152},"schreiber2017\/ismir2017":{"boeck2015\/tempodetector2016_default":0.1460076943,"davies2009\/mirex_qm_tempotracker":0.0000000425,"percival2014\/stem":0.1572259285,"schreiber2014\/default":0.0002439641,"schreiber2017\/ismir2017":1.0,"schreiber2017\/mirex2017":0.070339854,"schreiber2018\/cnn":0.7044579732,"schreiber2018\/fcn":0.6271151186,"schreiber2018\/ismir2018":0.2640842085},"schreiber2017\/mirex2017":{"boeck2015\/tempodetector2016_default":0.0029249472,"davies2009\/mirex_qm_tempotracker":0.0000000001,"percival2014\/stem":0.0042176754,"schreiber2014\/default":0.0126096427,"schreiber2017\/ismir2017":0.070339854,"schreiber2017\/mirex2017":1.0,"schreiber2018\/cnn":0.0643121825,"schreiber2018\/fcn":0.3286053234,"schreiber2018\/ismir2018":0.0086527274},"schreiber2018\/cnn":{"boeck2015\/tempodetector2016_default":0.1624063433,"davies2009\/mirex_qm_tempotracker":0.00000002,"percival2014\/stem":0.2477142329,"schreiber2014\/default":0.0000014602,"schreiber2017\/ismir2017":0.7044579732,"schreiber2017\/mirex2017":0.0643121825,"schreiber2018\/cnn":1.0,"schreiber2018\/fcn":0.2193439783,"schreiber2018\/ismir2018":0.2408065314},"schreiber2018\/fcn":{"boeck2015\/tempodetector2016_default":0.0087260296,"davies2009\/mirex_qm_tempotracker":0.0000000001,"percival2014\/stem":0.0226079285,"schreiber2014\/default":0.0000115512,"schreiber2017\/ismir2017":0.6271151186,"schreiber2017\/mirex2017":0.3286053234,"schreiber2018\/cnn":0.2193439783,"schreiber2018\/fcn":1.0,"schreiber2018\/ismir2018":0.036777569},"schreiber2018\/ismir2018":{"boeck2015\/tempodetector2016_default":0.543054765,"davies2009\/mirex_qm_tempotracker":0.0000005934,"percival2014\/stem":0.7061078249,"schreiber2014\/default":0.000000152,"schreiber2017\/ismir2017":0.2640842085,"schreiber2017\/mirex2017":0.0086527274,"schreiber2018\/cnn":0.2408065314,"schreiber2018\/fcn":0.036777569,"schreiber2018\/ismir2018":1.0}}