Estimator,boeck2015/tempodetector2016_default,davies2009/mirex_qm_tempotracker,percival2014/stem,schreiber2014/default,schreiber2017/ismir2017,schreiber2017/mirex2017
boeck2015/tempodetector2016_default,1.0,0.0007553546841796283,0.6233745269396519,0.619873482593359,0.5831245291702964,0.4578594291065018
davies2009/mirex_qm_tempotracker,0.0007553546841796283,1.0,0.00019390856663056944,0.005059027585263836,0.015193321484035373,0.03236818543382548
percival2014/stem,0.6233745269396519,0.00019390856663056944,1.0,0.24507913217407623,0.3663840305894285,0.27650530214268
schreiber2014/default,0.619873482593359,0.005059027585263836,0.24507913217407623,1.0,0.8184239611376017,0.6294418292624941
schreiber2017/ismir2017,0.5831245291702964,0.015193321484035373,0.3663840305894285,0.8184239611376017,1.0,0.5870458840207302
schreiber2017/mirex2017,0.4578594291065018,0.03236818543382548,0.27650530214268,0.6294418292624941,0.5870458840207302,1.0
