{"OE1_MEAN":{"schreiber2014\/default":-0.0000915468,"schreiber2017\/mirex2017":-0.0665488122,"schreiber2017\/ismir2017":0.0314904026,"davies2009\/mirex_qm_tempotracker":0.3451808542,"percival2014\/stem":0.0357921514,"boeck2015\/tempodetector2016_default":-0.0603987869},"OE1_STDEV":{"schreiber2014\/default":0.4739847893,"schreiber2017\/mirex2017":0.4992879656,"schreiber2017\/ismir2017":0.5132474131,"davies2009\/mirex_qm_tempotracker":0.5231339413,"percival2014\/stem":0.5327998589,"boeck2015\/tempodetector2016_default":0.5891393977},"OE2_MEAN":{"schreiber2014\/default":0.0039774483,"schreiber2017\/mirex2017":0.0078135653,"schreiber2017\/ismir2017":-0.0036562885,"davies2009\/mirex_qm_tempotracker":0.0477313443,"percival2014\/stem":0.0104493818,"boeck2015\/tempodetector2016_default":0.004159669},"OE2_STDEV":{"schreiber2014\/default":0.1272654055,"schreiber2017\/mirex2017":0.1159538777,"schreiber2017\/ismir2017":0.10308363,"davies2009\/mirex_qm_tempotracker":0.1316803752,"percival2014\/stem":0.1079752322,"boeck2015\/tempodetector2016_default":0.0864435271}}