Reference,Size,Min,Max,Avg,Stdev,Sweet Oct. Start,Sweet Oct. Coverage
0.1,100,62.0,200.0,110.81,27.664547198845884,70.0,0.88
1.0,100,62.01550387596892,199.99999999999952,111.67931473487498,27.509226301508917,69.0,0.87
