{"boeck2015\/tempodetector2016_default":{"boeck2015\/tempodetector2016_default":1.0,"davies2009\/mirex_qm_tempotracker":0.0429015894,"percival2014\/stem":0.0076666727,"schreiber2014\/default":0.0006367642,"schreiber2017\/ismir2017":0.0212064823,"schreiber2017\/mirex2017":0.0365171219,"schreiber2018\/cnn":0.0009657729,"schreiber2018\/fcn":0.0668429847,"schreiber2018\/ismir2018":0.0196961806},"davies2009\/mirex_qm_tempotracker":{"boeck2015\/tempodetector2016_default":0.0429015894,"davies2009\/mirex_qm_tempotracker":1.0,"percival2014\/stem":0.6215228889,"schreiber2014\/default":0.0568657148,"schreiber2017\/ismir2017":0.5623502892,"schreiber2017\/mirex2017":0.8021536241,"schreiber2018\/cnn":0.3616693197,"schreiber2018\/fcn":0.8011652352,"schreiber2018\/ismir2018":0.4941987384},"percival2014\/stem":{"boeck2015\/tempodetector2016_default":0.0076666727,"davies2009\/mirex_qm_tempotracker":0.6215228889,"percival2014\/stem":1.0,"schreiber2014\/default":0.1129634065,"schreiber2017\/ismir2017":0.820141153,"schreiber2017\/mirex2017":0.8531558593,"schreiber2018\/cnn":0.5564885344,"schreiber2018\/fcn":0.4434339722,"schreiber2018\/ismir2018":0.880547603},"schreiber2014\/default":{"boeck2015\/tempodetector2016_default":0.0006367642,"davies2009\/mirex_qm_tempotracker":0.0568657148,"percival2014\/stem":0.1129634065,"schreiber2014\/default":1.0,"schreiber2017\/ismir2017":0.188743122,"schreiber2017\/mirex2017":0.0808543755,"schreiber2018\/cnn":0.2180577208,"schreiber2018\/fcn":0.0417026044,"schreiber2018\/ismir2018":0.1734741239},"schreiber2017\/ismir2017":{"boeck2015\/tempodetector2016_default":0.0212064823,"davies2009\/mirex_qm_tempotracker":0.5623502892,"percival2014\/stem":0.820141153,"schreiber2014\/default":0.188743122,"schreiber2017\/ismir2017":1.0,"schreiber2017\/mirex2017":0.3213263794,"schreiber2018\/cnn":0.8764630039,"schreiber2018\/fcn":0.357555541,"schreiber2018\/ismir2018":0.9220561239},"schreiber2017\/mirex2017":{"boeck2015\/tempodetector2016_default":0.0365171219,"davies2009\/mirex_qm_tempotracker":0.8021536241,"percival2014\/stem":0.8531558593,"schreiber2014\/default":0.0808543755,"schreiber2017\/ismir2017":0.3213263794,"schreiber2017\/mirex2017":1.0,"schreiber2018\/cnn":0.529413,"schreiber2018\/fcn":0.5649748403,"schreiber2018\/ismir2018":0.7697104931},"schreiber2018\/cnn":{"boeck2015\/tempodetector2016_default":0.0009657729,"davies2009\/mirex_qm_tempotracker":0.3616693197,"percival2014\/stem":0.5564885344,"schreiber2014\/default":0.2180577208,"schreiber2017\/ismir2017":0.8764630039,"schreiber2017\/mirex2017":0.529413,"schreiber2018\/cnn":1.0,"schreiber2018\/fcn":0.1147363837,"schreiber2018\/ismir2018":0.6739220046},"schreiber2018\/fcn":{"boeck2015\/tempodetector2016_default":0.0668429847,"davies2009\/mirex_qm_tempotracker":0.8011652352,"percival2014\/stem":0.4434339722,"schreiber2014\/default":0.0417026044,"schreiber2017\/ismir2017":0.357555541,"schreiber2017\/mirex2017":0.5649748403,"schreiber2018\/cnn":0.1147363837,"schreiber2018\/fcn":1.0,"schreiber2018\/ismir2018":0.3795950087},"schreiber2018\/ismir2018":{"boeck2015\/tempodetector2016_default":0.0196961806,"davies2009\/mirex_qm_tempotracker":0.4941987384,"percival2014\/stem":0.880547603,"schreiber2014\/default":0.1734741239,"schreiber2017\/ismir2017":0.9220561239,"schreiber2017\/mirex2017":0.7697104931,"schreiber2018\/cnn":0.6739220046,"schreiber2018\/fcn":0.3795950087,"schreiber2018\/ismir2018":1.0}}