Item,cvar,1.0,davies2009/mirex_qm_tempotracker,percival2014/stem,schreiber2017/mirex2017,schreiber2017/ismir2017,boeck2015/tempodetector2016_default,schreiber2014/default
RM-G058_A.jams,0.05616320297505666,121.2121212121214,132.512,130.835,130.98138,130.98138,130.43,65.234406
RM-G058_C.jams,0.08384666276059234,65.2173913043477,123.047,122.319,121.08484,121.08484,122.45,122.30713
RM-G079.jams,0.431306700803655,85.30805687203794,114.844,137.812,64.6627,64.6627,65.22,108.62544
RM-G089.jams,0.27401879998702383,67.41573033707861,151.999,77.4228,73.888954,147.77791,70.59,78.46266
RM-G095.jams,0.29850433776736396,55.29953917050687,151.999,85.421,76.25467,152.50934,45.11,66.63412
RM-G097.jams,0.16707453879119508,32.67530445420675,120.185,70.5525,42.267323,84.534645,74.07,58.176712
RM-G098.jams,0.19029246212637668,38.834951456310634,95.7031,83.3543,40.53247,40.53247,86.96,127.27511
