Item,Reference,Estimate
RM-P035.jams,170.0,85.04721
RM-P037.jams,184.0,92.06549
RM-P041.jams,200.0,99.99061
RM-P046.jams,168.0,83.98264
RM-P056.jams,74.0,148.88191
RM-P057.jams,70.0,140.01051
RM-P062.jams,81.0,161.97217
RM-P072.jams,76.0,82.72093
RM-P073.jams,144.0,74.204384
RM-P075.jams,108.0,53.997295
RM-P077.jams,120.0,60.010136
RM-P083.jams,140.0,70.00526
RM-P095.jams,161.0,82.01122
