{"davies2009\/mirex_qm_tempotracker":{"RM-C001.jams":0.054727987,"RM-C002.jams":0.0502278177,"RM-C003.jams":0.4169006184,"RM-C004.jams":0.0070221537,"RM-C005.jams":0.0551613453,"RM-C006.jams":-0.2636222074,"RM-C007.jams":0.0409727145,"RM-C008.jams":0.0070304075,"RM-C009.jams":0.2674167421,"RM-C010.jams":0.0461268772,"RM-C011.jams":0.072210668,"RM-C012.jams":0.0227943734,"RM-C013.jams":0.0306138778,"RM-C014.jams":0.0433666713,"RM-C015.jams":0.1609017278,"RM-C016.jams":0.0269954738,"RM-C017.jams":0.0920522485,"RM-C018.jams":0.265256848,"RM-C019.jams":0.0143707078,"RM-C020.jams":0.0116031372,"RM-C021.jams":0.1717881206,"RM-C022.jams":0.0172931597,"RM-C023_A.jams":0.0285585441,"RM-C023_B.jams":0.0342518762,"RM-C023_C.jams":0.0216755085,"RM-C023_D.jams":0.0129013906,"RM-C023_E.jams":0.0170458133,"RM-C024_A.jams":0.0129013906,"RM-C024_B.jams":0.0245831956,"RM-C024_C.jams":0.0310767189,"RM-C025_A.jams":0.0100541919,"RM-C025_B.jams":0.0262206228,"RM-C025_C.jams":0.0344129453,"RM-C025_D.jams":0.0346700879,"RM-C026.jams":0.4017286011,"RM-C027.jams":0.0376131441,"RM-C028.jams":0.106564406,"RM-C029.jams":-0.2536560818,"RM-C030.jams":0.2019822962,"RM-C031.jams":0.0440234983,"RM-C032.jams":-0.3629192023,"RM-C033.jams":-0.0454403624,"RM-C034.jams":0.0741395784,"RM-C035_A.jams":0.0654851131,"RM-C035_B.jams":0.0596964889,"RM-C035_C.jams":0.0487669288,"RM-C036.jams":0.0750291118,"RM-C037.jams":0.0168097533,"RM-C038.jams":-0.4892721492,"RM-C039.jams":0.0711565575,"RM-C040.jams":0.1244824058,"RM-C041.jams":0.1982625652,"RM-C042.jams":0.0402872784,"RM-C043.jams":-0.0111272401,"RM-C044.jams":0.0028184353,"RM-C045.jams":0.035498597,"RM-C046.jams":0.0325654996,"RM-C047.jams":0.0291397133,"RM-C048.jams":-0.1735457464,"RM-C049.jams":-0.0160532057,"RM-C050.jams":0.1113670673},"percival2014\/stem":{"RM-C001.jams":0.002635079,"RM-C002.jams":0.0123546072,"RM-C003.jams":-0.0026365284,"RM-C004.jams":-0.1367110347,"RM-C005.jams":0.0107686217,"RM-C006.jams":-0.4307305183,"RM-C007.jams":0.0014469465,"RM-C008.jams":-0.4179948793,"RM-C009.jams":-0.3540716346,"RM-C010.jams":0.0050991204,"RM-C011.jams":0.0201225058,"RM-C012.jams":0.0044198919,"RM-C013.jams":0.0122393964,"RM-C014.jams":0.0052337059,"RM-C015.jams":0.1500141654,"RM-C016.jams":0.0095039992,"RM-C017.jams":0.0148149026,"RM-C018.jams":-0.3528678826,"RM-C019.jams":0.0229860714,"RM-C020.jams":0.0277180569,"RM-C021.jams":0.1361664441,"RM-C022.jams":0.026343045,"RM-C023_A.jams":0.0050298342,"RM-C023_B.jams":0.0045013922,"RM-C023_C.jams":0.0045973889,"RM-C023_D.jams":0.0077606975,"RM-C023_E.jams":-0.0004456612,"RM-C024_A.jams":-0.0075601158,"RM-C024_B.jams":0.0143168841,"RM-C024_C.jams":0.0100106857,"RM-C025_A.jams":-0.0005104437,"RM-C025_B.jams":0.0187241321,"RM-C025_C.jams":-0.0003531428,"RM-C025_D.jams":0.0098356178,"RM-C026.jams":0.4513132122,"RM-C027.jams":0.0557667719,"RM-C028.jams":-0.3714851101,"RM-C029.jams":-0.2639223934,"RM-C030.jams":0.1927640453,"RM-C031.jams":0.0358444024,"RM-C032.jams":-0.3926696863,"RM-C033.jams":0.0841943737,"RM-C034.jams":0.0741410859,"RM-C035_A.jams":0.0466284587,"RM-C035_B.jams":0.0547645633,"RM-C035_C.jams":0.0291376475,"RM-C036.jams":0.0556568079,"RM-C037.jams":-0.0171428827,"RM-C038.jams":0.3488384236,"RM-C039.jams":0.0280881147,"RM-C040.jams":0.1335322911,"RM-C041.jams":0.1648400243,"RM-C042.jams":0.0402872784,"RM-C043.jams":0.1308936491,"RM-C044.jams":-0.0118374134,"RM-C045.jams":0.0146831475,"RM-C046.jams":0.0126609172,"RM-C047.jams":0.0487648909,"RM-C048.jams":-0.3837625326,"RM-C049.jams":0.0349321886,"RM-C050.jams":0.2238393678},"schreiber2017\/mirex2017":{"RM-C001.jams":-0.961102293,"RM-C002.jams":0.0342205865,"RM-C003.jams":-0.3861874261,"RM-C004.jams":0.3936955199,"RM-C005.jams":0.0249998623,"RM-C006.jams":0.1324659169,"RM-C007.jams":-0.0044656688,"RM-C008.jams":-0.4227018839,"RM-C009.jams":-0.4137579049,"RM-C010.jams":0.0492056694,"RM-C011.jams":0.3345999837,"RM-C012.jams":0.0233007607,"RM-C013.jams":0.0259617416,"RM-C014.jams":-0.000799424,"RM-C015.jams":0.0270707697,"RM-C016.jams":0.0061417627,"RM-C017.jams":0.01087422,"RM-C018.jams":0.0149555768,"RM-C019.jams":0.0296534668,"RM-C020.jams":-0.0187886357,"RM-C021.jams":0.1393771368,"RM-C022.jams":0.0182638681,"RM-C023_A.jams":0.0154245265,"RM-C023_B.jams":0.0155483264,"RM-C023_C.jams":0.0092490184,"RM-C023_D.jams":-0.0197910704,"RM-C023_E.jams":-0.0024351477,"RM-C024_A.jams":-0.0209739149,"RM-C024_B.jams":0.0157308506,"RM-C024_C.jams":0.0332944457,"RM-C025_A.jams":0.0077858448,"RM-C025_B.jams":0.0337737392,"RM-C025_C.jams":0.0181304603,"RM-C025_D.jams":-0.0128192781,"RM-C026.jams":0.0109922254,"RM-C027.jams":-0.0165748199,"RM-C028.jams":0.0800809476,"RM-C029.jams":0.2663357341,"RM-C030.jams":0.1181069285,"RM-C031.jams":0.4463340316,"RM-C032.jams":-0.4112278476,"RM-C033.jams":0.0656954972,"RM-C034.jams":0.0769564759,"RM-C035_A.jams":0.0964127493,"RM-C035_B.jams":0.0760693394,"RM-C035_C.jams":0.0515707635,"RM-C036.jams":-0.0590944187,"RM-C037.jams":-1.0115584226,"RM-C038.jams":-0.3419853385,"RM-C039.jams":0.1496627499,"RM-C040.jams":0.2436692257,"RM-C041.jams":0.1444379916,"RM-C042.jams":0.0166299573,"RM-C043.jams":0.1031869946,"RM-C044.jams":0.0050037545,"RM-C045.jams":-0.0019856358,"RM-C046.jams":0.0138619498,"RM-C047.jams":-0.0334881982,"RM-C048.jams":-0.2771179972,"RM-C049.jams":0.0265436141,"RM-C050.jams":0.2826970869},"schreiber2017\/ismir2017":{"RM-C001.jams":-0.961102293,"RM-C002.jams":0.0342205865,"RM-C003.jams":-0.3861874261,"RM-C004.jams":-0.191267093,"RM-C005.jams":0.0249998623,"RM-C006.jams":0.1324659169,"RM-C007.jams":-0.0044656688,"RM-C008.jams":-0.4227018839,"RM-C009.jams":-0.4137579049,"RM-C010.jams":0.0492056694,"RM-C011.jams":0.3345999837,"RM-C012.jams":0.0233007607,"RM-C013.jams":0.0259617416,"RM-C014.jams":-0.000799424,"RM-C015.jams":0.0270707697,"RM-C016.jams":0.0061417627,"RM-C017.jams":0.01087422,"RM-C018.jams":0.0149555768,"RM-C019.jams":0.0296534668,"RM-C020.jams":-0.0187886357,"RM-C021.jams":0.1393771368,"RM-C022.jams":0.0182638681,"RM-C023_A.jams":0.0154245265,"RM-C023_B.jams":0.0155483264,"RM-C023_C.jams":0.0092490184,"RM-C023_D.jams":-0.0197910704,"RM-C023_E.jams":-0.0024351477,"RM-C024_A.jams":-0.0209739149,"RM-C024_B.jams":0.0157308506,"RM-C024_C.jams":0.0332944457,"RM-C025_A.jams":0.0077858448,"RM-C025_B.jams":0.0337737392,"RM-C025_C.jams":0.0181304603,"RM-C025_D.jams":-0.0128192781,"RM-C026.jams":0.0109922254,"RM-C027.jams":-0.0165748199,"RM-C028.jams":0.0800809476,"RM-C029.jams":0.2663357341,"RM-C030.jams":0.1181069285,"RM-C031.jams":0.4463340316,"RM-C032.jams":-0.4112278476,"RM-C033.jams":0.0656954972,"RM-C034.jams":0.0769564759,"RM-C035_A.jams":0.0964127493,"RM-C035_B.jams":0.0760693595,"RM-C035_C.jams":0.0515707635,"RM-C036.jams":-0.0590944187,"RM-C037.jams":-1.0115584226,"RM-C038.jams":-0.3419853385,"RM-C039.jams":0.1496627499,"RM-C040.jams":0.2436692257,"RM-C041.jams":0.1444379916,"RM-C042.jams":0.0166299573,"RM-C043.jams":0.1031869946,"RM-C044.jams":0.0050037545,"RM-C045.jams":-0.0019856358,"RM-C046.jams":0.0138619498,"RM-C047.jams":-0.0334881982,"RM-C048.jams":-0.2771179972,"RM-C049.jams":0.0265436141,"RM-C050.jams":0.2826970869},"boeck2015\/tempodetector2016_default":{"RM-C001.jams":0.0117675498,"RM-C002.jams":0.012785568,"RM-C003.jams":-0.0000625181,"RM-C004.jams":-0.0968358237,"RM-C005.jams":0.0074945365,"RM-C006.jams":0.1699370239,"RM-C007.jams":0.0112272554,"RM-C008.jams":-0.4150086457,"RM-C009.jams":-0.0263397478,"RM-C010.jams":0.0550413636,"RM-C011.jams":0.1082144183,"RM-C012.jams":0.0156783469,"RM-C013.jams":0.0077666047,"RM-C014.jams":0.021709498,"RM-C015.jams":0.191843358,"RM-C016.jams":-0.0147849795,"RM-C017.jams":-0.0029800015,"RM-C018.jams":0.036561943,"RM-C019.jams":0.0073539977,"RM-C020.jams":0.0183208204,"RM-C021.jams":0.0652276228,"RM-C022.jams":0.0309739958,"RM-C023_A.jams":0.0000721329,"RM-C023_B.jams":0.0101840223,"RM-C023_C.jams":-0.0144995697,"RM-C023_D.jams":0.0356239097,"RM-C023_E.jams":0.0050006811,"RM-C024_A.jams":-0.000014427,"RM-C024_B.jams":0.011667378,