{"boeck2015\/tempodetector2016_default":{"0.0":null,"0.005":0.0015557254,"0.01":0.0002552829,"0.015":0.0006394414,"0.02":0.0005589917,"0.025":0.0005501766,"0.03":0.0004546501,"0.035":0.0008639135,"0.04":0.001021327,"0.045":0.0007672814,"0.05":0.0007827237,"0.055":-0.0050389124,"0.06":-0.0034786212,"0.065":-0.0034330928,"0.07":-0.0034330928,"0.075":-0.0036392849,"0.08":0.0021581307,"0.085":0.0009465203,"0.09":0.0011949597,"0.095":0.0011796815,"0.1":0.0021123304,"0.105":0.0021123304,"0.11":0.002750551,"0.115":0.002750551,"0.12":0.002750551,"0.125":0.002750551,"0.13":0.002750551,"0.135":0.002750551,"0.14":0.002750551,"0.145":0.002750551,"0.15":0.002750551,"0.155":0.00302713,"0.16":0.0023362814,"0.165":0.0021615883,"0.17":0.0042136236,"0.175":0.0037907007,"0.18":0.0037907007,"0.185":0.0037907007,"0.19":0.0037907007,"0.195":0.0055795274,"0.2":0.0055795274,"0.205":0.0061008246,"0.21":0.0061008246,"0.215":0.0061008246,"0.22":0.0059476426,"0.225":0.0061513215,"0.23":0.0061513215,"0.235":0.0061513215,"0.24":0.0065093612,"0.245":0.0065093612,"0.25":0.0065093612,"0.255":0.0065093612,"0.26":0.0067297386,"0.265":0.0100669444,"0.27":0.0100669444,"0.275":0.0107982431,"0.28":0.0107982431,"0.285":0.0106886356,"0.29":0.0106886356,"0.295":0.0106886356,"0.3":0.0076435475,"0.305":0.0076435475,"0.31":0.0080361762,"0.315":0.0080361762,"0.32":0.0080361762,"0.325":0.0080361762,"0.33":0.0080361762,"0.335":0.0080361762,"0.34":0.0080361762,"0.345":0.0080361762,"0.35":0.0080361762,"0.355":0.0080361762,"0.36":0.0080361762,"0.365":0.0080361762,"0.37":0.0080361762,"0.375":0.0080361762,"0.38":0.0080361762,"0.385":0.0080361762,"0.39":0.0080361762,"0.395":0.0080361762,"0.4":0.0080361762,"0.405":0.0080361762,"0.41":0.0080361762,"0.415":0.0080361762,"0.42":0.0080361762,"0.425":0.0080361762,"0.43":0.0080361762,"0.435":0.004159669,"0.44":0.004159669,"0.445":0.004159669,"0.45":0.004159669,"0.455":0.004159669,"0.46":0.004159669,"0.465":0.004159669,"0.47":0.004159669,"0.475":0.004159669,"0.48":0.004159669,"0.485":0.004159669,"0.49":0.004159669,"0.495":0.004159669,"0.5":0.004159669},"davies2009\/mirex_qm_tempotracker":{"0.0":null,"0.005":0.0218828303,"0.01":0.02469857,"0.015":0.0246167509,"0.02":0.0249039938,"0.025":0.02513225,"0.03":0.0186414267,"0.035":0.0188253777,"0.04":0.0191594451,"0.045":0.0193605965,"0.05":0.0198430259,"0.055":0.0201777932,"0.06":0.0217047121,"0.065":0.0304570002,"0.07":0.0304570002,"0.075":0.031408574,"0.08":0.0377632826,"0.085":0.0361803938,"0.09":0.0357420743,"0.095":0.0358267406,"0.1":0.0367316641,"0.105":0.0367316641,"0.11":0.044987529,"0.115":0.044987529,"0.12":0.044987529,"0.125":0.044987529,"0.13":0.044987529,"0.135":0.044987529,"0.14":0.044987529,"0.145":0.044987529,"0.15":0.044987529,"0.155":0.0448972462,"0.16":0.0433730433,"0.165":0.0454382839,"0.17":0.0482955653,"0.175":0.0520732755,"0.18":0.0520732755,"0.185":0.0520732755,"0.19":0.0520732755,"0.195":0.0482999521,"0.2":0.0482999521,"0.205":0.0478413644,"0.21":0.0478413644,"0.215":0.0478413644,"0.22":0.0471647395,"0.225":0.0500186627,"0.23":0.0500186627,"0.235":0.0500186627,"0.24":0.0446346641,"0.245":0.0446346641,"0.25":0.0446346641,"0.255":0.0446346641,"0.26":0.0445637997,"0.265":0.0464303948,"0.27":0.0464303948,"0.275":0.0478757168,"0.28":0.0478757168,"0.285":0.0476223699,"0.29":0.0476223699,"0.295":0.0476223699,"0.3":0.0458837459,"0.305":0.0458837459,"0.31":0.0439571836,"0.315":0.0439571836,"0.32":0.0439571836,"0.325":0.0439571836,"0.33":0.0439571836,"0.335":0.0439571836,"0.34":0.0439571836,"0.345":0.0439571836,"0.35":0.0439571836,"0.355":0.0439571836,"0.36":0.0439571836,"0.365":0.0439571836,"0.37":0.0439571836,"0.375":0.0439571836,"0.38":0.0439571836,"0.385":0.0439571836,"0.39":0.0439571836,"0.395":0.0439571836,"0.4":0.0439571836,"0.405":0.0439571836,"0.41":0.0439571836,"0.415":0.0439571836,"0.42":0.0439571836,"0.425":0.0439571836,"0.43":0.0439571836,"0.435":0.0477313443,"0.44":0.0477313443,"0.445":0.0477313443,"0.45":0.0477313443,"0.455":0.0477313443,"0.46":0.0477313443,"0.465":0.0477313443,"0.47":0.0477313443,"0.475":0.0477313443,"0.48":0.0477313443,"0.485":0.0477313443,"0.49":0.0477313443,"0.495":0.0477313443,"0.5":0.0477313443},"percival2014\/stem":{"0.0":null,"0.005":0.0004780266,"0.01":0.0002677005,"0.015":0.0005216643,"0.02":0.0004754288,"0.025":0.000132537,"0.03":0.0003372105,"0.035":0.0004342232,"0.04":0.0004575143,"0.045":0.0005302133,"0.05":0.0003381622,"0.055":0.0003889003,"0.06":0.0019357405,"0.065":0.0016020827,"0.07":0.0016020827,"0.075":0.0018651785,"0.08":0.008255968,"0.085":0.0069451097,"0.09":0.0069946839,"0.095":0.0070505559,"0.1":0.0075248613,"0.105":0.0075248613,"0.11":0.0076465869,"0.115":0.0076465869,"0.12":0.0076465869,"0.125":0.0076465869,"0.13":0.0076465869,"0.135":0.0076465869,"0.14":0.0076465869,"0.145":0.0076465869,"0.15":0.0076465869,"0.155":0.0030370654,"0.16":0.0024500527,"0.165":0.0025772384,"0.17":0.00381769,"0.175":0.0092864903,"0.18":0.0092864903,"0.185":0.0092864903,"0.19":0.0092864903,"0.195":0.0103271024,"0.2":0.0103271024,"0.205":0.0110600228,"0.21":0.0110600228,"0.215":0.0110600228,"0.22":0.0111635877,"0.225":0.0081785549,"0.23":0.0081785549,"0.235":0.0081785549,"0.24":0.0092597584,"0.245":0.0092597584,"0.25":0.0092597584,"0.255":0.0092597584,"0.26":0.009159553,"0.265":0.0148163246,"0.27":0.0148163246,"0.275":0.0166633876,"0.28":0.0166633876,"0.285":0.016447759,"0.29":0.016447759,"0.295":0.016447759,"0.3":0.0125565147,"0.305":0.0125565147,"0.31":0.0136028647,"0.315":0.0136028647,"0.32":0.0136028647,"0.325":0.0136028647,"0.33":0.0136028647,"0.335":0.0136028647,"0.34":0.0136028647,"0.345":0.0136028647,"0.35":0.0136028647,"0.355":0.0136028647,"0.36":0.0136028647,"0.365":0.0136028647,"0.37":0.0136028647,"0.375":0.0136028647,"0.38":0.0136028647,"0.385":0.0136028647,"0.39":0.0136028647,"0.395":0.0136028647,"0.4":0.0136028647,"0.405":0.0136028647,"0.41":0.0136028647,"0.415":0.0136028647,"0.42":0.0136028647,"0.425":0.0136028647,"0.43":0.0136028647,"0.435":0.0104493818,"0.44":0.0104493818,"0.445":0.0104493818,"0.45":0.0104493818,"0.455":0.0104493818,"0.46":0.0104493818,"0.465":0.0104493818,"0.47":0.0104493818,"0.475":0.0104493818,"0.48":0.0104493818,"0.485":0.0104493818,"0.49":0.0104493818,"0.495":0.0104493818,"0.5":0.0104493818},"schreiber2014\/default":{"0.0":null,"0.005":0.000767328,"0.01":-0.0160295708,"0.015":-0.0125056429,"0.02":-0.0109756471,"0.025":-0.010790603,"0.03":-0.0016570768,"0.035":-0.0006299301,"0.04":-0.0010493829,"0.045":-0.0014158039,"0.05":-0.0040388903,"0.055":-0.0098465875,"0.06":-0.008212537,"0.065":-0.0052928158,"0.07":-0.0052928158,"0.075":-0.0051675001,"0.08":-0.0053165866,"0.085":-0.0064529962,"0.09":-0.0063845678,"0.095":-0.006243163,"0.1":-0.0054270996,"0.105":-0.0054270996,"0.11":-0.0041106849,"0.115":-0.0041106849,"0.12":-0.0041106849,"0.125":-0.0041106849,"0.13":-0.0041106849,"0.135":-0.0041106849,"0.14":-0.0041106849,"0.145":-0.0041106849,"0.15":-0.0041106849,"0.155":-0.0034923352,"0.16":-0.0052143652,"0.165":-0.0054623197,"0.17":-0.0073277979,"0.175":-0.0074498869,"0.18":-0.0074498869,"0.185":-0.0074498869,"0.19":-0.0074498869,"0.195":-0.0059329192,"0.2":-0.0059329192,"0.205":-0.0064929392,"0.21":-0.0064929392,"0.215":-0.0064929392,"0.22":-0.0040579904,"0.225":-0.0044655271,"0.23":-0.0044655271,"0.235":-0.0044655271,"0.24":0.0001136841,"0.245":0.0001136841,"0.25":0.0001136841,"0.255":0.0001136841,"0.26":0.0025719763,"0.265":-0.0008242485,"0.27":-0.0008242485,"0.275":0.0019091608,"0.28":0.0019091608,"0.285":-0.0026899066,"0.29":-0.0026899066,"0.295":-0.0026899066,"0.3":0.0000269289,"0.305":0.0000269289,"0.31":0.0005652635,"0.315":0.0005652635,"0.32":0.0005652635,"0.325":0.0005652635,"0.33":0.0005652635,"0.335":0.0005652635,"0.34":0.0005652635,"0.345":0.0005652635,"0.35":0.0005652635,"0.355":0.0005652635,"0.36":0.0005652635,"0.365":0.0005652635,"0.37":0.0005652635,"0.375":0.0005652635,"0.38":0.0005652635,"0.385":0.0005652635,"0.39":0.0005652635,"0.395":0.0005652635,"0.4":0.0005652635,"0.405":0.0005652635,"0.41":0.0005652635,