{"boeck2015\/tempodetector2016_default":{"boeck2015\/tempodetector2016_default":1.0,"davies2009\/mirex_qm_tempotracker":0.3265878878,"percival2014\/stem":0.2351426193,"schreiber2014\/default":0.1380804259,"schreiber2017\/ismir2017":0.1352927176,"schreiber2017\/mirex2017":0.2707099997},"davies2009\/mirex_qm_tempotracker":{"boeck2015\/tempodetector2016_default":0.3265878878,"davies2009\/mirex_qm_tempotracker":1.0,"percival2014\/stem":0.0739304711,"schreiber2014\/default":0.070423147,"schreiber2017\/ismir2017":0.0857671688,"schreiber2017\/mirex2017":0.1559033649},"percival2014\/stem":{"boeck2015\/tempodetector2016_default":0.2351426193,"davies2009\/mirex_qm_tempotracker":0.0739304711,"percival2014\/stem":1.0,"schreiber2014\/default":0.6663525391,"schreiber2017\/ismir2017":0.6346449341,"schreiber2017\/mirex2017":0.8559295755},"schreiber2014\/default":{"boeck2015\/tempodetector2016_default":0.1380804259,"davies2009\/mirex_qm_tempotracker":0.070423147,"percival2014\/stem":0.6663525391,"schreiber2014\/default":1.0,"schreiber2017\/ismir2017":0.9338947141,"schreiber2017\/mirex2017":0.8398472158},"schreiber2017\/ismir2017":{"boeck2015\/tempodetector2016_default":0.1352927176,"davies2009\/mirex_qm_tempotracker":0.0857671688,"percival2014\/stem":0.6346449341,"schreiber2014\/default":0.9338947141,"schreiber2017\/ismir2017":1.0,"schreiber2017\/mirex2017":0.3213265201},"schreiber2017\/mirex2017":{"boeck2015\/tempodetector2016_default":0.2707099997,"davies2009\/mirex_qm_tempotracker":0.1559033649,"percival2014\/stem":0.8559295755,"schreiber2014\/default":0.8398472158,"schreiber2017\/ismir2017":0.3213265201,"schreiber2017\/mirex2017":1.0}}