{"Accuracy1":{"percival2014\/stem":0.8666666667,"boeck2015\/tempodetector2016_default":0.8666666667,"schreiber2017\/mirex2017":0.8,"schreiber2017\/ismir2017":0.8,"davies2009\/mirex_qm_tempotracker":0.7333333333,"schreiber2014\/default":0.7333333333},"Accuracy2":{"percival2014\/stem":1.0,"boeck2015\/tempodetector2016_default":1.0,"schreiber2017\/mirex2017":0.9333333333,"schreiber2017\/ismir2017":0.9333333333,"davies2009\/mirex_qm_tempotracker":1.0,"schreiber2014\/default":0.9333333333}}