Item,Reference,Estimate
RM-J001.jams,80.5369127516789,77
RM-J015.jams,126.76056338028152,84
RM-J030.jams,93.26424870466289,97
RM-J031.jams,45.454545454545446,184
RM-J035.jams,135.33834586466327,91
RM-J036.jams,136.36363636363558,90
RM-J044.jams,37.26708074534163,164
