Estimator,boeck2015/tempodetector2016_default,davies2009/mirex_qm_tempotracker,percival2014/stem,schreiber2014/default,schreiber2017/ismir2017,schreiber2017/mirex2017
boeck2015/tempodetector2016_default,1.0,0.004425048828125002,0.7539062500000002,0.06356811523437494,1.0,0.9999999999999997
davies2009/mirex_qm_tempotracker,0.004425048828125002,1.0,0.001489639282226563,0.571588188409805,0.0106220245361328,0.02265584468841553
percival2014/stem,0.7539062500000002,0.001489639282226563,1.0,0.012725830078125003,0.8036193847656252,0.629058837890625
schreiber2014/default,0.06356811523437494,0.571588188409805,0.012725830078125003,1.0,0.035156250000000014,0.038574218750000014
schreiber2017/ismir2017,1.0,0.0106220245361328,0.8036193847656252,0.035156250000000014,1.0,1.0
schreiber2017/mirex2017,0.9999999999999997,0.02265584468841553,0.629058837890625,0.038574218750000014,1.0,1.0
