{"boeck2015\/tempodetector2016_default":{"boeck2015\/tempodetector2016_default":1.0,"davies2009\/mirex_qm_tempotracker":0.1158774177,"percival2014\/stem":0.0005520676,"schreiber2014\/default":0.000216299,"schreiber2017\/ismir2017":0.0000780552,"schreiber2017\/mirex2017":0.0000148171,"schreiber2018\/cnn":0.0000087843,"schreiber2018\/fcn":0.0002201231,"schreiber2018\/ismir2018":0.0001974396},"davies2009\/mirex_qm_tempotracker":{"boeck2015\/tempodetector2016_default":0.1158774177,"davies2009\/mirex_qm_tempotracker":1.0,"percival2014\/stem":0.0596352369,"schreiber2014\/default":0.1092388898,"schreiber2017\/ismir2017":0.0122489842,"schreiber2017\/mirex2017":0.0019225589,"schreiber2018\/cnn":0.0022952458,"schreiber2018\/fcn":0.0380140864,"schreiber2018\/ismir2018":0.0059771157},"percival2014\/stem":{"boeck2015\/tempodetector2016_default":0.0005520676,"davies2009\/mirex_qm_tempotracker":0.0596352369,"percival2014\/stem":1.0,"schreiber2014\/default":0.7573845659,"schreiber2017\/ismir2017":0.5238097322,"schreiber2017\/mirex2017":0.1809137726,"schreiber2018\/cnn":0.1912887466,"schreiber2018\/fcn":0.7731030475,"schreiber2018\/ismir2018":0.5049226131},"schreiber2014\/default":{"boeck2015\/tempodetector2016_default":0.000216299,"davies2009\/mirex_qm_tempotracker":0.1092388898,"percival2014\/stem":0.7573845659,"schreiber2014\/default":1.0,"schreiber2017\/ismir2017":0.2797727877,"schreiber2017\/mirex2017":0.0774013025,"schreiber2018\/cnn":0.1434154638,"schreiber2018\/fcn":0.6333065244,"schreiber2018\/ismir2018":0.4237485664},"schreiber2017\/ismir2017":{"boeck2015\/tempodetector2016_default":0.0000780552,"davies2009\/mirex_qm_tempotracker":0.0122489842,"percival2014\/stem":0.5238097322,"schreiber2014\/default":0.2797727877,"schreiber2017\/ismir2017":1.0,"schreiber2017\/mirex2017":0.3197748306,"schreiber2018\/cnn":0.4277127496,"schreiber2018\/fcn":0.7621175888,"schreiber2018\/ismir2018":0.97847694},"schreiber2017\/mirex2017":{"boeck2015\/tempodetector2016_default":0.0000148171,"davies2009\/mirex_qm_tempotracker":0.0019225589,"percival2014\/stem":0.1809137726,"schreiber2014\/default":0.0774013025,"schreiber2017\/ismir2017":0.3197748306,"schreiber2017\/mirex2017":1.0,"schreiber2018\/cnn":0.8136351016,"schreiber2018\/fcn":0.4251801875,"schreiber2018\/ismir2018":0.4592939555},"schreiber2018\/cnn":{"boeck2015\/tempodetector2016_default":0.0000087843,"davies2009\/mirex_qm_tempotracker":0.0022952458,"percival2014\/stem":0.1912887466,"schreiber2014\/default":0.1434154638,"schreiber2017\/ismir2017":0.4277127496,"schreiber2017\/mirex2017":0.8136351016,"schreiber2018\/cnn":1.0,"schreiber2018\/fcn":0.1610325821,"schreiber2018\/ismir2018":0.4170243211},"schreiber2018\/fcn":{"boeck2015\/tempodetector2016_default":0.0002201231,"davies2009\/mirex_qm_tempotracker":0.0380140864,"percival2014\/stem":0.7731030475,"schreiber2014\/default":0.6333065244,"schreiber2017\/ismir2017":0.7621175888,"schreiber2017\/mirex2017":0.4251801875,"schreiber2018\/cnn":0.1610325821,"schreiber2018\/fcn":1.0,"schreiber2018\/ismir2018":0.8066053184},"schreiber2018\/ismir2018":{"boeck2015\/tempodetector2016_default":0.0001974396,"davies2009\/mirex_qm_tempotracker":0.0059771157,"percival2014\/stem":0.5049226131,"schreiber2014\/default":0.4237485664,"schreiber2017\/ismir2017":0.97847694,"schreiber2017\/mirex2017":0.4592939555,"schreiber2018\/cnn":0.4170243211,"schreiber2018\/fcn":0.8066053184,"schreiber2018\/ismir2018":1.0}}