Estimator,boeck2015/tempodetector2016_default,davies2009/mirex_qm_tempotracker,percival2014/stem,schreiber2014/default,schreiber2017/ismir2017,schreiber2017/mirex2017
boeck2015/tempodetector2016_default,1.0,7.575160731954794e-05,0.00039260263875498893,0.10837846235121154,0.0024323421214256405,0.012412432034801975
davies2009/mirex_qm_tempotracker,7.575160731954794e-05,1.0,0.7478332161367374,0.1556208186730091,0.6288899343763006,0.35407178657392346
percival2014/stem,0.00039260263875498893,0.7478332161367374,1.0,0.1237999735899548,0.7865273651829826,0.4285662542881947
schreiber2014/default,0.10837846235121154,0.1556208186730091,0.1237999735899548,1.0,0.18024524718388435,0.44507096849741834
schreiber2017/ismir2017,0.0024323421214256405,0.6288899343763006,0.7865273651829826,0.18024524718388435,1.0,0.13120804966054053
schreiber2017/mirex2017,0.012412432034801975,0.35407178657392346,0.4285662542881947,0.44507096849741834,0.13120804966054053,1.0
