Estimator,Accuracy1,Accuracy2
schreiber2017/ismir2017,0.7058823529411765,0.8137254901960784
schreiber2017/mirex2017,0.6666666666666666,0.8137254901960784
boeck2015/tempodetector2016_default,0.6666666666666666,0.8823529411764706
percival2014/stem,0.6568627450980392,0.8431372549019608
schreiber2014/default,0.6470588235294118,0.7941176470588235
davies2009/mirex_qm_tempotracker,0.5882352941176471,0.7647058823529411
