Item,Reference,Estimate
RM-R013.jams,70.03891050583637,46.68331
