{"boeck2015\/tempodetector2016_default":{"boeck2015\/tempodetector2016_default":1.0,"davies2009\/mirex_qm_tempotracker":0.000000121,"percival2014\/stem":0.5751773332,"schreiber2014\/default":0.0536405051,"schreiber2017\/ismir2017":0.7522207921,"schreiber2017\/mirex2017":0.7522220302,"schreiber2018\/cnn":0.4778112988,"schreiber2018\/fcn":0.663885123,"schreiber2018\/ismir2018":0.6508449891},"davies2009\/mirex_qm_tempotracker":{"boeck2015\/tempodetector2016_default":0.000000121,"davies2009\/mirex_qm_tempotracker":1.0,"percival2014\/stem":0.0000001185,"schreiber2014\/default":0.0000095254,"schreiber2017\/ismir2017":0.0000001139,"schreiber2017\/mirex2017":0.0000001139,"schreiber2018\/cnn":0.000000162,"schreiber2018\/fcn":0.0000001387,"schreiber2018\/ismir2018":0.000000136},"percival2014\/stem":{"boeck2015\/tempodetector2016_default":0.5751773332,"davies2009\/mirex_qm_tempotracker":0.0000001185,"percival2014\/stem":1.0,"schreiber2014\/default":0.0508951582,"schreiber2017\/ismir2017":0.5001635745,"schreiber2017\/mirex2017":0.5001611032,"schreiber2018\/cnn":0.7341622536,"schreiber2018\/fcn":0.8952531498,"schreiber2018\/ismir2018":0.8051506821},"schreiber2014\/default":{"boeck2015\/tempodetector2016_default":0.0536405051,"davies2009\/mirex_qm_tempotracker":0.0000095254,"percival2014\/stem":0.0508951582,"schreiber2014\/default":1.0,"schreiber2017\/ismir2017":0.0524219036,"schreiber2017\/mirex2017":0.0524219183,"schreiber2018\/cnn":0.0481224677,"schreiber2018\/fcn":0.0503769576,"schreiber2018\/ismir2018":0.0505877818},"schreiber2017\/ismir2017":{"boeck2015\/tempodetector2016_default":0.7522207921,"davies2009\/mirex_qm_tempotracker":0.0000001139,"percival2014\/stem":0.5001635745,"schreiber2014\/default":0.0524219036,"schreiber2017\/ismir2017":1.0,"schreiber2017\/mirex2017":0.427666754,"schreiber2018\/cnn":0.4171842993,"schreiber2018\/fcn":0.747424959,"schreiber2018\/ismir2018":0.7364244275},"schreiber2017\/mirex2017":{"boeck2015\/tempodetector2016_default":0.7522220302,"davies2009\/mirex_qm_tempotracker":0.0000001139,"percival2014\/stem":0.5001611032,"schreiber2014\/default":0.0524219183,"schreiber2017\/ismir2017":0.427666754,"schreiber2017\/mirex2017":1.0,"schreiber2018\/cnn":0.4171826836,"schreiber2018\/fcn":0.7474228314,"schreiber2018\/ismir2018":0.7364217383},"schreiber2018\/cnn":{"boeck2015\/tempodetector2016_default":0.4778112988,"davies2009\/mirex_qm_tempotracker":0.000000162,"percival2014\/stem":0.7341622536,"schreiber2014\/default":0.0481224677,"schreiber2017\/ismir2017":0.4171842993,"schreiber2017\/mirex2017":0.4171826836,"schreiber2018\/cnn":1.0,"schreiber2018\/fcn":0.5464935148,"schreiber2018\/ismir2018":0.4596155361},"schreiber2018\/fcn":{"boeck2015\/tempodetector2016_default":0.663885123,"davies2009\/mirex_qm_tempotracker":0.0000001387,"percival2014\/stem":0.8952531498,"schreiber2014\/default":0.0503769576,"schreiber2017\/ismir2017":0.747424959,"schreiber2017\/mirex2017":0.7474228314,"schreiber2018\/cnn":0.5464935148,"schreiber2018\/fcn":1.0,"schreiber2018\/ismir2018":0.9230466645},"schreiber2018\/ismir2018":{"boeck2015\/tempodetector2016_default":0.6508449891,"davies2009\/mirex_qm_tempotracker":0.000000136,"percival2014\/stem":0.8051506821,"schreiber2014\/default":0.0505877818,"schreiber2017\/ismir2017":0.7364244275,"schreiber2017\/mirex2017":0.7364217383,"schreiber2018\/cnn":0.4596155361,"schreiber2018\/fcn":0.9230466645,"schreiber2018\/ismir2018":1.0}}