{"boeck2015\/tempodetector2016_default":{"0.0":null,"0.005":-0.0015354273,"0.01":-0.0929623493,"0.015":-0.1685488202,"0.02":-0.1685488202,"0.025":-0.1685488202,"0.03":-0.1685488202,"0.035":-0.1685488202,"0.04":-0.1555835263,"0.045":-0.1444704173,"0.05":-0.1444704173,"0.055":-0.1345214484,"0.06":-0.1345214484,"0.065":-0.1345214484,"0.07":-0.1345214484,"0.075":-0.1345214484,"0.08":-0.1345214484,"0.085":-0.1345214484,"0.09":-0.1345214484,"0.095":-0.1345214484,"0.1":-0.1345214484,"0.105":-0.1345214484,"0.11":-0.1345214484,"0.115":-0.1345214484,"0.12":-0.1345214484,"0.125":-0.1345214484,"0.13":-0.1345214484,"0.135":-0.1345214484,"0.14":-0.1345214484,"0.145":-0.1345214484,"0.15":-0.1345214484,"0.155":-0.1345214484,"0.16":-0.1345214484,"0.165":-0.1345214484,"0.17":-0.1345214484,"0.175":-0.1345214484,"0.18":-0.1345214484,"0.185":-0.1345214484,"0.19":-0.1345214484,"0.195":-0.1345214484,"0.2":-0.1345214484,"0.205":-0.1345214484,"0.21":-0.1345214484,"0.215":-0.1345214484,"0.22":-0.1345214484,"0.225":-0.1345214484,"0.23":-0.1345214484,"0.235":-0.1345214484,"0.24":-0.1345214484,"0.245":-0.1345214484,"0.25":-0.1345214484,"0.255":-0.1345214484,"0.26":-0.1345214484,"0.265":-0.1345214484,"0.27":-0.1345214484,"0.275":-0.1345214484,"0.28":-0.1345214484,"0.285":-0.1345214484,"0.29":-0.1345214484,"0.295":-0.1345214484,"0.3":-0.1345214484,"0.305":-0.1345214484,"0.31":-0.1345214484,"0.315":-0.1345214484,"0.32":-0.1345214484,"0.325":-0.1345214484,"0.33":-0.1345214484,"0.335":-0.1345214484,"0.34":-0.1345214484,"0.345":-0.1345214484,"0.35":-0.1345214484,"0.355":-0.1345214484,"0.36":-0.1345214484,"0.365":-0.1345214484,"0.37":-0.1345214484,"0.375":-0.1345214484,"0.38":-0.1345214484,"0.385":-0.1345214484,"0.39":-0.1345214484,"0.395":-0.1345214484,"0.4":-0.1345214484,"0.405":-0.1345214484,"0.41":-0.1345214484,"0.415":-0.1345214484,"0.42":-0.1345214484,"0.425":-0.1345214484,"0.43":-0.1345214484,"0.435":-0.1345214484,"0.44":-0.1345214484,"0.445":-0.1345214484,"0.45":-0.1345214484,"0.455":-0.1345214484,"0.46":-0.1345214484,"0.465":-0.1345214484,"0.47":-0.1345214484,"0.475":-0.1345214484,"0.48":-0.1345214484,"0.485":-0.1345214484,"0.49":-0.1345214484,"0.495":-0.1345214484,"0.5":-0.1345214484},"davies2009\/mirex_qm_tempotracker":{"0.0":null,"0.005":0.1191383905,"0.01":0.0183656484,"0.015":-0.0649061492,"0.02":-0.0649061492,"0.025":-0.0649061492,"0.03":-0.0649061492,"0.035":-0.0649061492,"0.04":0.0184788878,"0.045":0.0181199191,"0.05":0.0181199191,"0.055":0.0187526838,"0.06":0.0187526838,"0.065":0.0187526838,"0.07":0.0187526838,"0.075":0.0187526838,"0.08":0.0187526838,"0.085":0.0187526838,"0.09":0.0187526838,"0.095":0.0187526838,"0.1":0.0187526838,"0.105":0.0187526838,"0.11":0.0187526838,"0.115":0.0187526838,"0.12":0.0187526838,"0.125":0.0187526838,"0.13":0.0187526838,"0.135":0.0187526838,"0.14":0.0187526838,"0.145":0.0187526838,"0.15":0.0187526838,"0.155":0.0187526838,"0.16":0.0187526838,"0.165":0.0187526838,"0.17":0.0187526838,"0.175":0.0187526838,"0.18":0.0187526838,"0.185":0.0187526838,"0.19":0.0187526838,"0.195":0.0187526838,"0.2":0.0187526838,"0.205":0.0187526838,"0.21":0.0187526838,"0.215":0.0187526838,"0.22":0.0187526838,"0.225":0.0187526838,"0.23":0.0187526838,"0.235":0.0187526838,"0.24":0.0187526838,"0.245":0.0187526838,"0.25":0.0187526838,"0.255":0.0187526838,"0.26":0.0187526838,"0.265":0.0187526838,"0.27":0.0187526838,"0.275":0.0187526838,"0.28":0.0187526838,"0.285":0.0187526838,"0.29":0.0187526838,"0.295":0.0187526838,"0.3":0.0187526838,"0.305":0.0187526838,"0.31":0.0187526838,"0.315":0.0187526838,"0.32":0.0187526838,"0.325":0.0187526838,"0.33":0.0187526838,"0.335":0.0187526838,"0.34":0.0187526838,"0.345":0.0187526838,"0.35":0.0187526838,"0.355":0.0187526838,"0.36":0.0187526838,"0.365":0.0187526838,"0.37":0.0187526838,"0.375":0.0187526838,"0.38":0.0187526838,"0.385":0.0187526838,"0.39":0.0187526838,"0.395":0.0187526838,"0.4":0.0187526838,"0.405":0.0187526838,"0.41":0.0187526838,"0.415":0.0187526838,"0.42":0.0187526838,"0.425":0.0187526838,"0.43":0.0187526838,"0.435":0.0187526838,"0.44":0.0187526838,"0.445":0.0187526838,"0.45":0.0187526838,"0.455":0.0187526838,"0.46":0.0187526838,"0.465":0.0187526838,"0.47":0.0187526838,"0.475":0.0187526838,"0.48":0.0187526838,"0.485":0.0187526838,"0.49":0.0187526838,"0.495":0.0187526838,"0.5":0.0187526838},"percival2014\/stem":{"0.0":null,"0.005":-0.0006628112,"0.01":-0.0916899916,"0.015":-0.1675459886,"0.02":-0.1675459886,"0.025":-0.1675459886,"0.03":-0.1675459886,"0.035":-0.1675459886,"0.04":-0.1548087183,"0.045":-0.1435919925,"0.05":-0.1435919925,"0.055":-0.1340103153,"0.06":-0.1340103153,"0.065":-0.1340103153,"0.07":-0.1340103153,"0.075":-0.1340103153,"0.08":-0.1340103153,"0.085":-0.1340103153,"0.09":-0.1340103153,"0.095":-0.1340103153,"0.1":-0.1340103153,"0.105":-0.1340103153,"0.11":-0.1340103153,"0.115":-0.1340103153,"0.12":-0.1340103153,"0.125":-0.1340103153,"0.13":-0.1340103153,"0.135":-0.1340103153,"0.14":-0.1340103153,"0.145":-0.1340103153,"0.15":-0.1340103153,"0.155":-0.1340103153,"0.16":-0.1340103153,"0.165":-0.1340103153,"0.17":-0.1340103153,"0.175":-0.1340103153,"0.18":-0.1340103153,"0.185":-0.1340103153,"0.19":-0.1340103153,"0.195":-0.1340103153,"0.2":-0.1340103153,"0.205":-0.1340103153,"0.21":-0.1340103153,"0.215":-0.1340103153,"0.22":-0.1340103153,"0.225":-0.1340103153,"0.23":-0.1340103153,"0.235":-0.1340103153,"0.24":-0.1340103153,"0.245":-0.1340103153,"0.25":-0.1340103153,"0.255":-0.1340103153,"0.26":-0.1340103153,"0.265":-0.1340103153,"0.27":-0.1340103153,"0.275":-0.1340103153,"0.28":-0.1340103153,"0.285":-0.1340103153,"0.29":-0.1340103153,"0.295":-0.1340103153,"0.3":-0.1340103153,"0.305":-0.1340103153,"0.31":-0.1340103153,"0.315":-0.1340103153,"0.32":-0.1340103153,"0.325":-0.1340103153,"0.33":-0.1340103153,"0.335":-0.1340103153,"0.34":-0.1340103153,"0.345":-0.1340103153,"0.35":-0.1340103153,"0.355":-0.1340103153,"0.36":-0.1340103153,"0.365":-0.1340103153,"0.37":-0.1340103153,"0.375":-0.1340103153,"0.38":-0.1340103153,"0.385":-0.1340103153,"0.39":-0.1340103153,"0.395":-0.1340103153,"0.4":-0.1340103153,"0.405":-0.1340103153,"0.41":-0.1340103153,"0.415":-0.1340103153,"0.42":-0.1340103153,"0.425":-0.1340103153,"0.43":-0.1340103153,"0.435":-0.1340103153,"0.44":-0.1340103153,"0.445":-0.1340103153,"0.45":-0.1340103153,"0.455":-0.1340103153,"0.46":-0.1340103153,"0.465":-0.1340103153,"0.47":-0.1340103153,"0.475":-0.1340103153,"0.48":-0.1340103153,"0.485":-0.1340103153,"0.49":-0.1340103153,"0.495":-0.1340103153,"0.5":-0.1340103153},"schreiber2014\/default":{"0.0":null,"0.005":0.1416190346,"0.01":0.0379150783,"0.015":-0.0485891346,"0.02":-0.0485891346,"0.025":-0.0485891346,"0.03":-0.0485891346,"0.035":-0.0485891346,"0.04":-0.0450955703,"0.045":-0.0418739815,"0.05":-0.0418739815,"0.055":-0.0390855863,"0.06":-0.0390855863,"0.065":-0.0390855863,"0.07":-0.0390855863,"0.075":-0.0390855863,"0.08":-0.0390855863,"0.085":-0.0390855863,"0.09":-0.0390855863,"0.095":-0.0390855863,"0.1":-0.0390855863,"0.105":-0.0390855863,"0.11":-0.0390855863,"0.115":-0.0390855863,"0.12":-0.0390855863,"0.125":-0.0390855863,"0.13":-0.0390855863,"0.135":-0.0390855863,"0.14":-0.0390855863,"0.145":-0.0390855863,"0.15":-0.0390855863,"0.155":-0.0390855863,"0.16":-0.0390855863,"0.165":-0.0390855863,"0.17":-0.0390855863,"0.175":-0.0390855863,"0.18":-0.0390855863,"0.185":-0.0390855863,"0.19":-0.0390855863,"0.195":-0.0390855863,"0.2":-0.0390855863,"0.205":-0.0390855863,"0.21":-0.0390855863,"0.215":-0.0390855863,"0.22":-0.0390855863,"0.225":-0.0390855863,"0.23":-0.0390855863,"0.235":-0.0390855863,"0.24":-0.0390855863,"0.245":-0.0390855863,"0.25":-0.0390855863,"0.255":-0.0390855863,"0.26":-0.0390855863,"0.265":-0.0390855863,"0.27":-0.0390855863,"0.275":-0.0390855863,"0.28":-0.0390855863,"0.285":-0.0390855863,"0.29":-0.0390855863,"0.295":-0.0390855863,"0.3":-0.0390855863,"0.305":-0.0390855863,"0.31":-0.0390855863,"0.315":-0.0390855863,"0.32":-0.0390855863,"0.325":-0.0390855863,"0.33":-0.0390855863,"0.335":-0.0390855863,"0.34":-0.0390855863,"0.345":-0.0390855863,