{"AOE1_MEAN":{"percival2014\/stem":0.2283989084,"boeck2015\/tempodetector2016_default":0.2604164317,"schreiber2014\/default":0.2929958835,"schreiber2017\/ismir2017":0.3090188878,"schreiber2017\/mirex2017":0.3276748854,"davies2009\/mirex_qm_tempotracker":0.5488465066},"AOE1_STDEV":{"percival2014\/stem":0.420570689,"boeck2015\/tempodetector2016_default":0.4278428384,"schreiber2014\/default":0.4127109198,"schreiber2017\/ismir2017":0.5429287488,"schreiber2017\/mirex2017":0.5494479122,"davies2009\/mirex_qm_tempotracker":0.5476226133},"AOE2_MEAN":{"percival2014\/stem":0.0109112985,"boeck2015\/tempodetector2016_default":0.0168457459,"schreiber2014\/default":0.0807008471,"schreiber2017\/ismir2017":0.0376314308,"schreiber2017\/mirex2017":0.037631432,"davies2009\/mirex_qm_tempotracker":0.0548575988},"AOE2_STDEV":{"percival2014\/stem":0.0326403375,"boeck2015\/tempodetector2016_default":0.056915337,"schreiber2014\/default":0.1253750695,"schreiber2017\/ismir2017":0.0992834045,"schreiber2017\/mirex2017":0.0992834045,"davies2009\/mirex_qm_tempotracker":0.1080552331}}