Estimator,OE1_MEAN,OE1_STDEV,OE2_MEAN,OE2_STDEV
percival2014/stem,-0.1335797459687448,0.34132158647512906,-0.00024641263541145235,0.0024315701353341346
boeck2015/tempodetector2016_default,-0.13409087907406173,0.3417992745704968,-0.0007575457407284402,0.005243189337581376
schreiber2017/mirex2017,-0.17190942299871095,0.35660788135322447,0.028090577001289092,0.10335202935787634
schreiber2017/ismir2017,-0.17190942299871095,0.35660788135322447,0.028090577001289092,0.10335202935787634
schreiber2014/default,-0.038655016998085864,0.45869472632185915,0.028011649668580805,0.10337885746347182
davies2009/mirex_qm_tempotracker,0.019183253134942884,0.5203215803876037,0.01918325313494289,0.010086765509996574
