{"boeck2015\/tempodetector2016_default":{"boeck2015\/tempodetector2016_default":1.0,"boeck2019\/multi_task":0.0,"boeck2019\/multi_task_hjdb":0.0,"boeck2020\/dar":1.530711369e-17,"davies2009\/mirex_qm_tempotracker":2.106613162e-22,"percival2014\/stem":0.2862915348,"schreiber2014\/default":0.0095555171,"schreiber2017\/ismir2017":0.0222832047,"schreiber2017\/mirex2017":0.0000001219,"schreiber2018\/cnn":0.9936131723,"schreiber2018\/fcn":0.2140186646,"schreiber2018\/ismir2018":0.8692770266,"sun2021\/default":0.0079301567},"boeck2019\/multi_task":{"boeck2015\/tempodetector2016_default":0.0,"boeck2019\/multi_task":1.0,"boeck2019\/multi_task_hjdb":0.0502651789,"boeck2020\/dar":0.6455501337,"davies2009\/mirex_qm_tempotracker":7.256482661e-61,"percival2014\/stem":7.828528674e-21,"schreiber2014\/default":0.0,"schreiber2017\/ismir2017":0.0,"schreiber2017\/mirex2017":0.0026579927,"schreiber2018\/cnn":3.430961641e-23,"schreiber2018\/fcn":0.0,"schreiber2018\/ismir2018":1.717114719e-26,"sun2021\/default":0.0},"boeck2019\/multi_task_hjdb":{"boeck2015\/tempodetector2016_default":0.0,"boeck2019\/multi_task":0.0502651789,"boeck2019\/multi_task_hjdb":1.0,"boeck2020\/dar":0.0763341775,"davies2009\/mirex_qm_tempotracker":6.272656235e-60,"percival2014\/stem":4.208830777e-18,"schreiber2014\/default":0.0,"schreiber2017\/ismir2017":0.0,"schreiber2017\/mirex2017":0.0417475115,"schreiber2018\/cnn":8.082943354e-20,"schreiber2018\/fcn":0.0,"schreiber2018\/ismir2018":3.196865768e-22,"sun2021\/default":0.0000000009},"boeck2020\/dar":{"boeck2015\/tempodetector2016_default":1.530711369e-17,"boeck2019\/multi_task":0.6455501337,"boeck2019\/multi_task_hjdb":0.0763341775,"boeck2020\/dar":1.0,"davies2009\/mirex_qm_tempotracker":7.985148296e-56,"percival2014\/stem":5.342488443e-18,"schreiber2014\/default":0.0,"schreiber2017\/ismir2017":0.0,"schreiber2017\/mirex2017":0.0009685328,"schreiber2018\/cnn":2.564076343e-24,"schreiber2018\/fcn":1.470606119e-16,"schreiber2018\/ismir2018":4.799533231e-23,"sun2021\/default":0.0},"davies2009\/mirex_qm_tempotracker":{"boeck2015\/tempodetector2016_default":2.106613162e-22,"boeck2019\/multi_task":7.256482661e-61,"boeck2019\/multi_task_hjdb":6.272656235e-60,"boeck2020\/dar":7.985148296e-56,"davies2009\/mirex_qm_tempotracker":1.0,"percival2014\/stem":8.839247354e-45,"schreiber2014\/default":7.242776778e-48,"schreiber2017\/ismir2017":2.391458903e-40,"schreiber2017\/mirex2017":8.247450568e-43,"schreiber2018\/cnn":8.056240007e-35,"schreiber2018\/fcn":7.465133025e-34,"schreiber2018\/ismir2018":6.278776149e-35,"sun2021\/default":2.715148461e-40},"percival2014\/stem":{"boeck2015\/tempodetector2016_default":0.2862915348,"boeck2019\/multi_task":7.828528674e-21,"boeck2019\/multi_task_hjdb":4.208830777e-18,"boeck2020\/dar":5.342488443e-18,"davies2009\/mirex_qm_tempotracker":8.839247354e-45,"percival2014\/stem":1.0,"schreiber2014\/default":0.0111967471,"schreiber2017\/ismir2017":0.0590167477,"schreiber2017\/mirex2017":0.000000066,"schreiber2018\/cnn":0.1344431598,"schreiber2018\/fcn":0.8895202245,"schreiber2018\/ismir2018":0.0749681793,"sun2021\/default":0.0582814904},"schreiber2014\/default":{"boeck2015\/tempodetector2016_default":0.0095555171,"boeck2019\/multi_task":0.0,"boeck2019\/multi_task_hjdb":0.0,"boeck2020\/dar":0.0,"davies2009\/mirex_qm_tempotracker":7.242776778e-48,"percival2014\/stem":0.0111967471,"schreiber2014\/default":1.0,"schreiber2017\/ismir2017":0.6544051936,"schreiber2017\/mirex2017":0.0004070496,"schreiber2018\/cnn":0.0000250374,"schreiber2018\/fcn":0.0626392901,"schreiber2018\/ismir2018":0.0000061015,"sun2021\/default":0.8546117606},"schreiber2017\/ismir2017":{"boeck2015\/tempodetector2016_default":0.0222832047,"boeck2019\/multi_task":0.0,"boeck2019\/multi_task_hjdb":0.0,"boeck2020\/dar":0.0,"davies2009\/mirex_qm_tempotracker":2.391458903e-40,"percival2014\/stem":0.0590167477,"schreiber2014\/default":0.6544051936,"schreiber2017\/ismir2017":1.0,"schreiber2017\/mirex2017":0.0000016278,"schreiber2018\/cnn":0.0008697884,"schreiber2018\/fcn":0.1841938192,"schreiber2018\/ismir2018":0.0007754984,"sun2021\/default":0.8450243628},"schreiber2017\/mirex2017":{"boeck2015\/tempodetector2016_default":0.0000001219,"boeck2019\/multi_task":0.0026579927,"boeck2019\/multi_task_hjdb":0.0417475115,"boeck2020\/dar":0.0009685328,"davies2009\/mirex_qm_tempotracker":8.247450568e-43,"percival2014\/stem":0.000000066,"schreiber2014\/default":0.0004070496,"schreiber2017\/ismir2017":0.0000016278,"schreiber2017\/mirex2017":1.0,"schreiber2018\/cnn":0.0000000001,"schreiber2018\/fcn":0.0000041306,"schreiber2018\/ismir2018":0.0,"sun2021\/default":0.0004164424},"schreiber2018\/cnn":{"boeck2015\/tempodetector2016_default":0.9936131723,"boeck2019\/multi_task":3.430961641e-23,"boeck2019\/multi_task_hjdb":8.082943354e-20,"boeck2020\/dar":2.564076343e-24,"davies2009\/mirex_qm_tempotracker":8.056240007e-35,"percival2014\/stem":0.1344431598,"schreiber2014\/default":0.0000250374,"schreiber2017\/ismir2017":0.0008697884,"schreiber2017\/mirex2017":0.0000000001,"schreiber2018\/cnn":1.0,"schreiber2018\/fcn":0.1066694908,"schreiber2018\/ismir2018":0.7890301039,"sun2021\/default":0.0003276787},"schreiber2018\/fcn":{"boeck2015\/tempodetector2016_default":0.2140186646,"boeck2019\/multi_task":0.0,"boeck2019\/multi_task_hjdb":0.0,"boeck2020\/dar":1.470606119e-16,"davies2009\/mirex_qm_tempotracker":7.465133025e-34,"percival2014\/stem":0.8895202245,"schreiber2014\/default":0.0626392901,"schreiber2017\/ismir2017":0.1841938192,"schreiber2017\/mirex2017":0.0000041306,"schreiber2018\/cnn":0.1066694908,"schreiber2018\/fcn":1.0,"schreiber2018\/ismir2018":0.088898142,"sun2021\/default":0.108896589},"schreiber2018\/ismir2018":{"boeck2015\/tempodetector2016_default":0.8692770266,"boeck2019\/multi_task":1.717114719e-26,"boeck2019\/multi_task_hjdb":3.196865768e-22,"boeck2020\/dar":4.799533231e-23,"davies2009\/mirex_qm_tempotracker":6.278776149e-35,"percival2014\/stem":0.0749681793,"schreiber2014\/default":0.0000061015,"schreiber2017\/ismir2017":0.0007754984,"schreiber2017\/mirex2017":0.0,"schreiber2018\/cnn":0.7890301039,"schreiber2018\/fcn":0.088898142,"schreiber2018\/ismir2018":1.0,"sun2021\/default":0.0001182686},"sun2021\/default":{"boeck2015\/tempodetector2016_default":0.0079301567,"boeck2019\/multi_task":0.0,"boeck2019\/multi_task_hjdb":0.0000000009,"boeck2020\/dar":0.0,"davies2009\/mirex_qm_tempotracker":2.715148461e-40,"percival2014\/stem":0.0582814904,"schreiber2014\/default":0.8546117606,"schreiber2017\/ismir2017":0.8450243628,"schreiber2017\/mirex2017":0.0004164424,"schreiber2018\/cnn":0.0003276787,"schreiber2018\/fcn":0.108896589,"schreiber2018\/ismir2018":0.0001182686,"sun2021\/default":1.0}}