{"boeck2015\/tempodetector2016_default":{"boeck2015\/tempodetector2016_default":1.0,"davies2009\/mirex_qm_tempotracker":0.0704353194,"percival2014\/stem":0.3036270552,"schreiber2014\/default":0.0022644569,"schreiber2017\/ismir2017":0.0341224059,"schreiber2017\/mirex2017":0.0052428122,"schreiber2018\/cnn":0.0780118163,"schreiber2018\/fcn":0.0232197643,"schreiber2018\/ismir2018":0.0245647223},"davies2009\/mirex_qm_tempotracker":{"boeck2015\/tempodetector2016_default":0.0704353194,"davies2009\/mirex_qm_tempotracker":1.0,"percival2014\/stem":0.0397876019,"schreiber2014\/default":0.000133316,"schreiber2017\/ismir2017":0.0007968052,"schreiber2017\/mirex2017":0.0001178544,"schreiber2018\/cnn":0.0069194678,"schreiber2018\/fcn":0.0009726138,"schreiber2018\/ismir2018":0.0012927829},"percival2014\/stem":{"boeck2015\/tempodetector2016_default":0.3036270552,"davies2009\/mirex_qm_tempotracker":0.0397876019,"percival2014\/stem":1.0,"schreiber2014\/default":0.1257912455,"schreiber2017\/ismir2017":0.353180357,"schreiber2017\/mirex2017":0.1360630701,"schreiber2018\/cnn":0.4850206935,"schreiber2018\/fcn":0.2493390769,"schreiber2018\/ismir2018":0.2249732439},"schreiber2014\/default":{"boeck2015\/tempodetector2016_default":0.0022644569,"davies2009\/mirex_qm_tempotracker":0.000133316,"percival2014\/stem":0.1257912455,"schreiber2014\/default":1.0,"schreiber2017\/ismir2017":0.4033936925,"schreiber2017\/mirex2017":0.8581812548,"schreiber2018\/cnn":0.2880646495,"schreiber2018\/fcn":0.6110173687,"schreiber2018\/ismir2018":0.7157543672},"schreiber2017\/ismir2017":{"boeck2015\/tempodetector2016_default":0.0341224059,"davies2009\/mirex_qm_tempotracker":0.0007968052,"percival2014\/stem":0.353180357,"schreiber2014\/default":0.4033936925,"schreiber2017\/ismir2017":1.0,"schreiber2017\/mirex2017":0.0250045271,"schreiber2018\/cnn":0.7769030833,"schreiber2018\/fcn":0.8152176372,"schreiber2018\/ismir2018":0.7608723006},"schreiber2017\/mirex2017":{"boeck2015\/tempodetector2016_default":0.0052428122,"davies2009\/mirex_qm_tempotracker":0.0001178544,"percival2014\/stem":0.1360630701,"schreiber2014\/default":0.8581812548,"schreiber2017\/ismir2017":0.0250045271,"schreiber2017\/mirex2017":1.0,"schreiber2018\/cnn":0.4016415515,"schreiber2018\/fcn":0.7472251164,"schreiber2018\/ismir2018":0.8415846121},"schreiber2018\/cnn":{"boeck2015\/tempodetector2016_default":0.0780118163,"davies2009\/mirex_qm_tempotracker":0.0069194678,"percival2014\/stem":0.4850206935,"schreiber2014\/default":0.2880646495,"schreiber2017\/ismir2017":0.7769030833,"schreiber2017\/mirex2017":0.4016415515,"schreiber2018\/cnn":1.0,"schreiber2018\/fcn":0.5389529544,"schreiber2018\/ismir2018":0.5151045859},"schreiber2018\/fcn":{"boeck2015\/tempodetector2016_default":0.0232197643,"davies2009\/mirex_qm_tempotracker":0.0009726138,"percival2014\/stem":0.2493390769,"schreiber2014\/default":0.6110173687,"schreiber2017\/ismir2017":0.8152176372,"schreiber2017\/mirex2017":0.7472251164,"schreiber2018\/cnn":0.5389529544,"schreiber2018\/fcn":1.0,"schreiber2018\/ismir2018":0.9183528099},"schreiber2018\/ismir2018":{"boeck2015\/tempodetector2016_default":0.0245647223,"davies2009\/mirex_qm_tempotracker":0.0012927829,"percival2014\/stem":0.2249732439,"schreiber2014\/default":0.7157543672,"schreiber2017\/ismir2017":0.7608723006,"schreiber2017\/mirex2017":0.8415846121,"schreiber2018\/cnn":0.5151045859,"schreiber2018\/fcn":0.9183528099,"schreiber2018\/ismir2018":1.0}}