{"boeck2015\/tempodetector2016_default":{"0.0":null,"0.005":0.0037503362,"0.01":0.0037503362,"0.015":0.0037503362,"0.02":0.0045701267,"0.025":0.0058383177,"0.03":0.0058383177,"0.035":0.0453367184,"0.04":0.0735962856,"0.045":0.0598797339,"0.05":0.0419964846,"0.055":0.0351668163,"0.06":0.0328353486,"0.065":0.0306943892,"0.07":0.0337722355,"0.075":0.0328449295,"0.08":0.0361289511,"0.085":0.0359787444,"0.09":0.0368818572,"0.095":0.0379265362,"0.1":0.0408979209,"0.105":0.0426981817,"0.11":0.043784622,"0.115":0.0457753428,"0.12":0.0463555476,"0.125":0.046473768,"0.13":0.047780975,"0.135":0.047948026,"0.14":0.0472960736,"0.145":0.0495354348,"0.15":0.0506147675,"0.155":0.0496359638,"0.16":0.0537654248,"0.165":0.0553139536,"0.17":0.0612381794,"0.175":0.0615212816,"0.18":0.0615306289,"0.185":0.0619099768,"0.19":0.062994788,"0.195":0.062994788,"0.2":0.0652463842,"0.205":0.0662314194,"0.21":0.0661190334,"0.215":0.0661190334,"0.22":0.0660062111,"0.225":0.066016725,"0.23":0.0657074494,"0.235":0.0658151493,"0.24":0.0684979319,"0.245":0.069259055,"0.25":0.069259055,"0.255":0.069023267,"0.26":0.0723436808,"0.265":0.0723436808,"0.27":0.0723547699,"0.275":0.0723547699,"0.28":0.0726137896,"0.285":0.0726137896,"0.29":0.0726137896,"0.295":0.0726137896,"0.3":0.0726137896,"0.305":0.0727353661,"0.31":0.0727353661,"0.315":0.0727353661,"0.32":0.0727353661,"0.325":0.0760215971,"0.33":0.0760215971,"0.335":0.0760215971,"0.34":0.0766273204,"0.345":0.0766273204,"0.35":0.0764451598,"0.355":0.0764451598,"0.36":0.0764451598,"0.365":0.0764451598,"0.37":0.0764451598,"0.375":0.0764451598,"0.38":0.0764451598,"0.385":0.0764451598,"0.39":0.0764451598,"0.395":0.0764451598,"0.4":0.0764451598,"0.405":0.0764451598,"0.41":0.0764451598,"0.415":0.0764451598,"0.42":0.0764451598,"0.425":0.0764451598,"0.43":0.0764451598,"0.435":0.0764451598,"0.44":0.0764451598,"0.445":0.0764451598,"0.45":0.0764451598,"0.455":0.0764451598,"0.46":0.0764451598,"0.465":0.0764451598,"0.47":0.0765568123,"0.475":0.0765568123,"0.48":0.0765568123,"0.485":0.0765568123,"0.49":0.0765568123,"0.495":0.0765568123,"0.5":0.0765568123},"davies2009\/mirex_qm_tempotracker":{"0.0":null,"0.005":0.0316357077,"0.01":0.0316357077,"0.015":0.0316357077,"0.02":0.0285787045,"0.025":0.0246059835,"0.03":0.0246059835,"0.035":0.1051772193,"0.04":0.0955135512,"0.045":0.1183137415,"0.05":0.1172868817,"0.055":0.1251981814,"0.06":0.1329212688,"0.065":0.1320228505,"0.07":0.1393163059,"0.075":0.1370016168,"0.08":0.1417746657,"0.085":0.149391098,"0.09":0.1497903636,"0.095":0.1493721863,"0.1":0.1489437955,"0.105":0.1520477589,"0.11":0.1522073977,"0.115":0.1559820222,"0.12":0.1546153768,"0.125":0.1543714188,"0.13":0.1537997608,"0.135":0.1532352006,"0.14":0.1529600696,"0.145":0.1535006002,"0.15":0.1548383386,"0.155":0.1551030345,"0.16":0.1542201713,"0.165":0.1541468444,"0.17":0.1584107457,"0.175":0.1590233938,"0.18":0.1585919123,"0.185":0.1585399392,"0.19":0.1586073356,"0.195":0.1586073356,"0.2":0.1591846296,"0.205":0.1591892932,"0.21":0.1580995592,"0.215":0.1580995592,"0.22":0.157599608,"0.225":0.1580736933,"0.23":0.1576746321,"0.235":0.1589766421,"0.24":0.1601720837,"0.245":0.1599289011,"0.25":0.1599289011,"0.255":0.1599998603,"0.26":0.1625114484,"0.265":0.1625114484,"0.27":0.164684142,"0.275":0.164684142,"0.28":0.1651932978,"0.285":0.1651932978,"0.29":0.1651932978,"0.295":0.1651932978,"0.3":0.1651932978,"0.305":0.1651835801,"0.31":0.1651835801,"0.315":0.1651835801,"0.32":0.1651835801,"0.325":0.1672903139,"0.33":0.1672903139,"0.335":0.1672903139,"0.34":0.1674367517,"0.345":0.1674367517,"0.35":0.1680538199,"0.355":0.1680538199,"0.36":0.1680538199,"0.365":0.1680538199,"0.37":0.1680538199,"0.375":0.1680538199,"0.38":0.1680538199,"0.385":0.1680538199,"0.39":0.1680538199,"0.395":0.1680538199,"0.4":0.1680538199,"0.405":0.1680538199,"0.41":0.1680538199,"0.415":0.1680538199,"0.42":0.1680538199,"0.425":0.1680538199,"0.43":0.1680538199,"0.435":0.1680538199,"0.44":0.1680538199,"0.445":0.1680538199,"0.45":0.1680538199,"0.455":0.1680538199,"0.46":0.1680538199,"0.465":0.1680538199,"0.47":0.1675131059,"0.475":0.1675131059,"0.48":0.1675131059,"0.485":0.1675131059,"0.49":0.1675131059,"0.495":0.1675131059,"0.5":0.1675131059},"percival2014\/stem":{"0.0":null,"0.005":0.0011109903,"0.01":0.0011109903,"0.015":0.0011109903,"0.02":0.0021138207,"0.025":0.0021659048,"0.03":0.0021659048,"0.035":0.0401386556,"0.04":0.0526668341,"0.045":0.0780609076,"0.05":0.0851736911,"0.055":0.0896581514,"0.06":0.1028868702,"0.065":0.1080274071,"0.07":0.1075922345,"0.075":0.1076914222,"0.08":0.114974424,"0.085":0.1262431504,"0.09":0.1289655609,"0.095":0.1289730861,"0.1":0.1295534734,"0.105":0.1296829114,"0.11":0.1316858179,"0.115":0.1359451798,"0.12":0.1366811774,"0.125":0.1363828209,"0.13":0.1389126085,"0.135":0.1382677856,"0.14":0.1434336449,"0.145":0.1436530304,"0.15":0.1439273127,"0.155":0.1420946844,"0.16":0.1399423484,"0.165":0.1407424315,"0.17":0.1435467395,"0.175":0.1429745485,"0.18":0.1432387268,"0.185":0.1431443353,"0.19":0.1451471075,"0.195":0.1451471075,"0.2":0.1460863761,"0.205":0.1460918548,"0.21":0.1465838375,"0.215":0.1465838375,"0.22":0.1459263218,"0.225":0.1463445785,"0.23":0.1456800125,"0.235":0.1458637634,"0.24":0.1457251083,"0.245":0.1456678569,"0.25":0.1456678569,"0.255":0.1462083273,"0.26":0.146486983,"0.265":0.146486983,"0.27":0.1458009751,"0.275":0.1458009751,"0.28":0.1462514861,"0.285":0.1462514861,"0.29":0.1462514861,"0.295":0.1462514861,"0.3":0.1462514861,"0.305":0.1460923251,"0.31":0.1460923251,"0.315":0.1460923251,"0.32":0.1460923251,"0.325":0.1457498335,"0.33":0.1457498335,"0.335":0.1457498335,"0.34":0.1459969434,"0.345":0.1459969434,"0.35":0.1468959308,"0.355":0.1468959308,"0.36":0.1468959308,"0.365":0.1468959308,"0.37":0.1468959308,"0.375":0.1468959308,"0.38":0.1468959308,"0.385":0.1468959308,"0.39":0.1468959308,"0.395":0.1468959308,"0.4":0.1468959308,"0.405":0.1468959308,"0.41":0.1468959308,"0.415":0.1468959308,"0.42":0.1468959308,"0.425":0.1468959308,"0.43":0.1468959308,"0.435":0.1468959308,"0.44":0.1468959308,"0.445":0.1468959308,"0.45":0.1468959308,"0.455":0.1468959308,"0.46":0.1468959308,"0.465":0.1468959308,"0.47":0.1470938152,"0.475":0.1470938152,"0.48":0.1470938152,"0.485":0.1470938152,"0.49":0.1470938152,"0.495":0.1470938152,"0.5":0.1470938152},"schreiber2014\/default":{"0.0":null,"0.005":0.0010625757,"0.01":0.0010625757,"0.015":0.0010625757,"0.02":0.0011502857,"0.025":0.0021941069,"0.03":0.0021941069,"0.035":0.0233754883,"0.04":0.0540900313,"0.045":0.0811203807,"0.05":0.0781168808,"0.055":0.0770367542,"0.06":0.0869068953,"0.065":0.0844310797,"0.07":0.0843800654,"0.075":0.0792888019,"0.08":0.0813337028,"0.085":0.0864978296,"0.09":0.0864178484,"0.095":0.0881942534,"0.1":0.0869527328,"0.105":0.091050919,"0.11":0.0943768856,"0.115":0.0952767252,"0.12":0.0942870284,"0.125":0.0961119614,"0.13":0.099229834,"0.135":0.1012149433,"0.14":0.1074575296,"0.145":0.1092989613,"0.15":0.1114428822,"0.155":0.1110176677,"0.16":0.1122148779,"0.165":0.1128997139,"0.17":0.1150948719,"0.175":0.1161381098,"0.18":0.1156702898,"0.185":0.1153130552,"0.19":0.1161485066,"0.195":0.1161485066,"0.2":0.1171494113,"0.205":0.1169308132,"0.21":0.117911857,"0.215":0.117911857,"0.22":0.1186924216,"0.225":0.1182780663,"0.23":0.1179864412,"0.235":0.1182077584,"0.24":0.1192528177,"0.245":0.1195422802,"0.25":0.1195422802,"0.255":0.1207643366,"0.26":0.1226915633,"0.265":0.1226915633,"0.27":0.1240039324,"0.275":0.1240039324,"0.28":0.1255427376,"0.285":0.1255427376,"0.29":0.1255427376,"0.295":0.1255427376,"0.3":0.1255427376,"0.305":0.1257705477,"0.31":0.1257705477,"0.315":0.1257705477,"0.32":0.1257705477,"0.325":0.1263037359,"0.33":0.1263037359,"0.335":0.1263037359,"0.34":0.1266991532,"0.345":0.1266991532,"0.35":0.1276093424,"0.355":0.1276093424,"0.36":0.1276093424,"0.365":0.1276093424,"0.37":0.1276093424,"0.375":0.1276093424,"0.38":0.1276093424,"0.385":0.1276093424,"0.39":0.1276093424,"0.395":0.1276093424,"0.4":0.1276093424,"0.405":0.1276093424,"0.41":0.1276093424,"0.415":0.1276093424,