Estimator,Size,Min,Max,Avg,Stdev,Sweet Oct. Start,Sweet Oct. Coverage
boeck2015/tempodetector2016_default,217,40.82,240.0,102.3,44.731257672492994,58.0,0.5806451612903226
davies2009/mirex_qm_tempotracker,217,71.7773,215.332,136.09812396313365,31.828796590601797,96.0,0.8571428571428571
percival2014/stem,217,51.9394,150.89,92.58095668202765,20.305178440214412,69.0,0.8755760368663594
schreiber2014/default,217,47.787308,154.04704,88.34348995852534,20.461688199704824,61.0,0.880184331797235
schreiber2017/ismir2017,217,11.197686,176.16641,86.02638577419354,34.67765505620101,53.0,0.5898617511520737
schreiber2017/mirex2017,217,11.197686,159.09389,75.94941306451614,30.994741038646875,45.0,0.6082949308755761
schreiber2018/cnn,217,49.0,224.0,96.84331797235023,27.938480102209812,61.0,0.8525345622119815
schreiber2018/fcn,217,38.0,198.0,94.94930875576037,31.03212511046933,63.0,0.7465437788018433
schreiber2018/ismir2018,217,53.0,205.0,96.91244239631337,26.046373921719816,67.0,0.8940092165898618
