{"boeck2015\/tempodetector2016_default":{"0.0":null,"0.005":0.0037563113,"0.01":0.0037563113,"0.015":0.0037563113,"0.02":0.0045736573,"0.025":0.0058388888,"0.03":0.0058388888,"0.035":0.0453353122,"0.04":0.0735982292,"0.045":0.0598795212,"0.05":0.0419976627,"0.055":0.0351678933,"0.06":0.0328162755,"0.065":0.0306619362,"0.07":0.0337453666,"0.075":0.0328200567,"0.08":0.0361068019,"0.085":0.0359569588,"0.09":0.0368610764,"0.095":0.0379087833,"0.1":0.0408810689,"0.105":0.0426819142,"0.11":0.0437688265,"0.115":0.0457648978,"0.12":0.0463455103,"0.125":0.0464638289,"0.13":0.0477711765,"0.135":0.0479387415,"0.14":0.0472870962,"0.145":0.0495260118,"0.15":0.0506053736,"0.155":0.0496268756,"0.16":0.0537568963,"0.165":0.0553057821,"0.17":0.0611886946,"0.175":0.0614724468,"0.18":0.0614823505,"0.185":0.0618626797,"0.19":0.0629479859,"0.195":0.0629479859,"0.2":0.0652001597,"0.205":0.0661852022,"0.21":0.0660737828,"0.215":0.0660737828,"0.22":0.0659611462,"0.225":0.0659718614,"0.23":0.0656628176,"0.235":0.0657707623,"0.24":0.0684539599,"0.245":0.0692152591,"0.25":0.0692152591,"0.255":0.0689802527,"0.26":0.0723010991,"0.265":0.0723010991,"0.27":0.0723037544,"0.275":0.0723037544,"0.28":0.0725630122,"0.285":0.0725630122,"0.29":0.0725630122,"0.295":0.0725630122,"0.3":0.0725630122,"0.305":0.0726848864,"0.31":0.0726848864,"0.315":0.0726848864,"0.32":0.0726848864,"0.325":0.0759713189,"0.33":0.0759713189,"0.335":0.0759713189,"0.34":0.0765772916,"0.345":0.0765772916,"0.35":0.0763953801,"0.355":0.0763953801,"0.36":0.0763953801,"0.365":0.0763953801,"0.37":0.0763953801,"0.375":0.0763953801,"0.38":0.0763953801,"0.385":0.0763953801,"0.39":0.0763953801,"0.395":0.0763953801,"0.4":0.0763953801,"0.405":0.0763953801,"0.41":0.0763953801,"0.415":0.0763953801,"0.42":0.0763953801,"0.425":0.0763953801,"0.43":0.0763953801,"0.435":0.0763953801,"0.44":0.0763953801,"0.445":0.0763953801,"0.45":0.0763953801,"0.455":0.0763953801,"0.46":0.0763953801,"0.465":0.0763953801,"0.47":0.0766380063,"0.475":0.0766380063,"0.48":0.0766380063,"0.485":0.0766380063,"0.49":0.0766380063,"0.495":0.0766380063,"0.5":0.0766380063},"davies2009\/mirex_qm_tempotracker":{"0.0":null,"0.005":0.0316416829,"0.01":0.0316416829,"0.015":0.0316416829,"0.02":0.0285791574,"0.025":0.0246065546,"0.03":0.0246065546,"0.035":0.105173566,"0.04":0.0955135934,"0.045":0.118311802,"0.05":0.1172865131,"0.055":0.1251984085,"0.06":0.1329019464,"0.065":0.1319899233,"0.07":0.1392886944,"0.075":0.1369763947,"0.08":0.1417522631,"0.085":0.1493690268,"0.09":0.149769297,"0.095":0.1493541119,"0.1":0.1489265378,"0.105":0.152031266,"0.11":0.1521913532,"0.115":0.1559709599,"0.12":0.1546045891,"0.125":0.1543606708,"0.13":0.1537892095,"0.135":0.153225173,"0.14":0.1529502185,"0.145":0.1534916955,"0.15":0.15482946,"0.155":0.1550944465,"0.16":0.1542121528,"0.165":0.1541393344,"0.17":0.1584448,"0.175":0.1590576464,"0.18":0.1586258327,"0.185":0.1585744037,"0.19":0.1586414346,"0.195":0.1586414346,"0.2":0.1592180486,"0.205":0.1592227709,"0.21":0.1581323305,"0.215":0.1581323305,"0.22":0.1576321729,"0.225":0.1581060714,"0.23":0.1577068577,"0.235":0.1590086843,"0.24":0.1602037917,"0.245":0.1599604929,"0.25":0.1599604929,"0.255":0.1600318677,"0.26":0.162543129,"0.265":0.162543129,"0.27":0.1647244081,"0.275":0.1647244081,"0.28":0.1652333695,"0.285":0.1652333695,"0.29":0.1652333695,"0.295":0.1652333695,"0.3":0.1652333695,"0.305":0.1652235209,"0.31":0.1652235209,"0.315":0.1652235209,"0.32":0.1652235209,"0.325":0.1673300317,"0.33":0.1673300317,"0.335":0.1673300317,"0.34":0.1674762984,"0.345":0.1674762984,"0.35":0.1680931991,"0.355":0.1680931991,"0.36":0.1680931991,"0.365":0.1680931991,"0.37":0.1680931991,"0.375":0.1680931991,"0.38":0.1680931991,"0.385":0.1680931991,"0.39":0.1680931991,"0.395":0.1680931991,"0.4":0.1680931991,"0.405":0.1680931991,"0.41":0.1680931991,"0.415":0.1680931991,"0.42":0.1680931991,"0.425":0.1680931991,"0.43":0.1680931991,"0.435":0.1680931991,"0.44":0.1680931991,"0.445":0.1680931991,"0.45":0.1680931991,"0.455":0.1680931991,"0.46":0.1680931991,"0.465":0.1680931991,"0.47":0.1676830459,"0.475":0.1676830459,"0.48":0.1676830459,"0.485":0.1676830459,"0.49":0.1676830459,"0.495":0.1676830459,"0.5":0.1676830459},"percival2014\/stem":{"0.0":null,"0.005":0.0011050151,"0.01":0.0011050151,"0.015":0.0011050151,"0.02":0.0021102901,"0.025":0.0021637949,"0.03":0.0021637949,"0.035":0.0401416094,"0.04":0.0526724669,"0.045":0.0780645085,"0.05":0.0851732726,"0.055":0.0896577706,"0.06":0.1029066509,"0.065":0.1080270002,"0.07":0.1075923363,"0.075":0.1076913556,"0.08":0.1149739784,"0.085":0.1262418895,"0.09":0.1289644828,"0.095":0.1289704113,"0.1":0.1295510479,"0.105":0.1296803224,"0.11":0.1316834997,"0.115":0.1359378576,"0.12":0.136674142,"0.125":0.1363758003,"0.13":0.1389057373,"0.135":0.1382613908,"0.14":0.1434273223,"0.145":0.1436475682,"0.15":0.1439219115,"0.155":0.1420894715,"0.16":0.139937621,"0.165":0.1407381572,"0.17":0.1435839525,"0.175":0.1430119427,"0.18":0.1432757113,"0.185":0.1431818478,"0.19":0.1451842222,"0.195":0.1451842222,"0.2":0.1461228986,"0.205":0.1461284201,"0.21":0.1466196339,"0.215":0.1466196339,"0.22":0.1459619801,"0.225":0.1463800345,"0.23":0.1457153007,"0.235":0.1458989007,"0.24":0.1457598928,"0.245":0.1457024333,"0.25":0.1457024333,"0.255":0.1462433048,"0.26":0.1465216433,"0.265":0.1465216433,"0.27":0.145826418,"0.275":0.145826418,"0.28":0.1462768049,"0.285":0.1462768049,"0.29":0.1462768049,"0.295":0.1462768049,"0.3":0.1462768049,"0.305":0.1461175826,"0.31":0.1461175826,"0.315":0.1461175826,"0.32":0.1461175826,"0.325":0.145775008,"0.33":0.145775008,"0.335":0.145775008,"0.34":0.1460220147,"0.345":0.1460220147,"0.35":0.1469209019,"0.355":0.1469209019,"0.36":0.1469209019,"0.365":0.1469209019,"0.37":0.1469209019,"0.375":0.1469209019,"0.38":0.1469209019,"0.385":0.1469209019,"0.39":0.1469209019,"0.395":0.1469209019,"0.4":0.1469209019,"0.405":0.1469209019,"0.41":0.1469209019,"0.415":0.1469209019,"0.42":0.1469209019,"0.425":0.1469209019,"0.43":0.1469209019,"0.435":0.1469209019,"0.44":0.1469209019,"0.445":0.1469209019,"0.45":0.1469209019,"0.455":0.1469209019,"0.46":0.1469209019,"0.465":0.1469209019,"0.47":0.1472494139,"0.475":0.1472494139,"0.48":0.1472494139,"0.485":0.1472494139,"0.49":0.1472494139,"0.495":0.1472494139,"0.5":0.1472494139},"schreiber2014\/default":{"0.0":null,"0.005":0.0010566005,"0.01":0.0010566005,"0.015":0.0010566005,"0.02":0.0011467551,"0.025":0.0021894803,"0.03":0.0021894803,"0.035":0.0233696994,"0.04":0.0540882664,"0.045":0.081117136,"0.05":0.0781168187,"0.055":0.0770369478,"0.06":0.0868877387,"0.065":0.0844316925,"0.07":0.084380745,"0.075":0.0792893162,"0.08":0.0813339483,"0.085":0.0864970451,"0.09":0.0864172263,"0.095":0.0881950651,"0.1":0.0869536817,"0.105":0.0910516059,"0.11":0.0943776549,"0.115":0.0952823275,"0.12":0.094292399,"0.125":0.0961173281,"0.13":0.0992352318,"0.135":0.1012206602,"0.14":0.1074630286,"0.145":0.1093035924,"0.15":0.1114474574,"0.155":0.1110221173,"0.16":0.1122195245,"0.165":0.1129044955,"0.17":0.1151410557,"0.175":0.1161836615,"0.18":0.115715364,"0.185":0.1153586143,"0.19":0.1161935016,"0.195":0.1161935016,"0.2":0.117193557,"0.205":0.1169749623,"0.21":0.1179551031,"0.215":0.1179551031,"0.22":0.1187354922,"0.225":0.1183208974,"0.23":0.1180290678,"0.235":0.1182501979,"0.24":0.1192948328,"0.245":0.1195841288,"0.25":0.1195841288,"0.255":0.120805413,"0.26":0.1227322639,"0.265":0.1227322639,"0.27":0.1240354059,"0.275":0.1240354059,"0.28":0.1255740655,"0.285":0.1255740655,"0.29":0.1255740655,"0.295":0.1255740655,"0.3":0.1255740655,"0.305":0.125801786,"0.31":0.125801786,"0.315":0.125801786,"0.32":0.125801786,"0.325":0.126334792,"0.33":0.126334792,"0.335":0.126334792,"0.34":0.1267300787,"0.345":0.1267300787,"0.35":0.1276401405,"0.355":0.1276401405,"0.36":0.1276401405,"0.365":0.1276401405,"0.37":0.1276401405,"0.375":0.1276401405,"0.38":0.1276401405,"0.385":0.1276401405,"0.39":0.1276401405,"0.395":0.1276401405,"0.4":0.1276401405,"0.405":0.1276401405,"0.41":0.1276401405,"0.415":0.1276401405,"0.42":0.1276401405,