Estimator,OE1_MEAN,OE1_STDEV,OE2_MEAN,OE2_STDEV
schreiber2018/ismir2018,0.3749773568937789,0.5772457893832649,-0.014905189232373344,0.22591071622293682
schreiber2018/cnn,0.36811669048327145,0.5783068053860512,-0.004115740442154108,0.19600999923975143
schreiber2014/default,0.24646394023280901,0.5906188661931666,-0.021253744122251297,0.19433155917661732
percival2014/stem,0.31998301003466706,0.6157697938377001,0.007311927052125309,0.2076091291173544
schreiber2018/fcn,0.3148774344582286,0.6171849721226342,-0.013184662362491203,0.20562022878705155
davies2009/mirex_qm_tempotracker,0.8694761705348494,0.6634300779373781,0.05075191921993382,0.22095985074241645
boeck2015/tempodetector2016_default,0.36779213292001167,0.6922122019309045,0.02355595773833831,0.14606182021979144
schreiber2017/mirex2017,-0.056337916687963244,0.7588285743384727,-0.018688492718183004,0.2017219570257946
schreiber2017/ismir2017,0.11877728983708387,0.8105146077232103,-0.009125417546157925,0.21140074063168623
