{"boeck2015\/tempodetector2016_default":{"0.0":null,"0.005":0.0037563113,"0.01":0.0037563113,"0.015":0.0037563113,"0.02":0.5262513839,"0.025":0.2626149235,"0.03":0.2626149235,"0.035":0.3257479128,"0.04":0.2339473528,"0.045":0.3577991881,"0.05":0.287760223,"0.055":0.2770245167,"0.06":0.2719229232,"0.065":0.2172585453,"0.07":0.2611394028,"0.075":0.2464583553,"0.08":0.2441999254,"0.085":0.2807823638,"0.09":0.2608573107,"0.095":0.2509194283,"0.1":0.2528016019,"0.105":0.2580073619,"0.11":0.2713188182,"0.115":0.2792207117,"0.12":0.2797778655,"0.125":0.2774997893,"0.13":0.2845984007,"0.135":0.2817297192,"0.14":0.2913893151,"0.145":0.303913918,"0.15":0.306753102,"0.155":0.3100048176,"0.16":0.3120733805,"0.165":0.3164049024,"0.17":0.3208282704,"0.175":0.3282759303,"0.18":0.3303558882,"0.185":0.329306039,"0.19":0.3297980359,"0.195":0.3297980359,"0.2":0.3370403378,"0.205":0.3391365299,"0.21":0.3433324263,"0.215":0.3433324263,"0.22":0.3468516558,"0.225":0.3454579184,"0.23":0.3437200479,"0.235":0.3474019667,"0.24":0.3550934982,"0.245":0.3599976382,"0.25":0.3599976382,"0.255":0.3660450596,"0.26":0.3680375886,"0.265":0.3680375886,"0.27":0.3652237059,"0.275":0.3652237059,"0.28":0.3581515217,"0.285":0.3581515217,"0.29":0.3581515217,"0.295":0.3581515217,"0.3":0.3581515217,"0.305":0.3569262803,"0.31":0.3569262803,"0.315":0.3569262803,"0.32":0.3569262803,"0.325":0.3663193846,"0.33":0.3663193846,"0.335":0.3663193846,"0.34":0.3683195301,"0.345":0.3683195301,"0.35":0.3667806779,"0.355":0.3667806779,"0.36":0.3667806779,"0.365":0.3667806779,"0.37":0.3667806779,"0.375":0.3667806779,"0.38":0.3667806779,"0.385":0.3667806779,"0.39":0.3667806779,"0.395":0.3667806779,"0.4":0.3667806779,"0.405":0.3667806779,"0.41":0.3667806779,"0.415":0.3667806779,"0.42":0.3667806779,"0.425":0.3667806779,"0.43":0.3667806779,"0.435":0.3667806779,"0.44":0.3667806779,"0.445":0.3667806779,"0.45":0.3667806779,"0.455":0.3667806779,"0.46":0.3667806779,"0.465":0.3667806779,"0.47":0.3703085573,"0.475":0.3703085573,"0.48":0.3703085573,"0.485":0.3703085573,"0.49":0.3703085573,"0.495":0.3703085573,"0.5":0.3703085573},"davies2009\/mirex_qm_tempotracker":{"0.0":null,"0.005":0.0316416829,"0.01":0.0316416829,"0.015":0.0316416829,"0.02":0.556899991,"0.025":0.2887669714,"0.03":0.2887669714,"0.035":0.6293538437,"0.04":0.6159738285,"0.045":0.7171926089,"0.05":0.600299731,"0.055":0.6612258202,"0.06":0.6825177771,"0.065":0.6786800958,"0.07":0.7689843457,"0.075":0.753205948,"0.08":0.7958998161,"0.085":0.822831364,"0.09":0.8103208615,"0.095":0.8386194934,"0.1":0.8477125714,"0.105":0.8496767319,"0.11":0.850630576,"0.115":0.8766689502,"0.12":0.8757436017,"0.125":0.8707239284,"0.13":0.8804152062,"0.135":0.8769457083,"0.14":0.8860318361,"0.145":0.879234334,"0.15":0.8776982299,"0.155":0.8625049561,"0.16":0.852839505,"0.165":0.8522504711,"0.17":0.865408045,"0.175":0.8676048739,"0.18":0.8685992026,"0.185":0.8647713196,"0.19":0.8653917071,"0.195":0.8653917071,"0.2":0.8744018459,"0.205":0.8788899636,"0.21":0.8724006517,"0.215":0.8724006517,"0.22":0.8733363317,"0.225":0.8702317094,"0.23":0.870489939,"0.235":0.8690485243,"0.24":0.8759538416,"0.245":0.8770971279,"0.25":0.8770971279,"0.255":0.8785416258,"0.26":0.8756594655,"0.265":0.8756594655,"0.27":0.8665882443,"0.275":0.8665882443,"0.28":0.8659308816,"0.285":0.8659308816,"0.29":0.8659308816,"0.295":0.8659308816,"0.3":0.8659308816,"0.305":0.8626158561,"0.31":0.8626158561,"0.315":0.8626158561,"0.32":0.8626158561,"0.325":0.8688893629,"0.33":0.8688893629,"0.335":0.8688893629,"0.34":0.8685738468,"0.345":0.8685738468,"0.35":0.8659298286,"0.355":0.8659298286,"0.36":0.8659298286,"0.365":0.8659298286,"0.37":0.8659298286,"0.375":0.8659298286,"0.38":0.8659298286,"0.385":0.8659298286,"0.39":0.8659298286,"0.395":0.8659298286,"0.4":0.8659298286,"0.405":0.8659298286,"0.41":0.8659298286,"0.415":0.8659298286,"0.42":0.8659298286,"0.425":0.8659298286,"0.43":0.8659298286,"0.435":0.8659298286,"0.44":0.8659298286,"0.445":0.8659298286,"0.45":0.8659298286,"0.455":0.8659298286,"0.46":0.8659298286,"0.465":0.8659298286,"0.47":0.86691858,"0.475":0.86691858,"0.48":0.86691858,"0.485":0.86691858,"0.49":0.86691858,"0.495":0.86691858,"0.5":0.86691858},"percival2014\/stem":{"0.0":null,"0.005":-0.0011050151,"0.01":-0.0011050151,"0.015":-0.0011050151,"0.02":0.5283871184,"0.025":0.2630849094,"0.03":0.2630849094,"0.035":0.4539976338,"0.04":0.3259352568,"0.045":0.4526576263,"0.05":0.3576477674,"0.055":0.3533811284,"0.06":0.3107003627,"0.065":0.2679458947,"0.07":0.3388319558,"0.075":0.3146761601,"0.08":0.3088760049,"0.085":0.3264585109,"0.09":0.3240294928,"0.095":0.32635721,"0.1":0.3364138232,"0.105":0.3323821434,"0.11":0.3362958267,"0.115":0.3610453803,"0.12":0.3629701896,"0.125":0.3611731986,"0.13":0.3564732725,"0.135":0.3466293423,"0.14":0.3566092004,"0.145":0.3556780173,"0.15":0.3546673276,"0.155":0.340674373,"0.16":0.3183927524,"0.165":0.3184227256,"0.17":0.3209092415,"0.175":0.3279460815,"0.18":0.3262319449,"0.185":0.3251649099,"0.19":0.3271543638,"0.195":0.3271543638,"0.2":0.3349875516,"0.205":0.3391741831,"0.21":0.3358762856,"0.215":0.3358762856,"0.22":0.3391344625,"0.225":0.3385866545,"0.23":0.3368386187,"0.235":0.3360760636,"0.24":0.3389240966,"0.245":0.3366172439,"0.25":0.3366172439,"0.255":0.3362313445,"0.26":0.3298751825,"0.265":0.3298751825,"0.27":0.3223442754,"0.275":0.3223442754,"0.28":0.3244144065,"0.285":0.3244144065,"0.29":0.3244144065,"0.295":0.3244144065,"0.3":0.3244144065,"0.305":0.3186979314,"0.31":0.3186979314,"0.315":0.3186979314,"0.32":0.3186979314,"0.325":0.3242994121,"0.33":0.3242994121,"0.335":0.3242994121,"0.34":0.3218557959,"0.345":0.3218557959,"0.35":0.3172856888,"0.355":0.3172856888,"0.36":0.3172856888,"0.365":0.3172856888,"0.37":0.3172856888,"0.375":0.3172856888,"0.38":0.3172856888,"0.385":0.3172856888,"0.39":0.3172856888,"0.395":0.3172856888,"0.4":0.3172856888,"0.405":0.3172856888,"0.41":0.3172856888,"0.415":0.3172856888,"0.42":0.3172856888,"0.425":0.3172856888,"0.43":0.3172856888,"0.435":0.3172856888,"0.44":0.3172856888,"0.445":0.3172856888,"0.45":0.3172856888,"0.455":0.3172856888,"0.46":0.3172856888,"0.465":0.3172856888,"0.47":0.3214551045,"0.475":0.3214551045,"0.48":0.3214551045,"0.485":0.3214551045,"0.49":0.3214551045,"0.495":0.3214551045,"0.5":0.3214551045},"schreiber2014\/default":{"0.0":null,"0.005":-0.0010566005,"0.01":-0.0010566005,"0.015":-0.0010566005,"0.02":0.5282935085,"0.025":0.2628955448,"0.03":0.2628955448,"0.035":0.396908998,"0.04":0.2932369038,"0.045":0.3572605161,"0.05":0.3039958403,"0.055":0.3140810192,"0.06":0.2875666984,"0.065":0.2522863744,"0.07":0.2943267153,"0.075":0.2726987338,"0.08":0.2624301977,"0.085":0.2790491398,"0.09":0.2697672721,"0.095":0.2766395024,"0.1":0.286514832,"0.105":0.2945998989,"0.11":0.2876434606,"0.115":0.3067466266,"0.12":0.2985642326,"0.125":0.2941376039,"0.13":0.2947054612,"0.135":0.2877746046,"0.14":0.3004633703,"0.145":0.2992719333,"0.15":0.3007124591,"0.155":0.2868614268,"0.16":0.2716062823,"0.165":0.2726794732,"0.17":0.2726611038,"0.175":0.2749276756,"0.18":0.2712129641,"0.185":0.2647099506,"0.19":0.2651374993,"0.195":0.2651374993,"0.2":0.2698665351,"0.205":0.2740156055,"0.21":0.2614123527,"0.215":0.2614123527,"0.22":0.2666902302,"0.225":0.2655358618,"0.23":0.2639179562,"0.235":0.263416864,"0.24":0.265166975,"0.245":0.2647446995,"0.25":0.2647446995,"0.255":0.2665121102,"0.26":0.2590112325,"0.265":0.2590112325,"0.27":0.2542545748,"0.275":0.2542545748,"0.28":0.255176082,"0.285":0.255176082,"0.29":0.255176082,"0.295":0.255176082,"0.3":0.255176082,"0.305":0.250075491,"0.31":0.250075491,"0.315":0.250075491,"0.32":0.250075491,"0.325":0.2500250524,"0.33":0.2500250524,"0.335":0.2500250524,"0.34":0.2478710749,"0.345":0.2478710749,"0.35":0.2435665274,"0.355":0.2435665274,"0.36":0.2435665274,"0.365":0.2435665274,"0.37":0.2435665274,"0.375":0.2435665274,"0.38":0.2435665274,"0.385":0.2435665274,"0.39":0.2435665274,"0.395":0.2435665274,"0.4":0.2435665274,"0.405":0.2435665274,"0.41":0.2435665274,"0.415":0.2435665274,"0.42":0.2435665274,