{"boeck2015\/tempodetector2016_default":{"boeck2015\/tempodetector2016_default":1.0,"davies2009\/mirex_qm_tempotracker":2.106613162e-22,"percival2014\/stem":0.2862915348,"schreiber2014\/default":0.0095555171,"schreiber2017\/ismir2017":0.0000058546,"schreiber2017\/mirex2017":0.0,"schreiber2018\/cnn":0.9936131723,"schreiber2018\/fcn":0.2140186646,"schreiber2018\/ismir2018":0.8692770266},"davies2009\/mirex_qm_tempotracker":{"boeck2015\/tempodetector2016_default":2.106613162e-22,"davies2009\/mirex_qm_tempotracker":1.0,"percival2014\/stem":8.839247354e-45,"schreiber2014\/default":7.242776778e-48,"schreiber2017\/ismir2017":5.768096905e-35,"schreiber2017\/mirex2017":4.764426374e-47,"schreiber2018\/cnn":8.056240007e-35,"schreiber2018\/fcn":7.465133025e-34,"schreiber2018\/ismir2018":6.278776149e-35},"percival2014\/stem":{"boeck2015\/tempodetector2016_default":0.2862915348,"davies2009\/mirex_qm_tempotracker":8.839247354e-45,"percival2014\/stem":1.0,"schreiber2014\/default":0.0111967471,"schreiber2017\/ismir2017":0.0000085408,"schreiber2017\/mirex2017":4.265589976e-16,"schreiber2018\/cnn":0.1344431598,"schreiber2018\/fcn":0.8895202245,"schreiber2018\/ismir2018":0.0749681793},"schreiber2014\/default":{"boeck2015\/tempodetector2016_default":0.0095555171,"davies2009\/mirex_qm_tempotracker":7.242776778e-48,"percival2014\/stem":0.0111967471,"schreiber2014\/default":1.0,"schreiber2017\/ismir2017":0.0081002189,"schreiber2017\/mirex2017":0.0000000004,"schreiber2018\/cnn":0.0000250374,"schreiber2018\/fcn":0.0626392901,"schreiber2018\/ismir2018":0.0000061015},"schreiber2017\/ismir2017":{"boeck2015\/tempodetector2016_default":0.0000058546,"davies2009\/mirex_qm_tempotracker":5.768096905e-35,"percival2014\/stem":0.0000085408,"schreiber2014\/default":0.0081002189,"schreiber2017\/ismir2017":1.0,"schreiber2017\/mirex2017":0.0000000001,"schreiber2018\/cnn":0.0000005482,"schreiber2018\/fcn":0.0002767524,"schreiber2018\/ismir2018":0.0000004379},"schreiber2017\/mirex2017":{"boeck2015\/tempodetector2016_default":0.0,"davies2009\/mirex_qm_tempotracker":4.764426374e-47,"percival2014\/stem":4.265589976e-16,"schreiber2014\/default":0.0000000004,"schreiber2017\/ismir2017":0.0000000001,"schreiber2017\/mirex2017":1.0,"schreiber2018\/cnn":5.816911124e-19,"schreiber2018\/fcn":0.0,"schreiber2018\/ismir2018":6.875815657e-18},"schreiber2018\/cnn":{"boeck2015\/tempodetector2016_default":0.9936131723,"davies2009\/mirex_qm_tempotracker":8.056240007e-35,"percival2014\/stem":0.1344431598,"schreiber2014\/default":0.0000250374,"schreiber2017\/ismir2017":0.0000005482,"schreiber2017\/mirex2017":5.816911124e-19,"schreiber2018\/cnn":1.0,"schreiber2018\/fcn":0.1066694908,"schreiber2018\/ismir2018":0.7890301039},"schreiber2018\/fcn":{"boeck2015\/tempodetector2016_default":0.2140186646,"davies2009\/mirex_qm_tempotracker":7.465133025e-34,"percival2014\/stem":0.8895202245,"schreiber2014\/default":0.0626392901,"schreiber2017\/ismir2017":0.0002767524,"schreiber2017\/mirex2017":0.0,"schreiber2018\/cnn":0.1066694908,"schreiber2018\/fcn":1.0,"schreiber2018\/ismir2018":0.088898142},"schreiber2018\/ismir2018":{"boeck2015\/tempodetector2016_default":0.8692770266,"davies2009\/mirex_qm_tempotracker":6.278776149e-35,"percival2014\/stem":0.0749681793,"schreiber2014\/default":0.0000061015,"schreiber2017\/ismir2017":0.0000004379,"schreiber2017\/mirex2017":6.875815657e-18,"schreiber2018\/cnn":0.7890301039,"schreiber2018\/fcn":0.088898142,"schreiber2018\/ismir2018":1.0}}