Estimator,boeck2015/tempodetector2016_default,davies2009/mirex_qm_tempotracker,percival2014/stem,schreiber2014/default,schreiber2017/ismir2017,schreiber2017/mirex2017,schreiber2018/cnn,schreiber2018/fcn,schreiber2018/ismir2018
boeck2015/tempodetector2016_default,1.0,1.2046380153119997e-17,5.656214894965935e-06,0.0022275315109880366,1.4013057456185864e-05,0.015346677832630098,0.0010900838044475792,0.005152397042092063,5.0622659111780655e-05
davies2009/mirex_qm_tempotracker,1.2046380153119997e-17,1.0,3.121309646303416e-06,4.3221072207333364e-10,4.5666107004454105e-07,1.8119713716096508e-10,1.9674928353197187e-11,1.9067358802971048e-11,2.45797764364397e-08
percival2014/stem,5.656214894965935e-06,3.121309646303416e-06,1.0,0.04022356409571665,0.3210619922539037,0.014507542249735656,0.06490864707227219,0.024746035842440797,0.4513808323961254
schreiber2014/default,0.0022275315109880366,4.3221072207333364e-10,0.04022356409571665,1.0,0.3916029105474903,0.43472400072864315,0.8679394004284399,0.8803958212806721,0.20263875106454063
schreiber2017/ismir2017,1.4013057456185864e-05,4.5666107004454105e-07,0.3210619922539037,0.3916029105474903,1.0,0.004343509674072266,0.602537006105314,0.29759520828442887,0.7978938831986565
schreiber2017/mirex2017,0.015346677832630098,1.8119713716096508e-10,0.014507542249735656,0.43472400072864315,0.004343509674072266,1.0,0.3210619922539037,0.6197963884941329,0.06467168750236404
schreiber2018/cnn,0.0010900838044475792,1.9674928353197187e-11,0.06490864707227219,0.8679394004284399,0.602537006105314,0.3210619922539037,1.0,0.6654658120766195,0.20048842206597323
schreiber2018/fcn,0.005152397042092063,1.9067358802971048e-11,0.024746035842440797,0.8803958212806721,0.29759520828442887,0.6197963884941329,0.6654658120766195,1.0,0.11140289106101872
schreiber2018/ismir2018,5.0622659111780655e-05,2.45797764364397e-08,0.4513808323961254,0.20263875106454063,0.7978938831986565,0.06467168750236404,0.20048842206597323,0.11140289106101872,1.0
