Estimator,boeck2015/tempodetector2016_default,davies2009/mirex_qm_tempotracker,percival2014/stem,schreiber2014/default,schreiber2017/ismir2017,schreiber2017/mirex2017,schreiber2018/cnn,schreiber2018/fcn,schreiber2018/ismir2018
boeck2015/tempodetector2016_default,1.0,6.737015422467403e-15,9.589704123739351e-08,1.902351094820812e-05,9.83345438020215e-06,0.00016143498007293076,3.622666872179436e-05,1.4995794894527002e-06,1.5713921189014674e-09
davies2009/mirex_qm_tempotracker,6.737015422467403e-15,1.0,0.09743005925376051,0.0017427897974967254,0.004342355482569797,0.0005010307838269283,0.004019687792436933,0.01778091344907058,0.3657592704255821
percival2014/stem,9.589704123739351e-08,0.09743005925376051,1.0,0.10500277329980195,0.21303029834303142,0.051170216958118936,0.06219084875434877,0.3458524680833147,0.47024936000243056
schreiber2014/default,1.902351094820812e-05,0.0017427897974967254,0.10500277329980195,1.0,0.7212966203365165,0.6537747359360763,0.9788492629876535,0.5220064431006854,0.033839803519012786
schreiber2017/ismir2017,9.83345438020215e-06,0.004342355482569797,0.21303029834303142,0.7212966203365165,1.0,0.02579658340538244,0.7878235471798949,0.7569483171937093,0.0710142145546057
schreiber2017/mirex2017,0.00016143498007293076,0.0005010307838269283,0.051170216958118936,0.6537747359360763,0.02579658340538244,1.0,0.6909825604557875,0.3318870486427109,0.012220800226160759
schreiber2018/cnn,3.622666872179436e-05,0.004019687792436933,0.06219084875434877,0.9788492629876535,0.7878235471798949,0.6909825604557875,1.0,0.45647201125049375,0.0026302754238123577
schreiber2018/fcn,1.4995794894527002e-06,0.01778091344907058,0.3458524680833147,0.5220064431006854,0.7569483171937093,0.3318870486427109,0.45647201125049375,1.0,0.06545366944485409
schreiber2018/ismir2018,1.5713921189014674e-09,0.3657592704255821,0.47024936000243056,0.033839803519012786,0.0710142145546057,0.012220800226160759,0.0026302754238123577,0.06545366944485409,1.0
