{"wide dynamic range":{"boeck2015\/tempodetector2016_default":0.3076923077,"boeck2019\/multi_task":0.2307692308,"boeck2019\/multi_task_hjdb":0.2307692308,"davies2009\/mirex_qm_tempotracker":0.0769230769,"percival2014\/stem":0.0769230769,"schreiber2014\/default":0.0769230769,"schreiber2017\/ismir2017":0.1538461538,"schreiber2017\/mirex2017":0.0769230769,"schreiber2018\/cnn":0.2307692308,"schreiber2018\/fcn":0.1538461538,"schreiber2018\/ismir2018":0.1538461538},"ternary meter":{"boeck2015\/tempodetector2016_default":0.4428571429,"boeck2019\/multi_task":0.3428571429,"boeck2019\/multi_task_hjdb":0.3,"davies2009\/mirex_qm_tempotracker":0.1,"percival2014\/stem":0.1285714286,"schreiber2014\/default":0.1857142857,"schreiber2017\/ismir2017":0.2,"schreiber2017\/mirex2017":0.3571428571,"schreiber2018\/cnn":0.1714285714,"schreiber2018\/fcn":0.2,"schreiber2018\/ismir2018":0.1142857143},"tempo discontinuity":{"boeck2015\/tempodetector2016_default":0.4285714286,"boeck2019\/multi_task":0.2857142857,"boeck2019\/multi_task_hjdb":0.2619047619,"davies2009\/mirex_qm_tempotracker":0.0952380952,"percival2014\/stem":0.2619047619,"schreiber2014\/default":0.2380952381,"schreiber2017\/ismir2017":0.2619047619,"schreiber2017\/mirex2017":0.380952381,"schreiber2018\/cnn":0.3095238095,"schreiber2018\/fcn":0.2619047619,"schreiber2018\/ismir2018":0.3095238095},"strong syncopation":{"boeck2015\/tempodetector2016_default":0.4166666667,"boeck2019\/multi_task":0.4583333333,"boeck2019\/multi_task_hjdb":0.4166666667,"davies2009\/mirex_qm_tempotracker":0.1666666667,"percival2014\/stem":0.25,"schreiber2014\/default":0.4583333333,"schreiber2017\/ismir2017":0.5,"schreiber2017\/mirex2017":0.4583333333,"schreiber2018\/cnn":0.5,"schreiber2018\/fcn":0.5416666667,"schreiber2018\/ismir2018":0.5},"slow tempo":{"boeck2015\/tempodetector2016_default":0.5211267606,"boeck2019\/multi_task":0.4507042254,"boeck2019\/multi_task_hjdb":0.4788732394,"davies2009\/mirex_qm_tempotracker":0.0281690141,"percival2014\/stem":0.1690140845,"schreiber2014\/default":0.2957746479,"schreiber2017\/ismir2017":0.2676056338,"schreiber2017\/mirex2017":0.4225352113,"schreiber2018\/cnn":0.2394366197,"schreiber2018\/fcn":0.2535211268,"schreiber2018\/ismir2018":0.1971830986},"rich ornamentation in the interpretation":{"boeck2015\/tempodetector2016_default":0.28,"boeck2019\/multi_task":0.28,"boeck2019\/multi_task_hjdb":0.32,"davies2009\/mirex_qm_tempotracker":0.04,"percival2014\/stem":0.16,"schreiber2014\/default":0.28,"schreiber2017\/ismir2017":0.24,"schreiber2017\/mirex2017":0.28,"schreiber2018\/cnn":0.12,"schreiber2018\/fcn":0.32,"schreiber2018\/ismir2018":0.24},"quiet accompaniment":{"boeck2015\/tempodetector2016_default":0.4680851064,"boeck2019\/multi_task":0.5106382979,"boeck2019\/multi_task_hjdb":0.5531914894,"davies2009\/mirex_qm_tempotracker":0.0,"percival2014\/stem":0.2340425532,"schreiber2014\/default":0.3617021277,"schreiber2017\/ismir2017":0.3191489362,"schreiber2017\/mirex2017":0.4468085106,"schreiber2018\/cnn":0.3617021277,"schreiber2018\/fcn":0.3829787234,"schreiber2018\/ismir2018":0.2553191489},"poor sound quality":{"boeck2015\/tempodetector2016_default":0.3333333333,"boeck2019\/multi_task":0.4285714286,"boeck2019\/multi_task_hjdb":0.2857142857,"davies2009\/mirex_qm_tempotracker":0.0,"percival2014\/stem":0.1904761905,"schreiber2014\/default":0.1428571429,"schreiber2017\/ismir2017":0.2380952381,"schreiber2017\/mirex2017":0.2380952381,"schreiber2018\/cnn":0.0476190476,"schreiber2018\/fcn":0.2380952381,"schreiber2018\/ismir2018":0.1428571429},"pauses":{"boeck2015\/tempodetector2016_default":0.303030303,"boeck2019\/multi_task":0.3939393939,"boeck2019\/multi_task_hjdb":0.3333333333,"davies2009\/mirex_qm_tempotracker":0.0303030303,"percival2014\/stem":0.1212121212,"schreiber2014\/default":0.303030303,"schreiber2017\/ismir2017":0.2424242424,"schreiber2017\/mirex2017":0.3636363636,"schreiber2018\/cnn":0.1818181818,"schreiber2018\/fcn":0.2121212121,"schreiber2018\/ismir2018":0.1515151515},"none":{"boeck2015\/tempodetector2016_default":0.6842105263,"boeck2019\/multi_task":0.5789473684,"boeck2019\/multi_task_hjdb":0.6315789474,"davies2009\/mirex_qm_tempotracker":0.6315789474,"percival2014\/stem":0.6842105263,"schreiber2014\/default":0.6315789474,"schreiber2017\/ismir2017":0.6315789474,"schreiber2017\/mirex2017":0.7368421053,"schreiber2018\/cnn":0.6315789474,"schreiber2018\/fcn":0.7894736842,"schreiber2018\/ismir2018":0.6315789474},"no repetition":{"boeck2015\/tempodetector2016_default":0.5,"boeck2019\/multi_task":0.1666666667,"boeck2019\/multi_task_hjdb":0.1666666667,"davies2009\/mirex_qm_tempotracker":0.0,"percival2014\/stem":0.1666666667,"schreiber2014\/default":0.1666666667,"schreiber2017\/ismir2017":0.5,"schreiber2017\/mirex2017":0.3333333333,"schreiber2018\/cnn":0.0,"schreiber2018\/fcn":0.0,"schreiber2018\/ismir2018":0.1666666667},"missing bass":{"boeck2015\/tempodetector2016_default":0.4722222222,"boeck2019\/multi_task":0.4166666667,"boeck2019\/multi_task_hjdb":0.4305555556,"davies2009\/mirex_qm_tempotracker":0.0833333333,"percival2014\/stem":0.1944444444,"schreiber2014\/default":0.3194444444,"schreiber2017\/ismir2017":0.2777777778,"schreiber2017\/mirex2017":0.4305555556,"schreiber2018\/cnn":0.2916666667,"schreiber2018\/fcn":0.2361111111,"schreiber2018\/ismir2018":0.2222222222},"low familiarity with the song\/style":{"boeck2015\/tempodetector2016_default":0.2173913043,"boeck2019\/multi_task":0.347826087,"boeck2019\/multi_task_hjdb":0.2173913043,"davies2009\/mirex_qm_tempotracker":0.0434782609,"percival2014\/stem":0.0869565217,"schreiber2014\/default":0.2173913043,"schreiber2017\/ismir2017":0.2173913043,"schreiber2017\/mirex2017":0.1739130435,"schreiber2018\/cnn":0.0869565217,"schreiber2018\/fcn":0.2173913043,"schreiber2018\/ismir2018":0.0},"lack of transient sounds":{"boeck2015\/tempodetector2016_default":0.4714285714,"boeck2019\/multi_task":0.4428571429,"boeck2019\/multi_task_hjdb":0.4857142857,"davies2009\/mirex_qm_tempotracker":0.0571428571,"percival2014\/stem":0.2,"schreiber2014\/default":0.2428571429,"schreiber2017\/ismir2017":0.2571428571,"schreiber2017\/mirex2017":0.4142857143,"schreiber2018\/cnn":0.1857142857,"schreiber2018\/fcn":0.2142857143,"schreiber2018\/ismir2018":0.2},"lack of harmonic change":{"boeck2015\/tempodetector2016_default":0.5714285714,"boeck2019\/multi_task":0.2857142857,"boeck2019\/multi_task_hjdb":0.2857142857,"davies2009\/mirex_qm_tempotracker":0.0,"percival2014\/stem":0.1428571429,"schreiber2014\/default":0.1428571429,"schreiber2017\/ismir2017":0.4285714286,"schreiber2017\/mirex2017":0.5714285714,"schreiber2018\/cnn":0.1428571429,"schreiber2018\/fcn":0.2857142857,"schreiber2018\/ismir2018":0.1428571429},"gradual tempo change":{"boeck2015\/tempodetector2016_default":0.4909090909,"boeck2019\/multi_task":0.4,"boeck2019\/multi_task_hjdb":0.3272727273,"davies2009\/mirex_qm_tempotracker":0.0545454545,"percival2014\/stem":0.1818181818,"schreiber2014\/default":0.3272727273,"schreiber2017\/ismir2017":0.3454545455,"schreiber2017\/mirex2017":0.4545454545,"schreiber2018\/cnn":0.3454545455,"schreiber2018\/fcn":0.3636363636,"schreiber2018\/ismir2018":0.2363636364},"expressive timing":{"boeck2015\/tempodetector2016_default":0.3709677419,"boeck2019\/multi_task":0.3629032258,"boeck2019\/multi_task_hjdb":0.3467741935,"davies2009\/mirex_qm_tempotracker":0.0725806452,"percival2014\/stem":0.185483871,"schreiber2014\/default":0.2903225806,"schreiber2017\/ismir2017":0.2822580645,"schreiber2017\/mirex2017":0.3467741935,"schreiber2018\/cnn":0.2419354839,"schreiber2018\/fcn":0.2903225806,"schreiber2018\/ismir2018":0.2338709677},"excerpt is the introduction of the song":{"boeck2015\/tempodetector2016_default":0.3636363636,"boeck2019\/multi_task":0.4090909091,"boeck2019\/multi_task_hjdb":0.2727272727,"davies2009\/mirex_qm_tempotracker":0.0909090909,"percival2014\/stem":0.2727272727,"schreiber2014\/default":0.2272727273,"schreiber2017\/ismir2017":0.3636363636,"schreiber2017\/mirex2017":0.3181818182,