{"Size":{"boeck2015\/tempodetector2016_default":217,"boeck2019\/multi_task":217,"boeck2019\/multi_task_hjdb":217,"davies2009\/mirex_qm_tempotracker":217,"percival2014\/stem":217,"schreiber2014\/default":217,"schreiber2017\/ismir2017":217,"schreiber2017\/mirex2017":217,"schreiber2018\/cnn":217,"schreiber2018\/fcn":217,"schreiber2018\/ismir2018":217},"Min":{"boeck2015\/tempodetector2016_default":40.82,"boeck2019\/multi_task":33.74,"boeck2019\/multi_task_hjdb":34.66,"davies2009\/mirex_qm_tempotracker":71.7773,"percival2014\/stem":51.9394,"schreiber2014\/default":47.787308,"schreiber2017\/ismir2017":22.395372,"schreiber2017\/mirex2017":11.197686,"schreiber2018\/cnn":49.0,"schreiber2018\/fcn":38.0,"schreiber2018\/ismir2018":53.0},"Max":{"boeck2015\/tempodetector2016_default":240.0,"boeck2019\/multi_task":188.73,"boeck2019\/multi_task_hjdb":179.94,"davies2009\/mirex_qm_tempotracker":215.332,"percival2014\/stem":150.89,"schreiber2014\/default":154.04704,"schreiber2017\/ismir2017":149.8282,"schreiber2017\/mirex2017":176.63956,"schreiber2018\/cnn":224.0,"schreiber2018\/fcn":198.0,"schreiber2018\/ismir2018":205.0},"Avg":{"boeck2015\/tempodetector2016_default":102.3,"boeck2019\/multi_task":74.5157603687,"boeck2019\/multi_task_hjdb":76.4329953917,"davies2009\/mirex_qm_tempotracker":136.0981239631,"percival2014\/stem":92.580956682,"schreiber2014\/default":88.3434899585,"schreiber2017\/ismir2017":90.0500885714,"schreiber2017\/mirex2017":82.9211663502,"schreiber2018\/cnn":96.8433179724,"schreiber2018\/fcn":94.9493087558,"schreiber2018\/ismir2018":96.9124423963},"Stdev":{"boeck2015\/tempodetector2016_default":44.7312576725,"boeck2019\/multi_task":22.0909729448,"boeck2019\/multi_task_hjdb":21.4533591379,"davies2009\/mirex_qm_tempotracker":31.8287965906,"percival2014\/stem":20.3051784402,"schreiber2014\/default":20.4616881997,"schreiber2017\/ismir2017":23.378697269,"schreiber2017\/mirex2017":28.1810772505,"schreiber2018\/cnn":27.9384801022,"schreiber2018\/fcn":31.0321251105,"schreiber2018\/ismir2018":26.0463739217},"Sweet Oct. Start":{"boeck2015\/tempodetector2016_default":58.0,"boeck2019\/multi_task":53.0,"boeck2019\/multi_task_hjdb":53.0,"davies2009\/mirex_qm_tempotracker":96.0,"percival2014\/stem":69.0,"schreiber2014\/default":61.0,"schreiber2017\/ismir2017":58.0,"schreiber2017\/mirex2017":56.0,"schreiber2018\/cnn":61.0,"schreiber2018\/fcn":63.0,"schreiber2018\/ismir2018":67.0},"Sweet Oct. Coverage":{"boeck2015\/tempodetector2016_default":0.5806451613,"boeck2019\/multi_task":0.8525345622,"boeck2019\/multi_task_hjdb":0.8479262673,"davies2009\/mirex_qm_tempotracker":0.8571428571,"percival2014\/stem":0.8755760369,"schreiber2014\/default":0.8801843318,"schreiber2017\/ismir2017":0.8110599078,"schreiber2017\/mirex2017":0.6728110599,"schreiber2018\/cnn":0.8525345622,"schreiber2018\/fcn":0.7465437788,"schreiber2018\/ismir2018":0.8940092166}}