{"boeck2015\/tempodetector2016_default":{"boeck2015\/tempodetector2016_default":1.0,"davies2009\/mirex_qm_tempotracker":9.940659465e-17,"percival2014\/stem":0.0000002105,"schreiber2014\/default":0.0003552811,"schreiber2017\/ismir2017":0.0006855642,"schreiber2017\/mirex2017":0.0064558031,"schreiber2018\/cnn":0.0000216892,"schreiber2018\/fcn":0.0000001006,"schreiber2018\/ismir2018":0.0000002747},"davies2009\/mirex_qm_tempotracker":{"boeck2015\/tempodetector2016_default":9.940659465e-17,"davies2009\/mirex_qm_tempotracker":1.0,"percival2014\/stem":0.0000883756,"schreiber2014\/default":0.0000000139,"schreiber2017\/ismir2017":0.0000000053,"schreiber2017\/mirex2017":0.0000000002,"schreiber2018\/cnn":0.0000001684,"schreiber2018\/fcn":0.0000256872,"schreiber2018\/ismir2018":0.0000100961},"percival2014\/stem":{"boeck2015\/tempodetector2016_default":0.0000002105,"davies2009\/mirex_qm_tempotracker":0.0000883756,"percival2014\/stem":1.0,"schreiber2014\/default":0.0314504487,"schreiber2017\/ismir2017":0.0169946526,"schreiber2017\/mirex2017":0.0033722333,"schreiber2018\/cnn":0.155001904,"schreiber2018\/fcn":0.6349917907,"schreiber2018\/ismir2018":0.6025370061},"schreiber2014\/default":{"boeck2015\/tempodetector2016_default":0.0003552811,"davies2009\/mirex_qm_tempotracker":0.0000000139,"percival2014\/stem":0.0314504487,"schreiber2014\/default":1.0,"schreiber2017\/ismir2017":1.0,"schreiber2017\/mirex2017":0.4708790136,"schreiber2018\/cnn":0.374002602,"schreiber2018\/fcn":0.0816815339,"schreiber2018\/ismir2018":0.0871970645},"schreiber2017\/ismir2017":{"boeck2015\/tempodetector2016_default":0.0006855642,"davies2009\/mirex_qm_tempotracker":0.0000000053,"percival2014\/stem":0.0169946526,"schreiber2014\/default":1.0,"schreiber2017\/ismir2017":1.0,"schreiber2017\/mirex2017":0.0625,"schreiber2018\/cnn":0.3134999456,"schreiber2018\/fcn":0.0812088715,"schreiber2018\/ismir2018":0.0689088079},"schreiber2017\/mirex2017":{"boeck2015\/tempodetector2016_default":0.0064558031,"davies2009\/mirex_qm_tempotracker":0.0000000002,"percival2014\/stem":0.0033722333,"schreiber2014\/default":0.4708790136,"schreiber2017\/ismir2017":0.0625,"schreiber2017\/mirex2017":1.0,"schreiber2018\/cnn":0.0979544405,"schreiber2018\/fcn":0.0192412896,"schreiber2018\/ismir2018":0.013933875},"schreiber2018\/cnn":{"boeck2015\/tempodetector2016_default":0.0000216892,"davies2009\/mirex_qm_tempotracker":0.0000001684,"percival2014\/stem":0.155001904,"schreiber2014\/default":0.374002602,"schreiber2017\/ismir2017":0.3134999456,"schreiber2017\/mirex2017":0.0979544405,"schreiber2018\/cnn":1.0,"schreiber2018\/fcn":0.4101027164,"schreiber2018\/ismir2018":0.3712980345},"schreiber2018\/fcn":{"boeck2015\/tempodetector2016_default":0.0000001006,"davies2009\/mirex_qm_tempotracker":0.0000256872,"percival2014\/stem":0.6349917907,"schreiber2014\/default":0.0816815339,"schreiber2017\/ismir2017":0.0812088715,"schreiber2017\/mirex2017":0.0192412896,"schreiber2018\/cnn":0.4101027164,"schreiber2018\/fcn":1.0,"schreiber2018\/ismir2018":0.8897069355},"schreiber2018\/ismir2018":{"boeck2015\/tempodetector2016_default":0.0000002747,"davies2009\/mirex_qm_tempotracker":0.0000100961,"percival2014\/stem":0.6025370061,"schreiber2014\/default":0.0871970645,"schreiber2017\/ismir2017":0.0689088079,"schreiber2017\/mirex2017":0.013933875,"schreiber2018\/cnn":0.3712980345,"schreiber2018\/fcn":0.8897069355,"schreiber2018\/ismir2018":1.0}}