{"wide dynamic range":{"boeck2015\/tempodetector2016_default":0.6153846154,"boeck2019\/multi_task":0.3846153846,"boeck2019\/multi_task_hjdb":0.3846153846,"boeck2020\/dar":0.5384615385,"davies2009\/mirex_qm_tempotracker":0.3076923077,"percival2014\/stem":0.3846153846,"schreiber2014\/default":0.1538461538,"schreiber2017\/ismir2017":0.3076923077,"schreiber2017\/mirex2017":0.2307692308,"schreiber2018\/cnn":0.2307692308,"schreiber2018\/fcn":0.3076923077,"schreiber2018\/ismir2018":0.3076923077},"ternary meter":{"boeck2015\/tempodetector2016_default":0.6714285714,"boeck2019\/multi_task":0.5428571429,"boeck2019\/multi_task_hjdb":0.5,"boeck2020\/dar":0.6,"davies2009\/mirex_qm_tempotracker":0.2285714286,"percival2014\/stem":0.3,"schreiber2014\/default":0.4428571429,"schreiber2017\/ismir2017":0.3857142857,"schreiber2017\/mirex2017":0.4428571429,"schreiber2018\/cnn":0.3571428571,"schreiber2018\/fcn":0.3,"schreiber2018\/ismir2018":0.3571428571},"tempo discontinuity":{"boeck2015\/tempodetector2016_default":0.5476190476,"boeck2019\/multi_task":0.4523809524,"boeck2019\/multi_task_hjdb":0.4523809524,"boeck2020\/dar":0.5714285714,"davies2009\/mirex_qm_tempotracker":0.3095238095,"percival2014\/stem":0.4285714286,"schreiber2014\/default":0.380952381,"schreiber2017\/ismir2017":0.4285714286,"schreiber2017\/mirex2017":0.4761904762,"schreiber2018\/cnn":0.4285714286,"schreiber2018\/fcn":0.380952381,"schreiber2018\/ismir2018":0.4761904762},"strong syncopation":{"boeck2015\/tempodetector2016_default":0.5416666667,"boeck2019\/multi_task":0.5416666667,"boeck2019\/multi_task_hjdb":0.5,"boeck2020\/dar":0.5833333333,"davies2009\/mirex_qm_tempotracker":0.3333333333,"percival2014\/stem":0.4166666667,"schreiber2014\/default":0.5416666667,"schreiber2017\/ismir2017":0.7083333333,"schreiber2017\/mirex2017":0.625,"schreiber2018\/cnn":0.5416666667,"schreiber2018\/fcn":0.5833333333,"schreiber2018\/ismir2018":0.5833333333},"slow tempo":{"boeck2015\/tempodetector2016_default":0.7323943662,"boeck2019\/multi_task":0.6478873239,"boeck2019\/multi_task_hjdb":0.7183098592,"boeck2020\/dar":0.7323943662,"davies2009\/mirex_qm_tempotracker":0.2253521127,"percival2014\/stem":0.3661971831,"schreiber2014\/default":0.5774647887,"schreiber2017\/ismir2017":0.5070422535,"schreiber2017\/mirex2017":0.5633802817,"schreiber2018\/cnn":0.3943661972,"schreiber2018\/fcn":0.3521126761,"schreiber2018\/ismir2018":0.3521126761},"rich ornamentation in the interpretation":{"boeck2015\/tempodetector2016_default":0.48,"boeck2019\/multi_task":0.48,"boeck2019\/multi_task_hjdb":0.44,"boeck2020\/dar":0.6,"davies2009\/mirex_qm_tempotracker":0.16,"percival2014\/stem":0.32,"schreiber2014\/default":0.36,"schreiber2017\/ismir2017":0.4,"schreiber2017\/mirex2017":0.4,"schreiber2018\/cnn":0.28,"schreiber2018\/fcn":0.4,"schreiber2018\/ismir2018":0.36},"quiet accompaniment":{"boeck2015\/tempodetector2016_default":0.7659574468,"boeck2019\/multi_task":0.6170212766,"boeck2019\/multi_task_hjdb":0.7021276596,"boeck2020\/dar":0.7021276596,"davies2009\/mirex_qm_tempotracker":0.170212766,"percival2014\/stem":0.3404255319,"schreiber2014\/default":0.5531914894,"schreiber2017\/ismir2017":0.4893617021,"schreiber2017\/mirex2017":0.5319148936,"schreiber2018\/cnn":0.4893617021,"schreiber2018\/fcn":0.4893617021,"schreiber2018\/ismir2018":0.4042553191},"poor sound quality":{"boeck2015\/tempodetector2016_default":0.5238095238,"boeck2019\/multi_task":0.6666666667,"boeck2019\/multi_task_hjdb":0.4761904762,"boeck2020\/dar":0.7142857143,"davies2009\/mirex_qm_tempotracker":0.1904761905,"percival2014\/stem":0.4285714286,"schreiber2014\/default":0.380952381,"schreiber2017\/ismir2017":0.380952381,"schreiber2017\/mirex2017":0.3333333333,"schreiber2018\/cnn":0.2857142857,"schreiber2018\/fcn":0.2857142857,"schreiber2018\/ismir2018":0.3333333333},"pauses":{"boeck2015\/tempodetector2016_default":0.4242424242,"boeck2019\/multi_task":0.5151515152,"boeck2019\/multi_task_hjdb":0.3636363636,"boeck2020\/dar":0.6666666667,"davies2009\/mirex_qm_tempotracker":0.1818181818,"percival2014\/stem":0.303030303,"schreiber2014\/default":0.3636363636,"schreiber2017\/ismir2017":0.4545454545,"schreiber2017\/mirex2017":0.4545454545,"schreiber2018\/cnn":0.303030303,"schreiber2018\/fcn":0.2424242424,"schreiber2018\/ismir2018":0.2727272727},"none":{"boeck2015\/tempodetector2016_default":0.9473684211,"boeck2019\/multi_task":0.8947368421,"boeck2019\/multi_task_hjdb":0.9473684211,"boeck2020\/dar":1.0,"davies2009\/mirex_qm_tempotracker":0.8947368421,"percival2014\/stem":0.8421052632,"schreiber2014\/default":0.9473684211,"schreiber2017\/ismir2017":0.9473684211,"schreiber2017\/mirex2017":0.9473684211,"schreiber2018\/cnn":0.8947368421,"schreiber2018\/fcn":1.0,"schreiber2018\/ismir2018":0.8947368421},"no repetition":{"boeck2015\/tempodetector2016_default":0.5,"boeck2019\/multi_task":0.1666666667,"boeck2019\/multi_task_hjdb":0.3333333333,"boeck2020\/dar":0.3333333333,"davies2009\/mirex_qm_tempotracker":0.1666666667,"percival2014\/stem":0.3333333333,"schreiber2014\/default":0.1666666667,"schreiber2017\/ismir2017":0.6666666667,"schreiber2017\/mirex2017":0.6666666667,"schreiber2018\/cnn":0.0,"schreiber2018\/fcn":0.1666666667,"schreiber2018\/ismir2018":0.1666666667},"missing bass":{"boeck2015\/tempodetector2016_default":0.6666666667,"boeck2019\/multi_task":0.6527777778,"boeck2019\/multi_task_hjdb":0.5972222222,"boeck2020\/dar":0.6666666667,"davies2009\/mirex_qm_tempotracker":0.2083333333,"percival2014\/stem":0.4027777778,"schreiber2014\/default":0.5138888889,"schreiber2017\/ismir2017":0.4722222222,"schreiber2017\/mirex2017":0.5277777778,"schreiber2018\/cnn":0.4305555556,"schreiber2018\/fcn":0.3611111111,"schreiber2018\/ismir2018":0.4166666667},"low familiarity with the song\/style":{"boeck2015\/tempodetector2016_default":0.347826087,"boeck2019\/multi_task":0.4782608696,"boeck2019\/multi_task_hjdb":0.347826087,"boeck2020\/dar":0.652173913,"davies2009\/mirex_qm_tempotracker":0.1304347826,"percival2014\/stem":0.2608695652,"schreiber2014\/default":0.2608695652,"schreiber2017\/ismir2017":0.3913043478,"schreiber2017\/mirex2017":0.3913043478,"schreiber2018\/cnn":0.347826087,"schreiber2018\/fcn":0.4347826087,"schreiber2018\/ismir2018":0.1739130435},"lack of transient sounds":{"boeck2015\/tempodetector2016_default":0.7,"boeck2019\/multi_task":0.6428571429,"boeck2019\/multi_task_hjdb":0.6714285714,"boeck2020\/dar":0.7142857143,"davies2009\/mirex_qm_tempotracker":0.2142857143,"percival2014\/stem":0.3571428571,"schreiber2014\/default":0.4857142857,"schreiber2017\/ismir2017":0.4571428571,"schreiber2017\/mirex2017":0.5142857143,"schreiber2018\/cnn":0.3428571429,"schreiber2018\/fcn":0.3,"schreiber2018\/ismir2018":0.3285714286},"lack of harmonic change":{"boeck2015\/tempodetector2016_default":0.7142857143,"boeck2019\/multi_task":0.2857142857,"boeck2019\/multi_task_hjdb":0.2857142857,"boeck2020\/dar":0.5714285714,"davies2009\/mirex_qm_tempotracker":0.1428571429,"percival2014\/stem":0.2857142857,"schreiber2014\/default":0.2857142857,"schreiber2017\/ismir2017":0.5714285714,"schreiber2017\/mirex2017":0.5714285714,"schreiber2018\/cnn":0.2857142857,"schreiber2018\/fcn":0.4285714286,"schreiber2018\/ismir2018":0.4285714286},"gradual tempo change":{"boeck2015\/tempodetector2016_default":0.6545454545,"boeck2019\/multi_task":0.5636363636,"boeck2019\/multi_task_hjdb":0.4909090909,"boeck2020\/dar":0.6363636364,"davies2009\/mirex_qm_tempotracker":0.2545454545,"percival2014\/stem":0.3636363636,"schreiber2014\/default":0.5090909091,"schreiber2017\/ismir2017":0.5272727273,"schreiber2017\/mirex2017":0.5636363636,"schreiber2018\/cnn":0.4727272727,"schreiber2018\/fcn":0.4363636364,"schreiber2018\/ismir2018":0.3818181818},"expressive timing":{"boeck2015\/tempodetector2016_default":0.5806451613,"boeck2019\/multi_task":0.5806451613,"boeck2019\/multi_task_hjdb":0.5161290323,"boeck2020\/dar":0.6129032258,"davies2009\/mirex_qm_tempotracker":0.1693548387,"percival2014\/stem":0.3306451613,"schreiber2014\/default":0.4758064516,