Estimator,AOE1_MEAN,AOE1_STDEV,AOE2_MEAN,AOE2_STDEV
schreiber2014/default,0.45767375052932563,0.4473364025147114,0.126997704348724,0.14862052220801586
schreiber2018/fcn,0.47776367714568996,0.5018037039971325,0.13523698161149297,0.15544926057291178
schreiber2018/cnn,0.482131228729121,0.48733780609791066,0.12732608706288281,0.14908026923308704
boeck2015/tempodetector2016_default,0.501275790137573,0.6026204176443368,0.07709476907688312,0.12627483934605152
schreiber2018/ismir2018,0.5016142851602543,0.4713850108636464,0.15481173800624698,0.16520030915799858
percival2014/stem,0.5055987556342836,0.47532248423026824,0.14658011064648246,0.1472049113750859
schreiber2017/mirex2017,0.5156946271545518,0.5595121246346917,0.12216217868516949,0.16160881722630985
schreiber2017/ismir2017,0.590621923340616,0.5676334359277859,0.1309329216834036,0.16622309227199725
davies2009/mirex_qm_tempotracker,0.9125894694455793,0.602750976520966,0.16766168059844985,0.15260594288402088
