{"boeck2015\/tempodetector2016_default":{"boeck2015\/tempodetector2016_default":1.0,"davies2009\/mirex_qm_tempotracker":1.204638015e-17,"percival2014\/stem":0.0000056562,"schreiber2014\/default":0.0022275315,"schreiber2017\/ismir2017":0.0000140131,"schreiber2017\/mirex2017":0.0153466778,"schreiber2018\/cnn":0.0010900838,"schreiber2018\/fcn":0.005152397,"schreiber2018\/ismir2018":0.0000506227},"davies2009\/mirex_qm_tempotracker":{"boeck2015\/tempodetector2016_default":1.204638015e-17,"davies2009\/mirex_qm_tempotracker":1.0,"percival2014\/stem":0.0000031213,"schreiber2014\/default":0.0000000004,"schreiber2017\/ismir2017":0.0000004567,"schreiber2017\/mirex2017":0.0000000002,"schreiber2018\/cnn":0.0,"schreiber2018\/fcn":0.0,"schreiber2018\/ismir2018":0.0000000246},"percival2014\/stem":{"boeck2015\/tempodetector2016_default":0.0000056562,"davies2009\/mirex_qm_tempotracker":0.0000031213,"percival2014\/stem":1.0,"schreiber2014\/default":0.0402235641,"schreiber2017\/ismir2017":0.3210619923,"schreiber2017\/mirex2017":0.0145075422,"schreiber2018\/cnn":0.0649086471,"schreiber2018\/fcn":0.0247460358,"schreiber2018\/ismir2018":0.4513808324},"schreiber2014\/default":{"boeck2015\/tempodetector2016_default":0.0022275315,"davies2009\/mirex_qm_tempotracker":0.0000000004,"percival2014\/stem":0.0402235641,"schreiber2014\/default":1.0,"schreiber2017\/ismir2017":0.3916029105,"schreiber2017\/mirex2017":0.4347240007,"schreiber2018\/cnn":0.8679394004,"schreiber2018\/fcn":0.8803958213,"schreiber2018\/ismir2018":0.2026387511},"schreiber2017\/ismir2017":{"boeck2015\/tempodetector2016_default":0.0000140131,"davies2009\/mirex_qm_tempotracker":0.0000004567,"percival2014\/stem":0.3210619923,"schreiber2014\/default":0.3916029105,"schreiber2017\/ismir2017":1.0,"schreiber2017\/mirex2017":0.0043435097,"schreiber2018\/cnn":0.6025370061,"schreiber2018\/fcn":0.2975952083,"schreiber2018\/ismir2018":0.7978938832},"schreiber2017\/mirex2017":{"boeck2015\/tempodetector2016_default":0.0153466778,"davies2009\/mirex_qm_tempotracker":0.0000000002,"percival2014\/stem":0.0145075422,"schreiber2014\/default":0.4347240007,"schreiber2017\/ismir2017":0.0043435097,"schreiber2017\/mirex2017":1.0,"schreiber2018\/cnn":0.3210619923,"schreiber2018\/fcn":0.6197963885,"schreiber2018\/ismir2018":0.0646716875},"schreiber2018\/cnn":{"boeck2015\/tempodetector2016_default":0.0010900838,"davies2009\/mirex_qm_tempotracker":0.0,"percival2014\/stem":0.0649086471,"schreiber2014\/default":0.8679394004,"schreiber2017\/ismir2017":0.6025370061,"schreiber2017\/mirex2017":0.3210619923,"schreiber2018\/cnn":1.0,"schreiber2018\/fcn":0.6654658121,"schreiber2018\/ismir2018":0.2004884221},"schreiber2018\/fcn":{"boeck2015\/tempodetector2016_default":0.005152397,"davies2009\/mirex_qm_tempotracker":0.0,"percival2014\/stem":0.0247460358,"schreiber2014\/default":0.8803958213,"schreiber2017\/ismir2017":0.2975952083,"schreiber2017\/mirex2017":0.6197963885,"schreiber2018\/cnn":0.6654658121,"schreiber2018\/fcn":1.0,"schreiber2018\/ismir2018":0.1114028911},"schreiber2018\/ismir2018":{"boeck2015\/tempodetector2016_default":0.0000506227,"davies2009\/mirex_qm_tempotracker":0.0000000246,"percival2014\/stem":0.4513808324,"schreiber2014\/default":0.2026387511,"schreiber2017\/ismir2017":0.7978938832,"schreiber2017\/mirex2017":0.0646716875,"schreiber2018\/cnn":0.2004884221,"schreiber2018\/fcn":0.1114028911,"schreiber2018\/ismir2018":1.0}}