{"OE1_MEAN":{"schreiber2018\/ismir2018":0.3748113238,"schreiber2018\/cnn":0.3679506574,"schreiber2014\/default":0.2462979071,"percival2014\/stem":0.3198169769,"schreiber2018\/fcn":0.3147114013,"davies2009\/mirex_qm_tempotracker":0.8693101374,"boeck2015\/tempodetector2016_default":0.3676260998,"schreiber2017\/mirex2017":-0.0565039498,"schreiber2017\/ismir2017":0.1186112567},"OE1_STDEV":{"schreiber2018\/ismir2018":0.5772367889,"schreiber2018\/cnn":0.5783320262,"schreiber2014\/default":0.5906968549,"percival2014\/stem":0.6156124333,"schreiber2018\/fcn":0.6172315691,"davies2009\/mirex_qm_tempotracker":0.6634030546,"boeck2015\/tempodetector2016_default":0.6920849865,"schreiber2017\/mirex2017":0.7586700948,"schreiber2017\/ismir2017":0.8104015482},"OE2_MEAN":{"schreiber2018\/ismir2018":-0.0150712224,"schreiber2018\/cnn":-0.0042817736,"schreiber2014\/default":-0.0214197773,"percival2014\/stem":0.0071458939,"schreiber2018\/fcn":-0.0133506955,"davies2009\/mirex_qm_tempotracker":0.0505858861,"boeck2015\/tempodetector2016_default":0.0233899246,"schreiber2017\/mirex2017":-0.0188545258,"schreiber2017\/ismir2017":-0.0092914507},"OE2_STDEV":{"schreiber2018\/ismir2018":0.2256763558,"schreiber2018\/cnn":0.1956680229,"schreiber2014\/default":0.1942303972,"percival2014\/stem":0.2074249449,"schreiber2018\/fcn":0.2053510052,"davies2009\/mirex_qm_tempotracker":0.220922723,"boeck2015\/tempodetector2016_default":0.1460180996,"schreiber2017\/mirex2017":0.2016932166,"schreiber2017\/ismir2017":0.2113807385}}