Estimator,boeck2015/tempodetector2016_default,davies2009/mirex_qm_tempotracker,percival2014/stem,schreiber2014/default,schreiber2017/ismir2017,schreiber2017/mirex2017,schreiber2018/cnn,schreiber2018/fcn,schreiber2018/ismir2018
boeck2015/tempodetector2016_default,1.0,2.5562465642427826e-17,0.917585959750084,0.31711054883893974,0.0340565902052203,0.7358966638935625,0.6264270468119086,0.560032893778173,0.993574920357098
davies2009/mirex_qm_tempotracker,2.5562465642427826e-17,1.0,1.1206566485303736e-23,1.3281444070088695e-25,2.1235163925963583e-10,1.6852435974285336e-12,3.338781462972353e-25,2.5936274087041273e-21,9.07818588166622e-24
percival2014/stem,0.917585959750084,1.1206566485303736e-23,1.0,0.08201991631253475,0.029947203657557733,0.8107853144950925,0.44720124607390477,0.4224759752801187,0.8930961431244465
schreiber2014/default,0.31711054883893974,1.3281444070088695e-25,0.08201991631253475,1.0,0.000809227263224533,0.1674128936907221,0.3600603541928785,0.5564177435223683,0.1016033655205599
schreiber2017/ismir2017,0.0340565902052203,2.1235163925963583e-10,0.029947203657557733,0.000809227263224533,1.0,0.0030841123705951192,0.012100156865994017,0.007195380111053629,0.044457691859411806
schreiber2017/mirex2017,0.7358966638935625,1.6852435974285336e-12,0.8107853144950925,0.1674128936907221,0.0030841123705951192,1.0,0.4436232824154541,0.3636795762574745,0.7594228894431889
schreiber2018/cnn,0.6264270468119086,3.338781462972353e-25,0.44720124607390477,0.3600603541928785,0.012100156865994017,0.4436232824154541,1.0,0.8919554276401388,0.4228726736664863
schreiber2018/fcn,0.560032893778173,2.5936274087041273e-21,0.4224759752801187,0.5564177435223683,0.007195380111053629,0.3636795762574745,0.8919554276401388,1.0,0.48139980179486186
schreiber2018/ismir2018,0.993574920357098,9.07818588166622e-24,0.8930961431244465,0.1016033655205599,0.044457691859411806,0.7594228894431889,0.4228726736664863,0.48139980179486186,1.0
