{"boeck2015\/tempodetector2016_default":{"boeck2015\/tempodetector2016_default":1.0,"boeck2019\/multi_task":0.1527631655,"boeck2019\/multi_task_hjdb":0.0198547016,"boeck2020\/dar":0.1501806201,"davies2009\/mirex_qm_tempotracker":0.0704353194,"percival2014\/stem":0.3036270552,"schreiber2014\/default":0.0022644569,"schreiber2017\/ismir2017":0.0073295276,"schreiber2017\/mirex2017":0.0024691011,"schreiber2018\/cnn":0.0780118163,"schreiber2018\/fcn":0.0232197643,"schreiber2018\/ismir2018":0.0245647223,"sun2021\/default":0.1242434091},"boeck2019\/multi_task":{"boeck2015\/tempodetector2016_default":0.1527631655,"boeck2019\/multi_task":1.0,"boeck2019\/multi_task_hjdb":0.1337955816,"boeck2020\/dar":0.879283051,"davies2009\/mirex_qm_tempotracker":0.0040171357,"percival2014\/stem":0.7483889308,"schreiber2014\/default":0.1272822843,"schreiber2017\/ismir2017":0.2260235688,"schreiber2017\/mirex2017":0.1324219342,"schreiber2018\/cnn":0.7146076131,"schreiber2018\/fcn":0.3344494218,"schreiber2018\/ismir2018":0.3444063204,"sun2021\/default":0.9051130388},"boeck2019\/multi_task_hjdb":{"boeck2015\/tempodetector2016_default":0.0198547016,"boeck2019\/multi_task":0.1337955816,"boeck2019\/multi_task_hjdb":1.0,"boeck2020\/dar":0.1410675155,"davies2009\/mirex_qm_tempotracker":0.0003165413,"percival2014\/stem":0.2709973577,"schreiber2014\/default":0.58521684,"schreiber2017\/ismir2017":0.7564413242,"schreiber2017\/mirex2017":0.5938287279,"schreiber2018\/cnn":0.612266365,"schreiber2018\/fcn":0.9750404258,"schreiber2018\/ismir2018":0.8939087605,"sun2021\/default":0.4168313783},"boeck2020\/dar":{"boeck2015\/tempodetector2016_default":0.1501806201,"boeck2019\/multi_task":0.879283051,"boeck2019\/multi_task_hjdb":0.1410675155,"boeck2020\/dar":1.0,"davies2009\/mirex_qm_tempotracker":0.0053561946,"percival2014\/stem":0.8154441371,"schreiber2014\/default":0.1276769812,"schreiber2017\/ismir2017":0.2018791187,"schreiber2017\/mirex2017":0.1257894357,"schreiber2018\/cnn":0.6428953951,"schreiber2018\/fcn":0.303749398,"schreiber2018\/ismir2018":0.2990208408,"sun2021\/default":0.8280202399},"davies2009\/mirex_qm_tempotracker":{"boeck2015\/tempodetector2016_default":0.0704353194,"boeck2019\/multi_task":0.0040171357,"boeck2019\/multi_task_hjdb":0.0003165413,"boeck2020\/dar":0.0053561946,"davies2009\/mirex_qm_tempotracker":1.0,"percival2014\/stem":0.0397876019,"schreiber2014\/default":0.000133316,"schreiber2017\/ismir2017":0.000298857,"schreiber2017\/mirex2017":0.0001288978,"schreiber2018\/cnn":0.0069194678,"schreiber2018\/fcn":0.0009726138,"schreiber2018\/ismir2018":0.0012927829,"sun2021\/default":0.0061076418},"percival2014\/stem":{"boeck2015\/tempodetector2016_default":0.3036270552,"boeck2019\/multi_task":0.7483889308,"boeck2019\/multi_task_hjdb":0.2709973577,"boeck2020\/dar":0.8154441371,"davies2009\/mirex_qm_tempotracker":0.0397876019,"percival2014\/stem":1.0,"schreiber2014\/default":0.1257912455,"schreiber2017\/ismir2017":0.136996749,"schreiber2017\/mirex2017":0.1045748963,"schreiber2018\/cnn":0.4850206935,"schreiber2018\/fcn":0.2493390769,"schreiber2018\/ismir2018":0.2249732439,"sun2021\/default":0.6576482236},"schreiber2014\/default":{"boeck2015\/tempodetector2016_default":0.0022644569,"boeck2019\/multi_task":0.1272822843,"boeck2019\/multi_task_hjdb":0.58521684,"boeck2020\/dar":0.1276769812,"davies2009\/mirex_qm_tempotracker":0.000133316,"percival2014\/stem":0.1257912455,"schreiber2014\/default":1.0,"schreiber2017\/ismir2017":0.7634005955,"schreiber2017\/mirex2017":0.9600235239,"schreiber2018\/cnn":0.2880646495,"schreiber2018\/fcn":0.6110173687,"schreiber2018\/ismir2018":0.7157543672,"sun2021\/default":0.220350368},"schreiber2017\/ismir2017":{"boeck2015\/tempodetector2016_default":0.0073295276,"boeck2019\/multi_task":0.2260235688,"boeck2019\/multi_task_hjdb":0.7564413242,"boeck2020\/dar":0.2018791187,"davies2009\/mirex_qm_tempotracker":0.000298857,"percival2014\/stem":0.136996749,"schreiber2014\/default":0.7634005955,"schreiber2017\/ismir2017":1.0,"schreiber2017\/mirex2017":0.7407615893,"schreiber2018\/cnn":0.4095814423,"schreiber2018\/fcn":0.7818531373,"schreiber2018\/ismir2018":0.8811597358,"sun2021\/default":0.3274383972},"schreiber2017\/mirex2017":{"boeck2015\/tempodetector2016_default":0.0024691011,"boeck2019\/multi_task":0.1324219342,"boeck2019\/multi_task_hjdb":0.5938287279,"boeck2020\/dar":0.1257894357,"davies2009\/mirex_qm_tempotracker":0.0001288978,"percival2014\/stem":0.1045748963,"schreiber2014\/default":0.9600235239,"schreiber2017\/ismir2017":0.7407615893,"schreiber2017\/mirex2017":1.0,"schreiber2018\/cnn":0.3036667846,"schreiber2018\/fcn":0.6334731159,"schreiber2018\/ismir2018":0.7456230467,"sun2021\/default":0.2252606932},"schreiber2018\/cnn":{"boeck2015\/tempodetector2016_default":0.0780118163,"boeck2019\/multi_task":0.7146076131,"boeck2019\/multi_task_hjdb":0.612266365,"boeck2020\/dar":0.6428953951,"davies2009\/mirex_qm_tempotracker":0.0069194678,"percival2014\/stem":0.4850206935,"schreiber2014\/default":0.2880646495,"schreiber2017\/ismir2017":0.4095814423,"schreiber2017\/mirex2017":0.3036667846,"schreiber2018\/cnn":1.0,"schreiber2018\/fcn":0.5389529544,"schreiber2018\/ismir2018":0.5151045859,"sun2021\/default":0.8234769958},"schreiber2018\/fcn":{"boeck2015\/tempodetector2016_default":0.0232197643,"boeck2019\/multi_task":0.3344494218,"boeck2019\/multi_task_hjdb":0.9750404258,"boeck2020\/dar":0.303749398,"davies2009\/mirex_qm_tempotracker":0.0009726138,"percival2014\/stem":0.2493390769,"schreiber2014\/default":0.6110173687,"schreiber2017\/ismir2017":0.7818531373,"schreiber2017\/mirex2017":0.6334731159,"schreiber2018\/cnn":0.5389529544,"schreiber2018\/fcn":1.0,"schreiber2018\/ismir2018":0.9183528099,"sun2021\/default":0.4695784512},"schreiber2018\/ismir2018":{"boeck2015\/tempodetector2016_default":0.0245647223,"boeck2019\/multi_task":0.3444063204,"boeck2019\/multi_task_hjdb":0.8939087605,"boeck2020\/dar":0.2990208408,"davies2009\/mirex_qm_tempotracker":0.0012927829,"percival2014\/stem":0.2249732439,"schreiber2014\/default":0.7157543672,"schreiber2017\/ismir2017":0.8811597358,"schreiber2017\/mirex2017":0.7456230467,"schreiber2018\/cnn":0.5151045859,"schreiber2018\/fcn":0.9183528099,"schreiber2018\/ismir2018":1.0,"sun2021\/default":0.4051531044},"sun2021\/default":{"boeck2015\/tempodetector2016_default":0.1242434091,"boeck2019\/multi_task":0.9051130388,"boeck2019\/multi_task_hjdb":0.4168313783,"boeck2020\/dar":0.8280202399,"davies2009\/mirex_qm_tempotracker":0.0061076418,"percival2014\/stem":0.6576482236,"schreiber2014\/default":0.220350368,"schreiber2017\/ismir2017":0.3274383972,"schreiber2017\/mirex2017":0.2252606932,"schreiber2018\/cnn":0.8234769958,"schreiber2018\/fcn":0.4695784512,"schreiber2018\/ismir2018":0.4051531044,"sun2021\/default":1.0}}