{"boeck2015\/tempodetector2016_default":{"0.0":null,"0.005":0.0037503362,"0.01":0.0037503362,"0.015":0.0037503362,"0.02":-0.0020699026,"0.025":-0.0015460643,"0.03":-0.0015460643,"0.035":0.0375707435,"0.04":0.0670250761,"0.045":0.0519683667,"0.05":0.0353280515,"0.055":0.0251878701,"0.06":0.0189375543,"0.065":0.0183300654,"0.07":0.0120327413,"0.075":0.0119528158,"0.08":0.0101608588,"0.085":0.0083699986,"0.09":0.008633381,"0.095":0.010679387,"0.1":0.008361983,"0.105":0.0091355395,"0.11":0.0111741114,"0.115":0.0142816306,"0.12":0.0152371486,"0.125":0.0147110295,"0.13":0.0166369911,"0.135":0.017203324,"0.14":0.0173199891,"0.145":0.0171996574,"0.15":0.0157158696,"0.155":0.0157628251,"0.16":0.0171810493,"0.165":0.0152465057,"0.17":0.0208349817,"0.175":0.0213364796,"0.18":0.0213516284,"0.185":0.0219446944,"0.19":0.0204088315,"0.195":0.0204088315,"0.2":0.0190668636,"0.205":0.017647224,"0.21":0.0182367919,"0.215":0.0182367919,"0.22":0.0183645839,"0.225":0.0186133059,"0.23":0.0185015366,"0.235":0.0188429292,"0.24":0.0219862237,"0.245":0.0207837145,"0.25":0.0207837145,"0.255":0.0207832436,"0.26":0.0212878865,"0.265":0.0212878865,"0.27":0.0217852213,"0.275":0.0217852213,"0.28":0.0210800406,"0.285":0.0210800406,"0.29":0.0210800406,"0.295":0.0210800406,"0.3":0.0210800406,"0.305":0.0214447008,"0.31":0.0214447008,"0.315":0.0214447008,"0.32":0.0214447008,"0.325":0.0249717331,"0.33":0.0249717331,"0.335":0.0249717331,"0.34":0.0238940784,"0.345":0.0238940784,"0.35":0.0239571886,"0.355":0.0239571886,"0.36":0.0239571886,"0.365":0.0239571886,"0.37":0.0239571886,"0.375":0.0239571886,"0.38":0.0239571886,"0.385":0.0239571886,"0.39":0.0239571886,"0.395":0.0239571886,"0.4":0.0239571886,"0.405":0.0239571886,"0.41":0.0239571886,"0.415":0.0239571886,"0.42":0.0239571886,"0.425":0.0239571886,"0.43":0.0239571886,"0.435":0.0239571886,"0.44":0.0239571886,"0.445":0.0239571886,"0.45":0.0239571886,"0.455":0.0239571886,"0.46":0.0239571886,"0.465":0.0239571886,"0.47":0.024311841,"0.475":0.024311841,"0.48":0.024311841,"0.485":0.024311841,"0.49":0.024311841,"0.495":0.024311841,"0.5":0.024311841},"davies2009\/mirex_qm_tempotracker":{"0.0":null,"0.005":0.0316357077,"0.01":0.0316357077,"0.015":0.0316357077,"0.02":0.0285787045,"0.025":0.0246059835,"0.03":0.0246059835,"0.035":0.0152709926,"0.04":0.0194390517,"0.045":0.0465748083,"0.05":0.0143581,"0.055":0.0197006531,"0.06":0.0380961793,"0.065":0.0414701873,"0.07":0.0603001543,"0.075":0.055079804,"0.08":0.0511464466,"0.085":0.0441756951,"0.09":0.0478469316,"0.095":0.0482284678,"0.1":0.0465879899,"0.105":0.0457749824,"0.11":0.0441092733,"0.115":0.0514970779,"0.12":0.0486765514,"0.125":0.049134175,"0.13":0.047753066,"0.135":0.0485480789,"0.14":0.0460320413,"0.145":0.0475264757,"0.15":0.0449703913,"0.155":0.0483867869,"0.16":0.0505529593,"0.165":0.0489631417,"0.17":0.0547413187,"0.175":0.0559143421,"0.18":0.0548946754,"0.185":0.0553942833,"0.19":0.0540080289,"0.195":0.0540080289,"0.2":0.0540246798,"0.205":0.054571405,"0.21":0.0546339313,"0.215":0.0546339313,"0.22":0.0546539079,"0.225":0.0556427217,"0.23":0.0549785171,"0.235":0.0526237688,"0.24":0.0548618856,"0.245":0.0551324113,"0.25":0.0551324113,"0.255":0.0557120913,"0.26":0.0511263498,"0.265":0.0511263498,"0.27":0.0499166643,"0.275":0.0499166643,"0.28":0.0483904431,"0.285":0.0483904431,"0.29":0.0483904431,"0.295":0.0483904431,"0.3":0.0483904431,"0.305":0.0489316822,"0.31":0.0489316822,"0.315":0.0489316822,"0.32":0.0489316822,"0.325":0.0515841996,"0.33":0.0515841996,"0.335":0.0515841996,"0.34":0.0504149838,"0.345":0.0504149838,"0.35":0.0515763393,"0.355":0.0515763393,"0.36":0.0515763393,"0.365":0.0515763393,"0.37":0.0515763393,"0.375":0.0515763393,"0.38":0.0515763393,"0.385":0.0515763393,"0.39":0.0515763393,"0.395":0.0515763393,"0.4":0.0515763393,"0.405":0.0515763393,"0.41":0.0515763393,"0.415":0.0515763393,"0.42":0.0515763393,"0.425":0.0515763393,"0.43":0.0515763393,"0.435":0.0515763393,"0.44":0.0515763393,"0.445":0.0515763393,"0.45":0.0515763393,"0.455":0.0515763393,"0.46":0.0515763393,"0.465":0.0515763393,"0.47":0.0515748728,"0.475":0.0515748728,"0.48":0.0515748728,"0.485":0.0515748728,"0.49":0.0515748728,"0.495":0.0515748728,"0.5":0.0515748728},"percival2014\/stem":{"0.0":null,"0.005":-0.0011109903,"0.01":-0.0011109903,"0.015":-0.0011109903,"0.02":0.0000658319,"0.025":-0.0010760785,"0.03":-0.0010760785,"0.035":0.0371806918,"0.04":0.0501639417,"0.045":0.0045335758,"0.05":-0.0141097419,"0.055":-0.0004963345,"0.06":-0.0001669977,"0.065":0.0059454505,"0.07":-0.0005718784,"0.075":0.0078083953,"0.08":0.0019046066,"0.085":0.0056975967,"0.09":-0.0001178344,"0.095":-0.0083710202,"0.1":-0.0132889536,"0.105":-0.0144096608,"0.11":-0.0148423198,"0.115":-0.0163254645,"0.12":-0.0176707773,"0.125":-0.0169469354,"0.13":-0.0142808319,"0.135":-0.0129616363,"0.14":-0.0101480943,"0.145":-0.0082322798,"0.15":-0.0070374805,"0.155":-0.0045096783,"0.16":-0.0055006502,"0.165":-0.0056299829,"0.17":0.0019473386,"0.175":0.0021405498,"0.18":0.003910974,"0.185":0.0045576876,"0.19":0.0046587121,"0.195":0.0046587121,"0.2":0.0019609038,"0.205":0.0027092974,"0.21":0.0011581133,"0.215":0.0011581133,"0.22":0.0010732071,"0.225":0.0022157295,"0.23":0.0021411894,"0.235":0.0030355285,"0.24":0.0042467241,"0.245":0.0035724055,"0.25":0.0035724055,"0.255":0.0048026596,"0.26":0.0064409852,"0.265":0.0064409852,"0.27":0.006761148,"0.275":0.006761148,"0.28":0.0055875937,"0.285":0.0055875937,"0.29":0.0055875937,"0.295":0.0055875937,"0.3":0.0055875937,"0.305":0.0060919416,"0.31":0.0060919416,"0.315":0.0060919416,"0.32":0.0060919416,"0.325":0.0057199531,"0.33":0.0057199531,"0.335":0.0057199531,"0.34":0.0047650405,"0.345":0.0047650405,"0.35":0.0063209205,"0.355":0.0063209205,"0.36":0.0063209205,"0.365":0.0063209205,"0.37":0.0063209205,"0.375":0.0063209205,"0.38":0.0063209205,"0.385":0.0063209205,"0.39":0.0063209205,"0.395":0.0063209205,"0.4":0.0063209205,"0.405":0.0063209205,"0.41":0.0063209205,"0.415":0.0063209205,"0.42":0.0063209205,"0.425":0.0063209205,"0.43":0.0063209205,"0.435":0.0063209205,"0.44":0.0063209205,"0.445":0.0063209205,"0.45":0.0063209205,"0.455":0.0063209205,"0.46":0.0063209205,"0.465":0.0063209205,"0.47":0.0071696151,"0.475":0.0071696151,"0.48":0.0071696151,"0.485":0.0071696151,"0.49":0.0071696151,"0.495":0.0071696151,"0.5":0.0071696151},"schreiber2014\/default":{"0.0":null,"0.005":-0.0010625757,"0.01":-0.0010625757,"0.015":-0.0010625757,"0.02":-0.0000277779,"0.025":-0.0012654431,"0.03":-0.0012654431,"0.035":0.0178227379,"0.04":0.0493915502,"0.045":-0.0248234302,"0.05":-0.040734642,"0.055":-0.0482665968,"0.06":-0.0472843485,"0.065":-0.0442146055,"0.07":-0.0360903628,"0.075":-0.0323017233,"0.08":-0.0236765371,"0.085":-0.0312660155,"0.09":-0.0272866791,"0.095":-0.0252546727,"0.1":-0.0243163283,"0.105":-0.0290537665,"0.11":-0.0339207497,"0.115":-0.0312071805,"0.12":-0.0303774843,"0.125":-0.0326256593,"0.13":-0.0321857374,"0.135":-0.028515813,"0.14":-0.0365758775,"0.145":-0.0356451474,"0.15":-0.0382354551,"0.155":-0.036235051,"0.16":-0.0308306203,"0.165":-0.0302783616,"0.17":-0.0290729458,"0.175":-0.030581167,"0.18":-0.0310283945,"0.185":-0.0306053169,"0.19":-0.0323324287,"0.195":-0.0323324287,"0.2":-0.0333420427,"0.205":-0.0327849117,"0.21":-0.0290892161,"0.215":-0.0290892161,"0.22":-0.0303161256,"0.225":-0.0299854382,"0.23":-0.0301330799,"0.235":-0.0291784978,"0.24":-0.0294617455,"0.245":-0.0284468462,"0.25":-0.0284468462,"0.255":-0.0301111135,"0.26":-0.0299521716,"0.265":-0.0299521716,"0.27":-0.0271860526,"0.275":-0.0271860526,"0.28":-0.0249307071,"0.285":-0.0249307071,"0.29":-0.0249307071,"0.295":-0.0249307071,"0.3":-0.0249307071,"0.305":-0.0239931167,"0.31":-0.0239931167,"0.315":-0.0239931167,"0.32":-0.0239931167,"0.325":-0.0227568126,"0.33":-0.0227568126,"0.335":-0.0227568126,"0.34":-0.0236360941,"0.345":-0.0236360941,"0.35":-0.0220266712,"0.355":-0.0220266712,"0.36":-0.0220266712,"0.365":-0.0220266712,"0.37":-0.0220266712,"0.375":-0.0220266712,"0.38":-0.0220266712,"0.385":-0.0220266712,"0.39":-0.0220266712,