{"1.0":{"0.0":0.0,"1.0":0.0,"2.0":0.0,"3.0":0.0,"4.0":0.0,"5.0":0.0,"6.0":0.0,"7.0":0.0,"8.0":0.0,"9.0":0.0,"10.0":0.0,"11.0":0.0,"12.0":0.0,"13.0":0.0,"14.0":0.0,"15.0":0.0,"16.0":0.0,"17.0":0.0,"18.0":0.0,"19.0":0.0,"20.0":0.0,"21.0":0.0,"22.0":0.0,"23.0":0.0,"24.0":0.0,"25.0":0.0,"26.0":0.0,"27.0":0.0,"28.0":0.0092165899,"29.0":0.0138248848,"30.0":0.0230414747,"31.0":0.0460829493,"32.0":0.0552995392,"33.0":0.0552995392,"34.0":0.0552995392,"35.0":0.069124424,"36.0":0.0783410138,"37.0":0.0921658986,"38.0":0.0875576037,"39.0":0.0829493088,"40.0":0.0875576037,"41.0":0.0783410138,"42.0":0.0737327189,"43.0":0.0875576037,"44.0":0.1059907834,"45.0":0.1013824885,"46.0":0.0829493088,"47.0":0.0783410138,"48.0":0.0967741935,"49.0":0.1013824885,"50.0":0.0967741935,"51.0":0.1059907834,"52.0":0.1198156682,"53.0":0.1105990783,"54.0":0.1105990783,"55.0":0.1152073733,"56.0":0.1382488479,"57.0":0.1566820276,"58.0":0.1474654378,"59.0":0.1797235023,"60.0":0.1889400922,"61.0":0.1935483871,"62.0":0.1797235023,"63.0":0.198156682,"64.0":0.1935483871,"65.0":0.198156682,"66.0":0.202764977,"67.0":0.1889400922,"68.0":0.198156682,"69.0":0.1751152074,"70.0":0.1566820276,"71.0":0.1382488479,"72.0":0.1566820276,"73.0":0.133640553,"74.0":0.1382488479,"75.0":0.133640553,"76.0":0.1290322581,"77.0":0.1244239631,"78.0":0.1013824885,"79.0":0.0921658986,"80.0":0.1059907834,"81.0":0.1059907834,"82.0":0.1013824885,"83.0":0.1152073733,"84.0":0.1059907834,"85.0":0.1059907834,"86.0":0.0921658986,"87.0":0.0875576037,"88.0":0.1152073733,"89.0":0.1244239631,"90.0":0.1152073733,"91.0":0.1198156682,"92.0":0.1059907834,"93.0":0.0967741935,"94.0":0.0967741935,"95.0":0.1105990783,"96.0":0.1059907834,"97.0":0.1198156682,"98.0":0.0921658986,"99.0":0.0875576037,"100.0":0.0967741935,"101.0":0.0829493088,"102.0":0.0783410138,"103.0":0.0783410138,"104.0":0.069124424,"105.0":0.0599078341,"106.0":0.0552995392,"107.0":0.0368663594,"108.0":0.0414746544,"109.0":0.0414746544,"110.0":0.0276497696,"111.0":0.0368663594,"112.0":0.0414746544,"113.0":0.0414746544,"114.0":0.0414746544,"115.0":0.0368663594,"116.0":0.0368663594,"117.0":0.0368663594,"118.0":0.0322580645,"119.0":0.0230414747,"120.0":0.0230414747,"121.0":0.0184331797,"122.0":0.0138248848,"123.0":0.0092165899,"124.0":0.0138248848,"125.0":0.0184331797,"126.0":0.0138248848,"127.0":0.0184331797,"128.0":0.0184331797,"129.0":0.0184331797,"130.0":0.0230414747,"131.0":0.0184331797,"132.0":0.0184331797,"133.0":0.0184331797,"134.0":0.0184331797,"135.0":0.0138248848,"136.0":0.0138248848,"137.0":0.0092165899,"138.0":0.0138248848,"139.0":0.0138248848,"140.0":0.0092165899,"141.0":0.0092165899,"142.0":0.0092165899,"143.0":0.0092165899,"144.0":0.0046082949,"145.0":0.0092165899,"146.0":0.0092165899,"147.0":0.0092165899,"148.0":0.0046082949,"149.0":0.0092165899,"150.0":0.0092165899,"151.0":0.0138248848,"152.0":0.0138248848,"153.0":0.0138248848,"154.0":0.0138248848,"155.0":0.0092165899,"156.0":0.0092165899,"157.0":0.0092165899,"158.0":0.0092165899,"159.0":0.0046082949,"160.0":0.0092165899,"161.0":0.0046082949,"162.0":0.0046082949,"163.0":0.0046082949,"164.0":0.0046082949,"165.0":0.0092165899,"166.0":0.0092165899,"167.0":0.0092165899,"168.0":0.0092165899,"169.0":0.0092165899,"170.0":0.0092165899,"171.0":0.0092165899,"172.0":0.0092165899,"173.0":0.0092165899,"174.0":0.0092165899,"175.0":0.0046082949,"176.0":0.0046082949,"177.0":0.0046082949,"178.0":0.0046082949,"179.0":0.0046082949,"180.0":0.0,"181.0":0.0,"182.0":0.0,"183.0":0.0,"184.0":0.0046082949,"185.0":0.0046082949,"186.0":0.0046082949,"187.0":0.0046082949,"188.0":0.0046082949,"189.0":0.0092165899,"190.0":0.0092165899,"191.0":0.0092165899,"192.0":0.0092165899,"193.0":0.0092165899,"194.0":0.0046082949,"195.0":0.0092165899,"196.0":0.0092165899,"197.0":0.0092165899,"198.0":0.0092165899,"199.0":0.0046082949,"200.0":0.0046082949,"201.0":0.0046082949,"202.0":0.0092165899,"203.0":0.0092165899,"204.0":0.0092165899,"205.0":0.0046082949,"206.0":0.0046082949,"207.0":0.0046082949,"208.0":0.0046082949,"209.0":0.0046082949,"210.0":0.0046082949,"211.0":0.0046082949,"212.0":0.0,"213.0":0.0,"214.0":0.0,"215.0":0.0,"216.0":0.0,"217.0":0.0,"218.0":0.0,"219.0":0.0,"220.0":0.0,"221.0":0.0,"222.0":0.0,"223.0":0.0,"224.0":0.0,"225.0":0.0,"226.0":0.0,"227.0":0.0,"228.0":0.0,"229.0":0.0,"230.0":0.0,"231.0":0.0,"232.0":0.0,"233.0":0.0,"234.0":0.0,"235.0":0.0,"236.0":0.0,"237.0":0.0,"238.0":0.0,"239.0":0.0,"240.0":0.0,"241.0":0.0,"242.0":0.0,"243.0":0.0,"244.0":0.0,"245.0":0.0,"246.0":0.0,"247.0":0.0,"248.0":0.0,"249.0":0.0,"250.0":0.0,"251.0":0.0,"252.0":0.0,"253.0":0.0,"254.0":0.0,"255.0":0.0,"256.0":0.0,"257.0":0.0,"258.0":0.0,"259.0":0.0,"260.0":0.0,"261.0":0.0,"262.0":0.0,"263.0":0.0,"264.0":0.0,"265.0":0.0,"266.0":0.0,"267.0":0.0,"268.0":0.0,"269.0":0.0,"270.0":0.0,"271.0":0.0,"272.0":0.0,"273.0":0.0,"274.0":0.0,"275.0":0.0,"276.0":0.0,"277.0":0.0,"278.0":0.0,"279.0":0.0,"280.0":0.0,"281.0":0.0,"282.0":0.0,"283.0":0.0,"284.0":0.0,"285.0":0.0,"286.0":0.0,"287.0":0.0,"288.0":0.0,"289.0":0.0,"290.0":0.0,"291.0":0.0,"292.0":0.0,"293.0":0.0,"294.0":0.0,"295.0":0.0,"296.0":0.0,"297.0":0.0,"298.0":0.0,"299.0":0.0,"300.0":0.0},"2.0":{"0.0":0.0,"1.0":0.0,"2.0":0.0,"3.0":0.0,"4.0":0.0,"5.0":0.0,"6.0":0.0,"7.0":0.0,"8.0":0.0,"9.0":0.0,"10.0":0.0,"11.0":0.0,"12.0":0.0,"13.0":0.0,"14.0":0.0,"15.0":0.0,"16.0":0.0,"17.0":0.0,"18.0":0.0,"19.0":0.0,"20.0":0.0,"21.0":0.0,"22.0":0.0,"23.0":0.0,"24.0":0.0,"25.0":0.0,"26.0":0.0,"27.0":0.0,"28.0":0.0092165899,"29.0":0.0138248848,"30.0":0.0230414747,"31.0":0.0460829493,"32.0":0.0552995392,"33.0":0.0552995392,"34.0":0.0552995392,"35.0":0.069124424,"36.0":0.0783410138,"37.0":0.0921658986,"38.0":0.0875576037,"39.0":0.0829493088,"40.0":0.0875576037,"41.0":0.0783410138,"42.0":0.0737327189,"43.0":0.0875576037,"44.0":0.1059907834,"45.0":0.1013824885,"46.0":0.0829493088,"47.0":0.0783410138,"48.0":0.0967741935,"49.0":0.1013824885,"50.0":0.0967741935,"51.0":0.1059907834,"52.0":0.1198156682,"53.0":0.1105990783,"54.0":0.1105990783,"55.0":0.1198156682,"56.0":0.1382488479,"57.0":0.1566820276,"58.0":0.1474654378,"59.0":0.1797235023,"60.0":0.1889400922,"61.0":0.1935483871,"62.0":0.1797235023,"63.0":0.198156682,"64.0":0.1935483871,"65.0":0.1935483871,"66.0":0.202764977,"67.0":0.1889400922,"68.0":0.198156682,"69.0":0.1751152074,"70.0":0.1612903226,"71.0":0.1382488479,"72.0":0.1566820276,"73.0":0.133640553,"74.0":0.1382488479,"75.0":0.133640553,"76.0":0.1290322581,"77.0":0.1244239631,"78.0":0.1013824885,"79.0":0.0921658986,"80.0":0.1059907834,"81.0":0.1059907834,"82.0":0.1013824885,"83.0":0.1152073733,"84.0":0.1059907834,"85.0":0.1059907834,"86.0":0.0921658986,"87.0":0.0875576037,"88.0":0.1152073733,"89.0":0.1244239631,"90.0":0.1152073733,"91.0":0.1198156682,"92.0":0.1059907834,"93.0":0.0967741935,"94.0":0.0967741935,"95.0":0.1152073733,"96.0":0.1059907834,"97.0":0.1198156682,"98.0":0.0921658986,"99.0":0.0875576037,"100.0":0.0967741935,"101.0":0.0829493088,"102.0":0.0783410138,"103.0":0.0783410138,"104.0":0.069124424,"105.0":0.064516129,"106.0":0.0552995392,"107.0":0.0368663594,"108.0":0.0414746544,"109.0":0.0414746544,"110.0":0.0276497696,"111.0":0.0368663594,"112.0":0.0414746544,"113.0":0.0414746544,"114.0":0.0414746544,"115.0":0.0368663594,"116.0":0.0368663594,"117.0":0.0368663594,"118.0":0.0322580645,"119.0":0.0230414747,"120.0":0.0276497696,"121.0":0.0184331797,"122.0":0.0138248848,"123.0":0.0092165899,"124.0":0.0138248848,"125.0":0.0184331797,"126.0":0.0138248848,"127.0":0.0184331797,"128.0":0.0184331797,"129.0":0.0184331797,"130.0":0.0184331797,"131.0":0.0184331797,"132.0":0.0184331797,"133.0":0.0184331797,"134.0":0.0184331797,"135.0":0.0138248848,"136.0":0.0138248848,"137.0":0.0092165899,"138.0":0.0138248848,"139.0":0.0138248848,"140.0":0.0092165899,"141.0":0.0092165899,"142.0":0.0092165899,"143.0":0.0092165899,"144.0":0.0046082949,"145.0":0.0092165899,"146.0":0.0092165899,"147.0":0.0092165899,"148.0":0.0046082949,"149.0":0.0092165899,"150.0":0.0092165899,"151.0":0.0138248848,"152.0":0.0138248848,"153.0":0.0138248848,