{"AOE1_MEAN":{"boeck2020\/dar":0.2894450817,"boeck2019\/multi_task_hjdb":0.3661896028,"boeck2019\/multi_task":0.3771380743,"sun2021\/default":0.4101753718,"schreiber2017\/mirex2017":0.414178403,"schreiber2014\/default":0.4576737505,"schreiber2018\/fcn":0.4777636771,"schreiber2018\/cnn":0.4821312287,"schreiber2017\/ismir2017":0.4867500312,"boeck2015\/tempodetector2016_default":0.5012757901,"schreiber2018\/ismir2018":0.5016142852,"percival2014\/stem":0.5055987556,"davies2009\/mirex_qm_tempotracker":0.9125894694},"AOE1_STDEV":{"boeck2020\/dar":0.4251507959,"boeck2019\/multi_task_hjdb":0.4343711411,"boeck2019\/multi_task":0.4434219817,"sun2021\/default":0.4537059623,"schreiber2017\/mirex2017":0.4881338282,"schreiber2014\/default":0.4473364025,"schreiber2018\/fcn":0.501803704,"schreiber2018\/cnn":0.4873378061,"schreiber2017\/ismir2017":0.4677933355,"boeck2015\/tempodetector2016_default":0.6026204176,"schreiber2018\/ismir2018":0.4713850109,"percival2014\/stem":0.4753224842,"davies2009\/mirex_qm_tempotracker":0.6027509765},"AOE2_MEAN":{"boeck2020\/dar":0.0746480657,"boeck2019\/multi_task_hjdb":0.0950976571,"boeck2019\/multi_task":0.0846789617,"sun2021\/default":0.1286494793,"schreiber2017\/mirex2017":0.1193986544,"schreiber2014\/default":0.1269977043,"schreiber2018\/fcn":0.1352369816,"schreiber2018\/cnn":0.1273260871,"schreiber2017\/ismir2017":0.128317188,"boeck2015\/tempodetector2016_default":0.0770947691,"schreiber2018\/ismir2018":0.154811738,"percival2014\/stem":0.1465801106,"davies2009\/mirex_qm_tempotracker":0.1676616806},"AOE2_STDEV":{"boeck2020\/dar":0.1183345761,"boeck2019\/multi_task_hjdb":0.1332759848,"boeck2019\/multi_task":0.1208327028,"sun2021\/default":0.1410210697,"schreiber2017\/mirex2017":0.1496197366,"schreiber2014\/default":0.1486205222,"schreiber2018\/fcn":0.1554492606,"schreiber2018\/cnn":0.1490802692,"schreiber2017\/ismir2017":0.1528376508,"boeck2015\/tempodetector2016_default":0.1262748393,"schreiber2018\/ismir2018":0.1652003092,"percival2014\/stem":0.1472049114,"davies2009\/mirex_qm_tempotracker":0.1526059429}}