{"boeck2015\/tempodetector2016_default":{"boeck2015\/tempodetector2016_default":1.0,"davies2009\/mirex_qm_tempotracker":0.0,"percival2014\/stem":0.0000000959,"schreiber2014\/default":0.0000190235,"schreiber2017\/ismir2017":0.0000098335,"schreiber2017\/mirex2017":0.000161435,"schreiber2018\/cnn":0.0000362267,"schreiber2018\/fcn":0.0000014996,"schreiber2018\/ismir2018":0.0000000016},"davies2009\/mirex_qm_tempotracker":{"boeck2015\/tempodetector2016_default":0.0,"davies2009\/mirex_qm_tempotracker":1.0,"percival2014\/stem":0.0974300593,"schreiber2014\/default":0.0017427898,"schreiber2017\/ismir2017":0.0043423555,"schreiber2017\/mirex2017":0.0005010308,"schreiber2018\/cnn":0.0040196878,"schreiber2018\/fcn":0.0177809134,"schreiber2018\/ismir2018":0.3657592704},"percival2014\/stem":{"boeck2015\/tempodetector2016_default":0.0000000959,"davies2009\/mirex_qm_tempotracker":0.0974300593,"percival2014\/stem":1.0,"schreiber2014\/default":0.1050027733,"schreiber2017\/ismir2017":0.2130302983,"schreiber2017\/mirex2017":0.051170217,"schreiber2018\/cnn":0.0621908488,"schreiber2018\/fcn":0.3458524681,"schreiber2018\/ismir2018":0.47024936},"schreiber2014\/default":{"boeck2015\/tempodetector2016_default":0.0000190235,"davies2009\/mirex_qm_tempotracker":0.0017427898,"percival2014\/stem":0.1050027733,"schreiber2014\/default":1.0,"schreiber2017\/ismir2017":0.7212966203,"schreiber2017\/mirex2017":0.6537747359,"schreiber2018\/cnn":0.978849263,"schreiber2018\/fcn":0.5220064431,"schreiber2018\/ismir2018":0.0338398035},"schreiber2017\/ismir2017":{"boeck2015\/tempodetector2016_default":0.0000098335,"davies2009\/mirex_qm_tempotracker":0.0043423555,"percival2014\/stem":0.2130302983,"schreiber2014\/default":0.7212966203,"schreiber2017\/ismir2017":1.0,"schreiber2017\/mirex2017":0.0257965834,"schreiber2018\/cnn":0.7878235472,"schreiber2018\/fcn":0.7569483172,"schreiber2018\/ismir2018":0.0710142146},"schreiber2017\/mirex2017":{"boeck2015\/tempodetector2016_default":0.000161435,"davies2009\/mirex_qm_tempotracker":0.0005010308,"percival2014\/stem":0.051170217,"schreiber2014\/default":0.6537747359,"schreiber2017\/ismir2017":0.0257965834,"schreiber2017\/mirex2017":1.0,"schreiber2018\/cnn":0.6909825605,"schreiber2018\/fcn":0.3318870486,"schreiber2018\/ismir2018":0.0122208002},"schreiber2018\/cnn":{"boeck2015\/tempodetector2016_default":0.0000362267,"davies2009\/mirex_qm_tempotracker":0.0040196878,"percival2014\/stem":0.0621908488,"schreiber2014\/default":0.978849263,"schreiber2017\/ismir2017":0.7878235472,"schreiber2017\/mirex2017":0.6909825605,"schreiber2018\/cnn":1.0,"schreiber2018\/fcn":0.4564720113,"schreiber2018\/ismir2018":0.0026302754},"schreiber2018\/fcn":{"boeck2015\/tempodetector2016_default":0.0000014996,"davies2009\/mirex_qm_tempotracker":0.0177809134,"percival2014\/stem":0.3458524681,"schreiber2014\/default":0.5220064431,"schreiber2017\/ismir2017":0.7569483172,"schreiber2017\/mirex2017":0.3318870486,"schreiber2018\/cnn":0.4564720113,"schreiber2018\/fcn":1.0,"schreiber2018\/ismir2018":0.0654536694},"schreiber2018\/ismir2018":{"boeck2015\/tempodetector2016_default":0.0000000016,"davies2009\/mirex_qm_tempotracker":0.3657592704,"percival2014\/stem":0.47024936,"schreiber2014\/default":0.0338398035,"schreiber2017\/ismir2017":0.0710142146,"schreiber2017\/mirex2017":0.0122208002,"schreiber2018\/cnn":0.0026302754,"schreiber2018\/fcn":0.0654536694,"schreiber2018\/ismir2018":1.0}}