{"boeck2015\/tempodetector2016_default":{"boeck2015\/tempodetector2016_default":1.0,"boeck2019\/multi_task":0.6985353583,"boeck2019\/multi_task_hjdb":0.5758493477,"davies2009\/mirex_qm_tempotracker":1.204638015e-17,"percival2014\/stem":0.0000056562,"schreiber2014\/default":0.0022275315,"schreiber2017\/ismir2017":0.0036899643,"schreiber2017\/mirex2017":0.5681724128,"schreiber2018\/cnn":0.0010900838,"schreiber2018\/fcn":0.005152397,"schreiber2018\/ismir2018":0.0000506227},"boeck2019\/multi_task":{"boeck2015\/tempodetector2016_default":0.6985353583,"boeck2019\/multi_task":1.0,"boeck2019\/multi_task_hjdb":1.0,"davies2009\/mirex_qm_tempotracker":0.0,"percival2014\/stem":0.0000169136,"schreiber2014\/default":0.0125025461,"schreiber2017\/ismir2017":0.015134081,"schreiber2017\/mirex2017":1.0,"schreiber2018\/cnn":0.0095422114,"schreiber2018\/fcn":0.0326625464,"schreiber2018\/ismir2018":0.0005387802},"boeck2019\/multi_task_hjdb":{"boeck2015\/tempodetector2016_default":0.5758493477,"boeck2019\/multi_task":1.0,"boeck2019\/multi_task_hjdb":1.0,"davies2009\/mirex_qm_tempotracker":0.0,"percival2014\/stem":0.0000256872,"schreiber2014\/default":0.0090733403,"schreiber2017\/ismir2017":0.0183370878,"schreiber2017\/mirex2017":0.8897069355,"schreiber2018\/cnn":0.0092104897,"schreiber2018\/fcn":0.0481310138,"schreiber2018\/ismir2018":0.000440285},"davies2009\/mirex_qm_tempotracker":{"boeck2015\/tempodetector2016_default":1.204638015e-17,"boeck2019\/multi_task":0.0,"boeck2019\/multi_task_hjdb":0.0,"davies2009\/mirex_qm_tempotracker":1.0,"percival2014\/stem":0.0000031213,"schreiber2014\/default":0.0000000004,"schreiber2017\/ismir2017":0.0000000006,"schreiber2017\/mirex2017":0.0,"schreiber2018\/cnn":0.0,"schreiber2018\/fcn":0.0,"schreiber2018\/ismir2018":0.0000000246},"percival2014\/stem":{"boeck2015\/tempodetector2016_default":0.0000056562,"boeck2019\/multi_task":0.0000169136,"boeck2019\/multi_task_hjdb":0.0000256872,"davies2009\/mirex_qm_tempotracker":0.0000031213,"percival2014\/stem":1.0,"schreiber2014\/default":0.0402235641,"schreiber2017\/ismir2017":0.0240929077,"schreiber2017\/mirex2017":0.0000337681,"schreiber2018\/cnn":0.0649086471,"schreiber2018\/fcn":0.0247460358,"schreiber2018\/ismir2018":0.4513808324},"schreiber2014\/default":{"boeck2015\/tempodetector2016_default":0.0022275315,"boeck2019\/multi_task":0.0125025461,"boeck2019\/multi_task_hjdb":0.0090733403,"davies2009\/mirex_qm_tempotracker":0.0000000004,"percival2014\/stem":0.0402235641,"schreiber2014\/default":1.0,"schreiber2017\/ismir2017":1.0,"schreiber2017\/mirex2017":0.0104548183,"schreiber2018\/cnn":0.8679394004,"schreiber2018\/fcn":0.8803958213,"schreiber2018\/ismir2018":0.2026387511},"schreiber2017\/ismir2017":{"boeck2015\/tempodetector2016_default":0.0036899643,"boeck2019\/multi_task":0.015134081,"boeck2019\/multi_task_hjdb":0.0183370878,"davies2009\/mirex_qm_tempotracker":0.0000000006,"percival2014\/stem":0.0240929077,"schreiber2014\/default":1.0,"schreiber2017\/ismir2017":1.0,"schreiber2017\/mirex2017":0.002563208,"schreiber2018\/cnn":0.7659918242,"schreiber2018\/fcn":1.0,"schreiber2018\/ismir2018":0.152407772},"schreiber2017\/mirex2017":{"boeck2015\/tempodetector2016_default":0.5681724128,"boeck2019\/multi_task":1.0,"boeck2019\/multi_task_hjdb":0.8897069355,"davies2009\/mirex_qm_tempotracker":0.0,"percival2014\/stem":0.0000337681,"schreiber2014\/default":0.0104548183,"schreiber2017\/ismir2017":0.002563208,"schreiber2017\/mirex2017":1.0,"schreiber2018\/cnn":0.0053548597,"schreiber2018\/fcn":0.0355827245,"schreiber2018\/ismir2018":0.0002871184},"schreiber2018\/cnn":{"boeck2015\/tempodetector2016_default":0.0010900838,"boeck2019\/multi_task":0.0095422114,"boeck2019\/multi_task_hjdb":0.0092104897,"davies2009\/mirex_qm_tempotracker":0.0,"percival2014\/stem":0.0649086471,"schreiber2014\/default":0.8679394004,"schreiber2017\/ismir2017":0.7659918242,"schreiber2017\/mirex2017":0.0053548597,"schreiber2018\/cnn":1.0,"schreiber2018\/fcn":0.6654658121,"schreiber2018\/ismir2018":0.2004884221},"schreiber2018\/fcn":{"boeck2015\/tempodetector2016_default":0.005152397,"boeck2019\/multi_task":0.0326625464,"boeck2019\/multi_task_hjdb":0.0481310138,"davies2009\/mirex_qm_tempotracker":0.0,"percival2014\/stem":0.0247460358,"schreiber2014\/default":0.8803958213,"schreiber2017\/ismir2017":1.0,"schreiber2017\/mirex2017":0.0355827245,"schreiber2018\/cnn":0.6654658121,"schreiber2018\/fcn":1.0,"schreiber2018\/ismir2018":0.1114028911},"schreiber2018\/ismir2018":{"boeck2015\/tempodetector2016_default":0.0000506227,"boeck2019\/multi_task":0.0005387802,"boeck2019\/multi_task_hjdb":0.000440285,"davies2009\/mirex_qm_tempotracker":0.0000000246,"percival2014\/stem":0.4513808324,"schreiber2014\/default":0.2026387511,"schreiber2017\/ismir2017":0.152407772,"schreiber2017\/mirex2017":0.0002871184,"schreiber2018\/cnn":0.2004884221,"schreiber2018\/fcn":0.1114028911,"schreiber2018\/ismir2018":1.0}}