Estimator,boeck2015/tempodetector2016_default,davies2009/mirex_qm_tempotracker,percival2014/stem,schreiber2014/default,schreiber2017/ismir2017,schreiber2017/mirex2017,schreiber2018/cnn,schreiber2018/fcn,schreiber2018/ismir2018
boeck2015/tempodetector2016_default,1.0,9.940659465123942e-17,2.1054542433593662e-07,0.0003552811186314787,0.0006855641563783823,0.006455803109956637,2.1689238760717064e-05,1.0058579844832589e-07,2.746577112268215e-07
davies2009/mirex_qm_tempotracker,9.940659465123942e-17,1.0,8.83755632755875e-05,1.3888556445417406e-08,5.257316976900646e-09,2.4271741546898667e-10,1.6837633430122164e-07,2.568720337924737e-05,1.0096127351113517e-05
percival2014/stem,2.1054542433593662e-07,8.83755632755875e-05,1.0,0.03145044869191872,0.016994652573436377,0.0033722333341480734,0.1550019040032604,0.6349917907446543,0.602537006105314
schreiber2014/default,0.0003552811186314787,1.3888556445417406e-08,0.03145044869191872,1.0,1.0,0.47087901362171153,0.37400260202603475,0.08168153394154007,0.08719706449021135
schreiber2017/ismir2017,0.0006855641563783823,5.257316976900646e-09,0.016994652573436377,1.0,1.0,0.0625,0.31349994558358524,0.08120887152819893,0.06890880788626995
schreiber2017/mirex2017,0.006455803109956637,2.4271741546898667e-10,0.0033722333341480734,0.47087901362171153,0.0625,1.0,0.09795444051950734,0.019241289593884794,0.013933875024287787
schreiber2018/cnn,2.1689238760717064e-05,1.6837633430122164e-07,0.1550019040032604,0.37400260202603475,0.31349994558358524,0.09795444051950734,1.0,0.4101027163746913,0.37129803447101056
schreiber2018/fcn,1.0058579844832589e-07,2.568720337924737e-05,0.6349917907446543,0.08168153394154007,0.08120887152819893,0.019241289593884794,0.4101027163746913,1.0,0.8897069355331011
schreiber2018/ismir2018,2.746577112268215e-07,1.0096127351113517e-05,0.602537006105314,0.08719706449021135,0.06890880788626995,0.013933875024287787,0.37129803447101056,0.8897069355331011,1.0
