{"boeck2015\/tempodetector2016_default":{"boeck2015\/tempodetector2016_default":1.0,"boeck2019\/multi_task":0.4966174353,"boeck2019\/multi_task_hjdb":0.0988717496,"boeck2020\/dar":0.5327092552,"davies2009\/mirex_qm_tempotracker":9.940659465e-17,"percival2014\/stem":0.0000002105,"schreiber2014\/default":0.0003552811,"schreiber2017\/ismir2017":0.000306947,"schreiber2017\/mirex2017":0.0014962589,"schreiber2018\/cnn":0.0000216892,"schreiber2018\/fcn":0.0000001006,"schreiber2018\/ismir2018":0.0000002747},"boeck2019\/multi_task":{"boeck2015\/tempodetector2016_default":0.4966174353,"boeck2019\/multi_task":1.0,"boeck2019\/multi_task_hjdb":0.4868502417,"boeck2020\/dar":0.1081290214,"davies2009\/mirex_qm_tempotracker":0.0,"percival2014\/stem":0.0000056562,"schreiber2014\/default":0.0086414997,"schreiber2017\/ismir2017":0.0071487338,"schreiber2017\/mirex2017":0.0300158643,"schreiber2018\/cnn":0.0009142746,"schreiber2018\/fcn":0.0000436893,"schreiber2018\/ismir2018":0.0000191997},"boeck2019\/multi_task_hjdb":{"boeck2015\/tempodetector2016_default":0.0988717496,"boeck2019\/multi_task":0.4868502417,"boeck2019\/multi_task_hjdb":1.0,"boeck2020\/dar":0.0113309842,"davies2009\/mirex_qm_tempotracker":0.0,"percival2014\/stem":0.0001071477,"schreiber2014\/default":0.0402235641,"schreiber2017\/ismir2017":0.0331439678,"schreiber2017\/mirex2017":0.0983706484,"schreiber2018\/cnn":0.0070842527,"schreiber2018\/fcn":0.0005387802,"schreiber2018\/ismir2018":0.000449648},"boeck2020\/dar":{"boeck2015\/tempodetector2016_default":0.5327092552,"boeck2019\/multi_task":0.1081290214,"boeck2019\/multi_task_hjdb":0.0113309842,"boeck2020\/dar":1.0,"davies2009\/mirex_qm_tempotracker":5.90963702e-19,"percival2014\/stem":0.0000000053,"schreiber2014\/default":0.0000208766,"schreiber2017\/ismir2017":0.0000191678,"schreiber2017\/mirex2017":0.0002037219,"schreiber2018\/cnn":0.0000047132,"schreiber2018\/fcn":0.0000000231,"schreiber2018\/ismir2018":0.0000000608},"davies2009\/mirex_qm_tempotracker":{"boeck2015\/tempodetector2016_default":9.940659465e-17,"boeck2019\/multi_task":0.0,"boeck2019\/multi_task_hjdb":0.0,"boeck2020\/dar":5.90963702e-19,"davies2009\/mirex_qm_tempotracker":1.0,"percival2014\/stem":0.0000883756,"schreiber2014\/default":0.0000000139,"schreiber2017\/ismir2017":0.000000035,"schreiber2017\/mirex2017":0.0000000052,"schreiber2018\/cnn":0.0000001684,"schreiber2018\/fcn":0.0000256872,"schreiber2018\/ismir2018":0.0000100961},"percival2014\/stem":{"boeck2015\/tempodetector2016_default":0.0000002105,"boeck2019\/multi_task":0.0000056562,"boeck2019\/multi_task_hjdb":0.0001071477,"boeck2020\/dar":0.0000000053,"davies2009\/mirex_qm_tempotracker":0.0000883756,"percival2014\/stem":1.0,"schreiber2014\/default":0.0314504487,"schreiber2017\/ismir2017":0.0376669222,"schreiber2017\/mirex2017":0.0145075422,"schreiber2018\/cnn":0.155001904,"schreiber2018\/fcn":0.6349917907,"schreiber2018\/ismir2018":0.6025370061},"schreiber2014\/default":{"boeck2015\/tempodetector2016_default":0.0003552811,"boeck2019\/multi_task":0.0086414997,"boeck2019\/multi_task_hjdb":0.0402235641,"boeck2020\/dar":0.0000208766,"davies2009\/mirex_qm_tempotracker":0.0000000139,"percival2014\/stem":0.0314504487,"schreiber2014\/default":1.0,"schreiber2017\/ismir2017":1.0,"schreiber2017\/mirex2017":0.7708669946,"schreiber2018\/cnn":0.374002602,"schreiber2018\/fcn":0.0816815339,"schreiber2018\/ismir2018":0.0871970645},"schreiber2017\/ismir2017":{"boeck2015\/tempodetector2016_default":0.000306947,"boeck2019\/multi_task":0.0071487338,"boeck2019\/multi_task_hjdb":0.0331439678,"boeck2020\/dar":0.0000191678,"davies2009\/mirex_qm_tempotracker":0.000000035,"percival2014\/stem":0.0376669222,"schreiber2014\/default":1.0,"schreiber2017\/ismir2017":1.0,"schreiber2017\/mirex2017":0.34375,"schreiber2018\/cnn":0.449691798,"schreiber2018\/fcn":0.1095565768,"schreiber2018\/ismir2018":0.1095565768},"schreiber2017\/mirex2017":{"boeck2015\/tempodetector2016_default":0.0014962589,"boeck2019\/multi_task":0.0300158643,"boeck2019\/multi_task_hjdb":0.0983706484,"boeck2020\/dar":0.0002037219,"davies2009\/mirex_qm_tempotracker":0.0000000052,"percival2014\/stem":0.0145075422,"schreiber2014\/default":0.7708669946,"schreiber2017\/ismir2017":0.34375,"schreiber2017\/mirex2017":1.0,"schreiber2018\/cnn":0.2077120857,"schreiber2018\/fcn":0.0451269489,"schreiber2018\/ismir2018":0.0384600533},"schreiber2018\/cnn":{"boeck2015\/tempodetector2016_default":0.0000216892,"boeck2019\/multi_task":0.0009142746,"boeck2019\/multi_task_hjdb":0.0070842527,"boeck2020\/dar":0.0000047132,"davies2009\/mirex_qm_tempotracker":0.0000001684,"percival2014\/stem":0.155001904,"schreiber2014\/default":0.374002602,"schreiber2017\/ismir2017":0.449691798,"schreiber2017\/mirex2017":0.2077120857,"schreiber2018\/cnn":1.0,"schreiber2018\/fcn":0.4101027164,"schreiber2018\/ismir2018":0.3712980345},"schreiber2018\/fcn":{"boeck2015\/tempodetector2016_default":0.0000001006,"boeck2019\/multi_task":0.0000436893,"boeck2019\/multi_task_hjdb":0.0005387802,"boeck2020\/dar":0.0000000231,"davies2009\/mirex_qm_tempotracker":0.0000256872,"percival2014\/stem":0.6349917907,"schreiber2014\/default":0.0816815339,"schreiber2017\/ismir2017":0.1095565768,"schreiber2017\/mirex2017":0.0451269489,"schreiber2018\/cnn":0.4101027164,"schreiber2018\/fcn":1.0,"schreiber2018\/ismir2018":0.8897069355},"schreiber2018\/ismir2018":{"boeck2015\/tempodetector2016_default":0.0000002747,"boeck2019\/multi_task":0.0000191997,"boeck2019\/multi_task_hjdb":0.000449648,"boeck2020\/dar":0.0000000608,"davies2009\/mirex_qm_tempotracker":0.0000100961,"percival2014\/stem":0.6025370061,"schreiber2014\/default":0.0871970645,"schreiber2017\/ismir2017":0.1095565768,"schreiber2017\/mirex2017":0.0384600533,"schreiber2018\/cnn":0.3712980345,"schreiber2018\/fcn":0.8897069355,"schreiber2018\/ismir2018":1.0}}