{"boeck2015\/tempodetector2016_default":{"0.0":null,"0.005":1.0,"0.01":1.0,"0.015":1.0,"0.02":1.0,"0.025":1.0,"0.03":1.0,"0.035":0.9090909091,"0.04":0.8461538462,"0.045":0.875,"0.05":0.8918918919,"0.055":0.8979591837,"0.06":0.8983050847,"0.065":0.9,"0.07":0.9047619048,"0.075":0.9120879121,"0.08":0.8942307692,"0.085":0.8928571429,"0.09":0.8803418803,"0.095":0.874015748,"0.1":0.8571428571,"0.105":0.8394160584,"0.11":0.8156028369,"0.115":0.8082191781,"0.12":0.8,"0.125":0.7947019868,"0.13":0.7857142857,"0.135":0.7820512821,"0.14":0.78125,"0.145":0.7682926829,"0.15":0.7636363636,"0.155":0.7705882353,"0.16":0.76,"0.165":0.7528089888,"0.17":0.7391304348,"0.175":0.7351351351,"0.18":0.7326203209,"0.185":0.7287234043,"0.19":0.7263157895,"0.195":0.7263157895,"0.2":0.7150259067,"0.205":0.7113402062,"0.21":0.7121212121,"0.215":0.7121212121,"0.22":0.7135678392,"0.225":0.71,"0.23":0.7114427861,"0.235":0.7079207921,"0.24":0.7058823529,"0.245":0.7024390244,"0.25":0.7024390244,"0.255":0.7038834951,"0.26":0.6971153846,"0.265":0.6971153846,"0.27":0.6904761905,"0.275":0.6904761905,"0.28":0.6872037915,"0.285":0.6872037915,"0.29":0.6872037915,"0.295":0.6872037915,"0.3":0.6872037915,"0.305":0.6839622642,"0.31":0.6839622642,"0.315":0.6839622642,"0.32":0.6839622642,"0.325":0.6807511737,"0.33":0.6807511737,"0.335":0.6807511737,"0.34":0.6775700935,"0.345":0.6775700935,"0.35":0.6790697674,"0.355":0.6790697674,"0.36":0.6790697674,"0.365":0.6790697674,"0.37":0.6790697674,"0.375":0.6790697674,"0.38":0.6790697674,"0.385":0.6790697674,"0.39":0.6790697674,"0.395":0.6790697674,"0.4":0.6790697674,"0.405":0.6790697674,"0.41":0.6790697674,"0.415":0.6790697674,"0.42":0.6790697674,"0.425":0.6790697674,"0.43":0.6790697674,"0.435":0.6790697674,"0.44":0.6790697674,"0.445":0.6790697674,"0.45":0.6790697674,"0.455":0.6790697674,"0.46":0.6790697674,"0.465":0.6790697674,"0.47":0.6759259259,"0.475":0.6759259259,"0.48":0.6759259259,"0.485":0.6759259259,"0.49":0.6759259259,"0.495":0.6759259259,"0.5":0.6759259259},"davies2009\/mirex_qm_tempotracker":{"0.0":null,"0.005":1.0,"0.01":1.0,"0.015":1.0,"0.02":1.0,"0.025":1.0,"0.03":1.0,"0.035":0.6363636364,"0.04":0.6923076923,"0.045":0.5416666667,"0.05":0.5945945946,"0.055":0.5510204082,"0.06":0.5084745763,"0.065":0.5142857143,"0.07":0.4880952381,"0.075":0.4725274725,"0.08":0.4519230769,"0.085":0.4285714286,"0.09":0.4188034188,"0.095":0.4173228346,"0.1":0.4210526316,"0.105":0.4087591241,"0.11":0.4042553191,"0.115":0.397260274,"0.12":0.3933333333,"0.125":0.3907284768,"0.13":0.3896103896,"0.135":0.391025641,"0.14":0.3875,"0.145":0.3780487805,"0.15":0.3757575758,"0.155":0.3705882353,"0.16":0.3714285714,"0.165":0.3651685393,"0.17":0.3532608696,"0.175":0.3513513514,"0.18":0.3475935829,"0.185":0.3457446809,"0.19":0.3421052632,"0.195":0.3421052632,"0.2":0.3367875648,"0.205":0.3350515464,"0.21":0.3383838384,"0.215":0.3383838384,"0.22":0.3366834171,"0.225":0.335,"0.23":0.3333333333,"0.235":0.3316831683,"0.24":0.3333333333,"0.245":0.3317073171,"0.25":0.3317073171,"0.255":0.3300970874,"0.26":0.3269230769,"0.265":0.3269230769,"0.27":0.3238095238,"0.275":0.3238095238,"0.28":0.3222748815,"0.285":0.3222748815,"0.29":0.3222748815,"0.295":0.3222748815,"0.3":0.3222748815,"0.305":0.320754717,"0.31":0.320754717,"0.315":0.320754717,"0.32":0.320754717,"0.325":0.3192488263,"0.33":0.3192488263,"0.335":0.3192488263,"0.34":0.3177570093,"0.345":0.3177570093,"0.35":0.3162790698,"0.355":0.3162790698,"0.36":0.3162790698,"0.365":0.3162790698,"0.37":0.3162790698,"0.375":0.3162790698,"0.38":0.3162790698,"0.385":0.3162790698,"0.39":0.3162790698,"0.395":0.3162790698,"0.4":0.3162790698,"0.405":0.3162790698,"0.41":0.3162790698,"0.415":0.3162790698,"0.42":0.3162790698,"0.425":0.3162790698,"0.43":0.3162790698,"0.435":0.3162790698,"0.44":0.3162790698,"0.445":0.3162790698,"0.45":0.3162790698,"0.455":0.3162790698,"0.46":0.3162790698,"0.465":0.3162790698,"0.47":0.3194444444,"0.475":0.3194444444,"0.48":0.3194444444,"0.485":0.3194444444,"0.49":0.3194444444,"0.495":0.3194444444,"0.5":0.3194444444},"percival2014\/stem":{"0.0":null,"0.005":1.0,"0.01":1.0,"0.015":1.0,"0.02":1.0,"0.025":1.0,"0.03":1.0,"0.035":0.8181818182,"0.04":0.7692307692,"0.045":0.7083333333,"0.05":0.7027027027,"0.055":0.693877551,"0.06":0.6440677966,"0.065":0.6428571429,"0.07":0.630952381,"0.075":0.6373626374,"0.08":0.5865384615,"0.085":0.5625,"0.09":0.5555555556,"0.095":0.5590551181,"0.1":0.5563909774,"0.105":0.5547445255,"0.11":0.5390070922,"0.115":0.5342465753,"0.12":0.5266666667,"0.125":0.5231788079,"0.13":0.512987013,"0.135":0.5128205128,"0.14":0.5,"0.145":0.493902439,"0.15":0.4909090909,"0.155":0.4882352941,"0.16":0.4971428571,"0.165":0.4943820225,"0.17":0.4782608696,"0.175":0.4810810811,"0.18":0.4812834225,"0.185":0.4787234043,"0.19":0.4736842105,"0.195":0.4736842105,"0.2":0.4715025907,"0.205":0.4690721649,"0.21":0.4696969697,"0.215":0.4696969697,"0.22":0.472361809,"0.225":0.47,"0.23":0.4726368159,"0.235":0.4702970297,"0.24":0.4705882353,"0.245":0.4682926829,"0.25":0.4682926829,"0.255":0.4660194175,"0.26":0.4663461538,"0.265":0.4663461538,"0.27":0.4666666667,"0.275":0.4666666667,"0.28":0.4644549763,"0.285":0.4644549763,"0.29":0.4644549763,"0.295":0.4644549763,"0.3":0.4644549763,"0.305":0.4622641509,"0.31":0.4622641509,"0.315":0.4622641509,"0.32":0.4622641509,"0.325":0.4600938967,"0.33":0.4600938967,"0.335":0.4600938967,"0.34":0.4579439252,"0.345":0.4579439252,"0.35":0.4558139535,"0.355":0.4558139535,"0.36":0.4558139535,"0.365":0.4558139535,"0.37":0.4558139535,"0.375":0.4558139535,"0.38":0.4558139535,"0.385":0.4558139535,"0.39":0.4558139535,"0.395":0.4558139535,"0.4":0.4558139535,"0.405":0.4558139535,"0.41":0.4558139535,"0.415":0.4558139535,"0.42":0.4558139535,"0.425":0.4558139535,"0.43":0.4558139535,"0.435":0.4558139535,"0.44":0.4558139535,"0.445":0.4558139535,"0.45":0.4558139535,"0.455":0.4558139535,"0.46":0.4558139535,"0.465":0.4558139535,"0.47":0.4537037037,"0.475":0.4537037037,"0.48":0.4537037037,"0.485":0.4537037037,"0.49":0.4537037037,"0.495":0.4537037037,"0.5":0.4537037037},"schreiber2014\/default":{"0.0":null,"0.005":1.0,"0.01":1.0,"0.015":1.0,"0.02":1.0,"0.025":1.0,"0.03":1.0,"0.035":0.9090909091,"0.04":0.8461538462,"0.045":0.7916666667,"0.05":0.7837837838,"0.055":0.7959183673,"0.06":0.7627118644,"0.065":0.7571428571,"0.07":0.75,"0.075":0.7692307692,"0.08":0.7596153846,"0.085":0.75,"0.09":0.7521367521,"0.095":0.7401574803,"0.1":0.7368421053,"0.105":0.7226277372,"0.11":0.7163120567,"0.115":0.7054794521,"0.12":0.7,"0.125":0.6953642384,"0.13":0.6818181818,"0.135":0.6730769231,"0.14":0.65625,"0.145":0.6402439024,"0.15":0.6363636364,"0.155":0.6352941176,"0.16":0.6285714286,"0.165":0.6235955056,"0.17":0.6032608696,"0.175":0.6,"0.18":0.5989304813,"0.185":0.6010638298,"0.19":0.5947368421,"0.195":0.5947368421,"0.2":0.5906735751,"0.205":0.587628866,"0.21":0.5858585859,"0.215":0.5858585859,"0.22":0.5829145729,"0.225":0.585,"0.23":0.5820895522,"0.235":0.5792079208,"0.24":0.5735294118,"0.245":0.5707317073,"0.25":0.5707317073,"0.255":0.567961165,"0.26":0.5625,"0.265":0.5625,"0.27":0.5619047619,"0.275":0.5619047619,"0.28":0.5592417062,"0.285":0.5592417062,"0.29":0.5592417062,"0.295":0.5592417062,"0.3":0.5592417062,"0.305":0.5566037736,"0.31":0.5566037736,"0.315":0.5566037736,"0.32":0.5566037736,"0.325":0.5539906103,"0.33":0.5539906103,"0.335":0.5539906103,"0.34":0.5514018692,"0.345":0.5514018692,"0.35":0.5488372093,"0.355":0.5488372093,"0.36":0.5488372093,"0.365":0.5488372093,"0.37":0.5488372093,"0.375":0.5488372093,"0.38":0.5488372093,"0.385":0.5488372093,"0.39":0.5488372093,"0.395":0.5488372093,"0.4":0.5488372093,"0.405":0.5488372093,"0.41":0.5488372093,"0.415":0.5488372093,"0.42":0.5488372093,"0.425":0.5488372093,"0.43":0.5488372093,"0.435":0.5488372093,"0.44":0.5488372093,"0.445":0.5488372093,"0.45":0.5488372093,"0.455":0.5488372093,"0.46":0.5488372093,"0.465":0.5488372093,"0.47":0.5462962963,"0.475":0.5462962963,"0.48":0.5462962963,"0.485":0.5462962963,"0.49":0.5462962963,"0.495":0.5462962963,"0.5":0.5462962963},