Estimator,boeck2015/tempodetector2016_default,davies2009/mirex_qm_tempotracker,percival2014/stem,schreiber2014/default,schreiber2017/ismir2017,schreiber2017/mirex2017,schreiber2018/cnn,schreiber2018/fcn,schreiber2018/ismir2018
boeck2015/tempodetector2016_default,1.0,0.0704353194458053,0.30362705523780137,0.0022644569332927644,0.034122405919093365,0.005242812235976678,0.07801181634356565,0.02321976430352903,0.024564722262615954
davies2009/mirex_qm_tempotracker,0.0704353194458053,1.0,0.0397876019321506,0.00013331604269451114,0.0007968052402474213,0.00011785436112379017,0.006919467803341886,0.0009726137958811465,0.0012927829026947097
percival2014/stem,0.30362705523780137,0.0397876019321506,1.0,0.12579124545707326,0.35318035701767114,0.13606307012678429,0.4850206935016196,0.24933907690781745,0.2249732438728137
schreiber2014/default,0.0022644569332927644,0.00013331604269451114,0.12579124545707326,1.0,0.4033936925143621,0.8581812547937577,0.28806464945009524,0.6110173687054484,0.7157543671509621
schreiber2017/ismir2017,0.034122405919093365,0.0007968052402474213,0.35318035701767114,0.4033936925143621,1.0,0.02500452713670034,0.776903083279779,0.8152176371651036,0.7608723006324156
schreiber2017/mirex2017,0.005242812235976678,0.00011785436112379017,0.13606307012678429,0.8581812547937577,0.02500452713670034,1.0,0.40164155152580305,0.7472251164232939,0.8415846121062381
schreiber2018/cnn,0.07801181634356565,0.006919467803341886,0.4850206935016196,0.28806464945009524,0.776903083279779,0.40164155152580305,1.0,0.5389529543585592,0.515104585875551
schreiber2018/fcn,0.02321976430352903,0.0009726137958811465,0.24933907690781745,0.6110173687054484,0.8152176371651036,0.7472251164232939,0.5389529543585592,1.0,0.9183528098565672
schreiber2018/ismir2018,0.024564722262615954,0.0012927829026947097,0.2249732438728137,0.7157543671509621,0.7608723006324156,0.8415846121062381,0.515104585875551,0.9183528098565672,1.0
