{"boeck2015\/tempodetector2016_default":{"0.0":null,"0.005":0.0037563113,"0.01":0.0037563113,"0.015":0.0037563113,"0.02":0.5328944908,"0.025":0.2699993056,"0.03":0.2699993056,"0.035":0.3335103123,"0.04":0.3275011217,"0.045":0.412676014,"0.05":0.4329966989,"0.055":0.38717216,"0.06":0.3679991664,"0.065":0.3551884383,"0.07":0.4111239574,"0.075":0.420563132,"0.08":0.3988290575,"0.085":0.4254842147,"0.09":0.4182888769,"0.095":0.4115396927,"0.1":0.4197210357,"0.105":0.4200532355,"0.11":0.4287676458,"0.115":0.4312774561,"0.12":0.4282444004,"0.125":0.4258335873,"0.13":0.4300425792,"0.135":0.4253092288,"0.14":0.4313793369,"0.145":0.4408347034,"0.15":0.4428440645,"0.155":0.4420938403,"0.16":0.4440674477,"0.165":0.4466317923,"0.17":0.453625994,"0.175":0.4603558284,"0.18":0.4614471932,"0.185":0.4597000499,"0.19":0.4588194783,"0.195":0.4588194783,"0.2":0.4640562655,"0.205":0.4654977363,"0.21":0.4671408811,"0.215":0.4671408811,"0.22":0.4700379576,"0.225":0.4680282887,"0.23":0.4657189641,"0.235":0.4687969279,"0.24":0.4752983127,"0.245":0.4796160878,"0.25":0.4796160878,"0.255":0.485082837,"0.26":0.4859307721,"0.265":0.4859307721,"0.27":0.4907495545,"0.275":0.4907495545,"0.28":0.4937649934,"0.285":0.4937649934,"0.29":0.4937649934,"0.295":0.4937649934,"0.3":0.4937649934,"0.305":0.4919000658,"0.31":0.4919000658,"0.315":0.4919000658,"0.32":0.4919000658,"0.325":0.5006594904,"0.33":0.5006594904,"0.335":0.5006594904,"0.34":0.5020318784,"0.345":0.5020318784,"0.35":0.4998711083,"0.355":0.4998711083,"0.36":0.4998711083,"0.365":0.4998711083,"0.37":0.4998711083,"0.375":0.4998711083,"0.38":0.4998711083,"0.385":0.4998711083,"0.39":0.4998711083,"0.395":0.4998711083,"0.4":0.4998711083,"0.405":0.4998711083,"0.41":0.4998711083,"0.415":0.4998711083,"0.42":0.4998711083,"0.425":0.4998711083,"0.43":0.4998711083,"0.435":0.4998711083,"0.44":0.4998711083,"0.445":0.4998711083,"0.45":0.4998711083,"0.455":0.4998711083,"0.46":0.4998711083,"0.465":0.4998711083,"0.47":0.5027828283,"0.475":0.5027828283,"0.48":0.5027828283,"0.485":0.5027828283,"0.49":0.5027828283,"0.495":0.5027828283,"0.5":0.5027828283},"davies2009\/mirex_qm_tempotracker":{"0.0":null,"0.005":0.0316416829,"0.01":0.0316416829,"0.015":0.0316416829,"0.02":0.556899991,"0.025":0.2887669714,"0.03":0.2887669714,"0.035":0.6293538437,"0.04":0.6159738285,"0.045":0.7171926089,"0.05":0.7055356205,"0.055":0.7406896551,"0.06":0.782173239,"0.065":0.7626754137,"0.07":0.8425362757,"0.075":0.8426581894,"0.08":0.8741705273,"0.085":0.8955113101,"0.09":0.8811191751,"0.095":0.9038431366,"0.1":0.9099937946,"0.105":0.9101395253,"0.11":0.9093781128,"0.115":0.9334045851,"0.12":0.9312912587,"0.125":0.9259037201,"0.13":0.934520067,"0.135":0.9303569169,"0.14":0.9381077646,"0.145":0.9300401178,"0.15":0.9281960999,"0.155":0.9115973617,"0.16":0.9005292704,"0.165":0.8991364765,"0.17":0.9107651589,"0.175":0.9127168142,"0.18":0.9132286623,"0.185":0.9091633885,"0.19":0.909316491,"0.195":0.909316491,"0.2":0.9176438612,"0.205":0.9219090819,"0.21":0.9149198106,"0.215":0.9149198106,"0.22":0.9156418265,"0.225":0.9123256766,"0.23":0.9123744836,"0.235":0.9107257196,"0.24":0.9172224369,"0.245":0.918164413,"0.25":0.918164413,"0.255":0.9194095552,"0.26":0.9161344341,"0.265":0.9161344341,"0.27":0.9111386531,"0.275":0.9111386531,"0.28":0.9102701511,"0.285":0.9102701511,"0.29":0.9102701511,"0.295":0.9102701511,"0.3":0.9102701511,"0.305":0.9067459781,"0.31":0.9067459781,"0.315":0.9067459781,"0.32":0.9067459781,"0.325":0.9128123013,"0.33":0.9128123013,"0.335":0.9128123013,"0.34":0.9122915377,"0.345":0.9122915377,"0.35":0.9094441815,"0.355":0.9094441815,"0.36":0.9094441815,"0.365":0.9094441815,"0.37":0.9094441815,"0.375":0.9094441815,"0.38":0.9094441815,"0.385":0.9094441815,"0.39":0.9094441815,"0.395":0.9094441815,"0.4":0.9094441815,"0.405":0.9094441815,"0.41":0.9094441815,"0.415":0.9094441815,"0.42":0.9094441815,"0.425":0.9094441815,"0.43":0.9094441815,"0.435":0.9094441815,"0.44":0.9094441815,"0.445":0.9094441815,"0.45":0.9094441815,"0.455":0.9094441815,"0.46":0.9094441815,"0.465":0.9094441815,"0.47":0.9102314775,"0.475":0.9102314775,"0.48":0.9102314775,"0.485":0.9102314775,"0.49":0.9102314775,"0.495":0.9102314775,"0.5":0.9102314775},"percival2014\/stem":{"0.0":null,"0.005":0.0011050151,"0.01":0.0011050151,"0.015":0.0011050151,"0.02":0.5291237951,"0.025":0.2656705474,"0.03":0.2656705474,"0.035":0.4554079818,"0.04":0.4770973766,"0.045":0.5358424177,"0.05":0.5245056165,"0.055":0.4823620494,"0.06":0.4585663215,"0.065":0.4234311694,"0.07":0.4758350813,"0.075":0.4758644733,"0.08":0.4767847137,"0.085":0.4914259662,"0.09":0.4883168129,"0.095":0.4778949358,"0.1":0.4878707727,"0.105":0.4794984523,"0.11":0.4815815776,"0.115":0.5013555918,"0.12":0.5015375222,"0.125":0.4988228668,"0.13":0.4992784141,"0.135":0.4997487078,"0.14":0.5059005817,"0.145":0.5119157896,"0.15":0.5099582044,"0.155":0.5018009601,"0.16":0.5007933172,"0.165":0.4977491236,"0.17":0.5013296353,"0.175":0.50739123,"0.18":0.503757894,"0.185":0.501746572,"0.19":0.5018772716,"0.195":0.5018772716,"0.2":0.5069945592,"0.205":0.5102945567,"0.21":0.5039877438,"0.215":0.5039877438,"0.22":0.5064011395,"0.225":0.5050169981,"0.23":0.5025680008,"0.235":0.5009850032,"0.24":0.5022667199,"0.245":0.5004702027,"0.25":0.5004702027,"0.255":0.4992889005,"0.26":0.4978630504,"0.265":0.4978630504,"0.27":0.4975107363,"0.275":0.4975107363,"0.28":0.4987506946,"0.285":0.4987506946,"0.29":0.4987506946,"0.295":0.4987506946,"0.3":0.4987506946,"0.305":0.5005843155,"0.31":0.5005843155,"0.315":0.5005843155,"0.32":0.5005843155,"0.325":0.5053318695,"0.33":0.5053318695,"0.335":0.5053318695,"0.34":0.503898704,"0.345":0.503898704,"0.35":0.5046280925,"0.355":0.5046280925,"0.36":0.5046280925,"0.365":0.5046280925,"0.37":0.5046280925,"0.375":0.5046280925,"0.38":0.5046280925,"0.385":0.5046280925,"0.39":0.5046280925,"0.395":0.5046280925,"0.4":0.5046280925,"0.405":0.5046280925,"0.41":0.5046280925,"0.415":0.5046280925,"0.42":0.5046280925,"0.425":0.5046280925,"0.43":0.5046280925,"0.435":0.5046280925,"0.44":0.5046280925,"0.445":0.5046280925,"0.45":0.5046280925,"0.455":0.5046280925,"0.46":0.5046280925,"0.465":0.5046280925,"0.47":0.5079301823,"0.475":0.5079301823,"0.48":0.5079301823,"0.485":0.5079301823,"0.49":0.5079301823,"0.495":0.5079301823,"0.5":0.5079301823},"schreiber2014\/default":{"0.0":null,"0.005":0.0010566005,"0.01":0.0010566005,"0.015":0.0010566005,"0.02":0.5289979089,"0.025":0.2661150571,"0.03":0.2661150571,"0.035":0.4012432057,"0.04":0.3861825556,"0.045":0.4094535477,"0.05":0.4469141312,"0.055":0.4238784083,"0.06":0.4038312121,"0.065":0.3832262267,"0.07":0.41312118,"0.075":0.4045484672,"0.08":0.403496797,"0.085":0.4196840504,"0.09":0.4344689223,"0.095":0.4299066377,"0.1":0.4337759559,"0.105":0.437561428,"0.11":0.4326577831,"0.115":0.4467947052,"0.12":0.4364311133,"0.125":0.4359902231,"0.13":0.4419871074,"0.135":0.4407969323,"0.14":0.4496601397,"0.145":0.4544440182,"0.15":0.4549441071,"0.155":0.447960725,"0.16":0.4495367843,"0.165":0.447919066,"0.17":0.4525785121,"0.175":0.4538725573,"0.18":0.4497926139,"0.185":0.4524604914,"0.19":0.4516892779,"0.195":0.4516892779,"0.2":0.4535185451,"0.205":0.4567209556,"0.21":0.4565386796,"0.215":0.4565386796,"0.22":0.4608360228,"0.225":0.4587109254,"0.23":0.4567256131,"0.235":0.4552700275,"0.24":0.4579125073,"0.245":0.4565500097,"0.25":0.4565500097,"0.255":0.4573863267,"0.26":0.4579266425,"0.265":0.4579266425,"0.27":0.4561744076,"0.275":0.4561744076,"0.28":0.4561389487,"0.285":0.4561389487,"0.29":0.4561389487,"0.295":0.4561389487,"0.3":0.4561389487,"0.305":0.45788428,"0.31":0.45788428,"0.315":0.45788428,"0.32":0.45788428,"0.325":0.4568582133,"0.33":0.4568582133,"0.335":0.4568582133,"0.34":0.455708998,"0.345":0.455708998,"0.35":0.4567410801,"0.355":0.4567410801,"0.36":0.4567410801,"0.365":0.4567410801,"0.37":0.4567410801,"0.375":0.4567410801,"0.38":0.4567410801,"0.385":0.4567410801,"0.39":0.4567410801,"0.395":0.4567410801,"0.4":0.4567410801,"0.405":0.4567410801,"0.41":0.4567410801,"0.415":0.4567410801,"0.42":0.4567410801,