{"OE1_MEAN":{"boeck2020\/dar":-0.0316766856,"sun2021\/default":0.2526455271,"boeck2019\/multi_task_hjdb":0.0234331737,"schreiber2018\/ismir2018":0.3749773569,"schreiber2018\/cnn":0.3681166905,"boeck2019\/multi_task":-0.0175259792,"schreiber2014\/default":0.2464639402,"percival2014\/stem":0.31998301,"schreiber2018\/fcn":0.3148774345,"schreiber2017\/ismir2017":0.2604796034,"schreiber2017\/mirex2017":0.1018849604,"davies2009\/mirex_qm_tempotracker":0.8694761705,"boeck2015\/tempodetector2016_default":0.3677921329},"OE1_STDEV":{"boeck2020\/dar":0.5133500191,"sun2021\/default":0.5570127229,"boeck2019\/multi_task_hjdb":0.5676477779,"schreiber2018\/ismir2018":0.5772457894,"schreiber2018\/cnn":0.5783068054,"boeck2019\/multi_task":0.581849655,"schreiber2014\/default":0.5906188662,"percival2014\/stem":0.6157697938,"schreiber2018\/fcn":0.6171849721,"schreiber2017\/ismir2017":0.6228214622,"schreiber2017\/mirex2017":0.6320109482,"davies2009\/mirex_qm_tempotracker":0.6634300779,"boeck2015\/tempodetector2016_default":0.6922122019},"OE2_MEAN":{"boeck2020\/dar":0.0032770587,"sun2021\/default":-0.0001177218,"boeck2019\/multi_task_hjdb":-0.0126501212,"schreiber2018\/ismir2018":-0.0149051892,"schreiber2018\/cnn":-0.0041157404,"boeck2019\/multi_task":0.001690265,"schreiber2014\/default":-0.0212537441,"percival2014\/stem":0.0073119271,"schreiber2018\/fcn":-0.0131846624,"schreiber2017\/ismir2017":-0.0175842215,"schreiber2017\/mirex2017":-0.0206263876,"davies2009\/mirex_qm_tempotracker":0.0507519192,"boeck2015\/tempodetector2016_default":0.0235559577},"OE2_STDEV":{"boeck2020\/dar":0.139873752,"sun2021\/default":0.1908863975,"boeck2019\/multi_task_hjdb":0.163236108,"schreiber2018\/ismir2018":0.2259107162,"schreiber2018\/cnn":0.1960099992,"boeck2019\/multi_task":0.1475405423,"schreiber2014\/default":0.1943315592,"percival2014\/stem":0.2076091291,"schreiber2018\/fcn":0.2056202288,"schreiber2017\/ismir2017":0.1987849175,"schreiber2017\/mirex2017":0.1903067429,"davies2009\/mirex_qm_tempotracker":0.2209598507,"boeck2015\/tempodetector2016_default":0.1460618202}}