{"boeck2015\/tempodetector2016_default":{"boeck2015\/tempodetector2016_default":1.0,"boeck2019\/multi_task":0.3906462813,"boeck2019\/multi_task_hjdb":0.0545009939,"boeck2020\/dar":0.7859405637,"davies2009\/mirex_qm_tempotracker":0.0,"percival2014\/stem":0.0000000959,"schreiber2014\/default":0.0000190235,"schreiber2017\/ismir2017":0.0000170507,"schreiber2017\/mirex2017":0.0001879402,"schreiber2018\/cnn":0.0000362267,"schreiber2018\/fcn":0.0000014996,"schreiber2018\/ismir2018":0.0000000016,"sun2021\/default":0.0000081398},"boeck2019\/multi_task":{"boeck2015\/tempodetector2016_default":0.3906462813,"boeck2019\/multi_task":1.0,"boeck2019\/multi_task_hjdb":0.1007315734,"boeck2020\/dar":0.1872378792,"davies2009\/mirex_qm_tempotracker":0.0,"percival2014\/stem":0.0000005081,"schreiber2014\/default":0.0000715693,"schreiber2017\/ismir2017":0.00019113,"schreiber2017\/mirex2017":0.0016405313,"schreiber2018\/cnn":0.0004002607,"schreiber2018\/fcn":0.0000403624,"schreiber2018\/ismir2018":0.0000000161,"sun2021\/default":0.0001098108},"boeck2019\/multi_task_hjdb":{"boeck2015\/tempodetector2016_default":0.0545009939,"boeck2019\/multi_task":0.1007315734,"boeck2019\/multi_task_hjdb":1.0,"boeck2020\/dar":0.0093711432,"davies2009\/mirex_qm_tempotracker":0.0000000152,"percival2014\/stem":0.0000329041,"schreiber2014\/default":0.0034077704,"schreiber2017\/ismir2017":0.0033326289,"schreiber2017\/mirex2017":0.022724138,"schreiber2018\/cnn":0.0092255296,"schreiber2018\/fcn":0.0010771437,"schreiber2018\/ismir2018":0.0000029509,"sun2021\/default":0.0031165355},"boeck2020\/dar":{"boeck2015\/tempodetector2016_default":0.7859405637,"boeck2019\/multi_task":0.1872378792,"boeck2019\/multi_task_hjdb":0.0093711432,"boeck2020\/dar":1.0,"davies2009\/mirex_qm_tempotracker":0.0,"percival2014\/stem":0.0000000012,"schreiber2014\/default":0.0000004626,"schreiber2017\/ismir2017":0.0000025872,"schreiber2017\/mirex2017":0.0000735784,"schreiber2018\/cnn":0.0000161465,"schreiber2018\/fcn":0.0000010079,"schreiber2018\/ismir2018":0.0000000009,"sun2021\/default":0.0000019214},"davies2009\/mirex_qm_tempotracker":{"boeck2015\/tempodetector2016_default":0.0,"boeck2019\/multi_task":0.0,"boeck2019\/multi_task_hjdb":0.0000000152,"boeck2020\/dar":0.0,"davies2009\/mirex_qm_tempotracker":1.0,"percival2014\/stem":0.0974300593,"schreiber2014\/default":0.0017427898,"schreiber2017\/ismir2017":0.0039071435,"schreiber2017\/mirex2017":0.0003481022,"schreiber2018\/cnn":0.0040196878,"schreiber2018\/fcn":0.0177809134,"schreiber2018\/ismir2018":0.3657592704,"sun2021\/default":0.0031163066},"percival2014\/stem":{"boeck2015\/tempodetector2016_default":0.0000000959,"boeck2019\/multi_task":0.0000005081,"boeck2019\/multi_task_hjdb":0.0000329041,"boeck2020\/dar":0.0000000012,"davies2009\/mirex_qm_tempotracker":0.0974300593,"percival2014\/stem":1.0,"schreiber2014\/default":0.1050027733,"schreiber2017\/ismir2017":0.1351623987,"schreiber2017\/mirex2017":0.0274302473,"schreiber2018\/cnn":0.0621908488,"schreiber2018\/fcn":0.3458524681,"schreiber2018\/ismir2018":0.47024936,"sun2021\/default":0.1074519696},"schreiber2014\/default":{"boeck2015\/tempodetector2016_default":0.0000190235,"boeck2019\/multi_task":0.0000715693,"boeck2019\/multi_task_hjdb":0.0034077704,"boeck2020\/dar":0.0000004626,"davies2009\/mirex_qm_tempotracker":0.0017427898,"percival2014\/stem":0.1050027733,"schreiber2014\/default":1.0,"schreiber2017\/ismir2017":0.8904046499,"schreiber2017\/mirex2017":0.4201626078,"schreiber2018\/cnn":0.978849263,"schreiber2018\/fcn":0.5220064431,"schreiber2018\/ismir2018":0.0338398035,"sun2021\/default":0.8879115948},"schreiber2017\/ismir2017":{"boeck2015\/tempodetector2016_default":0.0000170507,"boeck2019\/multi_task":0.00019113,"boeck2019\/multi_task_hjdb":0.0033326289,"boeck2020\/dar":0.0000025872,"davies2009\/mirex_qm_tempotracker":0.0039071435,"percival2014\/stem":0.1351623987,"schreiber2014\/default":0.8904046499,"schreiber2017\/ismir2017":1.0,"schreiber2017\/mirex2017":0.1991531986,"schreiber2018\/cnn":0.9349238401,"schreiber2018\/fcn":0.5872725631,"schreiber2018\/ismir2018":0.0298985,"sun2021\/default":0.9780325367},"schreiber2017\/mirex2017":{"boeck2015\/tempodetector2016_default":0.0001879402,"boeck2019\/multi_task":0.0016405313,"boeck2019\/multi_task_hjdb":0.022724138,"boeck2020\/dar":0.0000735784,"davies2009\/mirex_qm_tempotracker":0.0003481022,"percival2014\/stem":0.0274302473,"schreiber2014\/default":0.4201626078,"schreiber2017\/ismir2017":0.1991531986,"schreiber2017\/mirex2017":1.0,"schreiber2018\/cnn":0.5183817217,"schreiber2018\/fcn":0.208740881,"schreiber2018\/ismir2018":0.0040915676,"sun2021\/default":0.424965373},"schreiber2018\/cnn":{"boeck2015\/tempodetector2016_default":0.0000362267,"boeck2019\/multi_task":0.0004002607,"boeck2019\/multi_task_hjdb":0.0092255296,"boeck2020\/dar":0.0000161465,"davies2009\/mirex_qm_tempotracker":0.0040196878,"percival2014\/stem":0.0621908488,"schreiber2014\/default":0.978849263,"schreiber2017\/ismir2017":0.9349238401,"schreiber2017\/mirex2017":0.5183817217,"schreiber2018\/cnn":1.0,"schreiber2018\/fcn":0.4564720113,"schreiber2018\/ismir2018":0.0026302754,"sun2021\/default":0.9045542923},"schreiber2018\/fcn":{"boeck2015\/tempodetector2016_default":0.0000014996,"boeck2019\/multi_task":0.0000403624,"boeck2019\/multi_task_hjdb":0.0010771437,"boeck2020\/dar":0.0000010079,"davies2009\/mirex_qm_tempotracker":0.0177809134,"percival2014\/stem":0.3458524681,"schreiber2014\/default":0.5220064431,"schreiber2017\/ismir2017":0.5872725631,"schreiber2017\/mirex2017":0.208740881,"schreiber2018\/cnn":0.4564720113,"schreiber2018\/fcn":1.0,"schreiber2018\/ismir2018":0.0654536694,"sun2021\/default":0.5496449216},"schreiber2018\/ismir2018":{"boeck2015\/tempodetector2016_default":0.0000000016,"boeck2019\/multi_task":0.0000000161,"boeck2019\/multi_task_hjdb":0.0000029509,"boeck2020\/dar":0.0000000009,"davies2009\/mirex_qm_tempotracker":0.3657592704,"percival2014\/stem":0.47024936,"schreiber2014\/default":0.0338398035,"schreiber2017\/ismir2017":0.0298985,"schreiber2017\/mirex2017":0.0040915676,"schreiber2018\/cnn":0.0026302754,"schreiber2018\/fcn":0.0654536694,"schreiber2018\/ismir2018":1.0,"sun2021\/default":0.024468094},"sun2021\/default":{"boeck2015\/tempodetector2016_default":0.0000081398,"boeck2019\/multi_task":0.0001098108,"boeck2019\/multi_task_hjdb":0.0031165355,"boeck2020\/dar":0.0000019214,"davies2009\/mirex_qm_tempotracker":0.0031163066,"percival2014\/stem":0.1074519696,"schreiber2014\/default":0.8879115948,"schreiber2017\/ismir2017":0.9780325367,"schreiber2017\/mirex2017":0.424965373,"schreiber2018\/cnn":0.9045542923,"schreiber2018\/fcn":0.5496449216,"schreiber2018\/ismir2018":0.024468094,"sun2021\/default":1.0}}