Estimator,boeck2015/tempodetector2016_default,davies2009/mirex_qm_tempotracker,percival2014/stem,schreiber2014/default,schreiber2017/ismir2017,schreiber2017/mirex2017,schreiber2018/cnn,schreiber2018/fcn,schreiber2018/ismir2018
boeck2015/tempodetector2016_default,1.0,2.1066131618943657e-22,0.28629153477912206,0.009555517098124027,5.854623409081375e-06,1.0029916506422336e-14,0.9936131722662214,0.21401866458510807,0.8692770265525938
davies2009/mirex_qm_tempotracker,2.1066131618943657e-22,1.0,8.839247353729e-45,7.242776777529824e-48,5.768096905402786e-35,4.764426374248618e-47,8.056240006875852e-35,7.46513302474703e-34,6.278776149058227e-35
percival2014/stem,0.28629153477912206,8.839247353729e-45,1.0,0.011196747054937981,8.540789295683148e-06,4.265589976257212e-16,0.13444315975610902,0.8895202244749788,0.07496817925961238
schreiber2014/default,0.009555517098124027,7.242776777529824e-48,0.011196747054937981,1.0,0.008100218923346066,3.660824340480996e-10,2.50373780011938e-05,0.06263929010102481,6.101536177377507e-06
schreiber2017/ismir2017,5.854623409081375e-06,5.768096905402786e-35,8.540789295683148e-06,0.008100218923346066,1.0,1.1860312740220844e-10,5.481944794473972e-07,0.000276752421663665,4.3793126220272874e-07
schreiber2017/mirex2017,1.0029916506422336e-14,4.764426374248618e-47,4.265589976257212e-16,3.660824340480996e-10,1.1860312740220844e-10,1.0,5.816911123763557e-19,4.693444373011018e-13,6.875815657357428e-18
schreiber2018/cnn,0.9936131722662214,8.056240006875852e-35,0.13444315975610902,2.50373780011938e-05,5.481944794473972e-07,5.816911123763557e-19,1.0,0.10666949083483956,0.7890301039031908
schreiber2018/fcn,0.21401866458510807,7.46513302474703e-34,0.8895202244749788,0.06263929010102481,0.000276752421663665,4.693444373011018e-13,0.10666949083483956,1.0,0.08889814200350996
schreiber2018/ismir2018,0.8692770265525938,6.278776149058227e-35,0.07496817925961238,6.101536177377507e-06,4.3793126220272874e-07,6.875815657357428e-18,0.7890301039031908,0.08889814200350996,1.0
