{"boeck2015\/tempodetector2016_default":{"boeck2015\/tempodetector2016_default":1.0,"boeck2019\/multi_task":0.0076104189,"boeck2019\/multi_task_hjdb":0.0028087033,"boeck2020\/dar":0.0000009501,"davies2009\/mirex_qm_tempotracker":2.556246564e-17,"percival2014\/stem":0.9175859598,"schreiber2014\/default":0.3171105488,"schreiber2017\/ismir2017":0.7242075157,"schreiber2017\/mirex2017":0.0354422568,"schreiber2018\/cnn":0.6264270468,"schreiber2018\/fcn":0.5600328938,"schreiber2018\/ismir2018":0.9935749204,"sun2021\/default":0.028959316},"boeck2019\/multi_task":{"boeck2015\/tempodetector2016_default":0.0076104189,"boeck2019\/multi_task":1.0,"boeck2019\/multi_task_hjdb":0.5861080705,"boeck2020\/dar":0.0016900285,"davies2009\/mirex_qm_tempotracker":3.319969855e-21,"percival2014\/stem":0.0002463097,"schreiber2014\/default":0.0172474988,"schreiber2017\/ismir2017":0.0014708109,"schreiber2017\/mirex2017":0.297279381,"schreiber2018\/cnn":0.007429081,"schreiber2018\/fcn":0.0141291409,"schreiber2018\/ismir2018":0.0014806457,"sun2021\/default":0.3734105043},"boeck2019\/multi_task_hjdb":{"boeck2015\/tempodetector2016_default":0.0028087033,"boeck2019\/multi_task":0.5861080705,"boeck2019\/multi_task_hjdb":1.0,"boeck2020\/dar":0.0059822385,"davies2009\/mirex_qm_tempotracker":1.253380909e-22,"percival2014\/stem":0.0000470015,"schreiber2014\/default":0.0033183587,"schreiber2017\/ismir2017":0.0002689661,"schreiber2017\/mirex2017":0.1625406907,"schreiber2018\/cnn":0.0020454484,"schreiber2018\/fcn":0.0055023921,"schreiber2018\/ismir2018":0.0002945389,"sun2021\/default":0.2167175606},"boeck2020\/dar":{"boeck2015\/tempodetector2016_default":0.0000009501,"boeck2019\/multi_task":0.0016900285,"boeck2019\/multi_task_hjdb":0.0059822385,"boeck2020\/dar":1.0,"davies2009\/mirex_qm_tempotracker":1.839607025e-26,"percival2014\/stem":0.0000000479,"schreiber2014\/default":0.000003798,"schreiber2017\/ismir2017":0.0000001877,"schreiber2017\/mirex2017":0.0006498653,"schreiber2018\/cnn":0.000000805,"schreiber2018\/fcn":0.0000011448,"schreiber2018\/ismir2018":0.0000002022,"sun2021\/default":0.0011469402},"davies2009\/mirex_qm_tempotracker":{"boeck2015\/tempodetector2016_default":2.556246564e-17,"boeck2019\/multi_task":3.319969855e-21,"boeck2019\/multi_task_hjdb":1.253380909e-22,"boeck2020\/dar":1.839607025e-26,"davies2009\/mirex_qm_tempotracker":1.0,"percival2014\/stem":1.120656649e-23,"schreiber2014\/default":1.328144407e-25,"schreiber2017\/ismir2017":3.876573105e-23,"schreiber2017\/mirex2017":7.240174695e-23,"schreiber2018\/cnn":3.338781463e-25,"schreiber2018\/fcn":2.593627409e-21,"schreiber2018\/ismir2018":9.078185882e-24,"sun2021\/default":1.610476571e-27},"percival2014\/stem":{"boeck2015\/tempodetector2016_default":0.9175859598,"boeck2019\/multi_task":0.0002463097,"boeck2019\/multi_task_hjdb":0.0000470015,"boeck2020\/dar":0.0000000479,"davies2009\/mirex_qm_tempotracker":1.120656649e-23,"percival2014\/stem":1.0,"schreiber2014\/default":0.0820199163,"schreiber2017\/ismir2017":0.5074188332,"schreiber2017\/mirex2017":0.0115958633,"schreiber2018\/cnn":0.4472012461,"schreiber2018\/fcn":0.4224759753,"schreiber2018\/ismir2018":0.8930961431,"sun2021\/default":0.0041297025},"schreiber2014\/default":{"boeck2015\/tempodetector2016_default":0.3171105488,"boeck2019\/multi_task":0.0172474988,"boeck2019\/multi_task_hjdb":0.0033183587,"boeck2020\/dar":0.000003798,"davies2009\/mirex_qm_tempotracker":1.328144407e-25,"percival2014\/stem":0.0820199163,"schreiber2014\/default":1.0,"schreiber2017\/ismir2017":0.273660337,"schreiber2017\/mirex2017":0.2125357707,"schreiber2018\/cnn":0.3600603542,"schreiber2018\/fcn":0.5564177435,"schreiber2018\/ismir2018":0.1016033655,"sun2021\/default":0.1274377039},"schreiber2017\/ismir2017":{"boeck2015\/tempodetector2016_default":0.7242075157,"boeck2019\/multi_task":0.0014708109,"boeck2019\/multi_task_hjdb":0.0002689661,"boeck2020\/dar":0.0000001877,"davies2009\/mirex_qm_tempotracker":3.876573105e-23,"percival2014\/stem":0.5074188332,"schreiber2014\/default":0.273660337,"schreiber2017\/ismir2017":1.0,"schreiber2017\/mirex2017":0.0211597446,"schreiber2018\/cnn":0.8764930401,"schreiber2018\/fcn":0.8017583526,"schreiber2018\/ismir2018":0.632492114,"sun2021\/default":0.0295690326},"schreiber2017\/mirex2017":{"boeck2015\/tempodetector2016_default":0.0354422568,"boeck2019\/multi_task":0.297279381,"boeck2019\/multi_task_hjdb":0.1625406907,"boeck2020\/dar":0.0006498653,"davies2009\/mirex_qm_tempotracker":7.240174695e-23,"percival2014\/stem":0.0115958633,"schreiber2014\/default":0.2125357707,"schreiber2017\/ismir2017":0.0211597446,"schreiber2017\/mirex2017":1.0,"schreiber2018\/cnn":0.065096219,"schreiber2018\/fcn":0.1047973357,"schreiber2018\/ismir2018":0.0197208302,"sun2021\/default":0.916340149},"schreiber2018\/cnn":{"boeck2015\/tempodetector2016_default":0.6264270468,"boeck2019\/multi_task":0.007429081,"boeck2019\/multi_task_hjdb":0.0020454484,"boeck2020\/dar":0.000000805,"davies2009\/mirex_qm_tempotracker":3.338781463e-25,"percival2014\/stem":0.4472012461,"schreiber2014\/default":0.3600603542,"schreiber2017\/ismir2017":0.8764930401,"schreiber2017\/mirex2017":0.065096219,"schreiber2018\/cnn":1.0,"schreiber2018\/fcn":0.8919554276,"schreiber2018\/ismir2018":0.4228726737,"sun2021\/default":0.0207801396},"schreiber2018\/fcn":{"boeck2015\/tempodetector2016_default":0.5600328938,"boeck2019\/multi_task":0.0141291409,"boeck2019\/multi_task_hjdb":0.0055023921,"boeck2020\/dar":0.0000011448,"davies2009\/mirex_qm_tempotracker":2.593627409e-21,"percival2014\/stem":0.4224759753,"schreiber2014\/default":0.5564177435,"schreiber2017\/ismir2017":0.8017583526,"schreiber2017\/mirex2017":0.1047973357,"schreiber2018\/cnn":0.8919554276,"schreiber2018\/fcn":1.0,"schreiber2018\/ismir2018":0.4813998018,"sun2021\/default":0.0677078833},"schreiber2018\/ismir2018":{"boeck2015\/tempodetector2016_default":0.9935749204,"boeck2019\/multi_task":0.0014806457,"boeck2019\/multi_task_hjdb":0.0002945389,"boeck2020\/dar":0.0000002022,"davies2009\/mirex_qm_tempotracker":9.078185882e-24,"percival2014\/stem":0.8930961431,"schreiber2014\/default":0.1016033655,"schreiber2017\/ismir2017":0.632492114,"schreiber2017\/mirex2017":0.0197208302,"schreiber2018\/cnn":0.4228726737,"schreiber2018\/fcn":0.4813998018,"schreiber2018\/ismir2018":1.0,"sun2021\/default":0.0026032154},"sun2021\/default":{"boeck2015\/tempodetector2016_default":0.028959316,"boeck2019\/multi_task":0.3734105043,"boeck2019\/multi_task_hjdb":0.2167175606,"boeck2020\/dar":0.0011469402,"davies2009\/mirex_qm_tempotracker":1.610476571e-27,"percival2014\/stem":0.0041297025,"schreiber2014\/default":0.1274377039,"schreiber2017\/ismir2017":0.0295690326,"schreiber2017\/mirex2017":0.916340149,"schreiber2018\/cnn":0.0207801396,"schreiber2018\/fcn":0.0677078833,"schreiber2018\/ismir2018":0.0026032154,"sun2021\/default":1.0}}