{"boeck2015\/tempodetector2016_default":{"0.0":null,"0.005":0.0037503362,"0.01":0.0037503362,"0.015":0.0037503362,"0.02":0.5328909603,"0.025":0.2699987345,"0.03":0.2699987345,"0.035":0.3335117186,"0.04":0.3274994222,"0.045":0.4126742157,"0.05":0.4329946714,"0.055":0.3871706692,"0.06":0.3680175851,"0.065":0.3552202112,"0.07":0.4111504307,"0.075":0.4205876397,"0.08":0.3988509219,"0.085":0.4255030506,"0.09":0.4183068341,"0.095":0.4115546669,"0.1":0.4197355529,"0.105":0.4200672715,"0.11":0.4287812731,"0.115":0.4312858073,"0.12":0.4282523996,"0.125":0.4258415018,"0.13":0.4300503926,"0.135":0.4253165536,"0.14":0.4313864037,"0.145":0.4408408224,"0.15":0.4428501184,"0.155":0.4420996867,"0.16":0.4440728271,"0.165":0.4466370353,"0.17":0.4536718068,"0.175":0.4604010111,"0.18":0.4614918586,"0.185":0.4597437532,"0.19":0.4588626371,"0.195":0.4588626371,"0.2":0.464098913,"0.205":0.465539933,"0.21":0.4671821734,"0.215":0.4671821734,"0.22":0.4700790841,"0.225":0.4680692336,"0.23":0.4657596968,"0.235":0.4688374351,"0.24":0.4753384428,"0.245":0.4796559837,"0.25":0.4796559837,"0.255":0.4851219703,"0.26":0.48596951,"0.265":0.48596951,"0.27":0.4907790363,"0.275":0.4907790363,"0.28":0.493794339,"0.285":0.493794339,"0.29":0.493794339,"0.295":0.493794339,"0.3":0.493794339,"0.305":0.4919292148,"0.31":0.4919292148,"0.315":0.4919292148,"0.32":0.4919292148,"0.325":0.5006885381,"0.33":0.5006885381,"0.335":0.5006885381,"0.34":0.5020608048,"0.345":0.5020608048,"0.35":0.4998998838,"0.355":0.4998998838,"0.36":0.4998998838,"0.365":0.4998998838,"0.37":0.4998998838,"0.375":0.4998998838,"0.38":0.4998998838,"0.385":0.4998998838,"0.39":0.4998998838,"0.395":0.4998998838,"0.4":0.4998998838,"0.405":0.4998998838,"0.41":0.4998998838,"0.415":0.4998998838,"0.42":0.4998998838,"0.425":0.4998998838,"0.43":0.4998998838,"0.435":0.4998998838,"0.44":0.4998998838,"0.445":0.4998998838,"0.45":0.4998998838,"0.455":0.4998998838,"0.46":0.4998998838,"0.465":0.4998998838,"0.47":0.5026807274,"0.475":0.5026807274,"0.48":0.5026807274,"0.485":0.5026807274,"0.49":0.5026807274,"0.495":0.5026807274,"0.5":0.5026807274},"davies2009\/mirex_qm_tempotracker":{"0.0":null,"0.005":0.0316357077,"0.01":0.0316357077,"0.015":0.0316357077,"0.02":0.5568995381,"0.025":0.2887664003,"0.03":0.2887664003,"0.035":0.6293516746,"0.04":0.6159688596,"0.045":0.717188871,"0.05":0.7055315649,"0.055":0.7406864838,"0.06":0.7821506781,"0.065":0.7626727292,"0.07":0.8425342108,"0.075":0.8426562061,"0.08":0.8741682263,"0.085":0.8955074147,"0.09":0.8811153847,"0.095":0.903837397,"0.1":0.9099884337,"0.105":0.9101342635,"0.11":0.9093729897,"0.115":0.933394828,"0.12":0.9312817974,"0.125":0.9258943532,"0.13":0.9345109355,"0.135":0.9303475142,"0.14":0.938098522,"0.145":0.9300303593,"0.15":0.9281863726,"0.155":0.911587891,"0.16":0.9005197461,"0.165":0.8991269069,"0.17":0.9107145534,"0.175":0.9126660999,"0.18":0.9131785,"0.185":0.9091127684,"0.19":0.9092663194,"0.195":0.9092663194,"0.2":0.917594629,"0.205":0.9218598725,"0.21":0.9148716064,"0.215":0.9148716064,"0.22":0.9155939063,"0.225":0.9122780201,"0.23":0.9123270728,"0.235":0.9106785197,"0.24":0.9171757199,"0.245":0.9181178854,"0.25":0.9181178854,"0.255":0.9193626845,"0.26":0.9160879949,"0.265":0.9160879949,"0.27":0.911083769,"0.275":0.911083769,"0.28":0.9102155236,"0.285":0.9102155236,"0.29":0.9102155236,"0.295":0.9102155236,"0.3":0.9102155236,"0.305":0.9066915501,"0.31":0.9066915501,"0.315":0.9066915501,"0.32":0.9066915501,"0.325":0.9127581644,"0.33":0.9127581644,"0.335":0.9127581644,"0.34":0.9122376683,"0.345":0.9122376683,"0.35":0.9093905462,"0.355":0.9093905462,"0.36":0.9093905462,"0.365":0.9093905462,"0.37":0.9093905462,"0.375":0.9093905462,"0.38":0.9093905462,"0.385":0.9093905462,"0.39":0.9093905462,"0.395":0.9093905462,"0.4":0.9093905462,"0.405":0.9093905462,"0.41":0.9093905462,"0.415":0.9093905462,"0.42":0.9093905462,"0.425":0.9093905462,"0.43":0.9093905462,"0.435":0.9093905462,"0.44":0.9093905462,"0.445":0.9093905462,"0.45":0.9093905462,"0.455":0.9093905462,"0.46":0.9093905462,"0.465":0.9093905462,"0.47":0.9100473473,"0.475":0.9100473473,"0.48":0.9100473473,"0.485":0.9100473473,"0.49":0.9100473473,"0.495":0.9100473473,"0.5":0.9100473473},"percival2014\/stem":{"0.0":null,"0.005":0.0011109903,"0.01":0.0011109903,"0.015":0.0011109903,"0.02":0.5291273257,"0.025":0.2656726573,"0.03":0.2656726573,"0.035":0.455407275,"0.04":0.4770938892,"0.045":0.5358392485,"0.05":0.5245062725,"0.055":0.4823625889,"0.06":0.458547013,"0.065":0.4234316158,"0.07":0.4758355733,"0.075":0.4758648502,"0.08":0.4767852624,"0.085":0.4914246346,"0.09":0.4883154591,"0.095":0.4778916905,"0.1":0.4878678909,"0.105":0.4794959242,"0.11":0.4815789893,"0.115":0.5013482827,"0.12":0.5015304435,"0.125":0.4988158667,"0.13":0.4992716861,"0.135":0.4997416628,"0.14":0.505893638,"0.145":0.5119082399,"0.15":0.5099506724,"0.155":0.5017935524,"0.16":0.5007858087,"0.165":0.4977415358,"0.17":0.5013631079,"0.175":0.5074241392,"0.18":0.5037904609,"0.185":0.501778241,"0.19":0.5019085228,"0.195":0.5019085228,"0.2":0.5070254843,"0.205":0.5103250914,"0.21":0.5040176728,"0.215":0.5040176728,"0.22":0.5064309598,"0.225":0.5050466933,"0.23":0.5025975397,"0.235":0.5010143721,"0.24":0.5022958091,"0.245":0.5004991885,"0.25":0.5004991885,"0.255":0.4993171767,"0.26":0.4978910737,"0.265":0.4978910737,"0.27":0.4975296533,"0.275":0.4975296533,"0.28":0.4987695184,"0.285":0.4987695184,"0.29":0.4987695184,"0.295":0.4987695184,"0.3":0.4987695184,"0.305":0.5006031086,"0.31":0.5006031086,"0.315":0.5006031086,"0.32":0.5006031086,"0.325":0.50535061,"0.33":0.50535061,"0.335":0.50535061,"0.34":0.5039173424,"0.345":0.5039173424,"0.35":0.5046466606,"0.355":0.5046466606,"0.36":0.5046466606,"0.365":0.5046466606,"0.37":0.5046466606,"0.375":0.5046466606,"0.38":0.5046466606,"0.385":0.5046466606,"0.39":0.5046466606,"0.395":0.5046466606,"0.4":0.5046466606,"0.405":0.5046466606,"0.41":0.5046466606,"0.415":0.5046466606,"0.42":0.5046466606,"0.425":0.5046466606,"0.43":0.5046466606,"0.435":0.5046466606,"0.44":0.5046466606,"0.445":0.5046466606,"0.45":0.5046466606,"0.455":0.5046466606,"0.46":0.5046466606,"0.465":0.5046466606,"0.47":0.5078179213,"0.475":0.5078179213,"0.48":0.5078179213,"0.485":0.5078179213,"0.49":0.5078179213,"0.495":0.5078179213,"0.5":0.5078179213},"schreiber2014\/default":{"0.0":null,"0.005":0.0010625757,"0.01":0.0010625757,"0.015":0.0010625757,"0.02":0.5290014394,"0.025":0.2661196838,"0.03":0.2661196838,"0.035":0.4012496942,"0.04":0.3861851565,"0.045":0.4094545419,"0.05":0.4469132813,"0.055":0.4238771148,"0.06":0.4038495838,"0.065":0.383224837,"0.07":0.4131199896,"0.075":0.4045474814,"0.08":0.403496172,"0.085":0.4196817147,"0.09":0.4344666731,"0.095":0.4299024775,"0.1":0.4337720294,"0.105":0.4375575588,"0.11":0.4326539873,"0.115":0.4467862299,"0.12":0.4364229464,"0.125":0.4359820786,"0.13":0.4419792572,"0.135":0.4407887795,"0.14":0.4496521159,"0.145":0.4544354147,"0.15":0.4549355278,"0.155":0.4479524614,"0.16":0.4495284898,"0.165":0.4479108655,"0.17":0.4526113198,"0.175":0.4539048052,"0.18":0.4498245072,"0.185":0.4524929397,"0.19":0.4517213875,"0.195":0.4517213875,"0.2":0.4535503152,"0.205":0.4567523309,"0.21":0.4565694201,"0.215":0.4565694201,"0.22":0.4608666505,"0.225":0.458741424,"0.23":0.4567559514,"0.235":0.4553001918,"0.24":0.4579423842,"0.245":0.4565797024,"0.25":0.4565797024,"0.255":0.4574153063,"0.26":0.4579553625,"0.265":0.4579553625,"0.27":0.4561939668,"0.275":0.4561939668,"0.28":0.4561584116,"0.285":0.4561584116,"0.29":0.4561584116,"0.295":0.4561584116,"0.3":0.4561584116,"0.305":0.4579037094,"0.31":0.4579037094,"0.315":0.4579037094,"0.32":0.4579037094,"0.325":0.456877587,"0.33":0.456877587,"0.335":0.456877587,"0.34":0.4557282667,"0.345":0.4557282667,"0.35":0.4567602755,"0.355":0.4567602755,"0.36":0.4567602755,"0.365":0.4567602755,"0.37":0.4567602755,"0.375":0.4567602755,"0.38":0.4567602755,"0.385":0.4567602755,"0.39":0.4567602755,"0.395":0.4567602755,"0.4":0.4567602755,"0.405":0.4567602755,"0.41":0.4567602755,"0.415":0.4567602755,"0.42":0.4567602755,