{"Size":{"boeck2015\/tempodetector2016_default":217,"davies2009\/mirex_qm_tempotracker":217,"percival2014\/stem":217,"schreiber2014\/default":217,"schreiber2017\/ismir2017":217,"schreiber2017\/mirex2017":217,"schreiber2018\/cnn":217,"schreiber2018\/fcn":217,"schreiber2018\/ismir2018":217},"Min":{"boeck2015\/tempodetector2016_default":40.82,"davies2009\/mirex_qm_tempotracker":71.7773,"percival2014\/stem":51.9394,"schreiber2014\/default":47.787308,"schreiber2017\/ismir2017":11.197686,"schreiber2017\/mirex2017":11.197686,"schreiber2018\/cnn":49.0,"schreiber2018\/fcn":38.0,"schreiber2018\/ismir2018":53.0},"Max":{"boeck2015\/tempodetector2016_default":240.0,"davies2009\/mirex_qm_tempotracker":215.332,"percival2014\/stem":150.89,"schreiber2014\/default":154.04704,"schreiber2017\/ismir2017":176.16641,"schreiber2017\/mirex2017":159.09389,"schreiber2018\/cnn":224.0,"schreiber2018\/fcn":198.0,"schreiber2018\/ismir2018":205.0},"Avg":{"boeck2015\/tempodetector2016_default":102.3,"davies2009\/mirex_qm_tempotracker":136.0981239631,"percival2014\/stem":92.580956682,"schreiber2014\/default":88.3434899585,"schreiber2017\/ismir2017":86.0263857742,"schreiber2017\/mirex2017":75.9494130645,"schreiber2018\/cnn":96.8433179724,"schreiber2018\/fcn":94.9493087558,"schreiber2018\/ismir2018":96.9124423963},"Stdev":{"boeck2015\/tempodetector2016_default":44.7312576725,"davies2009\/mirex_qm_tempotracker":31.8287965906,"percival2014\/stem":20.3051784402,"schreiber2014\/default":20.4616881997,"schreiber2017\/ismir2017":34.6776550562,"schreiber2017\/mirex2017":30.9947410386,"schreiber2018\/cnn":27.9384801022,"schreiber2018\/fcn":31.0321251105,"schreiber2018\/ismir2018":26.0463739217},"Sweet Oct. Start":{"boeck2015\/tempodetector2016_default":58.0,"davies2009\/mirex_qm_tempotracker":96.0,"percival2014\/stem":69.0,"schreiber2014\/default":61.0,"schreiber2017\/ismir2017":53.0,"schreiber2017\/mirex2017":45.0,"schreiber2018\/cnn":61.0,"schreiber2018\/fcn":63.0,"schreiber2018\/ismir2018":67.0},"Sweet Oct. Coverage":{"boeck2015\/tempodetector2016_default":0.5806451613,"davies2009\/mirex_qm_tempotracker":0.8571428571,"percival2014\/stem":0.8755760369,"schreiber2014\/default":0.8801843318,"schreiber2017\/ismir2017":0.5898617512,"schreiber2017\/mirex2017":0.6082949309,"schreiber2018\/cnn":0.8525345622,"schreiber2018\/fcn":0.7465437788,"schreiber2018\/ismir2018":0.8940092166}}