Reference,Size,Min,Max,Avg,Stdev,Sweet Oct. Start,Sweet Oct. Coverage
1.0,217,32.708242477104235,206.89655172413853,78.02197675423353,31.88698757991023,51.0,0.6866359447004609
2.0,217,32.708,206.897,78.01414746543779,31.888210421930836,51.0,0.6866359447004609
