{"AOE1_MEAN":{"schreiber2014\/default":0.4575626815,"schreiber2018\/fcn":0.4776690697,"schreiber2018\/cnn":0.4820181053,"boeck2015\/tempodetector2016_default":0.5011741066,"schreiber2018\/ismir2018":0.5014211406,"percival2014\/stem":0.5054870651,"schreiber2017\/mirex2017":0.5155849127,"schreiber2017\/ismir2017":0.5905109193,"davies2009\/mirex_qm_tempotracker":0.9124062409},"AOE1_STDEV":{"schreiber2014\/default":0.4474615357,"schreiber2018\/fcn":0.5018469248,"schreiber2018\/cnn":0.4873542499,"boeck2015\/tempodetector2016_default":0.6024575443,"schreiber2018\/ismir2018":0.4714474294,"percival2014\/stem":0.4751256611,"schreiber2017\/mirex2017":0.5594150579,"schreiber2017\/ismir2017":0.5675527762,"davies2009\/mirex_qm_tempotracker":0.6027591388},"AOE2_MEAN":{"schreiber2014\/default":0.1268371026,"schreiber2018\/fcn":0.135149344,"schreiber2018\/cnn":0.1271671049,"boeck2015\/tempodetector2016_default":0.0770138962,"schreiber2018\/ismir2018":0.1546461448,"percival2014\/stem":0.146425282,"schreiber2017\/mirex2017":0.1220732691,"schreiber2017\/ismir2017":0.1308439104,"davies2009\/mirex_qm_tempotracker":0.1674924706},"AOE2_STDEV":{"schreiber2014\/default":0.1486492632,"schreiber2018\/fcn":0.1551835405,"schreiber2018\/cnn":0.1487710865,"boeck2015\/tempodetector2016_default":0.1262427573,"schreiber2018\/ismir2018":0.165050081,"percival2014\/stem":0.1470911566,"schreiber2017\/mirex2017":0.1616594066,"schreiber2017\/ismir2017":0.166276934,"davies2009\/mirex_qm_tempotracker":0.1526828533}}