{"Size":{"1.0":217,"2.0":217},"Min":{"1.0":32.7082424771,"2.0":32.708},"Max":{"1.0":206.8965517241,"2.0":206.897},"Avg":{"1.0":78.0219767542,"2.0":78.0141474654},"Stdev":{"1.0":31.8869875799,"2.0":31.8882104219},"Sweet Oct. Start":{"1.0":51.0,"2.0":51.0},"Sweet Oct. Coverage":{"1.0":0.6866359447,"2.0":0.6866359447}}