{"AOE1_MEAN":{"schreiber2014\/default":0.4576737505,"schreiber2018\/fcn":0.4777636771,"schreiber2018\/cnn":0.4821312287,"boeck2015\/tempodetector2016_default":0.5012757901,"schreiber2018\/ismir2018":0.5016142852,"percival2014\/stem":0.5055987556,"schreiber2017\/mirex2017":0.5156946272,"schreiber2017\/ismir2017":0.5906219233,"davies2009\/mirex_qm_tempotracker":0.9125894694},"AOE1_STDEV":{"schreiber2014\/default":0.4473364025,"schreiber2018\/fcn":0.501803704,"schreiber2018\/cnn":0.4873378061,"boeck2015\/tempodetector2016_default":0.6026204176,"schreiber2018\/ismir2018":0.4713850109,"percival2014\/stem":0.4753224842,"schreiber2017\/mirex2017":0.5595121246,"schreiber2017\/ismir2017":0.5676334359,"davies2009\/mirex_qm_tempotracker":0.6027509765},"AOE2_MEAN":{"schreiber2014\/default":0.1269977043,"schreiber2018\/fcn":0.1352369816,"schreiber2018\/cnn":0.1273260871,"boeck2015\/tempodetector2016_default":0.0770947691,"schreiber2018\/ismir2018":0.154811738,"percival2014\/stem":0.1465801106,"schreiber2017\/mirex2017":0.1221621787,"schreiber2017\/ismir2017":0.1309329217,"davies2009\/mirex_qm_tempotracker":0.1676616806},"AOE2_STDEV":{"schreiber2014\/default":0.1486205222,"schreiber2018\/fcn":0.1554492606,"schreiber2018\/cnn":0.1490802692,"boeck2015\/tempodetector2016_default":0.1262748393,"schreiber2018\/ismir2018":0.1652003092,"percival2014\/stem":0.1472049114,"schreiber2017\/mirex2017":0.1616088172,"schreiber2017\/ismir2017":0.1662230923,"davies2009\/mirex_qm_tempotracker":0.1526059429}}