{"boeck2015\/tempodetector2016_default":{"boeck2015\/tempodetector2016_default":1.0,"davies2009\/mirex_qm_tempotracker":0.0000000037,"percival2014\/stem":0.0,"schreiber2014\/default":0.0,"schreiber2017\/ismir2017":0.0,"schreiber2017\/mirex2017":0.0,"schreiber2018\/cnn":0.0002441406,"schreiber2018\/fcn":0.0000000037,"schreiber2018\/ismir2018":0.0000038147},"davies2009\/mirex_qm_tempotracker":{"boeck2015\/tempodetector2016_default":0.0000000037,"davies2009\/mirex_qm_tempotracker":1.0,"percival2014\/stem":0.0919145498,"schreiber2014\/default":0.0769258336,"schreiber2017\/ismir2017":0.0205269337,"schreiber2017\/mirex2017":0.1618814055,"schreiber2018\/cnn":0.0113309842,"schreiber2018\/fcn":1.0,"schreiber2018\/ismir2018":0.1433066543},"percival2014\/stem":{"boeck2015\/tempodetector2016_default":0.0,"davies2009\/mirex_qm_tempotracker":0.0919145498,"percival2014\/stem":1.0,"schreiber2014\/default":0.8803958213,"schreiber2017\/ismir2017":0.3367836352,"schreiber2017\/mirex2017":1.0,"schreiber2018\/cnn":0.000008963,"schreiber2018\/fcn":0.0724542602,"schreiber2018\/ismir2018":0.0014026885},"schreiber2014\/default":{"boeck2015\/tempodetector2016_default":0.0,"davies2009\/mirex_qm_tempotracker":0.0769258336,"percival2014\/stem":0.8803958213,"schreiber2014\/default":1.0,"schreiber2017\/ismir2017":0.4868502417,"schreiber2017\/mirex2017":0.7358788009,"schreiber2018\/cnn":0.0000003353,"schreiber2018\/fcn":0.0200738519,"schreiber2018\/ismir2018":0.0003460011},"schreiber2017\/ismir2017":{"boeck2015\/tempodetector2016_default":0.0,"davies2009\/mirex_qm_tempotracker":0.0205269337,"percival2014\/stem":0.3367836352,"schreiber2014\/default":0.4868502417,"schreiber2017\/ismir2017":1.0,"schreiber2017\/mirex2017":0.0385742188,"schreiber2018\/cnn":0.0000000441,"schreiber2018\/fcn":0.0022214338,"schreiber2018\/ismir2018":0.0000358879},"schreiber2017\/mirex2017":{"boeck2015\/tempodetector2016_default":0.0,"davies2009\/mirex_qm_tempotracker":0.1618814055,"percival2014\/stem":1.0,"schreiber2014\/default":0.7358788009,"schreiber2017\/ismir2017":0.0385742188,"schreiber2017\/mirex2017":1.0,"schreiber2018\/cnn":0.0000150972,"schreiber2018\/fcn":0.0576126729,"schreiber2018\/ismir2018":0.0016414913},"schreiber2018\/cnn":{"boeck2015\/tempodetector2016_default":0.0002441406,"davies2009\/mirex_qm_tempotracker":0.0113309842,"percival2014\/stem":0.000008963,"schreiber2014\/default":0.0000003353,"schreiber2017\/ismir2017":0.0000000441,"schreiber2017\/mirex2017":0.0000150972,"schreiber2018\/cnn":1.0,"schreiber2018\/fcn":0.0015438795,"schreiber2018\/ismir2018":0.1795654297},"schreiber2018\/fcn":{"boeck2015\/tempodetector2016_default":0.0000000037,"davies2009\/mirex_qm_tempotracker":1.0,"percival2014\/stem":0.0724542602,"schreiber2014\/default":0.0200738519,"schreiber2017\/ismir2017":0.0022214338,"schreiber2017\/mirex2017":0.0576126729,"schreiber2018\/cnn":0.0015438795,"schreiber2018\/fcn":1.0,"schreiber2018\/ismir2018":0.0755186975},"schreiber2018\/ismir2018":{"boeck2015\/tempodetector2016_default":0.0000038147,"davies2009\/mirex_qm_tempotracker":0.1433066543,"percival2014\/stem":0.0014026885,"schreiber2014\/default":0.0003460011,"schreiber2017\/ismir2017":0.0000358879,"schreiber2017\/mirex2017":0.0016414913,"schreiber2018\/cnn":0.1795654297,"schreiber2018\/fcn":0.0755186975,"schreiber2018\/ismir2018":1.0}}