{"boeck2015\/tempodetector2016_default":{"0.0":0.0,"0.0005":0.0438596491,"0.001":0.0789473684,"0.0015":0.1184210526,"0.002":0.173245614,"0.0025":0.2214912281,"0.003":0.2631578947,"0.0035":0.3048245614,"0.004":0.3464912281,"0.0045":0.4057017544,"0.005":0.451754386,"0.0055":0.4890350877,"0.006":0.5372807018,"0.0065":0.5745614035,"0.007":0.6052631579,"0.0075":0.6469298246,"0.008":0.6644736842,"0.0085":0.6973684211,"0.009":0.7192982456,"0.0095":0.7434210526,"0.01":0.7675438596,"0.0105":0.798245614,"0.011":0.8157894737,"0.0115":0.8442982456,"0.012":0.8574561404,"0.0125":0.875,"0.013":0.8903508772,"0.0135":0.9057017544,"0.014":0.9188596491,"0.0145":0.9298245614,"0.015":0.9385964912,"0.0155":0.9429824561,"0.016":0.9495614035,"0.0165":0.9539473684,"0.017":0.9561403509,"0.0175":0.9627192982,"0.018":0.9649122807,"0.0185":0.9649122807,"0.019":0.9649122807,"0.0195":0.9649122807,"0.02":0.9671052632,"0.0205":0.9671052632,"0.021":0.9692982456,"0.0215":0.9736842105,"0.022":0.975877193,"0.0225":0.9824561404,"0.023":0.9824561404,"0.0235":0.9824561404,"0.024":0.9824561404,"0.0245":0.9824561404,"0.025":0.9824561404,"0.0255":0.9824561404,"0.026":0.9824561404,"0.0265":0.9824561404,"0.027":0.9824561404,"0.0275":0.9824561404,"0.028":0.9824561404,"0.0285":0.9824561404,"0.029":0.9846491228,"0.0295":0.9846491228,"0.03":0.9846491228,"0.0305":0.9846491228,"0.031":0.9846491228,"0.0315":0.9846491228,"0.032":0.9868421053,"0.0325":0.9868421053,"0.033":0.9868421053,"0.0335":0.9868421053,"0.034":0.9868421053,"0.0345":0.9890350877,"0.035":0.9890350877,"0.0355":0.9890350877,"0.036":0.9890350877,"0.0365":0.9890350877,"0.037":0.9890350877,"0.0375":0.9890350877,"0.038":0.9890350877,"0.0385":0.9890350877,"0.039":0.9890350877,"0.0395":0.9912280702,"0.04":0.9912280702,"0.0405":0.9912280702,"0.041":0.9912280702,"0.0415":0.9912280702,"0.042":0.9912280702,"0.0425":0.9912280702,"0.043":0.9912280702,"0.0435":0.9912280702,"0.044":0.9912280702,"0.0445":0.9912280702,"0.045":0.9912280702,"0.0455":0.9912280702,"0.046":0.9912280702,"0.0465":0.9912280702,"0.047":0.9912280702,"0.0475":0.9912280702,"0.048":0.9912280702,"0.0485":0.9912280702,"0.049":0.9912280702,"0.0495":0.9912280702,"0.05":0.9912280702},"davies2009\/mirex_qm_tempotracker":{"0.0":0.0,"0.0005":0.0219298246,"0.001":0.0504385965,"0.0015":0.0614035088,"0.002":0.0679824561,"0.0025":0.0855263158,"0.003":0.0964912281,"0.0035":0.1118421053,"0.004":0.1425438596,"0.0045":0.1622807018,"0.005":0.1798245614,"0.0055":0.1798245614,"0.006":0.1929824561,"0.0065":0.2039473684,"0.007":0.2280701754,"0.0075":0.2478070175,"0.008":0.2653508772,"0.0085":0.2828947368,"0.009":0.3026315789,"0.0095":0.3355263158,"0.01":0.3662280702,"0.0105":0.3771929825,"0.011":0.4035087719,"0.0115":0.4166666667,"0.012":0.4320175439,"0.0125":0.4473684211,"0.013":0.4692982456,"0.0135":0.4978070175,"0.014":0.5197368421,"0.0145":0.5438596491,"0.015":0.5570175439,"0.0155":0.5745614035,"0.016":0.6030701754,"0.0165":0.6271929825,"0.017":0.649122807,"0.0175":0.6644736842,"0.018":0.6776315789,"0.0185":0.6929824561,"0.019":0.7083333333,"0.0195":0.725877193,"0.02":0.7390350877,"0.0205":0.75,"0.021":0.7543859649,"0.0215":0.7653508772,"0.022":0.774122807,"0.0225":0.7763157895,"0.023":0.7872807018,"0.0235":0.798245614,"0.024":0.8135964912,"0.0245":0.8201754386,"0.025":0.8377192982,"0.0255":0.8464912281,"0.026":0.8552631579,"0.0265":0.8596491228,"0.027":0.8596491228,"0.0275":0.8640350877,"0.028":0.8684210526,"0.0285":0.8728070175,"0.029":0.875,"0.0295":0.8771929825,"0.03":0.8837719298,"0.0305":0.8881578947,"0.031":0.8903508772,"0.0315":0.8903508772,"0.032":0.8969298246,"0.0325":0.9057017544,"0.033":0.9100877193,"0.0335":0.9122807018,"0.034":0.9166666667,"0.0345":0.9166666667,"0.035":0.9166666667,"0.0355":0.9166666667,"0.036":0.9166666667,"0.0365":0.9188596491,"0.037":0.9210526316,"0.0375":0.9210526316,"0.038":0.923245614,"0.0385":0.9254385965,"0.039":0.9276315789,"0.0395":0.9276315789,"0.04":0.9276315789,"0.0405":0.9298245614,"0.041":0.9298245614,"0.0415":0.9298245614,"0.042":0.9298245614,"0.0425":0.9298245614,"0.043":0.9298245614,"0.0435":0.9298245614,"0.044":0.9298245614,"0.0445":0.9320175439,"0.045":0.9320175439,"0.0455":0.9320175439,"0.046":0.9320175439,"0.0465":0.9320175439,"0.047":0.9320175439,"0.0475":0.9320175439,"0.048":0.9320175439,"0.0485":0.9320175439,"0.049":0.9342105263,"0.0495":0.9342105263,"0.05":0.9342105263},"percival2014\/stem":{"0.0":0.0,"0.0005":0.1140350877,"0.001":0.2083333333,"0.0015":0.3048245614,"0.002":0.3969298246,"0.0025":0.4649122807,"0.003":0.5285087719,"0.0035":0.5723684211,"0.004":0.625,"0.0045":0.6666666667,"0.005":0.701754386,"0.0055":0.7280701754,"0.006":0.7587719298,"0.0065":0.7697368421,"0.007":0.7807017544,"0.0075":0.7894736842,"0.008":0.7960526316,"0.0085":0.8026315789,"0.009":0.8114035088,"0.0095":0.8201754386,"0.01":0.8289473684,"0.0105":0.8289473684,"0.011":0.8421052632,"0.0115":0.8421052632,"0.012":0.8442982456,"0.0125":0.8464912281,"0.013":0.8486842105,"0.0135":0.8530701754,"0.014":0.8552631579,"0.0145":0.8662280702,"0.015":0.8684210526,"0.0155":0.8706140351,"0.016":0.8706140351,"0.0165":0.8706140351,"0.017":0.8706140351,"0.0175":0.8706140351,"0.018":0.875,"0.0185":0.875,"0.019":0.875,"0.0195":0.8771929825,"0.02":0.8771929825,"0.0205":0.8771929825,"0.021":0.8793859649,"0.0215":0.8837719298,"0.022":0.8837719298,"0.0225":0.8837719298,"0.023":0.8859649123,"0.0235":0.8859649123,"0.024":0.8859649123,"0.0245":0.8881578947,"0.025":0.8903508772,"0.0255":0.8903508772,"0.026":0.8925438596,"0.0265":0.8925438596,"0.027":0.8969298246,"0.0275":0.8969298246,"0.028":0.8969298246,"0.0285":0.8969298246,"0.029":0.8969298246,"0.0295":0.8969298246,"0.03":0.8969298246,"0.0305":0.8969298246,"0.031":0.8969298246,"0.0315":0.899122807,"0.032":0.899122807,"0.0325":0.899122807,"0.033":0.899122807,"0.0335":0.899122807,"0.034":0.899122807,"0.0345":0.899122807,"0.035":0.899122807,"0.0355":0.899122807,"0.036":0.899122807,"0.0365":0.899122807,"0.037":0.899122807,"0.0375":0.899122807,"0.038":0.899122807,"0.0385":0.899122807,"0.039":0.899122807,"0.0395":0.899122807,"0.04":0.899122807,"0.0405":0.899122807,"0.041":0.899122807,"0.0415":0.899122807,"0.042":0.899122807,"0.0425":0.899122807,"0.043":0.899122807,"0.0435":0.9013157895,"0.044":0.9013157895,"0.0445":0.9013157895,"0.045":0.9013157895,"0.0455":0.9013157895,"0.046":0.9013157895,"0.0465":0.9013157895,"0.047":0.9013157895,"0.0475":0.9013157895,"0.048":0.9013157895,"0.0485":0.9013157895,"0.049":0.9013157895,"0.0495":0.9013157895,"0.05":0.9035087719},"schreiber2014\/default":{"0.0":0.0,"0.0005":0.0460526316,"0.001":0.0964912281,"0.0015":0.1557017544,"0.002":0.2214912281,"0.0025":0.2543859649,"0.003":0.2916666667,"0.0035":0.3333333333,"0.004":0.3574561404,"0.0045":0.4013157895,"0.005":0.4254385965,"0.0055":0.4561403509,"0.006":0.4868421053,"0.0065":0.5131578947,"0.007":0.5372807018,"0.0075":0.5548245614,"0.008":0.5635964912,"0.0085":0.5877192982,"0.009":0.600877193,"0.0095":0.6118421053,"0.01":0.6293859649,"0.0105":0.6425438596,"0.011":0.6557017544,"0.0115":0.6710526316,"0.012":0.6776315789,"0.0125":0.6929824561,"0.013":0.701754386,"0.0135":0.7083333333,"0.014":0.7149122807,"0.0145":0.725877193,"0.015":0.7390350877,"0.0155":0.7478070175,"0.016":0.7565789474,"0.0165":0.7631578947,"0.017":0.7697368421,"0.0175":0.7763157895,"0.018":0.7828947368,"0.0185":0.7894736842,"0.019":0.8026315789,"0.0195":0.8092105263,"0.02":0.8114035088,"0.0205":0.8157894737,"0.021":0.8201754386,"0.0215":0.8245614035,"0.022":0.8245614035,"0.0225":0.8289473684,"0.023":0.8289473684,"0.0235":0.8311403509,"0.024":0.8333333333,"0.0245":0.8377192982,"0.025":0.8421052632,"0.0255":0.8442982456,"0.026":0.8464912281,"0.0265":0.850877193,"0.027":0.8552631579,"0.0275":0.8596491228,"0.028":0.8640350877,"0.0285":0.8640350877,"0.029":0.8640350877,"0.0295":0.8640350877,"0.03":0.8706140351,"0.0305":0.8706140351,"0.031":0.8728070175,"0.0315":0.8728070175,"0.032":0.875,"0.0325":0.8771929825,"0.033":0.8771929825,"0.0335":0.8793859649,"0.034":0.8793859649,"0.0345":0.8837719298,