{"boeck2015\/tempodetector2016_default":{"0.0":null,"0.005":null,"0.01":1.0,"0.015":0.9718309859,"0.02":0.9911504425,"0.025":0.9942528736,"0.03":0.9950617284,"0.035":0.9953161593,"0.04":0.995412844,"0.045":0.9954441913,"0.05":0.9955156951,"0.055":0.9955257271,"0.06":0.9955357143,"0.065":0.9955555556,"0.07":0.9955555556,"0.075":0.9955654102,"0.08":0.9955752212,"0.085":0.9955752212,"0.09":0.9955752212,"0.095":0.9955752212,"0.1":0.9955752212,"0.105":0.9955752212,"0.11":0.9955752212,"0.115":0.9955752212,"0.12":0.9955752212,"0.125":0.9955752212,"0.13":0.9955752212,"0.135":0.9955752212,"0.14":0.9955752212,"0.145":0.995584989,"0.15":0.995584989,"0.155":0.995584989,"0.16":0.9955947137,"0.165":0.9955947137,"0.17":0.9955947137,"0.175":0.9955947137,"0.18":0.9955947137,"0.185":0.9955947137,"0.19":0.9955947137,"0.195":0.9955947137,"0.2":0.9955947137,"0.205":0.9956043956,"0.21":0.9956043956,"0.215":0.9956043956,"0.22":0.9956043956,"0.225":0.9956043956,"0.23":0.9956043956,"0.235":0.9956043956,"0.24":0.9956043956,"0.245":0.9956043956,"0.25":0.9956043956,"0.255":0.9956043956,"0.26":0.9956043956,"0.265":0.9956043956,"0.27":0.9956043956,"0.275":0.9956043956,"0.28":0.9956043956,"0.285":0.9956043956,"0.29":0.9956043956,"0.295":0.9956043956,"0.3":0.9956043956,"0.305":0.9956043956,"0.31":0.9956043956,"0.315":0.9956140351,"0.32":0.9956140351,"0.325":0.9956140351,"0.33":0.9956140351,"0.335":0.9956140351,"0.34":0.9956140351,"0.345":0.9956140351,"0.35":0.9956140351,"0.355":0.9956140351,"0.36":0.9956140351,"0.365":0.9956140351,"0.37":0.9956140351,"0.375":0.9956140351,"0.38":0.9956140351,"0.385":0.9956140351,"0.39":0.9956140351,"0.395":0.9956140351,"0.4":0.9956140351,"0.405":0.9956140351,"0.41":0.9956140351,"0.415":0.9956140351,"0.42":0.9956140351,"0.425":0.9956140351,"0.43":0.9956140351,"0.435":0.9956140351,"0.44":0.9956140351,"0.445":0.9956140351,"0.45":0.9956140351,"0.455":0.9956140351,"0.46":0.9956140351,"0.465":0.9956140351,"0.47":0.9956140351,"0.475":0.9956140351,"0.48":0.9956140351,"0.485":0.9956140351,"0.49":0.9956140351,"0.495":0.9956140351,"0.5":0.9956140351},"davies2009\/mirex_qm_tempotracker":{"0.0":null,"0.005":null,"0.01":1.0,"0.015":0.9436619718,"0.02":0.9513274336,"0.025":0.9568965517,"0.03":0.9481481481,"0.035":0.9414519906,"0.04":0.9403669725,"0.045":0.9384965831,"0.05":0.9394618834,"0.055":0.9395973154,"0.06":0.9397321429,"0.065":0.9377777778,"0.07":0.9377777778,"0.075":0.9379157428,"0.08":0.935840708,"0.085":0.935840708,"0.09":0.935840708,"0.095":0.935840708,"0.1":0.935840708,"0.105":0.935840708,"0.11":0.935840708,"0.115":0.935840708,"0.12":0.935840708,"0.125":0.935840708,"0.13":0.935840708,"0.135":0.935840708,"0.14":0.935840708,"0.145":0.93598234,"0.15":0.93598234,"0.155":0.93598234,"0.16":0.936123348,"0.165":0.936123348,"0.17":0.936123348,"0.175":0.936123348,"0.18":0.936123348,"0.185":0.936123348,"0.19":0.936123348,"0.195":0.936123348,"0.2":0.936123348,"0.205":0.9362637363,"0.21":0.9362637363,"0.215":0.9362637363,"0.22":0.9362637363,"0.225":0.9362637363,"0.23":0.9362637363,"0.235":0.9362637363,"0.24":0.9362637363,"0.245":0.9362637363,"0.25":0.9362637363,"0.255":0.9362637363,"0.26":0.9362637363,"0.265":0.9362637363,"0.27":0.9362637363,"0.275":0.9362637363,"0.28":0.9362637363,"0.285":0.9362637363,"0.29":0.9362637363,"0.295":0.9362637363,"0.3":0.9362637363,"0.305":0.9362637363,"0.31":0.9362637363,"0.315":0.9364035088,"0.32":0.9364035088,"0.325":0.9364035088,"0.33":0.9364035088,"0.335":0.9364035088,"0.34":0.9364035088,"0.345":0.9364035088,"0.35":0.9364035088,"0.355":0.9364035088,"0.36":0.9364035088,"0.365":0.9364035088,"0.37":0.9364035088,"0.375":0.9364035088,"0.38":0.9364035088,"0.385":0.9364035088,"0.39":0.9364035088,"0.395":0.9364035088,"0.4":0.9364035088,"0.405":0.9364035088,"0.41":0.9364035088,"0.415":0.9364035088,"0.42":0.9364035088,"0.425":0.9364035088,"0.43":0.9364035088,"0.435":0.9364035088,"0.44":0.9364035088,"0.445":0.9364035088,"0.45":0.9364035088,"0.455":0.9364035088,"0.46":0.9364035088,"0.465":0.9364035088,"0.47":0.9364035088,"0.475":0.9364035088,"0.48":0.9364035088,"0.485":0.9364035088,"0.49":0.9364035088,"0.495":0.9364035088,"0.5":0.9364035088},"percival2014\/stem":{"0.0":null,"0.005":null,"0.01":1.0,"0.015":0.9577464789,"0.02":0.9646017699,"0.025":0.9425287356,"0.03":0.9209876543,"0.035":0.9133489461,"0.04":0.9082568807,"0.045":0.9066059226,"0.05":0.9080717489,"0.055":0.9082774049,"0.06":0.9084821429,"0.065":0.9066666667,"0.07":0.9066666667,"0.075":0.9068736142,"0.08":0.907079646,"0.085":0.907079646,"0.09":0.907079646,"0.095":0.907079646,"0.1":0.907079646,"0.105":0.907079646,"0.11":0.907079646,"0.115":0.907079646,"0.12":0.907079646,"0.125":0.907079646,"0.13":0.907079646,"0.135":0.907079646,"0.14":0.907079646,"0.145":0.9072847682,"0.15":0.9072847682,"0.155":0.9072847682,"0.16":0.9074889868,"0.165":0.9074889868,"0.17":0.9074889868,"0.175":0.9074889868,"0.18":0.9074889868,"0.185":0.9074889868,"0.19":0.9074889868,"0.195":0.9074889868,"0.2":0.9074889868,"0.205":0.9076923077,"0.21":0.9076923077,"0.215":0.9076923077,"0.22":0.9076923077,"0.225":0.9076923077,"0.23":0.9076923077,"0.235":0.9076923077,"0.24":0.9076923077,"0.245":0.9076923077,"0.25":0.9076923077,"0.255":0.9076923077,"0.26":0.9076923077,"0.265":0.9076923077,"0.27":0.9076923077,"0.275":0.9076923077,"0.28":0.9076923077,"0.285":0.9076923077,"0.29":0.9076923077,"0.295":0.9076923077,"0.3":0.9076923077,"0.305":0.9076923077,"0.31":0.9076923077,"0.315":0.9078947368,"0.32":0.9078947368,"0.325":0.9078947368,"0.33":0.9078947368,"0.335":0.9078947368,"0.34":0.9078947368,"0.345":0.9078947368,"0.35":0.9078947368,"0.355":0.9078947368,"0.36":0.9078947368,"0.365":0.9078947368,"0.37":0.9078947368,"0.375":0.9078947368,"0.38":0.9078947368,"0.385":0.9078947368,"0.39":0.9078947368,"0.395":0.9078947368,"0.4":0.9078947368,"0.405":0.9078947368,"0.41":0.9078947368,"0.415":0.9078947368,"0.42":0.9078947368,"0.425":0.9078947368,"0.43":0.9078947368,"0.435":0.9078947368,"0.44":0.9078947368,"0.445":0.9078947368,"0.45":0.9078947368,"0.455":0.9078947368,"0.46":0.9078947368,"0.465":0.9078947368,"0.47":0.9078947368,"0.475":0.9078947368,"0.48":0.9078947368,"0.485":0.9078947368,"0.49":0.9078947368,"0.495":0.9078947368,"0.5":0.9078947368},"schreiber2014\/default":{"0.0":null,"0.005":null,"0.01":1.0,"0.015":0.9718309859,"0.02":0.9778761062,"0.025":0.9454022989,"0.03":0.9234567901,"0.035":0.9110070258,"0.04":0.9013761468,"0.045":0.8997722096,"0.05":0.8968609865,"0.055":0.8970917226,"0.06":0.8950892857,"0.065":0.8933333333,"0.07":0.8933333333,"0.075":0.8935698448,"0.08":0.8915929204,"0.085":0.8915929204,"0.09":0.8915929204,"0.095":0.8915929204,"0.1":0.8915929204,"0.105":0.8915929204,"0.11":0.8915929204,"0.115":0.8915929204,"0.12":0.8915929204,"0.125":0.8915929204,"0.13":0.8915929204,"0.135":0.8915929204,"0.14":0.8915929204,"0.145":0.8918322296,"0.15":0.8918322296,"0.155":0.8918322296,"0.16":0.8920704846,"0.165":0.8920704846,"0.17":0.8920704846,"0.175":0.8920704846,"0.18":0.8920704846,"0.185":0.8920704846,"0.19":0.8920704846,"0.195":0.8920704846,"0.2":0.8920704846,"0.205":0.8923076923,"0.21":0.8923076923,"0.215":0.8923076923,"0.22":0.8923076923,"0.225":0.8923076923,"0.23":0.8923076923,"0.235":0.8923076923,"0.24":0.8923076923,"0.245":0.8923076923,"0.25":0.8923076923,"0.255":0.8923076923,"0.26":0.8923076923,"0.265":0.8923076923,"0.27":0.8923076923,"0.275":0.8923076923,"0.28":0.8923076923,"0.285":0.8923076923,"0.29":0.8923076923,"0.295":0.8923076923,"0.3":0.8923076923,"0.305":0.8923076923,"0.31":0.8923076923,"0.315":0.8925438596,"0.32":0.8925438596,"0.325":0.8925438596,"0.33":0.8925438596,"0.335":0.8925438596,"0.34":0.8925438596,"0.345":0.8925438596,"0.35":0.8925438596,"0.355":0.8925438596,"0.36":0.8925438596,"0.365":0.8925438596,"0.37":0.8925438596,"0.375":0.8925438596,"0.38":0.8925438596,"0.385":0.8925438596,"0.39":0.8925438596,"0.395":0.8925438596,"0.4":0.8925438596,"0.405":0.8925438596,"0.41":0.8925438596,"0.415":0.8925438596,"0.42":0.8925438596,"0.425":0.8925438596,"0.43":0.8925438596,"0.435":0.8925438596,"0.44":0.8925438596,