{"Size":{"boeck2015\/tempodetector2016_default":456,"davies2009\/mirex_qm_tempotracker":456,"percival2014\/stem":456,"schreiber2014\/default":456,"schreiber2017\/ismir2017":456,"schreiber2017\/mirex2017":456,"schreiber2018\/cnn":456,"schreiber2018\/fcn":456,"schreiber2018\/ismir2018":456},"Min":{"boeck2015\/tempodetector2016_default":48.39,"davies2009\/mirex_qm_tempotracker":69.8374,"percival2014\/stem":53.4157,"schreiber2014\/default":56.99386,"schreiber2017\/ismir2017":41.163326,"schreiber2017\/mirex2017":40.53247,"schreiber2018\/cnn":61.0,"schreiber2018\/fcn":48.0,"schreiber2018\/ismir2018":67.0},"Max":{"boeck2015\/tempodetector2016_default":240.0,"davies2009\/mirex_qm_tempotracker":215.332,"percival2014\/stem":20671.9,"schreiber2014\/default":149.43391,"schreiber2017\/ismir2017":160.11902,"schreiber2017\/mirex2017":160.11902,"schreiber2018\/cnn":232.0,"schreiber2018\/fcn":237.0,"schreiber2018\/ismir2018":237.0},"Avg":{"boeck2015\/tempodetector2016_default":131.674122807,"davies2009\/mirex_qm_tempotracker":130.1184627193,"percival2014\/stem":147.5103442982,"schreiber2014\/default":97.7420160439,"schreiber2017\/ismir2017":105.9858958246,"schreiber2017\/mirex2017":104.7343012215,"schreiber2018\/cnn":139.600877193,"schreiber2018\/fcn":126.7828947368,"schreiber2018\/ismir2018":137.524122807},"Stdev":{"boeck2015\/tempodetector2016_default":40.9985555964,"davies2009\/mirex_qm_tempotracker":25.807579679,"percival2014\/stem":963.5830151671,"schreiber2014\/default":23.6039209849,"schreiber2017\/ismir2017":28.5881526388,"schreiber2017\/mirex2017":28.8846868904,"schreiber2018\/cnn":39.743390069,"schreiber2018\/fcn":40.1200809269,"schreiber2018\/ismir2018":34.931132707},"Sweet Oct. Start":{"boeck2015\/tempodetector2016_default":97.0,"davies2009\/mirex_qm_tempotracker":90.0,"percival2014\/stem":68.0,"schreiber2014\/default":68.0,"schreiber2017\/ismir2017":79.0,"schreiber2017\/mirex2017":79.0,"schreiber2018\/cnn":109.0,"schreiber2018\/fcn":101.0,"schreiber2018\/ismir2018":101.0},"Sweet Oct. Coverage":{"boeck2015\/tempodetector2016_default":0.7302631579,"davies2009\/mirex_qm_tempotracker":0.9122807018,"percival2014\/stem":0.8245614035,"schreiber2014\/default":0.8662280702,"schreiber2017\/ismir2017":0.7828947368,"schreiber2017\/mirex2017":0.7631578947,"schreiber2018\/cnn":0.7807017544,"schreiber2018\/fcn":0.6842105263,"schreiber2018\/ismir2018":0.8201754386}}