Estimator,boeck2015/tempodetector2016_default,davies2009/mirex_qm_tempotracker,percival2014/stem,schreiber2014/default,schreiber2017/ismir2017,schreiber2017/mirex2017,schreiber2018/cnn,schreiber2018/fcn,schreiber2018/ismir2018
boeck2015/tempodetector2016_default,1.0,1.2433699185044735e-12,0.19107500998792057,1.19180340798009e-09,3.906583124279341e-05,2.5150108724621908e-05,0.8879891475135389,3.8461527490235014e-05,0.36703572417208885
davies2009/mirex_qm_tempotracker,1.2433699185044735e-12,1.0,0.003207164448394289,1.5084082908998801e-18,9.38249151173234e-17,1.1111141147121125e-16,9.827314963729617e-08,1.0403548864118318e-15,3.3589021724076436e-09
percival2014/stem,0.19107500998792057,0.003207164448394289,1.0,0.2589262069336607,0.884593607022545,0.9432619494831072,0.19205289108085755,0.859061698618876,0.2968558252587593
schreiber2014/default,1.19180340798009e-09,1.5084082908998801e-18,0.2589262069336607,1.0,0.00092260451404433,0.001468722103261672,1.9721997779873506e-09,0.010116296321258171,2.6630165074494467e-07
schreiber2017/ismir2017,3.906583124279341e-05,9.38249151173234e-17,0.884593607022545,0.00092260451404433,1.0,0.3178418789967191,0.0002030501337854138,0.36724967849718737,0.005755518778410617
schreiber2017/mirex2017,2.5150108724621908e-05,1.1111141147121125e-16,0.9432619494831072,0.001468722103261672,0.3178418789967191,1.0,0.00012536909054342553,0.4884786757474676,0.0037373803477785557
schreiber2018/cnn,0.8879891475135389,9.827314963729617e-08,0.19205289108085755,1.9721997779873506e-09,0.0002030501337854138,0.00012536909054342553,1.0,1.362834415760976e-05,0.2089724591325629
schreiber2018/fcn,3.8461527490235014e-05,1.0403548864118318e-15,0.859061698618876,0.010116296321258171,0.36724967849718737,0.4884786757474676,1.362834415760976e-05,1.0,0.0002607981797608143
schreiber2018/ismir2018,0.36703572417208885,3.3589021724076436e-09,0.2968558252587593,2.6630165074494467e-07,0.005755518778410617,0.0037373803477785557,0.2089724591325629,0.0002607981797608143,1.0
