Estimator,boeck2015/tempodetector2016_default,davies2009/mirex_qm_tempotracker,percival2014/stem,schreiber2014/default,schreiber2017/ismir2017,schreiber2017/mirex2017,schreiber2018/cnn,schreiber2018/fcn,schreiber2018/ismir2018
boeck2015/tempodetector2016_default,1.0,1.959887972035006e-08,3.092199375919939e-31,5.789366434710179e-42,2.1389092565057717e-29,3.11682741295793e-27,0.6098340436734595,0.0014961642897455517,0.6749867139704893
davies2009/mirex_qm_tempotracker,1.959887972035006e-08,1.0,8.085440546853485e-12,2.8251847771764076e-14,1.1719855840046115e-08,5.755949851954396e-07,2.3895448149179503e-09,0.018770972333924402,6.224673473360482e-13
percival2014/stem,3.092199375919939e-31,8.085440546853485e-12,1.0,0.008641499683281728,0.23531375547707092,0.061115577534702384,1.7937043283338572e-29,3.970008341665558e-18,1.537623843327434e-30
schreiber2014/default,5.789366434710179e-42,2.8251847771764076e-14,0.008641499683281728,1.0,0.0003777920142067629,1.4836899336372364e-05,8.407657938939097e-36,2.407822927710239e-26,1.4602565966004734e-36
schreiber2017/ismir2017,2.1389092565057717e-29,1.1719855840046115e-08,0.23531375547707092,0.0003777920142067629,1.0,0.0703125,4.571083891664349e-22,1.570169193143631e-13,1.065796887918021e-25
schreiber2017/mirex2017,3.11682741295793e-27,5.755949851954396e-07,0.061115577534702384,1.4836899336372364e-05,0.0703125,1.0,1.939536652904922e-20,1.9976172202220353e-12,1.1589077725619046e-20
schreiber2018/cnn,0.6098340436734595,2.3895448149179503e-09,1.7937043283338572e-29,8.407657938939097e-36,4.571083891664349e-22,1.939536652904922e-20,1.0,4.5666107004454105e-07,1.0
schreiber2018/fcn,0.0014961642897455517,0.018770972333924402,3.970008341665558e-18,2.407822927710239e-26,1.570169193143631e-13,1.9976172202220353e-12,4.5666107004454105e-07,1.0,1.2967077325175119e-05
schreiber2018/ismir2018,0.6749867139704893,6.224673473360482e-13,1.537623843327434e-30,1.4602565966004734e-36,1.065796887918021e-25,1.1589077725619046e-20,1.0,1.2967077325175119e-05,1.0
