{"AOE1_MEAN":{"schreiber2018\/ismir2018":0.4101625655,"schreiber2018\/cnn":0.4122406837,"boeck2015\/tempodetector2016_default":0.4384722917,"schreiber2018\/fcn":0.5265622938,"davies2009\/mirex_qm_tempotracker":0.5633779287,"schreiber2017\/mirex2017":0.7229433946,"schreiber2017\/ismir2017":0.7335188086,"percival2014\/stem":0.8097220451,"schreiber2014\/default":0.8310742424},"AOE1_STDEV":{"schreiber2018\/ismir2018":0.4843509541,"schreiber2018\/cnn":0.4861573042,"boeck2015\/tempodetector2016_default":0.5024082048,"schreiber2018\/fcn":0.5553743531,"davies2009\/mirex_qm_tempotracker":0.4970675019,"schreiber2017\/mirex2017":0.5143888116,"schreiber2017\/ismir2017":0.5052710242,"percival2014\/stem":0.61742144,"schreiber2014\/default":0.5129845167},"AOE2_MEAN":{"schreiber2018\/ismir2018":0.0246350924,"schreiber2018\/cnn":0.0224203906,"boeck2015\/tempodetector2016_default":0.0107033072,"schreiber2018\/fcn":0.0363253929,"davies2009\/mirex_qm_tempotracker":0.0322015322,"schreiber2017\/mirex2017":0.0255302775,"schreiber2017\/ismir2017":0.0246201077,"percival2014\/stem":0.0517680879,"schreiber2014\/default":0.0448473876},"AOE2_STDEV":{"schreiber2018\/ismir2018":0.0697139972,"schreiber2018\/cnn":0.0618739604,"boeck2015\/tempodetector2016_default":0.0146699238,"schreiber2018\/fcn":0.0956213923,"davies2009\/mirex_qm_tempotracker":0.0607098388,"schreiber2017\/mirex2017":0.0783935654,"schreiber2017\/ismir2017":0.0757029008,"percival2014\/stem":0.2726961353,"schreiber2014\/default":0.1083891853}}