{"boeck2015\/tempodetector2016_default":{"0.0":null,"0.005":null,"0.01":-0.0002204633,"0.015":0.0026706133,"0.02":-0.0003089029,"0.025":-0.0004557896,"0.03":-0.0004334271,"0.035":-0.0004532611,"0.04":-0.0004333138,"0.045":-0.0004554896,"0.05":-0.0004535824,"0.055":-0.0004546722,"0.06":-0.0004352331,"0.065":-0.0003947074,"0.07":-0.0003947074,"0.075":-0.0004093874,"0.08":-0.0004388541,"0.085":-0.0004388541,"0.09":-0.0004388541,"0.095":-0.0004388541,"0.1":-0.0004388541,"0.105":-0.0004388541,"0.11":-0.0004388541,"0.115":-0.0004388541,"0.12":-0.0004388541,"0.125":-0.0004388541,"0.13":-0.0004388541,"0.135":-0.0004388541,"0.14":-0.0004388541,"0.145":-0.0004079959,"0.15":-0.0004079959,"0.155":-0.0004079959,"0.16":-0.0004269569,"0.165":-0.0004269569,"0.17":-0.0004269569,"0.175":-0.0004269569,"0.18":-0.0004269569,"0.185":-0.0004269569,"0.19":-0.0004269569,"0.195":-0.0004269569,"0.2":-0.0004269569,"0.205":-0.0004304091,"0.21":-0.0004304091,"0.215":-0.0004304091,"0.22":-0.0004304091,"0.225":-0.0004304091,"0.23":-0.0004304091,"0.235":-0.0004304091,"0.24":-0.0004304091,"0.245":-0.0004304091,"0.25":-0.0004304091,"0.255":-0.0004304091,"0.26":-0.0004304091,"0.265":-0.0004304091,"0.27":-0.0004304091,"0.275":-0.0004304091,"0.28":-0.0004304091,"0.285":-0.0004304091,"0.29":-0.0004304091,"0.295":-0.0004304091,"0.3":-0.0004304091,"0.305":-0.0004304091,"0.31":-0.0004304091,"0.315":-0.000451538,"0.32":-0.000451538,"0.325":-0.000451538,"0.33":-0.000451538,"0.335":-0.000451538,"0.34":-0.000451538,"0.345":-0.000451538,"0.35":-0.000451538,"0.355":-0.000451538,"0.36":-0.000451538,"0.365":-0.000451538,"0.37":-0.000451538,"0.375":-0.000451538,"0.38":-0.000451538,"0.385":-0.000451538,"0.39":-0.000451538,"0.395":-0.000451538,"0.4":-0.000451538,"0.405":-0.000451538,"0.41":-0.000451538,"0.415":-0.000451538,"0.42":-0.000451538,"0.425":-0.000451538,"0.43":-0.000451538,"0.435":-0.000451538,"0.44":-0.000451538,"0.445":-0.000451538,"0.45":-0.000451538,"0.455":-0.000451538,"0.46":-0.000451538,"0.465":-0.000451538,"0.47":-0.000451538,"0.475":-0.000451538,"0.48":-0.000451538,"0.485":-0.000451538,"0.49":-0.000451538,"0.495":-0.000451538,"0.5":-0.000451538},"davies2009\/mirex_qm_tempotracker":{"0.0":null,"0.005":null,"0.01":0.0179757507,"0.015":0.0292136328,"0.02":0.0197824102,"0.025":0.0210633539,"0.03":0.0204600702,"0.035":0.0219702247,"0.04":0.0219033574,"0.045":0.0211919408,"0.05":0.0210881254,"0.055":0.0211372967,"0.06":0.0211656954,"0.065":0.0212588071,"0.07":0.0212588071,"0.075":0.0211932998,"0.08":0.021962299,"0.085":0.021962299,"0.09":0.021962299,"0.095":0.021962299,"0.1":0.021962299,"0.105":0.021962299,"0.11":0.021962299,"0.115":0.021962299,"0.12":0.021962299,"0.125":0.021962299,"0.13":0.021962299,"0.135":0.021962299,"0.14":0.021962299,"0.145":0.0219240278,"0.15":0.0219240278,"0.155":0.0219240278,"0.16":0.0219322062,"0.165":0.0219322062,"0.17":0.0219322062,"0.175":0.0219322062,"0.18":0.0219322062,"0.185":0.0219322062,"0.19":0.0219322062,"0.195":0.0219322062,"0.2":0.0219322062,"0.205":0.0219843118,"0.21":0.0219843118,"0.215":0.0219843118,"0.22":0.0219843118,"0.225":0.0219843118,"0.23":0.0219843118,"0.235":0.0219843118,"0.24":0.0219843118,"0.245":0.0219843118,"0.25":0.0219843118,"0.255":0.0219843118,"0.26":0.0219843118,"0.265":0.0219843118,"0.27":0.0219843118,"0.275":0.0219843118,"0.28":0.0219843118,"0.285":0.0219843118,"0.29":0.0219843118,"0.295":0.0219843118,"0.3":0.0219843118,"0.305":0.0219843118,"0.31":0.0219843118,"0.315":0.021970181,"0.32":0.021970181,"0.325":0.021970181,"0.33":0.021970181,"0.335":0.021970181,"0.34":0.021970181,"0.345":0.021970181,"0.35":0.021970181,"0.355":0.021970181,"0.36":0.021970181,"0.365":0.021970181,"0.37":0.021970181,"0.375":0.021970181,"0.38":0.021970181,"0.385":0.021970181,"0.39":0.021970181,"0.395":0.021970181,"0.4":0.021970181,"0.405":0.021970181,"0.41":0.021970181,"0.415":0.021970181,"0.42":0.021970181,"0.425":0.021970181,"0.43":0.021970181,"0.435":0.021970181,"0.44":0.021970181,"0.445":0.021970181,"0.45":0.021970181,"0.455":0.021970181,"0.46":0.021970181,"0.465":0.021970181,"0.47":0.021970181,"0.475":0.021970181,"0.48":0.021970181,"0.485":0.021970181,"0.49":0.021970181,"0.495":0.021970181,"0.5":0.021970181},"percival2014\/stem":{"0.0":null,"0.005":null,"0.01":-0.0005252358,"0.015":0.0060068944,"0.02":0.0178843662,"0.025":-0.0027203798,"0.03":-0.0120412937,"0.035":-0.0162723004,"0.04":-0.0170089123,"0.045":-0.0177985192,"0.05":-0.017658344,"0.055":-0.0176188416,"0.06":-0.0175763007,"0.065":-0.017718755,"0.07":-0.017718755,"0.075":-0.0176817844,"0.08":-0.0177015798,"0.085":-0.0177015798,"0.09":-0.0177015798,"0.095":-0.0177015798,"0.1":-0.0177015798,"0.105":-0.0177015798,"0.11":-0.0177015798,"0.115":-0.0177015798,"0.12":-0.0177015798,"0.125":-0.0177015798,"0.13":-0.0177015798,"0.135":-0.0177015798,"0.14":-0.0177015798,"0.145":-0.0176675668,"0.15":-0.0176675668,"0.155":-0.0176675668,"0.16":-0.0175935946,"0.165":-0.0175935946,"0.17":-0.0175935946,"0.175":-0.0175935946,"0.18":-0.0175935946,"0.185":-0.0175935946,"0.19":-0.0175935946,"0.195":-0.0175935946,"0.2":-0.0175935946,"0.205":-0.0174771825,"0.21":-0.0174771825,"0.215":-0.0174771825,"0.22":-0.0174771825,"0.225":-0.0174771825,"0.23":-0.0174771825,"0.235":-0.0174771825,"0.24":-0.0174771825,"0.245":-0.0174771825,"0.25":-0.0174771825,"0.255":-0.0174771825,"0.26":-0.0174771825,"0.265":-0.0174771825,"0.27":-0.0174771825,"0.275":-0.0174771825,"0.28":-0.0174771825,"0.285":-0.0174771825,"0.29":-0.0174771825,"0.295":-0.0174771825,"0.3":-0.0174771825,"0.305":-0.0174771825,"0.31":-0.0174771825,"0.315":-0.0174405203,"0.32":-0.0174405203,"0.325":-0.0174405203,"0.33":-0.0174405203,"0.335":-0.0174405203,"0.34":-0.0174405203,"0.345":-0.0174405203,"0.35":-0.0174405203,"0.355":-0.0174405203,"0.36":-0.0174405203,"0.365":-0.0174405203,"0.37":-0.0174405203,"0.375":-0.0174405203,"0.38":-0.0174405203,"0.385":-0.0174405203,"0.39":-0.0174405203,"0.395":-0.0174405203,"0.4":-0.0174405203,"0.405":-0.0174405203,"0.41":-0.0174405203,"0.415":-0.0174405203,"0.42":-0.0174405203,"0.425":-0.0174405203,"0.43":-0.0174405203,"0.435":-0.0174405203,"0.44":-0.0174405203,"0.445":-0.0174405203,"0.45":-0.0174405203,"0.455":-0.0174405203,"0.46":-0.0174405203,"0.465":-0.0174405203,"0.47":-0.0174405203,"0.475":-0.0174405203,"0.48":-0.0174405203,"0.485":-0.0174405203,"0.49":-0.0174405203,"0.495":-0.0174405203,"0.5":-0.0174405203},"schreiber2014\/default":{"0.0":null,"0.005":null,"0.01":-0.0056639961,"0.015":-0.0004390358,"0.02":-0.0075139608,"0.025":-0.0219797751,"0.03":-0.0294903418,"0.035":-0.0322640451,"0.04":-0.032403913,"0.045":-0.0332536555,"0.05":-0.0323915673,"0.055":-0.0323376239,"0.06":-0.0332376257,"0.065":-0.0338896057,"0.07":-0.0338896057,"0.075":-0.0339237175,"0.08":-0.033338423,"0.085":-0.033338423,"0.09":-0.033338423,"0.095":-0.033338423,"0.1":-0.033338423,"0.105":-0.033338423,"0.11":-0.033338423,"0.115":-0.033338423,"0.12":-0.033338423,"0.125":-0.033338423,"0.13":-0.033338423,"0.135":-0.033338423,"0.14":-0.033338423,"0.145":-0.0332089745,"0.15":-0.0332089745,"0.155":-0.0332089745,"0.16":-0.0331995546,"0.165":-0.0331995546,"0.17":-0.0331995546,"0.175":-0.0331995546,"0.18":-0.0331995546,"0.185":-0.0331995546,"0.19":-0.0331995546,"0.195":-0.0331995546,"0.2":-0.0331995546,"0.205":-0.0331181145,"0.21":-0.0331181145,"0.215":-0.0331181145,"0.22":-0.0331181145,"0.225":-0.0331181145,"0.23":-0.0331181145,"0.235":-0.0331181145,"0.24":-0.0331181145,"0.245":-0.0331181145,"0.25":-0.0331181145,"0.255":-0.0331181145,"0.26":-0.0331181145,"0.265":-0.0331181145,"0.27":-0.0331181145,"0.275":-0.0331181145,"0.28":-0.0331181145,"0.285":-0.0331181145,"0.29":-0.0331181145,"0.295":-0.0331181145,"0.3":-0.0331181145,"0.305":-0.0331181145,"0.31":-0.0331181145,"0.315":-0.0330449402,"0.32":-0.0330449402,"0.325":-0.0330449402,"0.33":-0.0330449402,"0.335":-0.0330449402,"0.34":-0.0330449402,"0.345":-0.0330449402,"0.35":-0.0330449402,"0.355":-0.0330449402,"0.36":-0.0330449402,"0.365":-0.0330449402,"0.37":-0.0330449402,"0.375":-0.0330449402,"0.38":-0.0330449402,