{"boeck2015\/tempodetector2016_default":{"boeck2015\/tempodetector2016_default":1.0,"davies2009\/mirex_qm_tempotracker":0.2530130086,"percival2014\/stem":1.372945895e-22,"schreiber2014\/default":1.104457687e-47,"schreiber2017\/ismir2017":2.027657153e-28,"schreiber2017\/mirex2017":6.653199519e-33,"schreiber2018\/cnn":0.0000067299,"schreiber2018\/fcn":0.0243276205,"schreiber2018\/ismir2018":0.0000239466},"davies2009\/mirex_qm_tempotracker":{"boeck2015\/tempodetector2016_default":0.2530130086,"davies2009\/mirex_qm_tempotracker":1.0,"percival2014\/stem":2.663773653e-31,"schreiber2014\/default":1.611380213e-58,"schreiber2017\/ismir2017":3.209446925e-38,"schreiber2017\/mirex2017":3.78500118e-40,"schreiber2018\/cnn":0.0047795006,"schreiber2018\/fcn":0.0017681746,"schreiber2018\/ismir2018":0.0033151886},"percival2014\/stem":{"boeck2015\/tempodetector2016_default":1.372945895e-22,"davies2009\/mirex_qm_tempotracker":2.663773653e-31,"percival2014\/stem":1.0,"schreiber2014\/default":0.00122469,"schreiber2017\/ismir2017":0.4995131252,"schreiber2017\/mirex2017":0.9789436711,"schreiber2018\/cnn":4.695252596e-36,"schreiber2018\/fcn":3.862176577e-16,"schreiber2018\/ismir2018":5.583352311e-36},"schreiber2014\/default":{"boeck2015\/tempodetector2016_default":1.104457687e-47,"davies2009\/mirex_qm_tempotracker":1.611380213e-58,"percival2014\/stem":0.00122469,"schreiber2014\/default":1.0,"schreiber2017\/ismir2017":0.0000071185,"schreiber2017\/mirex2017":0.0002917164,"schreiber2018\/cnn":2.876002122e-68,"schreiber2018\/fcn":3.177665865e-37,"schreiber2018\/ismir2018":7.52674018e-68},"schreiber2017\/ismir2017":{"boeck2015\/tempodetector2016_default":2.027657153e-28,"davies2009\/mirex_qm_tempotracker":3.209446925e-38,"percival2014\/stem":0.4995131252,"schreiber2014\/default":0.0000071185,"schreiber2017\/ismir2017":1.0,"schreiber2017\/mirex2017":0.0026124444,"schreiber2018\/cnn":2.23929734e-42,"schreiber2018\/fcn":4.91828934e-18,"schreiber2018\/ismir2018":8.407372309e-44},"schreiber2017\/mirex2017":{"boeck2015\/tempodetector2016_default":6.653199519e-33,"davies2009\/mirex_qm_tempotracker":3.78500118e-40,"percival2014\/stem":0.9789436711,"schreiber2014\/default":0.0002917164,"schreiber2017\/ismir2017":0.0026124444,"schreiber2017\/mirex2017":1.0,"schreiber2018\/cnn":1.41977794e-47,"schreiber2018\/fcn":1.466090932e-21,"schreiber2018\/ismir2018":2.397651541e-48},"schreiber2018\/cnn":{"boeck2015\/tempodetector2016_default":0.0000067299,"davies2009\/mirex_qm_tempotracker":0.0047795006,"percival2014\/stem":4.695252596e-36,"schreiber2014\/default":2.876002122e-68,"schreiber2017\/ismir2017":2.23929734e-42,"schreiber2017\/mirex2017":1.41977794e-47,"schreiber2018\/cnn":1.0,"schreiber2018\/fcn":0.0,"schreiber2018\/ismir2018":0.6147699041},"schreiber2018\/fcn":{"boeck2015\/tempodetector2016_default":0.0243276205,"davies2009\/mirex_qm_tempotracker":0.0017681746,"percival2014\/stem":3.862176577e-16,"schreiber2014\/default":3.177665865e-37,"schreiber2017\/ismir2017":4.91828934e-18,"schreiber2017\/mirex2017":1.466090932e-21,"schreiber2018\/cnn":0.0,"schreiber2018\/fcn":1.0,"schreiber2018\/ismir2018":0.0},"schreiber2018\/ismir2018":{"boeck2015\/tempodetector2016_default":0.0000239466,"davies2009\/mirex_qm_tempotracker":0.0033151886,"percival2014\/stem":5.583352311e-36,"schreiber2014\/default":7.52674018e-68,"schreiber2017\/ismir2017":8.407372309e-44,"schreiber2017\/mirex2017":2.397651541e-48,"schreiber2018\/cnn":0.6147699041,"schreiber2018\/fcn":0.0,"schreiber2018\/ismir2018":1.0}}