{"boeck2015\/tempodetector2016_default":{"boeck2015\/tempodetector2016_default":1.0,"davies2009\/mirex_qm_tempotracker":0.0,"percival2014\/stem":0.0014183252,"schreiber2014\/default":0.0,"schreiber2017\/ismir2017":0.0000778275,"schreiber2017\/mirex2017":0.0000500999,"schreiber2018\/cnn":0.0000431816,"schreiber2018\/fcn":0.0000000163,"schreiber2018\/ismir2018":0.0000174093},"davies2009\/mirex_qm_tempotracker":{"boeck2015\/tempodetector2016_default":0.0,"davies2009\/mirex_qm_tempotracker":1.0,"percival2014\/stem":0.1314837587,"schreiber2014\/default":0.023099473,"schreiber2017\/ismir2017":0.0741237777,"schreiber2017\/mirex2017":0.1247038857,"schreiber2018\/cnn":0.0097607718,"schreiber2018\/fcn":0.3966577551,"schreiber2018\/ismir2018":0.0534835054},"percival2014\/stem":{"boeck2015\/tempodetector2016_default":0.0014183252,"davies2009\/mirex_qm_tempotracker":0.1314837587,"percival2014\/stem":1.0,"schreiber2014\/default":0.5648139107,"schreiber2017\/ismir2017":0.034708266,"schreiber2017\/mirex2017":0.029253815,"schreiber2018\/cnn":0.0230745723,"schreiber2018\/fcn":0.2362944546,"schreiber2018\/ismir2018":0.0373762352},"schreiber2014\/default":{"boeck2015\/tempodetector2016_default":0.0,"davies2009\/mirex_qm_tempotracker":0.023099473,"percival2014\/stem":0.5648139107,"schreiber2014\/default":1.0,"schreiber2017\/ismir2017":0.0000657791,"schreiber2017\/mirex2017":0.0001116427,"schreiber2018\/cnn":0.000015492,"schreiber2018\/fcn":0.085965486,"schreiber2018\/ismir2018":0.0002007287},"schreiber2017\/ismir2017":{"boeck2015\/tempodetector2016_default":0.0000778275,"davies2009\/mirex_qm_tempotracker":0.0741237777,"percival2014\/stem":0.034708266,"schreiber2014\/default":0.0000657791,"schreiber2017\/ismir2017":1.0,"schreiber2017\/mirex2017":0.3178421141,"schreiber2018\/cnn":0.5788594748,"schreiber2018\/fcn":0.0105714789,"schreiber2018\/ismir2018":0.9970444682},"schreiber2017\/mirex2017":{"boeck2015\/tempodetector2016_default":0.0000500999,"davies2009\/mirex_qm_tempotracker":0.1247038857,"percival2014\/stem":0.029253815,"schreiber2014\/default":0.0001116427,"schreiber2017\/ismir2017":0.3178421141,"schreiber2017\/mirex2017":1.0,"schreiber2018\/cnn":0.4457450448,"schreiber2018\/fcn":0.0212236682,"schreiber2018\/ismir2018":0.8297433131},"schreiber2018\/cnn":{"boeck2015\/tempodetector2016_default":0.0000431816,"davies2009\/mirex_qm_tempotracker":0.0097607718,"percival2014\/stem":0.0230745723,"schreiber2014\/default":0.000015492,"schreiber2017\/ismir2017":0.5788594748,"schreiber2017\/mirex2017":0.4457450448,"schreiber2018\/cnn":1.0,"schreiber2018\/fcn":0.0005099714,"schreiber2018\/ismir2018":0.3855059674},"schreiber2018\/fcn":{"boeck2015\/tempodetector2016_default":0.0000000163,"davies2009\/mirex_qm_tempotracker":0.3966577551,"percival2014\/stem":0.2362944546,"schreiber2014\/default":0.085965486,"schreiber2017\/ismir2017":0.0105714789,"schreiber2017\/mirex2017":0.0212236682,"schreiber2018\/cnn":0.0005099714,"schreiber2018\/fcn":1.0,"schreiber2018\/ismir2018":0.0026920613},"schreiber2018\/ismir2018":{"boeck2015\/tempodetector2016_default":0.0000174093,"davies2009\/mirex_qm_tempotracker":0.0534835054,"percival2014\/stem":0.0373762352,"schreiber2014\/default":0.0002007287,"schreiber2017\/ismir2017":0.9970444682,"schreiber2017\/mirex2017":0.8297433131,"schreiber2018\/cnn":0.3855059674,"schreiber2018\/fcn":0.0026920613,"schreiber2018\/ismir2018":1.0}}