{"OE1_MEAN":{"schreiber2017\/mirex2017":-0.6974340563,"boeck2015\/tempodetector2016_default":-0.3798375029,"schreiber2018\/ismir2018":-0.2908452029,"schreiber2018\/cnn":-0.2829142626,"schreiber2017\/ismir2017":-0.6776972139,"schreiber2014\/default":-0.7785798361,"schreiber2018\/fcn":-0.4346629507,"davies2009\/mirex_qm_tempotracker":-0.352119649,"percival2014\/stem":-0.696648415},"OE1_STDEV":{"schreiber2017\/mirex2017":0.546504604,"boeck2015\/tempodetector2016_default":0.546862172,"schreiber2018\/ismir2018":0.5629206044,"schreiber2018\/cnn":0.5702093615,"schreiber2017\/ismir2017":0.576280694,"schreiber2014\/default":0.5868650576,"schreiber2018\/fcn":0.6288429451,"davies2009\/mirex_qm_tempotracker":0.6625775848,"percival2014\/stem":0.7401513797},"OE2_MEAN":{"schreiber2017\/mirex2017":-0.0164486944,"boeck2015\/tempodetector2016_default":-0.000451538,"schreiber2018\/ismir2018":-0.0035645012,"schreiber2018\/cnn":-0.0000195257,"schreiber2017\/ismir2017":-0.0155385242,"schreiber2014\/default":-0.0330449402,"schreiber2018\/fcn":-0.0197737512,"davies2009\/mirex_qm_tempotracker":0.021970181,"percival2014\/stem":-0.0174405203},"OE2_STDEV":{"schreiber2017\/mirex2017":0.0797651999,"boeck2015\/tempodetector2016_default":0.0131384769,"schreiber2018\/ismir2018":0.0731446455,"schreiber2018\/cnn":0.0649091897,"schreiber2017\/ismir2017":0.0770211302,"schreiber2014\/default":0.1119732787,"schreiber2018\/fcn":0.0995175383,"davies2009\/mirex_qm_tempotracker":0.0649471445,"percival2014\/stem":0.2765447295}}