{"Accuracy1":{"schreiber2018\/cnn":0.5877192982,"schreiber2018\/ismir2018":0.5833333333,"boeck2015\/tempodetector2016_default":0.5723684211,"schreiber2018\/fcn":0.5021929825,"davies2009\/mirex_qm_tempotracker":0.4364035088,"schreiber2017\/mirex2017":0.3092105263,"schreiber2017\/ismir2017":0.2960526316,"percival2014\/stem":0.2675438596,"schreiber2014\/default":0.2214912281},"Accuracy2":{"schreiber2018\/cnn":0.9714912281,"schreiber2018\/ismir2018":0.9605263158,"boeck2015\/tempodetector2016_default":0.9956140351,"schreiber2018\/fcn":0.9364035088,"davies2009\/mirex_qm_tempotracker":0.9364035088,"schreiber2017\/mirex2017":0.9451754386,"schreiber2017\/ismir2017":0.9473684211,"percival2014\/stem":0.9078947368,"schreiber2014\/default":0.8925438596}}