Estimator,boeck2015/tempodetector2016_default,davies2009/mirex_qm_tempotracker,percival2014/stem,schreiber2014/default,schreiber2017/ismir2017,schreiber2017/mirex2017,schreiber2018/cnn,schreiber2018/fcn,schreiber2018/ismir2018
boeck2015/tempodetector2016_default,1.0,3.725290298461914e-09,4.547473508864641e-13,1.1368683772161603e-13,3.552713678800501e-15,9.094947017729282e-13,0.000244140625,3.725290298461914e-09,3.814697265625e-06
davies2009/mirex_qm_tempotracker,3.725290298461914e-09,1.0,0.09191454981585424,0.07692583360960924,0.020526933713707077,0.16188140552559774,0.011330984183587136,1.0,0.14330665429588418
percival2014/stem,4.547473508864641e-13,0.09191454981585424,1.0,0.8803958212806721,0.3367836351899314,0.9999999999999992,8.96303936315234e-06,0.07245426016254443,0.0014026885036955157
schreiber2014/default,1.1368683772161603e-13,0.07692583360960924,0.8803958212806721,1.0,0.4868502416647969,0.7358788008568806,3.3531614462845e-07,0.020073851919732995,0.00034600114031491097
schreiber2017/ismir2017,3.552713678800501e-15,0.020526933713707077,0.3367836351899314,0.4868502416647969,1.0,0.038574218750000014,4.405936238072169e-08,0.0022214337732293643,3.5887916129517785e-05
schreiber2017/mirex2017,9.094947017729282e-13,0.16188140552559774,0.9999999999999992,0.7358788008568806,0.038574218750000014,1.0,1.509720095782541e-05,0.05761267291381961,0.0016414913408482337
schreiber2018/cnn,0.000244140625,0.011330984183587136,8.96303936315234e-06,3.3531614462845e-07,4.405936238072169e-08,1.509720095782541e-05,1.0,0.0015438795089721682,0.17956542968750003
schreiber2018/fcn,3.725290298461914e-09,1.0,0.07245426016254443,0.020073851919732995,0.0022214337732293643,0.05761267291381961,0.0015438795089721682,1.0,0.0755186975002289
schreiber2018/ismir2018,3.814697265625e-06,0.14330665429588418,0.0014026885036955157,0.00034600114031491097,3.5887916129517785e-05,0.0016414913408482337,0.17956542968750003,0.0755186975002289,1.0
