{"boeck2015\/tempodetector2016_default":{"0.0":null,"0.005":null,"0.01":0.0058874205,"0.015":0.17857193,"0.02":0.2780168963,"0.025":0.3806790183,"0.03":0.4122883787,"0.035":0.4208423555,"0.04":0.4259695087,"0.045":0.4325881312,"0.05":0.4328573495,"0.055":0.4341228849,"0.06":0.4354050919,"0.065":0.4371195472,"0.07":0.4371195472,"0.075":0.438373413,"0.08":0.4395040391,"0.085":0.4395040391,"0.09":0.4395040391,"0.095":0.4395040391,"0.1":0.4395040391,"0.105":0.4395040391,"0.11":0.4395040391,"0.115":0.4395040391,"0.12":0.4395040391,"0.125":0.4395040391,"0.13":0.4395040391,"0.135":0.4395040391,"0.14":0.4395040391,"0.145":0.4385811073,"0.15":0.4385811073,"0.155":0.4385811073,"0.16":0.4397186043,"0.165":0.4397186043,"0.17":0.4397186043,"0.175":0.4397186043,"0.18":0.4397186043,"0.185":0.4397186043,"0.19":0.4397186043,"0.195":0.4397186043,"0.2":0.4397186043,"0.205":0.4389460435,"0.21":0.4389460435,"0.215":0.4389460435,"0.22":0.4389460435,"0.225":0.4389460435,"0.23":0.4389460435,"0.235":0.4389460435,"0.24":0.4389460435,"0.245":0.4389460435,"0.25":0.4389460435,"0.255":0.4389460435,"0.26":0.4389460435,"0.265":0.4389460435,"0.27":0.4389460435,"0.275":0.4389460435,"0.28":0.4389460435,"0.285":0.4389460435,"0.29":0.4389460435,"0.295":0.4389460435,"0.3":0.4389460435,"0.305":0.4389460435,"0.31":0.4389460435,"0.315":0.4384722917,"0.32":0.4384722917,"0.325":0.4384722917,"0.33":0.4384722917,"0.335":0.4384722917,"0.34":0.4384722917,"0.345":0.4384722917,"0.35":0.4384722917,"0.355":0.4384722917,"0.36":0.4384722917,"0.365":0.4384722917,"0.37":0.4384722917,"0.375":0.4384722917,"0.38":0.4384722917,"0.385":0.4384722917,"0.39":0.4384722917,"0.395":0.4384722917,"0.4":0.4384722917,"0.405":0.4384722917,"0.41":0.4384722917,"0.415":0.4384722917,"0.42":0.4384722917,"0.425":0.4384722917,"0.43":0.4384722917,"0.435":0.4384722917,"0.44":0.4384722917,"0.445":0.4384722917,"0.45":0.4384722917,"0.455":0.4384722917,"0.46":0.4384722917,"0.465":0.4384722917,"0.47":0.4384722917,"0.475":0.4384722917,"0.48":0.4384722917,"0.485":0.4384722917,"0.49":0.4384722917,"0.495":0.4384722917,"0.5":0.4384722917},"davies2009\/mirex_qm_tempotracker":{"0.0":null,"0.005":null,"0.01":0.0169759111,"0.015":0.2530435993,"0.02":0.392570318,"0.025":0.4999458313,"0.03":0.5414301851,"0.035":0.5530626596,"0.04":0.5577008379,"0.045":0.5591680073,"0.05":0.5551311265,"0.055":0.5539909154,"0.06":0.5549484039,"0.065":0.5572024515,"0.07":0.5572024515,"0.075":0.5581872429,"0.08":0.5611932185,"0.085":0.5611932185,"0.09":0.5611932185,"0.095":0.5611932185,"0.1":0.5611932185,"0.105":0.5611932185,"0.11":0.5611932185,"0.115":0.5611932185,"0.12":0.5611932185,"0.125":0.5611932185,"0.13":0.5611932185,"0.135":0.5611932185,"0.14":0.5611932185,"0.145":0.5621342898,"0.15":0.5621342898,"0.155":0.5621342898,"0.16":0.5629233143,"0.165":0.5629233143,"0.17":0.5629233143,"0.175":0.5629233143,"0.18":0.5629233143,"0.185":0.5629233143,"0.19":0.5629233143,"0.195":0.5629233143,"0.2":0.5629233143,"0.205":0.5641824749,"0.21":0.5641824749,"0.215":0.5641824749,"0.22":0.5641824749,"0.225":0.5641824749,"0.23":0.5641824749,"0.235":0.5641824749,"0.24":0.5641824749,"0.245":0.5641824749,"0.25":0.5641824749,"0.255":0.5641824749,"0.26":0.5641824749,"0.265":0.5641824749,"0.27":0.5641824749,"0.275":0.5641824749,"0.28":0.5641824749,"0.285":0.5641824749,"0.29":0.5641824749,"0.295":0.5641824749,"0.3":0.5641824749,"0.305":0.5641824749,"0.31":0.5641824749,"0.315":0.5633779287,"0.32":0.5633779287,"0.325":0.5633779287,"0.33":0.5633779287,"0.335":0.5633779287,"0.34":0.5633779287,"0.345":0.5633779287,"0.35":0.5633779287,"0.355":0.5633779287,"0.36":0.5633779287,"0.365":0.5633779287,"0.37":0.5633779287,"0.375":0.5633779287,"0.38":0.5633779287,"0.385":0.5633779287,"0.39":0.5633779287,"0.395":0.5633779287,"0.4":0.5633779287,"0.405":0.5633779287,"0.41":0.5633779287,"0.415":0.5633779287,"0.42":0.5633779287,"0.425":0.5633779287,"0.43":0.5633779287,"0.435":0.5633779287,"0.44":0.5633779287,"0.445":0.5633779287,"0.45":0.5633779287,"0.455":0.5633779287,"0.46":0.5633779287,"0.465":0.5633779287,"0.47":0.5633779287,"0.475":0.5633779287,"0.48":0.5633779287,"0.485":0.5633779287,"0.49":0.5633779287,"0.495":0.5633779287,"0.5":0.5633779287},"percival2014\/stem":{"0.0":null,"0.005":null,"0.01":0.0027222933,"0.015":0.4359360248,"0.02":0.6497977067,"0.025":0.751204421,"0.03":0.7831132601,"0.035":0.7973434609,"0.04":0.8022034937,"0.045":0.8039486802,"0.05":0.8050914165,"0.055":0.8055221106,"0.06":0.8059905126,"0.065":0.8067210647,"0.07":0.8067210647,"0.075":0.807168653,"0.08":0.8074548184,"0.085":0.8074548184,"0.09":0.8074548184,"0.095":0.8074548184,"0.1":0.8074548184,"0.105":0.8074548184,"0.11":0.8074548184,"0.115":0.8074548184,"0.12":0.8074548184,"0.125":0.8074548184,"0.13":0.8074548184,"0.135":0.8074548184,"0.14":0.8074548184,"0.145":0.8078675399,"0.15":0.8078675399,"0.155":0.8078675399,"0.16":0.8081367141,"0.165":0.8081367141,"0.17":0.8081367141,"0.175":0.8081367141,"0.18":0.8081367141,"0.185":0.8081367141,"0.19":0.8081367141,"0.195":0.8081367141,"0.2":0.8081367141,"0.205":0.8088343808,"0.21":0.8088343808,"0.215":0.8088343808,"0.22":0.8088343808,"0.225":0.8088343808,"0.23":0.8088343808,"0.235":0.8088343808,"0.24":0.8088343808,"0.245":0.8088343808,"0.25":0.8088343808,"0.255":0.8088343808,"0.26":0.8088343808,"0.265":0.8088343808,"0.27":0.8088343808,"0.275":0.8088343808,"0.28":0.8088343808,"0.285":0.8088343808,"0.29":0.8088343808,"0.295":0.8088343808,"0.3":0.8088343808,"0.305":0.8088343808,"0.31":0.8088343808,"0.315":0.8097220451,"0.32":0.8097220451,"0.325":0.8097220451,"0.33":0.8097220451,"0.335":0.8097220451,"0.34":0.8097220451,"0.345":0.8097220451,"0.35":0.8097220451,"0.355":0.8097220451,"0.36":0.8097220451,"0.365":0.8097220451,"0.37":0.8097220451,"0.375":0.8097220451,"0.38":0.8097220451,"0.385":0.8097220451,"0.39":0.8097220451,"0.395":0.8097220451,"0.4":0.8097220451,"0.405":0.8097220451,"0.41":0.8097220451,"0.415":0.8097220451,"0.42":0.8097220451,"0.425":0.8097220451,"0.43":0.8097220451,"0.435":0.8097220451,"0.44":0.8097220451,"0.445":0.8097220451,"0.45":0.8097220451,"0.455":0.8097220451,"0.46":0.8097220451,"0.465":0.8097220451,"0.47":0.8097220451,"0.475":0.8097220451,"0.48":0.8097220451,"0.485":0.8097220451,"0.49":0.8097220451,"0.495":0.8097220451,"0.5":0.8097220451},"schreiber2014\/default":{"0.0":null,"0.005":null,"0.01":0.5066638356,"0.015":0.5404312022,"0.02":0.6928809102,"0.025":0.7902699938,"0.03":0.81531922,"0.035":0.8250922188,"0.04":0.8285807793,"0.045":0.8289817943,"0.05":0.8292466565,"0.055":0.8296418312,"0.06":0.8323375116,"0.065":0.8301496123,"0.07":0.8301496123,"0.075":0.8304383145,"0.08":0.8312421548,"0.085":0.8312421548,"0.09":0.8312421548,"0.095":0.8312421548,"0.1":0.8312421548,"0.105":0.8312421548,"0.11":0.8312421548,"0.115":0.8312421548,"0.12":0.8312421548,"0.125":0.8312421548,"0.13":0.8312421548,"0.135":0.8312421548,"0.14":0.8312421548,"0.145":0.8315414486,"0.15":0.8315414486,"0.155":0.8315414486,"0.16":0.831857262,"0.165":0.831857262,"0.17":0.831857262,"0.175":0.831857262,"0.18":0.831857262,"0.185":0.831857262,"0.19":0.831857262,"0.195":0.831857262,"0.2":0.831857262,"0.205":0.8302357226,"0.21":0.8302357226,"0.215":0.8302357226,"0.22":0.8302357226,"0.225":0.8302357226,"0.23":0.8302357226,"0.235":0.8302357226,"0.24":0.8302357226,"0.245":0.8302357226,"0.25":0.8302357226,"0.255":0.8302357226,"0.26":0.8302357226,"0.265":0.8302357226,"0.27":0.8302357226,"0.275":0.8302357226,"0.28":0.8302357226,"0.285":0.8302357226,"0.29":0.8302357226,"0.295":0.8302357226,"0.3":0.8302357226,"0.305":0.8302357226,"0.31":0.8302357226,"0.315":0.8310742424,"0.32":0.8310742424,"0.325":0.8310742424,"0.33":0.8310742424,"0.335":0.8310742424,"0.34":0.8310742424,"0.345":0.8310742424,"0.35":0.8310742424,"0.355":0.8310742424,"0.36":0.8310742424,"0.365":0.8310742424,"0.37":0.8310742424,"0.375":0.8310742424,"0.38":0.8310742424,"0.385":0.8310742424,"0.39":0.8310742424,"0.395":0.8310742424,"0.4":0.8310742424,"0.405":0.8310742424,"0.41":0.8310742424,"0.415":0.8310742424,"0.42":0.8310742424,"0.425":0.8310742424,