{"OE1_MEAN":{"boeck2015\/tempodetector2016_default":-0.381502562,"schreiber2018\/ismir2018":-0.2925102621,"schreiber2018\/cnn":-0.2845793217,"schreiber2014\/default":-0.7802448952,"schreiber2018\/fcn":-0.4363280099,"schreiber2017\/mirex2017":-0.691894553,"davies2009\/mirex_qm_tempotracker":-0.3537847082,"schreiber2017\/ismir2017":-0.6918945532,"percival2014\/stem":-0.6983134742},"OE1_STDEV":{"boeck2015\/tempodetector2016_default":0.5469257263,"schreiber2018\/ismir2018":0.5632645235,"schreiber2018\/cnn":0.5703559549,"schreiber2014\/default":0.5874141761,"schreiber2018\/fcn":0.6287498622,"schreiber2017\/mirex2017":0.6515497385,"davies2009\/mirex_qm_tempotracker":0.6628025138,"schreiber2017\/ismir2017":0.6881302525,"percival2014\/stem":0.7410919759},"OE2_MEAN":{"boeck2015\/tempodetector2016_default":-0.0021165971,"schreiber2018\/ismir2018":-0.0052295603,"schreiber2018\/cnn":-0.0016845848,"schreiber2014\/default":-0.0347099993,"schreiber2018\/fcn":-0.0214388103,"schreiber2017\/mirex2017":-0.0329610277,"davies2009\/mirex_qm_tempotracker":0.0203051219,"schreiber2017\/ismir2017":-0.0393322176,"percival2014\/stem":-0.0191055794},"OE2_STDEV":{"boeck2015\/tempodetector2016_default":0.0180357275,"schreiber2018\/ismir2018":0.0737535144,"schreiber2018\/cnn":0.0657892321,"schreiber2014\/default":0.1120478452,"schreiber2018\/fcn":0.1000168098,"schreiber2017\/mirex2017":0.109251597,"davies2009\/mirex_qm_tempotracker":0.0656530672,"schreiber2017\/ismir2017":0.1204650519,"percival2014\/stem":0.2769080966}}