{"boeck2015\/tempodetector2016_default":{"0.0":null,"0.005":null,"0.01":1.0,"0.015":0.9718309859,"0.02":0.9911504425,"0.025":0.9942528736,"0.03":0.9950617284,"0.035":0.9953161593,"0.04":0.995412844,"0.045":0.9954441913,"0.05":0.9955156951,"0.055":0.9955257271,"0.06":0.9955357143,"0.065":0.9955555556,"0.07":0.9955555556,"0.075":0.9955654102,"0.08":0.9955752212,"0.085":0.9955752212,"0.09":0.9955752212,"0.095":0.9955752212,"0.1":0.9955752212,"0.105":0.9955752212,"0.11":0.9955752212,"0.115":0.9955752212,"0.12":0.9955752212,"0.125":0.9955752212,"0.13":0.9955752212,"0.135":0.9955752212,"0.14":0.9955752212,"0.145":0.995584989,"0.15":0.995584989,"0.155":0.995584989,"0.16":0.9955947137,"0.165":0.9955947137,"0.17":0.9955947137,"0.175":0.9955947137,"0.18":0.9955947137,"0.185":0.9955947137,"0.19":0.9955947137,"0.195":0.9955947137,"0.2":0.9955947137,"0.205":0.9934065934,"0.21":0.9934065934,"0.215":0.9934065934,"0.22":0.9934065934,"0.225":0.9934065934,"0.23":0.9934065934,"0.235":0.9934065934,"0.24":0.9934065934,"0.245":0.9934065934,"0.25":0.9934065934,"0.255":0.9934065934,"0.26":0.9934065934,"0.265":0.9934065934,"0.27":0.9934065934,"0.275":0.9934065934,"0.28":0.9934065934,"0.285":0.9934065934,"0.29":0.9934065934,"0.295":0.9934065934,"0.3":0.9934065934,"0.305":0.9934065934,"0.31":0.9934065934,"0.315":0.9912280702,"0.32":0.9912280702,"0.325":0.9912280702,"0.33":0.9912280702,"0.335":0.9912280702,"0.34":0.9912280702,"0.345":0.9912280702,"0.35":0.9912280702,"0.355":0.9912280702,"0.36":0.9912280702,"0.365":0.9912280702,"0.37":0.9912280702,"0.375":0.9912280702,"0.38":0.9912280702,"0.385":0.9912280702,"0.39":0.9912280702,"0.395":0.9912280702,"0.4":0.9912280702,"0.405":0.9912280702,"0.41":0.9912280702,"0.415":0.9912280702,"0.42":0.9912280702,"0.425":0.9912280702,"0.43":0.9912280702,"0.435":0.9912280702,"0.44":0.9912280702,"0.445":0.9912280702,"0.45":0.9912280702,"0.455":0.9912280702,"0.46":0.9912280702,"0.465":0.9912280702,"0.47":0.9912280702,"0.475":0.9912280702,"0.48":0.9912280702,"0.485":0.9912280702,"0.49":0.9912280702,"0.495":0.9912280702,"0.5":0.9912280702},"davies2009\/mirex_qm_tempotracker":{"0.0":null,"0.005":null,"0.01":1.0,"0.015":0.9436619718,"0.02":0.9469026549,"0.025":0.9540229885,"0.03":0.9456790123,"0.035":0.9391100703,"0.04":0.9380733945,"0.045":0.9362186788,"0.05":0.9372197309,"0.055":0.937360179,"0.06":0.9375,"0.065":0.9355555556,"0.07":0.9355555556,"0.075":0.9356984479,"0.08":0.9336283186,"0.085":0.9336283186,"0.09":0.9336283186,"0.095":0.9336283186,"0.1":0.9336283186,"0.105":0.9336283186,"0.11":0.9336283186,"0.115":0.9336283186,"0.12":0.9336283186,"0.125":0.9336283186,"0.13":0.9336283186,"0.135":0.9336283186,"0.14":0.9336283186,"0.145":0.9337748344,"0.15":0.9337748344,"0.155":0.9337748344,"0.16":0.9317180617,"0.165":0.9317180617,"0.17":0.9317180617,"0.175":0.9317180617,"0.18":0.9317180617,"0.185":0.9317180617,"0.19":0.9317180617,"0.195":0.9317180617,"0.2":0.9317180617,"0.205":0.9296703297,"0.21":0.9296703297,"0.215":0.9296703297,"0.22":0.9296703297,"0.225":0.9296703297,"0.23":0.9296703297,"0.235":0.9296703297,"0.24":0.9296703297,"0.245":0.9296703297,"0.25":0.9296703297,"0.255":0.9296703297,"0.26":0.9296703297,"0.265":0.9296703297,"0.27":0.9296703297,"0.275":0.9296703297,"0.28":0.9296703297,"0.285":0.9296703297,"0.29":0.9296703297,"0.295":0.9296703297,"0.3":0.9296703297,"0.305":0.9296703297,"0.31":0.9296703297,"0.315":0.9276315789,"0.32":0.9276315789,"0.325":0.9276315789,"0.33":0.9276315789,"0.335":0.9276315789,"0.34":0.9276315789,"0.345":0.9276315789,"0.35":0.9276315789,"0.355":0.9276315789,"0.36":0.9276315789,"0.365":0.9276315789,"0.37":0.9276315789,"0.375":0.9276315789,"0.38":0.9276315789,"0.385":0.9276315789,"0.39":0.9276315789,"0.395":0.9276315789,"0.4":0.9276315789,"0.405":0.9276315789,"0.41":0.9276315789,"0.415":0.9276315789,"0.42":0.9276315789,"0.425":0.9276315789,"0.43":0.9276315789,"0.435":0.9276315789,"0.44":0.9276315789,"0.445":0.9276315789,"0.45":0.9276315789,"0.455":0.9276315789,"0.46":0.9276315789,"0.465":0.9276315789,"0.47":0.9276315789,"0.475":0.9276315789,"0.48":0.9276315789,"0.485":0.9276315789,"0.49":0.9276315789,"0.495":0.9276315789,"0.5":0.9276315789},"percival2014\/stem":{"0.0":null,"0.005":null,"0.01":1.0,"0.015":0.9577464789,"0.02":0.9646017699,"0.025":0.9425287356,"0.03":0.9209876543,"0.035":0.9133489461,"0.04":0.9082568807,"0.045":0.9066059226,"0.05":0.9080717489,"0.055":0.9082774049,"0.06":0.9084821429,"0.065":0.9066666667,"0.07":0.9066666667,"0.075":0.9068736142,"0.08":0.9048672566,"0.085":0.9048672566,"0.09":0.9048672566,"0.095":0.9048672566,"0.1":0.9048672566,"0.105":0.9048672566,"0.11":0.9048672566,"0.115":0.9048672566,"0.12":0.9048672566,"0.125":0.9048672566,"0.13":0.9048672566,"0.135":0.9048672566,"0.14":0.9048672566,"0.145":0.9050772627,"0.15":0.9050772627,"0.155":0.9050772627,"0.16":0.9030837004,"0.165":0.9030837004,"0.17":0.9030837004,"0.175":0.9030837004,"0.18":0.9030837004,"0.185":0.9030837004,"0.19":0.9030837004,"0.195":0.9030837004,"0.2":0.9030837004,"0.205":0.9010989011,"0.21":0.9010989011,"0.215":0.9010989011,"0.22":0.9010989011,"0.225":0.9010989011,"0.23":0.9010989011,"0.235":0.9010989011,"0.24":0.9010989011,"0.245":0.9010989011,"0.25":0.9010989011,"0.255":0.9010989011,"0.26":0.9010989011,"0.265":0.9010989011,"0.27":0.9010989011,"0.275":0.9010989011,"0.28":0.9010989011,"0.285":0.9010989011,"0.29":0.9010989011,"0.295":0.9010989011,"0.3":0.9010989011,"0.305":0.9010989011,"0.31":0.9010989011,"0.315":0.899122807,"0.32":0.899122807,"0.325":0.899122807,"0.33":0.899122807,"0.335":0.899122807,"0.34":0.899122807,"0.345":0.899122807,"0.35":0.899122807,"0.355":0.899122807,"0.36":0.899122807,"0.365":0.899122807,"0.37":0.899122807,"0.375":0.899122807,"0.38":0.899122807,"0.385":0.899122807,"0.39":0.899122807,"0.395":0.899122807,"0.4":0.899122807,"0.405":0.899122807,"0.41":0.899122807,"0.415":0.899122807,"0.42":0.899122807,"0.425":0.899122807,"0.43":0.899122807,"0.435":0.899122807,"0.44":0.899122807,"0.445":0.899122807,"0.45":0.899122807,"0.455":0.899122807,"0.46":0.899122807,"0.465":0.899122807,"0.47":0.899122807,"0.475":0.899122807,"0.48":0.899122807,"0.485":0.899122807,"0.49":0.899122807,"0.495":0.899122807,"0.5":0.899122807},"schreiber2014\/default":{"0.0":null,"0.005":null,"0.01":1.0,"0.015":0.9718309859,"0.02":0.9778761062,"0.025":0.9454022989,"0.03":0.9283950617,"0.035":0.9156908665,"0.04":0.9059633028,"0.045":0.9043280182,"0.05":0.9035874439,"0.055":0.903803132,"0.06":0.9017857143,"0.065":0.9,"0.07":0.9,"0.075":0.9002217295,"0.08":0.8982300885,"0.085":0.8982300885,"0.09":0.8982300885,"0.095":0.8982300885,"0.1":0.8982300885,"0.105":0.8982300885,"0.11":0.8982300885,"0.115":0.8982300885,"0.12":0.8982300885,"0.125":0.8982300885,"0.13":0.8982300885,"0.135":0.8982300885,"0.14":0.8982300885,"0.145":0.8984547461,"0.15":0.8984547461,"0.155":0.8984547461,"0.16":0.8986784141,"0.165":0.8986784141,"0.17":0.8986784141,"0.175":0.8986784141,"0.18":0.8986784141,"0.185":0.8986784141,"0.19":0.8986784141,"0.195":0.8986784141,"0.2":0.8986784141,"0.205":0.8967032967,"0.21":0.8967032967,"0.215":0.8967032967,"0.22":0.8967032967,"0.225":0.8967032967,"0.23":0.8967032967,"0.235":0.8967032967,"0.24":0.8967032967,"0.245":0.8967032967,"0.25":0.8967032967,"0.255":0.8967032967,"0.26":0.8967032967,"0.265":0.8967032967,"0.27":0.8967032967,"0.275":0.8967032967,"0.28":0.8967032967,"0.285":0.8967032967,"0.29":0.8967032967,"0.295":0.8967032967,"0.3":0.8967032967,"0.305":0.8967032967,"0.31":0.8967032967,"0.315":0.8947368421,"0.32":0.8947368421,"0.325":0.8947368421,"0.33":0.8947368421,"0.335":0.8947368421,"0.34":0.8947368421,"0.345":0.8947368421,"0.35":0.8947368421,"0.355":0.8947368421,"0.36":0.8947368421,"0.365":0.8947368421,"0.37":0.8947368421,"0.375":0.8947368421,"0.38":0.8947368421,"0.385":0.8947368421,"0.39":0.8947368421,"0.395":0.8947368421,"0.4":0.8947368421,"0.405":0.8947368421,"0.41":0.8947368421,"0.415":0.8947368421,"0.42":0.8947368421,"0.425":0.8947368421,"0.43":0.8947368421,"0.435":0.8947368421,"0.44":0.8947368421,"0.445":0.8947368421,