Estimator,boeck2015/tempodetector2016_default,davies2009/mirex_qm_tempotracker,percival2014/stem,schreiber2014/default,schreiber2017/ismir2017,schreiber2017/mirex2017,schreiber2018/cnn,schreiber2018/fcn,schreiber2018/ismir2018
boeck2015/tempodetector2016_default,1.0,9.252949758660221e-14,0.0014183251569011503,3.9834260060913764e-11,7.782753029215688e-05,5.009985345168109e-05,4.318160535017467e-05,1.6315578875097514e-08,1.7409278530268276e-05
davies2009/mirex_qm_tempotracker,9.252949758660221e-14,1.0,0.13148375870694318,0.02309947301586534,0.07412377768182181,0.12470388570830392,0.009760771804615653,0.3966577550964344,0.05348350535685742
percival2014/stem,0.0014183251569011503,0.13148375870694318,1.0,0.5648139106895832,0.03470826604605078,0.029253814969711175,0.023074572279461386,0.23629445455051543,0.03737623521730447
schreiber2014/default,3.9834260060913764e-11,0.02309947301586534,0.5648139106895832,1.0,6.577914584343341e-05,0.00011164271121633574,1.5492007921146652e-05,0.08596548595321443,0.0002007286678793335
schreiber2017/ismir2017,7.782753029215688e-05,0.07412377768182181,0.03470826604605078,6.577914584343341e-05,1.0,0.31784211406363433,0.5788594748313177,0.010571478918112429,0.9970444681856181
schreiber2017/mirex2017,5.009985345168109e-05,0.12470388570830392,0.029253814969711175,0.00011164271121633574,0.31784211406363433,1.0,0.44574504477276156,0.021223668220725696,0.8297433130875526
schreiber2018/cnn,4.318160535017467e-05,0.009760771804615653,0.023074572279461386,1.5492007921146652e-05,0.5788594748313177,0.44574504477276156,1.0,0.0005099713775256287,0.38550596741423393
schreiber2018/fcn,1.6315578875097514e-08,0.3966577550964344,0.23629445455051543,0.08596548595321443,0.010571478918112429,0.021223668220725696,0.0005099713775256287,1.0,0.002692061270366975
schreiber2018/ismir2018,1.7409278530268276e-05,0.05348350535685742,0.03737623521730447,0.0002007286678793335,0.9970444681856181,0.8297433130875526,0.38550596741423393,0.002692061270366975,1.0
