{"boeck2015\/tempodetector2016_default":{"0.0":null,"0.005":null,"0.01":-0.0012203029,"0.015":0.0015697479,"0.02":-0.0016154074,"0.025":-0.0019749935,"0.03":-0.0020319871,"0.035":-0.0020554538,"0.04":-0.0019370689,"0.045":-0.0019556714,"0.05":-0.0020160233,"0.055":-0.002008273,"0.06":-0.0020228787,"0.065":-0.0018864379,"0.07":-0.0018864379,"0.075":-0.0018764613,"0.08":-0.0019842205,"0.085":-0.0019842205,"0.09":-0.0019842205,"0.095":-0.0019842205,"0.1":-0.0019842205,"0.105":-0.0019842205,"0.11":-0.0019842205,"0.115":-0.0019842205,"0.12":-0.0019842205,"0.125":-0.0019842205,"0.13":-0.0019842205,"0.135":-0.0019842205,"0.14":-0.0019842205,"0.145":-0.0019325644,"0.15":-0.0019325644,"0.155":-0.0019325644,"0.16":-0.0018291992,"0.165":-0.0018291992,"0.17":-0.0018291992,"0.175":-0.0018291992,"0.18":-0.0018291992,"0.185":-0.0018291992,"0.19":-0.0018291992,"0.195":-0.0018291992,"0.2":-0.0018291992,"0.205":-0.0016313253,"0.21":-0.0016313253,"0.215":-0.0016313253,"0.22":-0.0016313253,"0.225":-0.0016313253,"0.23":-0.0016313253,"0.235":-0.0016313253,"0.24":-0.0016313253,"0.245":-0.0016313253,"0.25":-0.0016313253,"0.255":-0.0016313253,"0.26":-0.0016313253,"0.265":-0.0016313253,"0.27":-0.0016313253,"0.275":-0.0016313253,"0.28":-0.0016313253,"0.285":-0.0016313253,"0.29":-0.0016313253,"0.295":-0.0016313253,"0.3":-0.0016313253,"0.305":-0.0016313253,"0.31":-0.0016313253,"0.315":-0.0021165971,"0.32":-0.0021165971,"0.325":-0.0021165971,"0.33":-0.0021165971,"0.335":-0.0021165971,"0.34":-0.0021165971,"0.345":-0.0021165971,"0.35":-0.0021165971,"0.355":-0.0021165971,"0.36":-0.0021165971,"0.365":-0.0021165971,"0.37":-0.0021165971,"0.375":-0.0021165971,"0.38":-0.0021165971,"0.385":-0.0021165971,"0.39":-0.0021165971,"0.395":-0.0021165971,"0.4":-0.0021165971,"0.405":-0.0021165971,"0.41":-0.0021165971,"0.415":-0.0021165971,"0.42":-0.0021165971,"0.425":-0.0021165971,"0.43":-0.0021165971,"0.435":-0.0021165971,"0.44":-0.0021165971,"0.445":-0.0021165971,"0.45":-0.0021165971,"0.455":-0.0021165971,"0.46":-0.0021165971,"0.465":-0.0021165971,"0.47":-0.0021165971,"0.475":-0.0021165971,"0.48":-0.0021165971,"0.485":-0.0021165971,"0.49":-0.0021165971,"0.495":-0.0021165971,"0.5":-0.0021165971},"davies2009\/mirex_qm_tempotracker":{"0.0":null,"0.005":null,"0.01":0.0169759111,"0.015":0.0281127673,"0.02":0.0184759057,"0.025":0.0195441501,"0.03":0.0188615102,"0.035":0.020368032,"0.04":0.0203996023,"0.045":0.0196917589,"0.05":0.0195256845,"0.055":0.0195836959,"0.06":0.0195780497,"0.065":0.0197670767,"0.07":0.0197670767,"0.075":0.0197262259,"0.08":0.0204169327,"0.085":0.0204169327,"0.09":0.0204169327,"0.095":0.0204169327,"0.1":0.0204169327,"0.105":0.0204169327,"0.11":0.0204169327,"0.115":0.0204169327,"0.12":0.0204169327,"0.125":0.0204169327,"0.13":0.0204169327,"0.135":0.0204169327,"0.14":0.0204169327,"0.145":0.0203994593,"0.15":0.0203994593,"0.155":0.0203994593,"0.16":0.0205299639,"0.165":0.0205299639,"0.17":0.0205299639,"0.175":0.0205299639,"0.18":0.0205299639,"0.185":0.0205299639,"0.19":0.0205299639,"0.195":0.0205299639,"0.2":0.0205299639,"0.205":0.0207833956,"0.21":0.0207833956,"0.215":0.0207833956,"0.22":0.0207833956,"0.225":0.0207833956,"0.23":0.0207833956,"0.235":0.0207833956,"0.24":0.0207833956,"0.245":0.0207833956,"0.25":0.0207833956,"0.255":0.0207833956,"0.26":0.0207833956,"0.265":0.0207833956,"0.27":0.0207833956,"0.275":0.0207833956,"0.28":0.0207833956,"0.285":0.0207833956,"0.29":0.0207833956,"0.295":0.0207833956,"0.3":0.0207833956,"0.305":0.0207833956,"0.31":0.0207833956,"0.315":0.0203051219,"0.32":0.0203051219,"0.325":0.0203051219,"0.33":0.0203051219,"0.335":0.0203051219,"0.34":0.0203051219,"0.345":0.0203051219,"0.35":0.0203051219,"0.355":0.0203051219,"0.36":0.0203051219,"0.365":0.0203051219,"0.37":0.0203051219,"0.375":0.0203051219,"0.38":0.0203051219,"0.385":0.0203051219,"0.39":0.0203051219,"0.395":0.0203051219,"0.4":0.0203051219,"0.405":0.0203051219,"0.41":0.0203051219,"0.415":0.0203051219,"0.42":0.0203051219,"0.425":0.0203051219,"0.43":0.0203051219,"0.435":0.0203051219,"0.44":0.0203051219,"0.445":0.0203051219,"0.45":0.0203051219,"0.455":0.0203051219,"0.46":0.0203051219,"0.465":0.0203051219,"0.47":0.0203051219,"0.475":0.0203051219,"0.48":0.0203051219,"0.485":0.0203051219,"0.49":0.0203051219,"0.495":0.0203051219,"0.5":0.0203051219},"percival2014\/stem":{"0.0":null,"0.005":null,"0.01":-0.0015250754,"0.015":0.004906029,"0.02":0.0165778618,"0.025":-0.0042395836,"0.03":-0.0136398537,"0.035":-0.0178744931,"0.04":-0.0185126674,"0.045":-0.0192987011,"0.05":-0.0192207849,"0.055":-0.0191724424,"0.06":-0.0191639463,"0.065":-0.0192104855,"0.07":-0.0192104855,"0.075":-0.0191488583,"0.08":-0.0192469462,"0.085":-0.0192469462,"0.09":-0.0192469462,"0.095":-0.0192469462,"0.1":-0.0192469462,"0.105":-0.0192469462,"0.11":-0.0192469462,"0.115":-0.0192469462,"0.12":-0.0192469462,"0.125":-0.0192469462,"0.13":-0.0192469462,"0.135":-0.0192469462,"0.14":-0.0192469462,"0.145":-0.0191921353,"0.15":-0.0191921353,"0.155":-0.0191921353,"0.16":-0.0189958369,"0.165":-0.0189958369,"0.17":-0.0189958369,"0.175":-0.0189958369,"0.18":-0.0189958369,"0.185":-0.0189958369,"0.19":-0.0189958369,"0.195":-0.0189958369,"0.2":-0.0189958369,"0.205":-0.0186780986,"0.21":-0.0186780986,"0.215":-0.0186780986,"0.22":-0.0186780986,"0.225":-0.0186780986,"0.23":-0.0186780986,"0.235":-0.0186780986,"0.24":-0.0186780986,"0.245":-0.0186780986,"0.25":-0.0186780986,"0.255":-0.0186780986,"0.26":-0.0186780986,"0.265":-0.0186780986,"0.27":-0.0186780986,"0.275":-0.0186780986,"0.28":-0.0186780986,"0.285":-0.0186780986,"0.29":-0.0186780986,"0.295":-0.0186780986,"0.3":-0.0186780986,"0.305":-0.0186780986,"0.31":-0.0186780986,"0.315":-0.0191055794,"0.32":-0.0191055794,"0.325":-0.0191055794,"0.33":-0.0191055794,"0.335":-0.0191055794,"0.34":-0.0191055794,"0.345":-0.0191055794,"0.35":-0.0191055794,"0.355":-0.0191055794,"0.36":-0.0191055794,"0.365":-0.0191055794,"0.37":-0.0191055794,"0.375":-0.0191055794,"0.38":-0.0191055794,"0.385":-0.0191055794,"0.39":-0.0191055794,"0.395":-0.0191055794,"0.4":-0.0191055794,"0.405":-0.0191055794,"0.41":-0.0191055794,"0.415":-0.0191055794,"0.42":-0.0191055794,"0.425":-0.0191055794,"0.43":-0.0191055794,"0.435":-0.0191055794,"0.44":-0.0191055794,"0.445":-0.0191055794,"0.45":-0.0191055794,"0.455":-0.0191055794,"0.46":-0.0191055794,"0.465":-0.0191055794,"0.47":-0.0191055794,"0.475":-0.0191055794,"0.48":-0.0191055794,"0.485":-0.0191055794,"0.49":-0.0191055794,"0.495":-0.0191055794,"0.5":-0.0191055794},"schreiber2014\/default":{"0.0":null,"0.005":null,"0.01":-0.0066638356,"0.015":-0.0015399012,"0.02":-0.0088204653,"0.025":-0.023498979,"0.03":-0.0310889018,"0.035":-0.0338662378,"0.04":-0.0339076681,"0.045":-0.0347538373,"0.05":-0.0339540082,"0.055":-0.0338912247,"0.06":-0.0348252714,"0.065":-0.0353813361,"0.07":-0.0353813361,"0.075":-0.0353907914,"0.08":-0.0348837894,"0.085":-0.0348837894,"0.09":-0.0348837894,"0.095":-0.0348837894,"0.1":-0.0348837894,"0.105":-0.0348837894,"0.11":-0.0348837894,"0.115":-0.0348837894,"0.12":-0.0348837894,"0.125":-0.0348837894,"0.13":-0.0348837894,"0.135":-0.0348837894,"0.14":-0.0348837894,"0.145":-0.0347335431,"0.15":-0.0347335431,"0.155":-0.0347335431,"0.16":-0.0346017968,"0.165":-0.0346017968,"0.17":-0.0346017968,"0.175":-0.0346017968,"0.18":-0.0346017968,"0.185":-0.0346017968,"0.19":-0.0346017968,"0.195":-0.0346017968,"0.2":-0.0346017968,"0.205":-0.0343190306,"0.21":-0.0343190306,"0.215":-0.0343190306,"0.22":-0.0343190306,"0.225":-0.0343190306,"0.23":-0.0343190306,"0.235":-0.0343190306,"0.24":-0.0343190306,"0.245":-0.0343190306,"0.25":-0.0343190306,"0.255":-0.0343190306,"0.26":-0.0343190306,"0.265":-0.0343190306,"0.27":-0.0343190306,"0.275":-0.0343190306,"0.28":-0.0343190306,"0.285":-0.0343190306,"0.29":-0.0343190306,"0.295":-0.0343190306,"0.3":-0.0343190306,"0.305":-0.0343190306,"0.31":-0.0343190306,"0.315":-0.0347099993,"0.32":-0.0347099993,"0.325":-0.0347099993,"0.33":-0.0347099993,"0.335":-0.0347099993,"0.34":-0.0347099993,"0.345":-0.0347099993,"0.35":-0.0347099993,"0.355":-0.0347099993,