{"boeck2015\/tempodetector2016_default":{"0.0":null,"0.005":null,"0.01":-0.0012203029,"0.015":-0.1392753226,"0.02":-0.2449782392,"0.025":-0.3525497061,"0.03":-0.3748714933,"0.035":-0.3851584104,"0.04":-0.3908934049,"0.045":-0.3905318958,"0.05":-0.3912199751,"0.055":-0.3925786589,"0.06":-0.3939535986,"0.065":-0.3885531046,"0.07":-0.3885531046,"0.075":-0.3854684791,"0.08":-0.3825151939,"0.085":-0.3825151939,"0.09":-0.3825151939,"0.095":-0.3825151939,"0.1":-0.3825151939,"0.105":-0.3825151939,"0.11":-0.3825151939,"0.115":-0.3825151939,"0.12":-0.3825151939,"0.125":-0.3825151939,"0.13":-0.3825151939,"0.135":-0.3825151939,"0.14":-0.3825151939,"0.145":-0.3816235137,"0.15":-0.3816235137,"0.155":-0.3816235137,"0.16":-0.3828864679,"0.165":-0.3828864679,"0.17":-0.3828864679,"0.175":-0.3828864679,"0.18":-0.3828864679,"0.185":-0.3828864679,"0.19":-0.3828864679,"0.195":-0.3828864679,"0.2":-0.3828864679,"0.205":-0.3818511055,"0.21":-0.3818511055,"0.215":-0.3818511055,"0.22":-0.3818511055,"0.225":-0.3818511055,"0.23":-0.3818511055,"0.235":-0.3818511055,"0.24":-0.3818511055,"0.245":-0.3818511055,"0.25":-0.3818511055,"0.255":-0.3818511055,"0.26":-0.3818511055,"0.265":-0.3818511055,"0.27":-0.3818511055,"0.275":-0.3818511055,"0.28":-0.3818511055,"0.285":-0.3818511055,"0.29":-0.3818511055,"0.295":-0.3818511055,"0.3":-0.3818511055,"0.305":-0.3818511055,"0.31":-0.3818511055,"0.315":-0.381502562,"0.32":-0.381502562,"0.325":-0.381502562,"0.33":-0.381502562,"0.335":-0.381502562,"0.34":-0.381502562,"0.345":-0.381502562,"0.35":-0.381502562,"0.355":-0.381502562,"0.36":-0.381502562,"0.365":-0.381502562,"0.37":-0.381502562,"0.375":-0.381502562,"0.38":-0.381502562,"0.385":-0.381502562,"0.39":-0.381502562,"0.395":-0.381502562,"0.4":-0.381502562,"0.405":-0.381502562,"0.41":-0.381502562,"0.415":-0.381502562,"0.42":-0.381502562,"0.425":-0.381502562,"0.43":-0.381502562,"0.435":-0.381502562,"0.44":-0.381502562,"0.445":-0.381502562,"0.45":-0.381502562,"0.455":-0.381502562,"0.46":-0.381502562,"0.465":-0.381502562,"0.47":-0.381502562,"0.475":-0.381502562,"0.48":-0.381502562,"0.485":-0.381502562,"0.49":-0.381502562,"0.495":-0.381502562,"0.5":-0.381502562},"davies2009\/mirex_qm_tempotracker":{"0.0":null,"0.005":null,"0.01":0.0169759111,"0.015":-0.098647796,"0.02":-0.2470108199,"0.025":-0.3545073586,"0.03":-0.3780641379,"0.035":-0.3701586366,"0.04":-0.3735336259,"0.045":-0.370216954,"0.05":-0.3687476899,"0.055":-0.367821058,"0.06":-0.3691941043,"0.065":-0.3628327567,"0.07":-0.3628327567,"0.075":-0.3598079759,"0.08":-0.3547710374,"0.085":-0.3547710374,"0.09":-0.3547710374,"0.095":-0.3547710374,"0.1":-0.3547710374,"0.105":-0.3547710374,"0.11":-0.3547710374,"0.115":-0.3547710374,"0.12":-0.3547710374,"0.125":-0.3547710374,"0.13":-0.3547710374,"0.135":-0.3547710374,"0.14":-0.3547710374,"0.145":-0.3561677869,"0.15":-0.3561677869,"0.155":-0.3561677869,"0.16":-0.3574104821,"0.165":-0.3574104821,"0.17":-0.3574104821,"0.175":-0.3574104821,"0.18":-0.3574104821,"0.185":-0.3574104821,"0.19":-0.3574104821,"0.195":-0.3574104821,"0.2":-0.3574104821,"0.205":-0.3541286099,"0.21":-0.3541286099,"0.215":-0.3541286099,"0.22":-0.3541286099,"0.225":-0.3541286099,"0.23":-0.3541286099,"0.235":-0.3541286099,"0.24":-0.3541286099,"0.245":-0.3541286099,"0.25":-0.3541286099,"0.255":-0.3541286099,"0.26":-0.3541286099,"0.265":-0.3541286099,"0.27":-0.3541286099,"0.275":-0.3541286099,"0.28":-0.3541286099,"0.285":-0.3541286099,"0.29":-0.3541286099,"0.295":-0.3541286099,"0.3":-0.3541286099,"0.305":-0.3541286099,"0.31":-0.3541286099,"0.315":-0.3537847082,"0.32":-0.3537847082,"0.325":-0.3537847082,"0.33":-0.3537847082,"0.335":-0.3537847082,"0.34":-0.3537847082,"0.345":-0.3537847082,"0.35":-0.3537847082,"0.355":-0.3537847082,"0.36":-0.3537847082,"0.365":-0.3537847082,"0.37":-0.3537847082,"0.375":-0.3537847082,"0.38":-0.3537847082,"0.385":-0.3537847082,"0.39":-0.3537847082,"0.395":-0.3537847082,"0.4":-0.3537847082,"0.405":-0.3537847082,"0.41":-0.3537847082,"0.415":-0.3537847082,"0.42":-0.3537847082,"0.425":-0.3537847082,"0.43":-0.3537847082,"0.435":-0.3537847082,"0.44":-0.3537847082,"0.445":-0.3537847082,"0.45":-0.3537847082,"0.455":-0.3537847082,"0.46":-0.3537847082,"0.465":-0.3537847082,"0.47":-0.3537847082,"0.475":-0.3537847082,"0.48":-0.3537847082,"0.485":-0.3537847082,"0.49":-0.3537847082,"0.495":-0.3537847082,"0.5":-0.3537847082},"percival2014\/stem":{"0.0":null,"0.005":null,"0.01":-0.0015250754,"0.015":-0.4035446753,"0.02":-0.5461209214,"0.025":-0.674324282,"0.03":-0.6976870142,"0.035":-0.7063145692,"0.04":-0.7114801846,"0.045":-0.7111410701,"0.05":-0.7136575562,"0.055":-0.7142928004,"0.06":-0.7149648392,"0.065":-0.7074744856,"0.07":-0.7074744856,"0.075":-0.7036694792,"0.08":-0.7000407515,"0.085":-0.7000407515,"0.09":-0.7000407515,"0.095":-0.7000407515,"0.1":-0.7000407515,"0.105":-0.7000407515,"0.11":-0.7000407515,"0.115":-0.7000407515,"0.12":-0.7000407515,"0.125":-0.7000407515,"0.13":-0.7000407515,"0.135":-0.7000407515,"0.14":-0.7000407515,"0.145":-0.7006905901,"0.15":-0.7006905901,"0.155":-0.7006905901,"0.16":-0.7011958369,"0.165":-0.7011958369,"0.17":-0.7011958369,"0.175":-0.7011958369,"0.18":-0.7011958369,"0.185":-0.7011958369,"0.19":-0.7011958369,"0.195":-0.7011958369,"0.2":-0.7011958369,"0.205":-0.6971809558,"0.21":-0.6971809558,"0.215":-0.6971809558,"0.22":-0.6971809558,"0.225":-0.6971809558,"0.23":-0.6971809558,"0.235":-0.6971809558,"0.24":-0.6971809558,"0.245":-0.6971809558,"0.25":-0.6971809558,"0.255":-0.6971809558,"0.26":-0.6971809558,"0.265":-0.6971809558,"0.27":-0.6971809558,"0.275":-0.6971809558,"0.28":-0.6971809558,"0.285":-0.6971809558,"0.29":-0.6971809558,"0.295":-0.6971809558,"0.3":-0.6971809558,"0.305":-0.6971809558,"0.31":-0.6971809558,"0.315":-0.6983134742,"0.32":-0.6983134742,"0.325":-0.6983134742,"0.33":-0.6983134742,"0.335":-0.6983134742,"0.34":-0.6983134742,"0.345":-0.6983134742,"0.35":-0.6983134742,"0.355":-0.6983134742,"0.36":-0.6983134742,"0.365":-0.6983134742,"0.37":-0.6983134742,"0.375":-0.6983134742,"0.38":-0.6983134742,"0.385":-0.6983134742,"0.39":-0.6983134742,"0.395":-0.6983134742,"0.4":-0.6983134742,"0.405":-0.6983134742,"0.41":-0.6983134742,"0.415":-0.6983134742,"0.42":-0.6983134742,"0.425":-0.6983134742,"0.43":-0.6983134742,"0.435":-0.6983134742,"0.44":-0.6983134742,"0.445":-0.6983134742,"0.45":-0.6983134742,"0.455":-0.6983134742,"0.46":-0.6983134742,"0.465":-0.6983134742,"0.47":-0.6983134742,"0.475":-0.6983134742,"0.48":-0.6983134742,"0.485":-0.6983134742,"0.49":-0.6983134742,"0.495":-0.6983134742,"0.5":-0.6983134742},"schreiber2014\/default":{"0.0":null,"0.005":null,"0.01":-0.5066638356,"0.015":-0.5367511688,"0.02":-0.6821387175,"0.025":-0.7711698842,"0.03":-0.7813831611,"0.035":-0.7874821336,"0.04":-0.7916575534,"0.045":-0.7896033818,"0.05":-0.7904090531,"0.055":-0.7908911128,"0.06":-0.7936732904,"0.065":-0.7886344751,"0.07":-0.7886344751,"0.075":-0.7847564511,"0.08":-0.780379171,"0.085":-0.780379171,"0.09":-0.780379171,"0.095":-0.780379171,"0.1":-0.780379171,"0.105":-0.780379171,"0.11":-0.780379171,"0.115":-0.780379171,"0.12":-0.780379171,"0.125":-0.780379171,"0.13":-0.780379171,"0.135":-0.780379171,"0.14":-0.780379171,"0.145":-0.7807907451,"0.15":-0.7807907451,"0.155":-0.7807907451,"0.16":-0.7812183442,"0.165":-0.7812183442,"0.17":-0.7812183442,"0.175":-0.7812183442,"0.18":-0.7812183442,"0.185":-0.7812183442,"0.19":-0.7812183442,"0.195":-0.7812183442,"0.2":-0.7812183442,"0.205":-0.7792946625,"0.21":-0.7792946625,"0.215":-0.7792946625,"0.22":-0.7792946625,"0.225":-0.7792946625,"0.23":-0.7792946625,"0.235":-0.7792946625,"0.24":-0.7792946625,"0.245":-0.7792946625,"0.25":-0.7792946625,"0.255":-0.7792946625,"0.26":-0.7792946625,"0.265":-0.7792946625,"0.27":-0.7792946625,"0.275":-0.7792946625,"0.28":-0.7792946625,"0.285":-0.7792946625,"0.29":-0.7792946625,"0.295":-0.7792946625,"0.3":-0.7792946625,"0.305":-0.7792946625,"0.31":-0.7792946625,"0.315":-0.7802448952,"0.32":-0.7802448952,"0.325":-0.7802448952,"0.33":-0.7802448952,"0.335":-0.7802448952,"0.34":-0.7802448952,"0.345":-0.7802448952,