{"Accuracy1":{"schreiber2018\/cnn":0.5811403509,"schreiber2018\/ismir2018":0.5789473684,"boeck2015\/tempodetector2016_default":0.5679824561,"schreiber2018\/fcn":0.4934210526,"davies2009\/mirex_qm_tempotracker":0.4320175439,"schreiber2017\/mirex2017":0.3026315789,"schreiber2017\/ismir2017":0.3004385965,"percival2014\/stem":0.2675438596,"schreiber2014\/default":0.2214912281},"Accuracy2":{"schreiber2018\/cnn":0.9627192982,"schreiber2018\/ismir2018":0.9495614035,"boeck2015\/tempodetector2016_default":0.9912280702,"schreiber2018\/fcn":0.9276315789,"davies2009\/mirex_qm_tempotracker":0.9276315789,"schreiber2017\/mirex2017":0.9013157895,"schreiber2017\/ismir2017":0.8837719298,"percival2014\/stem":0.899122807,"schreiber2014\/default":0.8947368421}}