{"boeck2015\/tempodetector2016_default":{"boeck2015\/tempodetector2016_default":1.0,"davies2009\/mirex_qm_tempotracker":0.2530130086,"percival2014\/stem":1.372945895e-22,"schreiber2014\/default":1.104457687e-47,"schreiber2017\/ismir2017":1.084193509e-27,"schreiber2017\/mirex2017":2.913924685e-29,"schreiber2018\/cnn":0.0000067299,"schreiber2018\/fcn":0.0243276205,"schreiber2018\/ismir2018":0.0000239466},"davies2009\/mirex_qm_tempotracker":{"boeck2015\/tempodetector2016_default":0.2530130086,"davies2009\/mirex_qm_tempotracker":1.0,"percival2014\/stem":2.663773653e-31,"schreiber2014\/default":1.611380213e-58,"schreiber2017\/ismir2017":1.062534641e-40,"schreiber2017\/mirex2017":8.038851471e-42,"schreiber2018\/cnn":0.0047795006,"schreiber2018\/fcn":0.0017681746,"schreiber2018\/ismir2018":0.0033151886},"percival2014\/stem":{"boeck2015\/tempodetector2016_default":1.372945895e-22,"davies2009\/mirex_qm_tempotracker":2.663773653e-31,"percival2014\/stem":1.0,"schreiber2014\/default":0.00122469,"schreiber2017\/ismir2017":0.8177295589,"schreiber2017\/mirex2017":0.8109938161,"schreiber2018\/cnn":4.695252596e-36,"schreiber2018\/fcn":3.862176577e-16,"schreiber2018\/ismir2018":5.583352311e-36},"schreiber2014\/default":{"boeck2015\/tempodetector2016_default":1.104457687e-47,"davies2009\/mirex_qm_tempotracker":1.611380213e-58,"percival2014\/stem":0.00122469,"schreiber2014\/default":1.0,"schreiber2017\/ismir2017":0.0000132264,"schreiber2017\/mirex2017":0.0000045183,"schreiber2018\/cnn":2.876002122e-68,"schreiber2018\/fcn":3.177665865e-37,"schreiber2018\/ismir2018":7.52674018e-68},"schreiber2017\/ismir2017":{"boeck2015\/tempodetector2016_default":1.084193509e-27,"davies2009\/mirex_qm_tempotracker":1.062534641e-40,"percival2014\/stem":0.8177295589,"schreiber2014\/default":0.0000132264,"schreiber2017\/ismir2017":1.0,"schreiber2017\/mirex2017":0.9999999904,"schreiber2018\/cnn":5.249476342e-51,"schreiber2018\/fcn":9.664590721e-25,"schreiber2018\/ismir2018":9.684689382e-51},"schreiber2017\/mirex2017":{"boeck2015\/tempodetector2016_default":2.913924685e-29,"davies2009\/mirex_qm_tempotracker":8.038851471e-42,"percival2014\/stem":0.8109938161,"schreiber2014\/default":0.0000045183,"schreiber2017\/ismir2017":0.9999999904,"schreiber2017\/mirex2017":1.0,"schreiber2018\/cnn":1.886761049e-49,"schreiber2018\/fcn":9.109148399e-26,"schreiber2018\/ismir2018":5.028422571e-51},"schreiber2018\/cnn":{"boeck2015\/tempodetector2016_default":0.0000067299,"davies2009\/mirex_qm_tempotracker":0.0047795006,"percival2014\/stem":4.695252596e-36,"schreiber2014\/default":2.876002122e-68,"schreiber2017\/ismir2017":5.249476342e-51,"schreiber2017\/mirex2017":1.886761049e-49,"schreiber2018\/cnn":1.0,"schreiber2018\/fcn":0.0,"schreiber2018\/ismir2018":0.6147699041},"schreiber2018\/fcn":{"boeck2015\/tempodetector2016_default":0.0243276205,"davies2009\/mirex_qm_tempotracker":0.0017681746,"percival2014\/stem":3.862176577e-16,"schreiber2014\/default":3.177665865e-37,"schreiber2017\/ismir2017":9.664590721e-25,"schreiber2017\/mirex2017":9.109148399e-26,"schreiber2018\/cnn":0.0,"schreiber2018\/fcn":1.0,"schreiber2018\/ismir2018":0.0},"schreiber2018\/ismir2018":{"boeck2015\/tempodetector2016_default":0.0000239466,"davies2009\/mirex_qm_tempotracker":0.0033151886,"percival2014\/stem":5.583352311e-36,"schreiber2014\/default":7.52674018e-68,"schreiber2017\/ismir2017":9.684689382e-51,"schreiber2017\/mirex2017":5.028422571e-51,"schreiber2018\/cnn":0.6147699041,"schreiber2018\/fcn":0.0,"schreiber2018\/ismir2018":1.0}}