{"boeck2015\/tempodetector2016_default":{"0.0":null,"0.005":null,"0.01":0.0057032854,"0.015":0.1785701092,"0.02":0.2775242619,"0.025":0.3798395933,"0.03":0.4113167983,"0.035":0.4198306276,"0.04":0.4249205052,"0.045":0.4315411778,"0.05":0.4317534335,"0.055":0.4330267832,"0.06":0.4342739241,"0.065":0.4359255877,"0.07":0.4359255877,"0.075":0.4371607519,"0.08":0.438375599,"0.085":0.438375599,"0.09":0.438375599,"0.095":0.438375599,"0.1":0.438375599,"0.105":0.438375599,"0.11":0.438375599,"0.115":0.438375599,"0.12":0.438375599,"0.125":0.438375599,"0.13":0.438375599,"0.135":0.438375599,"0.14":0.438375599,"0.145":0.4374377719,"0.15":0.4374377719,"0.155":0.4374377719,"0.16":0.4386967554,"0.165":0.4386967554,"0.17":0.4386967554,"0.175":0.4386967554,"0.18":0.4386967554,"0.185":0.4386967554,"0.19":0.4386967554,"0.195":0.4386967554,"0.2":0.4386967554,"0.205":0.4377369773,"0.21":0.4377369773,"0.215":0.4377369773,"0.22":0.4377369773,"0.225":0.4377369773,"0.23":0.4377369773,"0.235":0.4377369773,"0.24":0.4377369773,"0.245":0.4377369773,"0.25":0.4377369773,"0.255":0.4377369773,"0.26":0.4377369773,"0.265":0.4377369773,"0.27":0.4377369773,"0.275":0.4377369773,"0.28":0.4377369773,"0.285":0.4377369773,"0.29":0.4377369773,"0.295":0.4377369773,"0.3":0.4377369773,"0.305":0.4377369773,"0.31":0.4377369773,"0.315":0.4367991005,"0.32":0.4367991005,"0.325":0.4367991005,"0.33":0.4367991005,"0.335":0.4367991005,"0.34":0.4367991005,"0.345":0.4367991005,"0.35":0.4367991005,"0.355":0.4367991005,"0.36":0.4367991005,"0.365":0.4367991005,"0.37":0.4367991005,"0.375":0.4367991005,"0.38":0.4367991005,"0.385":0.4367991005,"0.39":0.4367991005,"0.395":0.4367991005,"0.4":0.4367991005,"0.405":0.4367991005,"0.41":0.4367991005,"0.415":0.4367991005,"0.42":0.4367991005,"0.425":0.4367991005,"0.43":0.4367991005,"0.435":0.4367991005,"0.44":0.4367991005,"0.445":0.4367991005,"0.45":0.4367991005,"0.455":0.4367991005,"0.46":0.4367991005,"0.465":0.4367991005,"0.47":0.4367991005,"0.475":0.4367991005,"0.48":0.4367991005,"0.485":0.4367991005,"0.49":0.4367991005,"0.495":0.4367991005,"0.5":0.4367991005},"davies2009\/mirex_qm_tempotracker":{"0.0":null,"0.005":null,"0.01":0.0179757507,"0.015":0.2537948259,"0.02":0.3928099108,"0.025":0.4999185443,"0.03":0.5413080583,"0.035":0.5529780609,"0.04":0.5576120495,"0.045":0.5590747072,"0.05":0.5550593004,"0.055":0.5539139053,"0.06":0.5548340531,"0.065":0.5569997499,"0.07":0.5569997499,"0.075":0.5579636418,"0.08":0.5610516502,"0.085":0.5610516502,"0.09":0.5610516502,"0.095":0.5610516502,"0.1":0.5610516502,"0.105":0.5610516502,"0.11":0.5610516502,"0.115":0.5610516502,"0.12":0.5610516502,"0.125":0.5610516502,"0.13":0.5610516502,"0.135":0.5610516502,"0.14":0.5610516502,"0.145":0.5620104205,"0.15":0.5620104205,"0.155":0.5620104205,"0.16":0.562918686,"0.165":0.562918686,"0.17":0.562918686,"0.175":0.562918686,"0.18":0.562918686,"0.185":0.562918686,"0.19":0.562918686,"0.195":0.562918686,"0.2":0.562918686,"0.205":0.5639796125,"0.21":0.5639796125,"0.215":0.5639796125,"0.22":0.5639796125,"0.225":0.5639796125,"0.23":0.5639796125,"0.235":0.5639796125,"0.24":0.5639796125,"0.245":0.5639796125,"0.25":0.5639796125,"0.255":0.5639796125,"0.26":0.5639796125,"0.265":0.5639796125,"0.27":0.5639796125,"0.275":0.5639796125,"0.28":0.5639796125,"0.285":0.5639796125,"0.29":0.5639796125,"0.295":0.5639796125,"0.3":0.5639796125,"0.305":0.5639796125,"0.31":0.5639796125,"0.315":0.5627768955,"0.32":0.5627768955,"0.325":0.5627768955,"0.33":0.5627768955,"0.335":0.5627768955,"0.34":0.5627768955,"0.345":0.5627768955,"0.35":0.5627768955,"0.355":0.5627768955,"0.36":0.5627768955,"0.365":0.5627768955,"0.37":0.5627768955,"0.375":0.5627768955,"0.38":0.5627768955,"0.385":0.5627768955,"0.39":0.5627768955,"0.395":0.5627768955,"0.4":0.5627768955,"0.405":0.5627768955,"0.41":0.5627768955,"0.415":0.5627768955,"0.42":0.5627768955,"0.425":0.5627768955,"0.43":0.5627768955,"0.435":0.5627768955,"0.44":0.5627768955,"0.445":0.5627768955,"0.45":0.5627768955,"0.455":0.5627768955,"0.46":0.5627768955,"0.465":0.5627768955,"0.47":0.5627768955,"0.475":0.5627768955,"0.48":0.5627768955,"0.485":0.5627768955,"0.49":0.5627768955,"0.495":0.5627768955,"0.5":0.5627768955},"percival2014\/stem":{"0.0":null,"0.005":null,"0.01":0.0029064284,"0.015":0.4357986669,"0.02":0.6491238561,"0.025":0.7501137807,"0.03":0.7819023012,"0.035":0.7962205177,"0.04":0.8010747104,"0.045":0.8028224923,"0.05":0.8038142277,"0.055":0.8042531238,"0.06":0.8046868457,"0.065":0.8053343329,"0.07":0.8053343329,"0.075":0.8057636471,"0.08":0.806134459,"0.085":0.806134459,"0.09":0.806134459,"0.095":0.806134459,"0.1":0.806134459,"0.105":0.806134459,"0.11":0.806134459,"0.115":0.806134459,"0.12":0.806134459,"0.125":0.806134459,"0.13":0.806134459,"0.135":0.806134459,"0.14":0.806134459,"0.145":0.8065674816,"0.15":0.8065674816,"0.155":0.8065674816,"0.16":0.8069584876,"0.165":0.8069584876,"0.17":0.8069584876,"0.175":0.8069584876,"0.18":0.8069584876,"0.185":0.8069584876,"0.19":0.8069584876,"0.195":0.8069584876,"0.2":0.8069584876,"0.205":0.8074604995,"0.21":0.8074604995,"0.215":0.8074604995,"0.22":0.8074604995,"0.225":0.8074604995,"0.23":0.8074604995,"0.235":0.8074604995,"0.24":0.8074604995,"0.245":0.8074604995,"0.25":0.8074604995,"0.255":0.8074604995,"0.26":0.8074604995,"0.265":0.8074604995,"0.27":0.8074604995,"0.275":0.8074604995,"0.28":0.8074604995,"0.285":0.8074604995,"0.29":0.8074604995,"0.295":0.8074604995,"0.3":0.8074604995,"0.305":0.8074604995,"0.31":0.8074604995,"0.315":0.8078844001,"0.32":0.8078844001,"0.325":0.8078844001,"0.33":0.8078844001,"0.335":0.8078844001,"0.34":0.8078844001,"0.345":0.8078844001,"0.35":0.8078844001,"0.355":0.8078844001,"0.36":0.8078844001,"0.365":0.8078844001,"0.37":0.8078844001,"0.375":0.8078844001,"0.38":0.8078844001,"0.385":0.8078844001,"0.39":0.8078844001,"0.395":0.8078844001,"0.4":0.8078844001,"0.405":0.8078844001,"0.41":0.8078844001,"0.415":0.8078844001,"0.42":0.8078844001,"0.425":0.8078844001,"0.43":0.8078844001,"0.435":0.8078844001,"0.44":0.8078844001,"0.445":0.8078844001,"0.45":0.8078844001,"0.455":0.8078844001,"0.46":0.8078844001,"0.465":0.8078844001,"0.47":0.8078844001,"0.475":0.8078844001,"0.48":0.8078844001,"0.485":0.8078844001,"0.49":0.8078844001,"0.495":0.8078844001,"0.5":0.8078844001},"schreiber2014\/default":{"0.0":null,"0.005":null,"0.01":0.5056639961,"0.015":0.5396175517,"0.02":0.6919517518,"0.025":0.788998839,"0.03":0.8139956747,"0.035":0.8239454264,"0.04":0.8274369617,"0.045":0.8278406748,"0.05":0.8279604047,"0.055":0.8283638016,"0.06":0.8310248221,"0.065":0.828753898,"0.07":0.828753898,"0.075":0.829024346,"0.08":0.8299128527,"0.085":0.8299128527,"0.09":0.8299128527,"0.095":0.8299128527,"0.1":0.8299128527,"0.105":0.8299128527,"0.11":0.8299128527,"0.115":0.8299128527,"0.12":0.8299128527,"0.125":0.8299128527,"0.13":0.8299128527,"0.135":0.8299128527,"0.14":0.8299128527,"0.145":0.8302324673,"0.15":0.8302324673,"0.155":0.8302324673,"0.16":0.8306701322,"0.165":0.8306701322,"0.17":0.8306701322,"0.175":0.8306701322,"0.18":0.8306701322,"0.185":0.8306701322,"0.19":0.8306701322,"0.195":0.8306701322,"0.2":0.8306701322,"0.205":0.8288529575,"0.21":0.8288529575,"0.215":0.8288529575,"0.22":0.8288529575,"0.225":0.8288529575,"0.23":0.8288529575,"0.235":0.8288529575,"0.24":0.8288529575,"0.245":0.8288529575,"0.25":0.8288529575,"0.255":0.8288529575,"0.26":0.8288529575,"0.265":0.8288529575,"0.27":0.8288529575,"0.275":0.8288529575,"0.28":0.8288529575,"0.285":0.8288529575,"0.29":0.8288529575,"0.295":0.8288529575,"0.3":0.8288529575,"0.305":0.8288529575,"0.31":0.8288529575,"0.315":0.8292277331,"0.32":0.8292277331,"0.325":0.8292277331,"0.33":0.8292277331,"0.335":0.8292277331,"0.34":0.8292277331,"0.345":0.8292277331,"0.35":0.8292277331,"0.355":0.8292277331,"0.36":0.8292277331,"0.365":0.8292277331,"0.37":0.8292277331,"0.375":0.8292277331,"0.38":0.8292277331,"0.385":0.8292277331,"0.39":0.8292277331,"0.395":0.8292277331,"0.4":0.8292277331,"0.405":0.8292277331,"0.41":0.8292277331,"0.415":0.8292277331,"0.42":0.8292277331,"0.425":0.8292277331,"0.43":0.8292277331,