Reference,Size,Min,Max,Avg,Stdev,Sweet Oct. Start,Sweet Oct. Coverage
1.0,456,36.989446357053,361.8352952880925,177.44864731621746,68.50157682041362,124.0,0.6030701754385965
2.0,456,36.0564775511138,360.82846292577744,177.236957945931,68.44623632146319,124.0,0.6052631578947368
