Estimator,boeck2015/tempodetector2016_default,davies2009/mirex_qm_tempotracker,percival2014/stem,schreiber2014/default,schreiber2017/ismir2017,schreiber2017/mirex2017,schreiber2018/cnn,schreiber2018/fcn,schreiber2018/ismir2018
boeck2015/tempodetector2016_default,1.0,1.0621894930267156e-07,3.7345304971089163e-32,8.616823131215043e-47,5.112412100061122e-35,5.086863878150192e-33,0.2236038260966071,0.00024817053563009093,0.17917656601306617
davies2009/mirex_qm_tempotracker,1.0621894930267156e-07,1.0,2.257677452178005e-16,1.1986872424927235e-21,6.554748063856323e-17,1.0100322420481768e-14,1.8892528006066796e-10,0.15560803503925458,2.098713765536413e-14
percival2014/stem,3.7345304971089163e-32,2.257677452178005e-16,1.0,0.37801711710950137,0.25611175073248515,0.055521737816867714,1.619763307177836e-33,4.59046888274808e-19,2.878496054999394e-35
schreiber2014/default,8.616823131215043e-47,1.1986872424927235e-21,0.37801711710950137,1.0,0.014147378490775664,0.0004720630164884784,1.4152567827148675e-45,5.723093539139617e-29,2.736613252747666e-47
schreiber2017/ismir2017,5.112412100061122e-35,6.554748063856323e-17,0.25611175073248515,0.014147378490775664,1.0,0.21890583555098028,5.66677565359896e-41,6.060866328340027e-25,3.4847499554210243e-43
schreiber2017/mirex2017,5.086863878150192e-33,1.0100322420481768e-14,0.055521737816867714,0.0004720630164884784,0.21890583555098028,1.0,1.2008247109752043e-35,1.8268500479217895e-22,8.685045561075616e-39
schreiber2018/cnn,0.2236038260966071,1.8892528006066796e-10,1.619763307177836e-33,1.4152567827148675e-45,5.66677565359896e-41,1.2008247109752043e-35,1.0,2.9390084938774967e-09,0.894036804594899
schreiber2018/fcn,0.00024817053563009093,0.15560803503925458,4.59046888274808e-19,5.723093539139617e-29,6.060866328340027e-25,1.8268500479217895e-22,2.9390084938774967e-09,1.0,2.096004343856517e-08
schreiber2018/ismir2018,0.17917656601306617,2.098713765536413e-14,2.878496054999394e-35,2.736613252747666e-47,3.4847499554210243e-43,8.685045561075616e-39,0.894036804594899,2.096004343856517e-08,1.0
