{"boeck2015\/tempodetector2016_default":{"boeck2015\/tempodetector2016_default":1.0,"davies2009\/mirex_qm_tempotracker":0.0000000196,"percival2014\/stem":3.092199376e-31,"schreiber2014\/default":5.789366435e-42,"schreiber2017\/ismir2017":2.138909257e-29,"schreiber2017\/mirex2017":3.116827413e-27,"schreiber2018\/cnn":0.6098340437,"schreiber2018\/fcn":0.0014961643,"schreiber2018\/ismir2018":0.674986714},"davies2009\/mirex_qm_tempotracker":{"boeck2015\/tempodetector2016_default":0.0000000196,"davies2009\/mirex_qm_tempotracker":1.0,"percival2014\/stem":0.0,"schreiber2014\/default":0.0,"schreiber2017\/ismir2017":0.0000000117,"schreiber2017\/mirex2017":0.0000005756,"schreiber2018\/cnn":0.0000000024,"schreiber2018\/fcn":0.0187709723,"schreiber2018\/ismir2018":0.0},"percival2014\/stem":{"boeck2015\/tempodetector2016_default":3.092199376e-31,"davies2009\/mirex_qm_tempotracker":0.0,"percival2014\/stem":1.0,"schreiber2014\/default":0.0086414997,"schreiber2017\/ismir2017":0.2353137555,"schreiber2017\/mirex2017":0.0611155775,"schreiber2018\/cnn":1.793704328e-29,"schreiber2018\/fcn":3.970008342e-18,"schreiber2018\/ismir2018":1.537623843e-30},"schreiber2014\/default":{"boeck2015\/tempodetector2016_default":5.789366435e-42,"davies2009\/mirex_qm_tempotracker":0.0,"percival2014\/stem":0.0086414997,"schreiber2014\/default":1.0,"schreiber2017\/ismir2017":0.000377792,"schreiber2017\/mirex2017":0.0000148369,"schreiber2018\/cnn":8.407657939e-36,"schreiber2018\/fcn":2.407822928e-26,"schreiber2018\/ismir2018":1.460256597e-36},"schreiber2017\/ismir2017":{"boeck2015\/tempodetector2016_default":2.138909257e-29,"davies2009\/mirex_qm_tempotracker":0.0000000117,"percival2014\/stem":0.2353137555,"schreiber2014\/default":0.000377792,"schreiber2017\/ismir2017":1.0,"schreiber2017\/mirex2017":0.0703125,"schreiber2018\/cnn":4.571083892e-22,"schreiber2018\/fcn":0.0,"schreiber2018\/ismir2018":1.065796888e-25},"schreiber2017\/mirex2017":{"boeck2015\/tempodetector2016_default":3.116827413e-27,"davies2009\/mirex_qm_tempotracker":0.0000005756,"percival2014\/stem":0.0611155775,"schreiber2014\/default":0.0000148369,"schreiber2017\/ismir2017":0.0703125,"schreiber2017\/mirex2017":1.0,"schreiber2018\/cnn":1.939536653e-20,"schreiber2018\/fcn":0.0,"schreiber2018\/ismir2018":1.158907773e-20},"schreiber2018\/cnn":{"boeck2015\/tempodetector2016_default":0.6098340437,"davies2009\/mirex_qm_tempotracker":0.0000000024,"percival2014\/stem":1.793704328e-29,"schreiber2014\/default":8.407657939e-36,"schreiber2017\/ismir2017":4.571083892e-22,"schreiber2017\/mirex2017":1.939536653e-20,"schreiber2018\/cnn":1.0,"schreiber2018\/fcn":0.0000004567,"schreiber2018\/ismir2018":1.0},"schreiber2018\/fcn":{"boeck2015\/tempodetector2016_default":0.0014961643,"davies2009\/mirex_qm_tempotracker":0.0187709723,"percival2014\/stem":3.970008342e-18,"schreiber2014\/default":2.407822928e-26,"schreiber2017\/ismir2017":0.0,"schreiber2017\/mirex2017":0.0,"schreiber2018\/cnn":0.0000004567,"schreiber2018\/fcn":1.0,"schreiber2018\/ismir2018":0.0000129671},"schreiber2018\/ismir2018":{"boeck2015\/tempodetector2016_default":0.674986714,"davies2009\/mirex_qm_tempotracker":0.0,"percival2014\/stem":1.537623843e-30,"schreiber2014\/default":1.460256597e-36,"schreiber2017\/ismir2017":1.065796888e-25,"schreiber2017\/mirex2017":1.158907773e-20,"schreiber2018\/cnn":1.0,"schreiber2018\/fcn":0.0000129671,"schreiber2018\/ismir2018":1.0}}