Estimator,boeck2015/tempodetector2016_default,davies2009/mirex_qm_tempotracker,percival2014/stem,schreiber2014/default,schreiber2017/ismir2017,schreiber2017/mirex2017,schreiber2018/cnn,schreiber2018/fcn,schreiber2018/ismir2018
boeck2015/tempodetector2016_default,1.0,0.25301300861371756,1.3729458950739722e-22,1.1044576866068055e-47,1.0841935090628855e-27,2.9139246854986926e-29,6.729876760512136e-06,0.02432762047686108,2.3946572094754942e-05
davies2009/mirex_qm_tempotracker,0.25301300861371756,1.0,2.6637736530883865e-31,1.6113802129153197e-58,1.06253464115205e-40,8.038851471092648e-42,0.004779500606553019,0.0017681745832826988,0.0033151885517853415
percival2014/stem,1.3729458950739722e-22,2.6637736530883865e-31,1.0,0.0012246899898180343,0.8177295588505954,0.8109938161115916,4.6952525962819456e-36,3.8621765774926074e-16,5.583352311421492e-36
schreiber2014/default,1.1044576866068055e-47,1.6113802129153197e-58,0.0012246899898180343,1.0,1.322637208153096e-05,4.518321392828656e-06,2.8760021216945573e-68,3.177665864737593e-37,7.526740179564426e-68
schreiber2017/ismir2017,1.0841935090628855e-27,1.06253464115205e-40,0.8177295588505954,1.322637208153096e-05,1.0,0.9999999904159504,5.249476341560511e-51,9.664590720880998e-25,9.684689382254252e-51
schreiber2017/mirex2017,2.9139246854986926e-29,8.038851471092648e-42,0.8109938161115916,4.518321392828656e-06,0.9999999904159504,1.0,1.8867610492819303e-49,9.109148399437451e-26,5.028422571494638e-51
schreiber2018/cnn,6.729876760512136e-06,0.004779500606553019,4.6952525962819456e-36,2.8760021216945573e-68,5.249476341560511e-51,1.8867610492819303e-49,1.0,2.141002813449136e-15,0.6147699040912391
schreiber2018/fcn,0.02432762047686108,0.0017681745832826988,3.8621765774926074e-16,3.177665864737593e-37,9.664590720880998e-25,9.109148399437451e-26,2.141002813449136e-15,1.0,4.153183293138513e-12
schreiber2018/ismir2018,2.3946572094754942e-05,0.0033151885517853415,5.583352311421492e-36,7.526740179564426e-68,9.684689382254252e-51,5.028422571494638e-51,0.6147699040912391,4.153183293138513e-12,1.0
