{"boeck2015\/tempodetector2016_default":{"boeck2015\/tempodetector2016_default":1.0,"davies2009\/mirex_qm_tempotracker":0.0000001062,"percival2014\/stem":3.734530497e-32,"schreiber2014\/default":8.616823131e-47,"schreiber2017\/ismir2017":2.333163762e-28,"schreiber2017\/mirex2017":2.45650143e-26,"schreiber2018\/cnn":0.2236038261,"schreiber2018\/fcn":0.0002481705,"schreiber2018\/ismir2018":0.179176566},"davies2009\/mirex_qm_tempotracker":{"boeck2015\/tempodetector2016_default":0.0000001062,"davies2009\/mirex_qm_tempotracker":1.0,"percival2014\/stem":2.257677452e-16,"schreiber2014\/default":1.198687242e-21,"schreiber2017\/ismir2017":0.0,"schreiber2017\/mirex2017":0.0000000021,"schreiber2018\/cnn":0.0000000002,"schreiber2018\/fcn":0.155608035,"schreiber2018\/ismir2018":0.0},"percival2014\/stem":{"boeck2015\/tempodetector2016_default":3.734530497e-32,"davies2009\/mirex_qm_tempotracker":2.257677452e-16,"percival2014\/stem":1.0,"schreiber2014\/default":0.3780171171,"schreiber2017\/ismir2017":0.0025668457,"schreiber2017\/mirex2017":0.0003980155,"schreiber2018\/cnn":1.619763307e-33,"schreiber2018\/fcn":4.590468883e-19,"schreiber2018\/ismir2018":2.878496055e-35},"schreiber2014\/default":{"boeck2015\/tempodetector2016_default":8.616823131e-47,"davies2009\/mirex_qm_tempotracker":1.198687242e-21,"percival2014\/stem":0.3780171171,"schreiber2014\/default":1.0,"schreiber2017\/ismir2017":0.0000130088,"schreiber2017\/mirex2017":0.000001056,"schreiber2018\/cnn":1.415256783e-45,"schreiber2018\/fcn":5.723093539e-29,"schreiber2018\/ismir2018":2.736613253e-47},"schreiber2017\/ismir2017":{"boeck2015\/tempodetector2016_default":2.333163762e-28,"davies2009\/mirex_qm_tempotracker":0.0,"percival2014\/stem":0.0025668457,"schreiber2014\/default":0.0000130088,"schreiber2017\/ismir2017":1.0,"schreiber2017\/mirex2017":0.1012305217,"schreiber2018\/cnn":2.764831428e-27,"schreiber2018\/fcn":0.0,"schreiber2018\/ismir2018":8.863908088e-30},"schreiber2017\/mirex2017":{"boeck2015\/tempodetector2016_default":2.45650143e-26,"davies2009\/mirex_qm_tempotracker":0.0000000021,"percival2014\/stem":0.0003980155,"schreiber2014\/default":0.000001056,"schreiber2017\/ismir2017":0.1012305217,"schreiber2017\/mirex2017":1.0,"schreiber2018\/cnn":2.431036899e-25,"schreiber2018\/fcn":0.0,"schreiber2018\/ismir2018":3.760234742e-27},"schreiber2018\/cnn":{"boeck2015\/tempodetector2016_default":0.2236038261,"davies2009\/mirex_qm_tempotracker":0.0000000002,"percival2014\/stem":1.619763307e-33,"schreiber2014\/default":1.415256783e-45,"schreiber2017\/ismir2017":2.764831428e-27,"schreiber2017\/mirex2017":2.431036899e-25,"schreiber2018\/cnn":1.0,"schreiber2018\/fcn":0.0000000029,"schreiber2018\/ismir2018":0.8940368046},"schreiber2018\/fcn":{"boeck2015\/tempodetector2016_default":0.0002481705,"davies2009\/mirex_qm_tempotracker":0.155608035,"percival2014\/stem":4.590468883e-19,"schreiber2014\/default":5.723093539e-29,"schreiber2017\/ismir2017":0.0,"schreiber2017\/mirex2017":0.0,"schreiber2018\/cnn":0.0000000029,"schreiber2018\/fcn":1.0,"schreiber2018\/ismir2018":0.000000021},"schreiber2018\/ismir2018":{"boeck2015\/tempodetector2016_default":0.179176566,"davies2009\/mirex_qm_tempotracker":0.0,"percival2014\/stem":2.878496055e-35,"schreiber2014\/default":2.736613253e-47,"schreiber2017\/ismir2017":8.863908088e-30,"schreiber2017\/mirex2017":3.760234742e-27,"schreiber2018\/cnn":0.8940368046,"schreiber2018\/fcn":0.000000021,"schreiber2018\/ismir2018":1.0}}