{"boeck2015\/tempodetector2016_default":{"boeck2015\/tempodetector2016_default":1.0,"davies2009\/mirex_qm_tempotracker":0.0,"percival2014\/stem":0.19107501,"schreiber2014\/default":0.0000000012,"schreiber2017\/ismir2017":0.0000390658,"schreiber2017\/mirex2017":0.0000251501,"schreiber2018\/cnn":0.8879891475,"schreiber2018\/fcn":0.0000384615,"schreiber2018\/ismir2018":0.3670357242},"davies2009\/mirex_qm_tempotracker":{"boeck2015\/tempodetector2016_default":0.0,"davies2009\/mirex_qm_tempotracker":1.0,"percival2014\/stem":0.0032071644,"schreiber2014\/default":1.508408291e-18,"schreiber2017\/ismir2017":9.382491512e-17,"schreiber2017\/mirex2017":1.111114115e-16,"schreiber2018\/cnn":0.0000000983,"schreiber2018\/fcn":0.0,"schreiber2018\/ismir2018":0.0000000034},"percival2014\/stem":{"boeck2015\/tempodetector2016_default":0.19107501,"davies2009\/mirex_qm_tempotracker":0.0032071644,"percival2014\/stem":1.0,"schreiber2014\/default":0.2589262069,"schreiber2017\/ismir2017":0.884593607,"schreiber2017\/mirex2017":0.9432619495,"schreiber2018\/cnn":0.1920528911,"schreiber2018\/fcn":0.8590616986,"schreiber2018\/ismir2018":0.2968558253},"schreiber2014\/default":{"boeck2015\/tempodetector2016_default":0.0000000012,"davies2009\/mirex_qm_tempotracker":1.508408291e-18,"percival2014\/stem":0.2589262069,"schreiber2014\/default":1.0,"schreiber2017\/ismir2017":0.0009226045,"schreiber2017\/mirex2017":0.0014687221,"schreiber2018\/cnn":0.000000002,"schreiber2018\/fcn":0.0101162963,"schreiber2018\/ismir2018":0.0000002663},"schreiber2017\/ismir2017":{"boeck2015\/tempodetector2016_default":0.0000390658,"davies2009\/mirex_qm_tempotracker":9.382491512e-17,"percival2014\/stem":0.884593607,"schreiber2014\/default":0.0009226045,"schreiber2017\/ismir2017":1.0,"schreiber2017\/mirex2017":0.317841879,"schreiber2018\/cnn":0.0002030501,"schreiber2018\/fcn":0.3672496785,"schreiber2018\/ismir2018":0.0057555188},"schreiber2017\/mirex2017":{"boeck2015\/tempodetector2016_default":0.0000251501,"davies2009\/mirex_qm_tempotracker":1.111114115e-16,"percival2014\/stem":0.9432619495,"schreiber2014\/default":0.0014687221,"schreiber2017\/ismir2017":0.317841879,"schreiber2017\/mirex2017":1.0,"schreiber2018\/cnn":0.0001253691,"schreiber2018\/fcn":0.4884786757,"schreiber2018\/ismir2018":0.0037373803},"schreiber2018\/cnn":{"boeck2015\/tempodetector2016_default":0.8879891475,"davies2009\/mirex_qm_tempotracker":0.0000000983,"percival2014\/stem":0.1920528911,"schreiber2014\/default":0.000000002,"schreiber2017\/ismir2017":0.0002030501,"schreiber2017\/mirex2017":0.0001253691,"schreiber2018\/cnn":1.0,"schreiber2018\/fcn":0.0000136283,"schreiber2018\/ismir2018":0.2089724591},"schreiber2018\/fcn":{"boeck2015\/tempodetector2016_default":0.0000384615,"davies2009\/mirex_qm_tempotracker":0.0,"percival2014\/stem":0.8590616986,"schreiber2014\/default":0.0101162963,"schreiber2017\/ismir2017":0.3672496785,"schreiber2017\/mirex2017":0.4884786757,"schreiber2018\/cnn":0.0000136283,"schreiber2018\/fcn":1.0,"schreiber2018\/ismir2018":0.0002607982},"schreiber2018\/ismir2018":{"boeck2015\/tempodetector2016_default":0.3670357242,"davies2009\/mirex_qm_tempotracker":0.0000000034,"percival2014\/stem":0.2968558253,"schreiber2014\/default":0.0000002663,"schreiber2017\/ismir2017":0.0057555188,"schreiber2017\/mirex2017":0.0037373803,"schreiber2018\/cnn":0.2089724591,"schreiber2018\/fcn":0.0002607982,"schreiber2018\/ismir2018":1.0}}