{"1.0":{"0.0":0.0,"1.0":0.0,"2.0":0.0,"3.0":0.0,"4.0":0.0,"5.0":0.0,"6.0":0.0,"7.0":0.0,"8.0":0.0,"9.0":0.0,"10.0":0.0,"11.0":0.0,"12.0":0.0,"13.0":0.0,"14.0":0.0,"15.0":0.0,"16.0":0.0,"17.0":0.0,"18.0":0.0,"19.0":0.0,"20.0":0.0,"21.0":0.0,"22.0":0.0,"23.0":0.0,"24.0":0.0,"25.0":0.0,"26.0":0.0,"27.0":0.0,"28.0":0.0,"29.0":0.0,"30.0":0.0,"31.0":0.0,"32.0":0.0021929825,"33.0":0.0021929825,"34.0":0.0021929825,"35.0":0.0021929825,"36.0":0.0021929825,"37.0":0.0021929825,"38.0":0.0021929825,"39.0":0.0021929825,"40.0":0.0021929825,"41.0":0.0021929825,"42.0":0.0,"43.0":0.0,"44.0":0.0021929825,"45.0":0.0021929825,"46.0":0.0021929825,"47.0":0.0065789474,"48.0":0.0065789474,"49.0":0.0109649123,"50.0":0.0109649123,"51.0":0.0109649123,"52.0":0.0109649123,"53.0":0.0109649123,"54.0":0.0087719298,"55.0":0.0131578947,"56.0":0.0263157895,"57.0":0.0219298246,"58.0":0.0285087719,"59.0":0.0263157895,"60.0":0.0285087719,"61.0":0.0328947368,"62.0":0.0372807018,"63.0":0.048245614,"64.0":0.0504385965,"65.0":0.0460526316,"66.0":0.0372807018,"67.0":0.0438596491,"68.0":0.0394736842,"69.0":0.0394736842,"70.0":0.0394736842,"71.0":0.0372807018,"72.0":0.0328947368,"73.0":0.0219298246,"74.0":0.0197368421,"75.0":0.0219298246,"76.0":0.0175438596,"77.0":0.0153508772,"78.0":0.0175438596,"79.0":0.0153508772,"80.0":0.0175438596,"81.0":0.0175438596,"82.0":0.0175438596,"83.0":0.0175438596,"84.0":0.0197368421,"85.0":0.0175438596,"86.0":0.0175438596,"87.0":0.0153508772,"88.0":0.0153508772,"89.0":0.0175438596,"90.0":0.0131578947,"91.0":0.0131578947,"92.0":0.0131578947,"93.0":0.0175438596,"94.0":0.0197368421,"95.0":0.0263157895,"96.0":0.0263157895,"97.0":0.0263157895,"98.0":0.0219298246,"99.0":0.0197368421,"100.0":0.0263157895,"101.0":0.0263157895,"102.0":0.0328947368,"103.0":0.0328947368,"104.0":0.0307017544,"105.0":0.024122807,"106.0":0.024122807,"107.0":0.0219298246,"108.0":0.024122807,"109.0":0.0307017544,"110.0":0.0350877193,"111.0":0.0394736842,"112.0":0.0350877193,"113.0":0.0372807018,"114.0":0.0438596491,"115.0":0.0460526316,"116.0":0.0548245614,"117.0":0.0614035088,"118.0":0.0614035088,"119.0":0.0548245614,"120.0":0.0504385965,"121.0":0.0526315789,"122.0":0.0570175439,"123.0":0.0592105263,"124.0":0.0548245614,"125.0":0.0614035088,"126.0":0.0570175439,"127.0":0.0592105263,"128.0":0.0679824561,"129.0":0.0789473684,"130.0":0.0789473684,"131.0":0.0745614035,"132.0":0.0701754386,"133.0":0.0745614035,"134.0":0.0811403509,"135.0":0.0811403509,"136.0":0.0811403509,"137.0":0.0789473684,"138.0":0.076754386,"139.0":0.0701754386,"140.0":0.0679824561,"141.0":0.0679824561,"142.0":0.076754386,"143.0":0.0723684211,"144.0":0.0635964912,"145.0":0.0592105263,"146.0":0.0570175439,"147.0":0.0614035088,"148.0":0.0592105263,"149.0":0.0614035088,"150.0":0.0570175439,"151.0":0.0657894737,"152.0":0.0614035088,"153.0":0.0570175439,"154.0":0.0570175439,"155.0":0.0548245614,"156.0":0.0548245614,"157.0":0.0460526316,"158.0":0.0416666667,"159.0":0.0350877193,"160.0":0.0416666667,"161.0":0.0307017544,"162.0":0.0328947368,"163.0":0.0350877193,"164.0":0.0328947368,"165.0":0.0372807018,"166.0":0.0372807018,"167.0":0.0372807018,"168.0":0.0416666667,"169.0":0.0504385965,"170.0":0.048245614,"171.0":0.0548245614,"172.0":0.0548245614,"173.0":0.0526315789,"174.0":0.0592105263,"175.0":0.0614035088,"176.0":0.0635964912,"177.0":0.0657894737,"178.0":0.0657894737,"179.0":0.0614035088,"180.0":0.0635964912,"181.0":0.0635964912,"182.0":0.0570175439,"183.0":0.0548245614,"184.0":0.048245614,"185.0":0.0416666667,"186.0":0.0394736842,"187.0":0.0350877193,"188.0":0.0416666667,"189.0":0.0416666667,"190.0":0.0394736842,"191.0":0.0307017544,"192.0":0.0350877193,"193.0":0.0416666667,"194.0":0.0438596491,"195.0":0.048245614,"196.0":0.0504385965,"197.0":0.0548245614,"198.0":0.0438596491,"199.0":0.0394736842,"200.0":0.0416666667,"201.0":0.0460526316,"202.0":0.0394736842,"203.0":0.0350877193,"204.0":0.0350877193,"205.0":0.0372807018,"206.0":0.0350877193,"207.0":0.0460526316,"208.0":0.0460526316,"209.0":0.0460526316,"210.0":0.0394736842,"211.0":0.0350877193,"212.0":0.0372807018,"213.0":0.0372807018,"214.0":0.0372807018,"215.0":0.0328947368,"216.0":0.0328947368,"217.0":0.0263157895,"218.0":0.0263157895,"219.0":0.0263157895,"220.0":0.0285087719,"221.0":0.0307017544,"222.0":0.0328947368,"223.0":0.0307017544,"224.0":0.0285087719,"225.0":0.0307017544,"226.0":0.0285087719,"227.0":0.024122807,"228.0":0.024122807,"229.0":0.0285087719,"230.0":0.0285087719,"231.0":0.0285087719,"232.0":0.0328947368,"233.0":0.0328947368,"234.0":0.0328947368,"235.0":0.0263157895,"236.0":0.0307017544,"237.0":0.0372807018,"238.0":0.0460526316,"239.0":0.0438596491,"240.0":0.0460526316,"241.0":0.0526315789,"242.0":0.048245614,"243.0":0.048245614,"244.0":0.0526315789,"245.0":0.0548245614,"246.0":0.0548245614,"247.0":0.0460526316,"248.0":0.0394736842,"249.0":0.0372807018,"250.0":0.0328947368,"251.0":0.024122807,"252.0":0.0263157895,"253.0":0.0263157895,"254.0":0.0263157895,"255.0":0.0263157895,"256.0":0.0219298246,"257.0":0.0219298246,"258.0":0.0197368421,"259.0":0.0197368421,"260.0":0.0263157895,"261.0":0.0328947368,"262.0":0.0307017544,"263.0":0.0328947368,"264.0":0.0328947368,"265.0":0.0350877193,"266.0":0.0394736842,"267.0":0.0416666667,"268.0":0.0394736842,"269.0":0.0416666667,"270.0":0.0394736842,"271.0":0.0328947368,"272.0":0.0285087719,"273.0":0.0307017544,"274.0":0.0263157895,"275.0":0.024122807,"276.0":0.0197368421,"277.0":0.0197368421,"278.0":0.024122807,"279.0":0.0219298246,"280.0":0.0197368421,"281.0":0.024122807,"282.0":0.0263157895,"283.0":0.0197368421,"284.0":0.0219298246,"285.0":0.0219298246,"286.0":0.0263157895,"287.0":0.0263157895,"288.0":0.0219298246,"289.0":0.0219298246,"290.0":0.0285087719,"291.0":0.0263157895,"292.0":0.024122807,"293.0":0.024122807,"294.0":0.0263157895,"295.0":0.0285087719,"296.0":0.0307017544,"297.0":0.0285087719,"298.0":0.0285087719,"299.0":0.0307017544,"300.0":0.024122807},"2.0":{"0.0":0.0,"1.0":0.0,"2.0":0.0,"3.0":0.0,"4.0":0.0,"5.0":0.0,"6.0":0.0,"7.0":0.0,"8.0":0.0,"9.0":0.0,"10.0":0.0,"11.0":0.0,"12.0":0.0,"13.0":0.0,"14.0":0.0,"15.0":0.0,"16.0":0.0,"17.0":0.0,"18.0":0.0,"19.0":0.0,"20.0":0.0,"21.0":0.0,"22.0":0.0,"23.0":0.0,"24.0":0.0,"25.0":0.0,"26.0":0.0,"27.0":0.0,"28.0":0.0,"29.0":0.0,"30.0":0.0,"31.0":0.0,"32.0":0.0021929825,"33.0":0.0021929825,"34.0":0.0021929825,"35.0":0.0021929825,"36.0":0.0021929825,"37.0":0.0021929825,"38.0":0.0021929825,"39.0":0.0021929825,"40.0":0.0021929825,"41.0":0.0021929825,"42.0":0.0,"43.0":0.0,"44.0":0.0021929825,"45.0":0.0021929825,"46.0":0.0043859649,"47.0":0.0065789474,"48.0":0.0087719298,"49.0":0.0109649123,"50.0":0.0109649123,"51.0":0.0109649123,"52.0":0.0109649123,"53.0":0.0109649123,"54.0":0.0087719298,"55.0":0.0131578947,"56.0":0.024122807,"57.0":0.0219298246,"58.0":0.0219298246,"59.0":0.0263157895,"60.0":0.0285087719,"61.0":0.0328947368,"62.0":0.0394736842,"63.0":0.0460526316,"64.0":0.048245614,"65.0":0.0438596491,"66.0":0.0350877193,"67.0":0.0460526316,"68.0":0.0460526316,"69.0":0.0416666667,"70.0":0.0394736842,"71.0":0.0372807018,"72.0":0.0307017544,"73.0":0.024122807,"74.0":0.024122807,"75.0":0.024122807,"76.0":0.0197368421,"77.0":0.0131578947,"78.0":0.0153508772,"79.0":0.0153508772,"80.0":0.0175438596,"81.0":0.0175438596,"82.0":0.0175438596,"83.0":0.0175438596,"84.0":0.0175438596,"85.0":0.0175438596,"86.0":0.0175438596,"87.0":0.0153508772,"88.0":0.0153508772,"89.0":0.0153508772,"90.0":0.0153508772,"91.0":0.0131578947,"92.0":0.0131578947,"93.0":0.0175438596,"94.0":0.0197368421,"95.0":0.0263157895,"96.0":0.0263157895,"97.0":0.0263157895,"98.0":0.0219298246,"99.0":0.0219298246,"100.0":0.024122807,"101.0":0.0307017544,"102.0":0.0350877193,"103.0":0.0307017544,"104.0":0.0307017544,"105.0":0.024122807,"106.0":0.024122807,"107.0":0.024122807,"108.0":0.024122807,"109.0":0.0285087719,"110.0":0.0350877193,"111.0":0.0372807018,"112.0":0.0328947368,"113.0":0.0394736842,"114.0":0.0460526316,"115.0":0.048245614,"116.0":0.0548245614,"117.0":0.0592105263,"118.0":0.0614035088,"119.0":0.0548245614,