Item,cvar,2.0,1.0,davies2009/mirex_qm_tempotracker,schreiber2018/fcn,schreiber2018/ismir2018,schreiber2018/cnn,percival2014/stem,schreiber2017/mirex2017,schreiber2017/ismir2017,boeck2015/tempodetector2016_default,schreiber2014/default
ChrisPotter_Arjuna_Solo.jams,0.014072903244649755,108.48374896220906,108.70373747519129,120.185,118,118,118,117.454,117.339134,117.339134,117.65,116.27456
ChrisPotter_PopTune#1_Solo.jams,0.013425379873664768,117.64705882352905,117.77808747288839,109.957,108,108,109,108.23,108.78316,108.78316,109.09,110.91229
