{"OE1_MEAN":{"schreiber2017\/mirex2017":-0.6990991154,"boeck2015\/tempodetector2016_default":-0.381502562,"schreiber2018\/ismir2018":-0.2925102621,"schreiber2018\/cnn":-0.2845793217,"schreiber2017\/ismir2017":-0.679362273,"schreiber2014\/default":-0.7802448952,"schreiber2018\/fcn":-0.4363280099,"davies2009\/mirex_qm_tempotracker":-0.3537847082,"percival2014\/stem":-0.6983134742},"OE1_STDEV":{"schreiber2017\/mirex2017":0.5463546724,"boeck2015\/tempodetector2016_default":0.5469257263,"schreiber2018\/ismir2018":0.5632645235,"schreiber2018\/cnn":0.5703559549,"schreiber2017\/ismir2017":0.5760343327,"schreiber2014\/default":0.5874141761,"schreiber2018\/fcn":0.6287498622,"davies2009\/mirex_qm_tempotracker":0.6628025138,"percival2014\/stem":0.7410919759},"OE2_MEAN":{"schreiber2017\/mirex2017":-0.0181137535,"boeck2015\/tempodetector2016_default":-0.0021165971,"schreiber2018\/ismir2018":-0.0052295603,"schreiber2018\/cnn":-0.0016845848,"schreiber2017\/ismir2017":-0.0172035833,"schreiber2014\/default":-0.0347099993,"schreiber2018\/fcn":-0.0214388103,"davies2009\/mirex_qm_tempotracker":0.0203051219,"percival2014\/stem":-0.0191055794},"OE2_STDEV":{"schreiber2017\/mirex2017":0.080431574,"boeck2015\/tempodetector2016_default":0.0180357275,"schreiber2018\/ismir2018":0.0737535144,"schreiber2018\/cnn":0.0657892321,"schreiber2017\/ismir2017":0.0777246139,"schreiber2014\/default":0.1120478452,"schreiber2018\/fcn":0.1000168098,"davies2009\/mirex_qm_tempotracker":0.0656530672,"percival2014\/stem":0.2769080966}}