Estimator,OE1_MEAN,OE1_STDEV,OE2_MEAN,OE2_STDEV
schreiber2017/mirex2017,-0.6974340562741427,0.5465046040170423,-0.0164486944035708,0.07976519987277009
boeck2015/tempodetector2016_default,-0.3798375028630594,0.5468621720205273,-0.00045153795077860283,0.013138476884492581
schreiber2018/ismir2018,-0.2908452029269301,0.5629206044108522,-0.003564501172544124,0.07314464547982849
schreiber2018/cnn,-0.2829142625537198,0.5702093614518795,-1.952571161455774e-05,0.06490918974432554
schreiber2017/ismir2017,-0.6776972139052073,0.5762806939638128,-0.015538524185339802,0.07702113018204891
schreiber2014/default,-0.7785798360554675,0.5868650576124357,-0.033044940176271166,0.111973278700216
schreiber2018/fcn,-0.43466295074512745,0.6288429450795912,-0.019773751161583225,0.09951753826139496
davies2009/mirex_qm_tempotracker,-0.35211964904751103,0.6625775847907518,0.0219701809979301,0.06494714446034738
percival2014/stem,-0.6966484150459737,0.7401513796674037,-0.017440520258524217,0.27654472946224823
