{"boeck2015\/tempodetector2016_default":{"0.0":0.0,"0.0005":0.024122807,"0.001":0.0701754386,"0.0015":0.1184210526,"0.002":0.1710526316,"0.0025":0.2324561404,"0.003":0.2872807018,"0.0035":0.3355263158,"0.004":0.3815789474,"0.0045":0.423245614,"0.005":0.4824561404,"0.0055":0.5109649123,"0.006":0.5548245614,"0.0065":0.5964912281,"0.007":0.649122807,"0.0075":0.6973684211,"0.008":0.7368421053,"0.0085":0.7697368421,"0.009":0.7916666667,"0.0095":0.8245614035,"0.01":0.8399122807,"0.0105":0.8530701754,"0.011":0.8728070175,"0.0115":0.8903508772,"0.012":0.9057017544,"0.0125":0.9100877193,"0.013":0.9166666667,"0.0135":0.9320175439,"0.014":0.9407894737,"0.0145":0.9495614035,"0.015":0.9561403509,"0.0155":0.9627192982,"0.016":0.9692982456,"0.0165":0.975877193,"0.017":0.9780701754,"0.0175":0.9802631579,"0.018":0.9802631579,"0.0185":0.9802631579,"0.019":0.9802631579,"0.0195":0.9802631579,"0.02":0.9846491228,"0.0205":0.9868421053,"0.021":0.9890350877,"0.0215":0.9912280702,"0.022":0.9912280702,"0.0225":0.9912280702,"0.023":0.9912280702,"0.0235":0.9912280702,"0.024":0.9912280702,"0.0245":0.9912280702,"0.025":0.9934210526,"0.0255":0.9934210526,"0.026":0.9934210526,"0.0265":0.9934210526,"0.027":0.9934210526,"0.0275":0.9934210526,"0.028":0.9934210526,"0.0285":0.9934210526,"0.029":0.9934210526,"0.0295":0.9934210526,"0.03":0.9934210526,"0.0305":0.9934210526,"0.031":0.9934210526,"0.0315":0.9934210526,"0.032":0.9934210526,"0.0325":0.9934210526,"0.033":0.9934210526,"0.0335":0.9934210526,"0.034":0.9934210526,"0.0345":0.9934210526,"0.035":0.9934210526,"0.0355":0.9934210526,"0.036":0.9934210526,"0.0365":0.9934210526,"0.037":0.9934210526,"0.0375":0.9934210526,"0.038":0.9956140351,"0.0385":0.9956140351,"0.039":0.9956140351,"0.0395":0.9956140351,"0.04":0.9956140351,"0.0405":0.9956140351,"0.041":0.9956140351,"0.0415":0.9956140351,"0.042":0.9956140351,"0.0425":0.9956140351,"0.043":0.9956140351,"0.0435":0.9956140351,"0.044":0.9956140351,"0.0445":0.9956140351,"0.045":0.9956140351,"0.0455":0.9956140351,"0.046":0.9956140351,"0.0465":0.9956140351,"0.047":0.9956140351,"0.0475":0.9956140351,"0.048":0.9956140351,"0.0485":0.9956140351,"0.049":0.9956140351,"0.0495":0.9956140351,"0.05":0.9956140351},"davies2009\/mirex_qm_tempotracker":{"0.0":0.0,"0.0005":0.0153508772,"0.001":0.024122807,"0.0015":0.0307017544,"0.002":0.0394736842,"0.0025":0.0504385965,"0.003":0.0723684211,"0.0035":0.0942982456,"0.004":0.1162280702,"0.0045":0.125,"0.005":0.1359649123,"0.0055":0.149122807,"0.006":0.1710526316,"0.0065":0.1907894737,"0.007":0.2039473684,"0.0075":0.2171052632,"0.008":0.2368421053,"0.0085":0.2565789474,"0.009":0.2807017544,"0.0095":0.2938596491,"0.01":0.3157894737,"0.0105":0.3377192982,"0.011":0.3530701754,"0.0115":0.375,"0.012":0.3947368421,"0.0125":0.4122807018,"0.013":0.4210526316,"0.0135":0.4429824561,"0.014":0.4671052632,"0.0145":0.4868421053,"0.015":0.5153508772,"0.0155":0.5460526316,"0.016":0.5679824561,"0.0165":0.5789473684,"0.017":0.6052631579,"0.0175":0.6184210526,"0.018":0.6359649123,"0.0185":0.6535087719,"0.019":0.6644736842,"0.0195":0.6820175439,"0.02":0.7039473684,"0.0205":0.7236842105,"0.021":0.7412280702,"0.0215":0.7565789474,"0.022":0.7675438596,"0.0225":0.7719298246,"0.023":0.7763157895,"0.0235":0.7916666667,"0.024":0.8048245614,"0.0245":0.8135964912,"0.025":0.8289473684,"0.0255":0.8333333333,"0.026":0.8355263158,"0.0265":0.8442982456,"0.027":0.8486842105,"0.0275":0.8530701754,"0.028":0.8596491228,"0.0285":0.8618421053,"0.029":0.8706140351,"0.0295":0.8706140351,"0.03":0.8728070175,"0.0305":0.8859649123,"0.031":0.8881578947,"0.0315":0.8947368421,"0.032":0.8947368421,"0.0325":0.9035087719,"0.033":0.9122807018,"0.0335":0.9122807018,"0.034":0.9122807018,"0.0345":0.9166666667,"0.035":0.9210526316,"0.0355":0.9210526316,"0.036":0.9254385965,"0.0365":0.9254385965,"0.037":0.9276315789,"0.0375":0.9276315789,"0.038":0.9298245614,"0.0385":0.9320175439,"0.039":0.9342105263,"0.0395":0.9364035088,"0.04":0.9364035088,"0.0405":0.9364035088,"0.041":0.9364035088,"0.0415":0.9385964912,"0.042":0.9385964912,"0.0425":0.9385964912,"0.043":0.9407894737,"0.0435":0.9407894737,"0.044":0.9407894737,"0.0445":0.9407894737,"0.045":0.9407894737,"0.0455":0.9407894737,"0.046":0.9407894737,"0.0465":0.9407894737,"0.047":0.9407894737,"0.0475":0.9407894737,"0.048":0.9407894737,"0.0485":0.9407894737,"0.049":0.9407894737,"0.0495":0.9407894737,"0.05":0.9407894737},"percival2014\/stem":{"0.0":0.0,"0.0005":0.1096491228,"0.001":0.2346491228,"0.0015":0.3552631579,"0.002":0.4561403509,"0.0025":0.5153508772,"0.003":0.5789473684,"0.0035":0.6337719298,"0.004":0.673245614,"0.0045":0.7192982456,"0.005":0.7456140351,"0.0055":0.7763157895,"0.006":0.7916666667,"0.0065":0.798245614,"0.007":0.8070175439,"0.0075":0.8135964912,"0.008":0.8223684211,"0.0085":0.8311403509,"0.009":0.8333333333,"0.0095":0.8355263158,"0.01":0.8464912281,"0.0105":0.8486842105,"0.011":0.8530701754,"0.0115":0.8552631579,"0.012":0.8552631579,"0.0125":0.8574561404,"0.013":0.8574561404,"0.0135":0.8596491228,"0.014":0.8618421053,"0.0145":0.8662280702,"0.015":0.8728070175,"0.0155":0.8771929825,"0.016":0.8771929825,"0.0165":0.8815789474,"0.017":0.8815789474,"0.0175":0.8837719298,"0.018":0.8837719298,"0.0185":0.8881578947,"0.019":0.8881578947,"0.0195":0.8925438596,"0.02":0.8925438596,"0.0205":0.8925438596,"0.021":0.8925438596,"0.0215":0.8947368421,"0.022":0.8947368421,"0.0225":0.8947368421,"0.023":0.8947368421,"0.0235":0.899122807,"0.024":0.9013157895,"0.0245":0.9013157895,"0.025":0.9035087719,"0.0255":0.9035087719,"0.026":0.9057017544,"0.0265":0.9057017544,"0.027":0.9057017544,"0.0275":0.9057017544,"0.028":0.9078947368,"0.0285":0.9078947368,"0.029":0.9078947368,"0.0295":0.9078947368,"0.03":0.9078947368,"0.0305":0.9078947368,"0.031":0.9078947368,"0.0315":0.9078947368,"0.032":0.9078947368,"0.0325":0.9078947368,"0.033":0.9078947368,"0.0335":0.9078947368,"0.034":0.9078947368,"0.0345":0.9078947368,"0.035":0.9078947368,"0.0355":0.9078947368,"0.036":0.9078947368,"0.0365":0.9078947368,"0.037":0.9078947368,"0.0375":0.9078947368,"0.038":0.9078947368,"0.0385":0.9078947368,"0.039":0.9078947368,"0.0395":0.9078947368,"0.04":0.9078947368,"0.0405":0.9078947368,"0.041":0.9078947368,"0.0415":0.9078947368,"0.042":0.9078947368,"0.0425":0.9078947368,"0.043":0.9078947368,"0.0435":0.9078947368,"0.044":0.9078947368,"0.0445":0.9078947368,"0.045":0.9078947368,"0.0455":0.9078947368,"0.046":0.9078947368,"0.0465":0.9078947368,"0.047":0.9078947368,"0.0475":0.9078947368,"0.048":0.9078947368,"0.0485":0.9078947368,"0.049":0.9078947368,"0.0495":0.9078947368,"0.05":0.9078947368},"schreiber2014\/default":{"0.0":0.0,"0.0005":0.0701754386,"0.001":0.125,"0.0015":0.1798245614,"0.002":0.2302631579,"0.0025":0.2763157895,"0.003":0.3157894737,"0.0035":0.3662280702,"0.004":0.3903508772,"0.0045":0.4298245614,"0.005":0.4627192982,"0.0055":0.4846491228,"0.006":0.5175438596,"0.0065":0.5350877193,"0.007":0.5526315789,"0.0075":0.5614035088,"0.008":0.5789473684,"0.0085":0.6074561404,"0.009":0.6118421053,"0.0095":0.6271929825,"0.01":0.6447368421,"0.0105":0.6600877193,"0.011":0.6710526316,"0.0115":0.6864035088,"0.012":0.6995614035,"0.0125":0.7149122807,"0.013":0.725877193,"0.0135":0.7324561404,"0.014":0.7368421053,"0.0145":0.7456140351,"0.015":0.7609649123,"0.0155":0.7653508772,"0.016":0.7763157895,"0.0165":0.7785087719,"0.017":0.7785087719,"0.0175":0.7850877193,"0.018":0.8004385965,"0.0185":0.8070175439,"0.019":0.8135964912,"0.0195":0.8179824561,"0.02":0.8289473684,"0.0205":0.8311403509,"0.021":0.8355263158,"0.0215":0.8355263158,"0.022":0.8355263158,"0.0225":0.8399122807,"0.023":0.8442982456,"0.0235":0.8486842105,"0.024":0.8486842105,"0.0245":0.8486842105,"0.025":0.850877193,"0.0255":0.8552631579,"0.026":0.8552631579,"0.0265":0.8596491228,"0.027":0.8618421053,"0.0275":0.8662280702,"0.028":0.8662280702,"0.0285":0.8684210526,"0.029":0.8684210526,"0.0295":0.8684210526,"0.03":0.8684210526,"0.0305":0.8684210526,"0.031":0.8684210526,"0.0315":0.8728070175,"0.032":0.875,"0.0325":0.875,"0.033":0.8771929825,"0.0335":0.8793859649,